id_x,company_id,year,sales,expenses,operating_profit,opm_percentage,other_income,interest,depreciation,profit_before_tax,tax_percentage,net_profit,eps,dividend_payout,id_y,equity_capital,reserves,borrowings,other_liabilities,total_liabilities,fixed_assets,cwip,investments,other_asset,total_assets,total_equity,id,operating_activity,investing_activity,financing_activity,net_cash_flow,revenue,roe,debt_to_equity,operating_profit_margin,asset_turnover
61,ABB,2012,1653,1451,202.0,12.0,33,0,19,215,33.0,145,68.0,25.0,136,21.0,626,0,260,907,109,1,0,798,907,647.0,61,101.0,-59.0,-42.0,1.0,1653,0.2241112828438949,0.0,0.12220205686630368,1.822491730981257
62,ABB,2014,2276,2009,267.0,12.0,49,0,22,295,33.0,198,93.0,25.0,137,21.0,767,0,351,1139,98,1,0,1040,1139,788.0,62,155.0,-144.0,-42.0,-31.0,2276,0.2512690355329949,0.0,0.11731107205623902,1.9982440737489024
62,ABB,2014,2276,2009,267.0,12.0,49,0,22,295,33.0,198,93.0,25.0,137,21.0,767,0,351,1139,98,1,0,1040,1139,788.0,73,0.0,0.0,0.0,0.0,2276,0.2512690355329949,0.0,0.11731107205623902,1.9982440737489024
63,ABB,2015,2289,1977,312.0,14.0,48,0,15,344,34.0,229,108.0,29.0,138,21.0,916,0,436,1374,96,4,0,1274,1374,937.0,63,215.0,-187.0,-58.0,-30.0,2289,0.24439701173959444,0.0,0.1363040629095675,1.665938864628821
63,ABB,2015,2289,1977,312.0,14.0,48,0,15,344,34.0,229,108.0,29.0,138,21.0,916,0,436,1374,96,4,0,1274,1374,937.0,74,-35.0,-1864.0,1902.0,3.0,2289,0.24439701173959444,0.0,0.1363040629095675,1.665938864628821
64,ABB,2016,2614,2250,365.0,14.0,50,3,14,398,36.0,255,120.0,29.0,139,21.0,1174,0,421,1616,108,3,0,1505,1616,1195.0,64,249.0,-77.0,-80.0,91.0,2614,0.21338912133891214,0.0,0.1396327467482785,1.6175742574257426
64,ABB,2016,2614,2250,365.0,14.0,50,3,14,398,36.0,255,120.0,29.0,139,21.0,1174,0,421,1616,108,3,0,1505,1616,1195.0,75,1544.0,-816.0,-722.0,6.0,2614,0.21338912133891214,0.0,0.1396327467482785,1.6175742574257426
65,ABB,2017,2903,2505,398.0,14.0,57,2,16,436,37.0,277,130.0,31.0,140,21.0,1366,0,679,2066,110,6,0,1950,2066,1387.0,65,307.0,-155.0,-90.0,62.0,2903,0.19971160778658975,0.0,0.13709955218739237,1.40513068731849
65,ABB,2017,2903,2505,398.0,14.0,57,2,16,436,37.0,277,130.0,31.0,140,21.0,1366,0,679,2066,110,6,0,1950,2066,1387.0,76,2189.0,-1730.0,-455.0,4.0,2903,0.19971160778658975,0.0,0.13709955218739237,1.40513068731849
66,ABB,2018,3298,2774,525.0,16.0,117,4,16,621,35.0,401,189.0,29.0,141,21.0,1672,0,723,2416,81,2,0,2333,2416,1693.0,66,153.0,-215.0,-102.0,-165.0,3298,0.2368576491435322,0.0,0.15918738629472406,1.365066225165563
66,ABB,2018,3298,2774,525.0,16.0,117,4,16,621,35.0,401,189.0,29.0,141,21.0,1672,0,723,2416,81,2,0,2333,2416,1693.0,77,2198.0,-3192.0,1589.0,596.0,3298,0.2368576491435322,0.0,0.15918738629472406,1.365066225165563
67,ABB,2019,3679,3074,605.0,16.0,113,2,17,699,36.0,450,212.0,31.0,142,21.0,1987,0,932,2941,105,1,0,2835,2941,2008.0,67,499.0,-257.0,-143.0,99.0,3679,0.2241035856573705,0.0,0.16444686055993477,1.2509350561033663
67,ABB,2019,3679,3074,605.0,16.0,113,2,17,699,36.0,450,212.0,31.0,142,21.0,1987,0,932,2941,105,1,0,2835,2941,2008.0,78,2591.0,-3050.0,38.0,-421.0,3679,0.2241035856573705,0.0,0.16444686055993477,1.2509350561033663
68,ABB,2020,4093,3336,757.0,18.0,114,9,60,803,26.0,593,279.0,90.0,143,21.0,2410,175,940,3547,270,2,0,3275,3547,2431.0,68,626.0,-401.0,-217.0,8.0,4093,0.2439325380501851,0.07198683669271905,0.1849499144881505,1.153932901043135
68,ABB,2020,4093,3336,757.0,18.0,114,9,60,803,26.0,593,279.0,90.0,143,21.0,2410,175,940,3547,270,2,0,3275,3547,2431.0,79,5437.0,-5643.0,1250.0,1045.0,4093,0.2439325380501851,0.07198683669271905,0.1849499144881505,1.153932901043135
69,ABB,2021,4310,3388,922.0,21.0,81,18,58,926,25.0,691,325.0,85.0,144,21.0,2581,153,1086,3840,251,1,0,3589,3840,2602.0,69,727.0,-72.0,-582.0,73.0,4310,0.265564950038432,0.058800922367409685,0.21392111368909514,1.1223958333333333
69,ABB,2021,4310,3388,922.0,21.0,81,18,58,926,25.0,691,325.0,85.0,144,21.0,2581,153,1086,3840,251,1,0,3589,3840,2602.0,80,3784.0,-4009.0,-745.0,-969.0,4310,0.265564950038432,0.058800922367409685,0.21392111368909514,1.1223958333333333
70,ABB,2022,4913,3832,1082.0,22.0,83,19,66,1080,26.0,799,376.0,73.0,145,21.0,2799,152,1253,4224,271,1,0,3952,4224,2820.0,70,948.0,-396.0,-637.0,-86.0,4913,0.2833333333333333,0.05390070921985816,0.22023203745165887,1.1631155303030303
70,ABB,2022,4913,3832,1082.0,22.0,83,19,66,1080,26.0,799,376.0,73.0,145,21.0,2799,152,1253,4224,271,1,0,3952,4224,2820.0,81,4097.0,-3936.0,-235.0,-75.0,4913,0.2833333333333333,0.05390070921985816,0.22023203745165887,1.1631155303030303
71,ABB,2023,5349,4143,1206.0,23.0,154,16,70,1274,25.0,949,447.0,73.0,146,21.0,3167,113,1254,4556,237,4,0,4315,4556,3188.0,71,893.0,-148.0,-639.0,107.0,5349,0.2976787954830615,0.03544542032622334,0.22546270330902973,1.1740561896400352
71,ABB,2023,5349,4143,1206.0,23.0,154,16,70,1274,25.0,949,447.0,73.0,146,21.0,3167,113,1254,4556,237,4,0,4315,4556,3188.0,82,3777.0,-4699.0,923.0,2.0,5349,0.2976787954830615,0.03544542032622334,0.22546270330902973,1.1740561896400352
72,ABB,2024,5849,4396,1453.0,25.0,248,12,71,1618,26.0,1201,565.0,73.0,147,21.0,3678,83,1411,5193,225,10,0,4958,5193,3699.0,72,1213.0,-416.0,-745.0,52.0,5849,0.3246823465801568,0.022438496891051634,0.24841853308257822,1.1263238975544
72,ABB,2024,5849,4396,1453.0,25.0,248,12,71,1618,26.0,1201,565.0,73.0,147,21.0,3678,83,1411,5193,225,10,0,4958,5193,3699.0,83,6038.0,-4943.0,-543.0,551.0,5849,0.3246823465801568,0.022438496891051634,0.24841853308257822,1.1263238975544
72,ABB,2024,5849,4396,1453.0,25.0,248,12,71,1618,26.0,1201,565.0,73.0,148,21.0,3500,60,1481,5063,216,13,0,4834,5063,3521.0,72,1213.0,-416.0,-745.0,52.0,5849,0.3410962794660608,0.017040613462084634,0.24841853308257822,1.1552439265257752
72,ABB,2024,5849,4396,1453.0,25.0,248,12,71,1618,26.0,1201,565.0,73.0,148,21.0,3500,60,1481,5063,216,13,0,4834,5063,3521.0,83,6038.0,-4943.0,-543.0,551.0,5849,0.3410962794660608,0.017040613462084634,0.24841853308257822,1.1552439265257752
86,ADANIENSOL,2014,0,0,0.0,0.0,0,0,0,0,0.0,0,0.0,0.0,149,0.1,0,0,0,0,0,0,0,0,0,0.1,84,0.0,0.0,0.0,0.0,0,0.0,0.0,0.0,0.0
87,ADANIENSOL,2015,131,29,101.0,78.0,3,73,37,-5,34.0,-7,0.0,0.0,150,1090.0,-7,9701,708,11492,10573,10,0,909,11492,1083.0,85,-35.0,-1864.0,1902.0,3.0,131,-0.006463527239150508,8.95752539242844,0.7709923664122137,0.011399234249912982
88,ADANIENSOL,2016,2194,267,1927.0,88.0,70,957,560,480,23.0,368,3.0,0.0,151,1100.0,1572,8585,489,11746,10060,258,20,1407,11746,2672.0,86,1544.0,-816.0,-722.0,6.0,2194,0.1377245508982036,3.2129491017964074,0.8783044667274384,0.18678699131619275
89,ADANIENSOL,2017,2876,893,1983.0,69.0,22,904,569,532,22.0,416,4.0,0.0,152,1100.0,1847,8975,890,12811,9853,1343,105,1510,12811,2947.0,87,2189.0,-1730.0,-455.0,4.0,2876,0.14116050220563284,3.045469969460468,0.6894993045897079,0.22449457497463118
90,ADANIENSOL,2018,3944,1118,2826.0,72.0,111,886,579,1472,22.0,1143,10.0,0.0,153,1100.0,4957,10428,781,17265,9291,2353,0,5621,17265,6057.0,88,2198.0,-3192.0,1589.0,596.0,3944,0.1887072808320951,1.7216443784051512,0.7165314401622718,0.22843903851723138
91,ADANIENSOL,2019,7305,4528,2778.0,38.0,336,1391,882,840,33.0,559,5.0,0.0,154,1100.0,6943,20137,4379,32558,24412,694,336,7117,32558,8043.0,89,2591.0,-3050.0,38.0,-421.0,7305,0.06950142981474575,2.50366778565212,0.38028747433264887,0.2243688187235088
92,ADANIENSOL,2020,11416,7158,4258.0,37.0,261,2238,1174,1107,36.0,706,7.0,0.0,155,1100.0,7399,24246,6966,39711,24924,2212,313,12262,39711,8499.0,90,5437.0,-5643.0,1250.0,1045.0,11416,0.0830685963054477,2.8528062124955875,0.3729852838121934,0.2874770214801944
93,ADANIENSOL,2021,9926,5976,3950.0,40.0,1115,2117,1329,1620,20.0,1290,11.0,0.0,156,1100.0,7819,27095,7219,43234,26987,5255,442,10550,43234,8919.0,91,3784.0,-4009.0,-745.0,-969.0,9926,0.1446350487722839,3.0378966251821953,0.3979447914567802,0.22958782439746495
94,ADANIENSOL,2022,11258,7051,4206.0,37.0,1286,2365,1427,1700,27.0,1236,11.0,0.0,157,1100.0,8813,29902,7650,47464,30272,5060,561,11572,47464,9913.0,92,4097.0,-3936.0,-235.0,-75.0,11258,0.12468475738928679,3.016443054574801,0.373600994848108,0.23719029158941513
95,ADANIENSOL,2023,13293,8775,4518.0,34.0,1583,2781,1608,1712,25.0,1281,11.0,0.0,158,1115.0,10634,34270,7913,53932,32645,6200,1370,13716,53932,11749.0,93,3777.0,-4699.0,923.0,2.0,13293,0.1090305557919823,2.916843986722274,0.33987813134732564,0.24647704516798932
96,ADANIENSOL,2024,16607,10896,5711.0,30.0,611,2767,1776,1780,33.0,1196,10.0,0.0,159,1115.0,11526,37070,8827,58538,38920,3003,766,15849,58538,12641.0,94,6038.0,-4943.0,-543.0,551.0,16607,0.09461276797721699,2.93252116130053,0.3438911302462817,0.2836960606785336
96,ADANIENSOL,2024,16607,10896,5711.0,30.0,611,2767,1776,1780,33.0,1196,10.0,0.0,160,1201.0,19784,39009,9113,69107,38186,4355,1608,24958,69107,20985.0,94,6038.0,-4943.0,-543.0,551.0,16607,0.056993090302597096,1.8588992137240887,0.3438911302462817,0.24030850709768908
98,ADANIENT,2013,46375,40354,6021.0,13.0,1775,3492,2298,2005,39.0,1218,15.0,10.0,170,110.0,21286,69332,21143,111871,48770,29248,323,33529,111871,21396.0,95,7666.0,-14790.0,7199.0,75.0,46375,0.056926528323051034,3.240418769863526,0.12983288409703503,0.41453996120531683
99,ADANIENT,2014,54947,45564,9383.0,17.0,1157,5703,3223,1614,-64.0,2646,20.0,7.0,171,110.0,23647,71980,22365,118102,70579,13574,288,33661,118102,23757.0,96,8228.0,-8007.0,-1109.0,-888.0,54947,0.111377699204445,3.0298438355011155,0.1707645549347553,0.4652503767929417
100,ADANIENT,2015,64465,52015,12450.0,19.0,792,7056,3522,2663,14.0,2298,18.0,8.0,172,110.0,25618,83571,21420,130718,83834,6733,744,39407,130718,25728.0,97,8532.0,-11465.0,3445.0,512.0,64465,0.08931902985074627,3.248250932835821,0.19312805398278135,0.4931608500742055
101,ADANIENT,2016,34008,32325,1684.0,5.0,1044,1357,314,1056,7.0,1000,9.0,4.0,173,110.0,13268,19169,9132,41679,10473,7705,805,22696,41679,13378.0,98,5112.0,-1825.0,-3448.0,-161.0,34008,0.07474958887726117,1.4328748691882194,0.04951776052693484,0.8159504786583172
102,ADANIENT,2017,36533,34631,1902.0,5.0,749,1257,315,1079,25.0,925,9.0,4.0,174,110.0,14026,20846,12630,47611,13668,7731,1042,25170,47611,14136.0,99,774.0,-1460.0,716.0,30.0,36533,0.06543576683644596,1.4746745897000566,0.05206251881860236,0.7673226775325029
103,ADANIENT,2018,35924,33886,2038.0,6.0,363,1250,664,487,23.0,594,7.0,6.0,175,110.0,14979,17637,23679,56405,10555,5526,1461,38864,56405,15089.0,100,2942.0,-7649.0,5120.0,413.0,35924,0.03936642587315263,1.1688647359003248,0.05673087629439929,0.6368938923854268
104,ADANIENT,2019,40379,38409,1969.0,5.0,504,1625,390,459,32.0,506,7.0,6.0,176,110.0,14646,11243,16537,42536,9020,5765,1511,26240,42536,14756.0,101,3236.0,2487.0,-6158.0,-436.0,40379,0.034291135809162376,0.7619273515857956,0.04876297085118502,0.9492900131653188
105,ADANIENT,2020,43403,41108,2294.0,5.0,872,1572,472,1122,29.0,1040,10.0,10.0,177,110.0,16837,12419,17509,46875,10476,7347,1952,27099,46875,16947.0,102,2454.0,-1082.0,-221.0,1151.0,43403,0.061367793709801145,0.7328140673865581,0.052853489390134324,0.9259306666666667
106,ADANIENT,2021,39537,37031,2506.0,6.0,494,1377,537,1086,31.0,1046,8.0,12.0,178,110.0,17049,16227,18231,51617,10838,8825,5503,26451,51617,17159.0,103,4043.0,-8611.0,3109.0,-1459.0,39537,0.060959263360335685,0.9456844804475786,0.06338366593317651,0.7659685762442606
107,ADANIENT,2022,69420,65707,3714.0,5.0,1012,2526,1248,952,50.0,788,7.0,14.0,179,110.0,22147,41604,37726,101586,30123,23544,4292,43627,101586,22257.0,104,1385.0,-17041.0,15901.0,246.0,69420,0.035404591813811385,1.8692546165251382,0.05350043215211755,0.6833618805740949
108,ADANIENT,2023,127540,118722,8818.0,7.0,834,3969,2436,3247,32.0,2422,22.0,6.0,180,114.0,32937,53200,55027,141278,56881,24025,6310,54062,141278,33051.0,105,17626.0,-15459.0,-1198.0,970.0,127540,0.07328068742246831,1.6096335965628876,0.06913909361768857,0.9027590990812441
109,ADANIENT,2024,96421,85044,11377.0,12.0,1146,4555,3042,4926,33.0,3335,28.0,5.0,181,114.0,38962,65310,56200,160586,65978,35180,8701,50728,160586,39076.0,106,10312.0,-18767.0,8879.0,424.0,96421,0.08534650424813185,1.671358378544375,0.11799296833677311,0.6004321671876751
109,ADANIENT,2024,96421,85044,11377.0,12.0,1146,4555,3042,4926,33.0,3335,28.0,5.0,182,114.0,41782,80427,59445,181768,84751,29745,10322,56949,181768,41896.0,106,10312.0,-18767.0,8879.0,424.0,96421,0.07960187130036281,1.91968206988734,0.11799296833677311,0.5304619074864663
111,ADANIGREEN,2017,502,98,403.0,80.0,80,334,333,-184,-75.0,-47,0.0,0.0,192,1274.0,-71,4347,610,6160,4341,267,26,1525,6160,1203.0,107,28.0,-1511.0,1559.0,76.0,502,-0.03906899418121363,3.6134663341645887,0.8027888446215139,0.08149350649350649
112,ADANIGREEN,2018,1480,637,843.0,57.0,42,552,543,-210,-35.0,-138,-1.0,0.0,193,1564.0,-223,9864,4503,15709,9120,1725,87,4777,15709,1341.0,108,649.0,-4428.0,3942.0,162.0,1480,-0.1029082774049217,7.355704697986577,0.5695945945945946,0.09421350818002419
113,ADANIGREEN,2019,2058,532,1526.0,74.0,73,1121,1062,-585,-19.0,-475,-3.0,0.0,194,1564.0,369,11142,1582,14658,10388,743,77,3449,14658,1933.0,109,1625.0,-2666.0,1045.0,3.0,2058,-0.24573202276254527,5.764097258147957,0.7414965986394558,0.14040114613180515
114,ADANIGREEN,2020,2549,1098,1450.0,57.0,-111,995,394,-50,23.0,-68,0.0,0.0,195,1564.0,793,14866,1201,18424,12554,1208,476,4186,18424,2357.0,110,1965.0,-3743.0,2161.0,383.0,2549,-0.028850233347475603,6.307170131523122,0.5688505296194586,0.13835214937038645
115,ADANIGREEN,2021,3124,883,2241.0,72.0,391,1953,486,193,6.0,182,1.0,0.0,196,1564.0,636,24209,2283,28692,16429,4452,502,7309,28692,2200.0,111,1601.0,-9137.0,7083.0,-453.0,3124,0.08272727272727273,11.004090909090909,0.7173495518565941,0.10888052418792694
116,ADANIGREEN,2022,5133,1621,3512.0,68.0,507,2617,849,553,12.0,489,3.0,0.0,197,1564.0,1050,52832,3508,58954,28452,19999,574,10029,58954,2614.0,112,3127.0,-18730.0,15986.0,383.0,5133,0.18706962509563888,20.211170619739864,0.6842002727449834,0.08706788343454218
117,ADANIGREEN,2023,7776,2806,4970.0,64.0,667,2911,1300,1426,32.0,973,6.0,0.0,198,1584.0,5720,54223,5382,66909,48336,5291,1149,12133,66909,7304.0,113,7265.0,-3857.0,-2973.0,435.0,7776,0.1332146768893757,7.423740416210296,0.6391460905349794,0.11621754920862665
118,ADANIGREEN,2024,9220,1902,7318.0,79.0,1262,5006,1903,1671,25.0,1260,7.0,0.0,199,1584.0,8250,64858,13394,88086,62284,6427,1515,17860,88086,9834.0,114,7713.0,-21060.0,13953.0,606.0,9220,0.12812690665039658,6.595281675818589,0.793709327548807,0.10467043571055559
118,ADANIGREEN,2024,9220,1902,7318.0,79.0,1262,5006,1903,1671,25.0,1260,7.0,0.0,200,1584.0,8992,67430,20252,98258,64632,14617,2331,16678,98258,10576.0,114,7713.0,-21060.0,13953.0,606.0,9220,0.11913767019667171,6.375756429652042,0.793709327548807,0.09383459870951984
120,ADANIPORTS,2013,3577,1195,2382.0,67.0,344,542,422,1762,7.0,1639,8.0,12.0,201,401.0,5993,11620,3022,21035,11382,2951,222,6480,21035,6394.0,115,1379.0,-5136.0,4138.0,381.0,3577,0.25633406318423524,1.817328745699093,0.6659211629857422,0.17004991680532447
121,ADANIPORTS,2014,4830,1910,2919.0,60.0,685,977,649,1978,12.0,1741,8.0,12.0,202,414.0,8351,12979,2933,24677,13163,2025,63,9426,24677,8765.0,116,1132.0,-2510.0,772.0,-606.0,4830,0.1986309184255562,1.4807758128921849,0.6043478260869565,0.19572881630668235
122,ADANIPORTS,2015,6152,2250,3902.0,63.0,686,1175,912,2501,7.0,2324,11.0,10.0,203,414.0,10351,17776,3541,32082,20527,1276,260,10020,32082,10765.0,117,3057.0,-2485.0,-237.0,335.0,6152,0.2158848118903855,1.651277287505806,0.6342652795838751,0.19175861853999127
123,ADANIPORTS,2016,7109,2532,4577.0,64.0,730,1124,1063,3119,9.0,2856,14.0,8.0,204,414.0,13091,22342,2538,38385,20883,1967,545,14990,38385,13505.0,118,2381.0,-4153.0,2170.0,398.0,7109,0.21147723065531285,1.6543502406516104,0.6438317625545084,0.18520255308063047
124,ADANIPORTS,2017,8439,3021,5418.0,64.0,1037,1116,1160,4179,7.0,3902,19.0,7.0,205,414.0,17112,22214,3629,43369,21054,4514,1161,16641,43369,17526.0,119,4063.0,-2629.0,-1325.0,109.0,8439,0.22264064817984708,1.2674883030925481,0.6420191965872734,0.19458599460444095
125,ADANIPORTS,2018,11323,4166,7157.0,63.0,844,1579,1188,5234,30.0,3690,18.0,11.0,206,414.0,20489,22370,3960,47233,22670,4545,1079,18938,47233,20903.0,120,5608.0,-3846.0,-1889.0,-127.0,11323,0.17652968473424868,1.0701813136870306,0.6320763048662016,0.23972646243092752
126,ADANIPORTS,2019,10925,4330,6596.0,60.0,1289,1385,1373,5126,21.0,4045,19.0,1.0,207,414.0,23958,27712,4228,56311,28121,4483,782,22924,56311,24372.0,121,6029.0,-4368.0,2313.0,3975.0,10925,0.16596914492040046,1.1370425077958313,0.6037528604118994,0.19401182717408677
127,ADANIPORTS,2020,11873,5926,5947.0,50.0,1928,1951,1680,4244,11.0,3785,19.0,17.0,208,406.0,25051,30242,6217,61917,32715,3216,1178,24808,61917,25457.0,122,7402.0,-749.0,-4256.0,2397.0,11873,0.14868209136976077,1.1879640177554307,0.5008843594710688,0.1917567065587803
128,ADANIPORTS,2021,12550,3862,8688.0,69.0,1967,2255,2107,6292,20.0,5049,25.0,20.0,209,406.0,30035,35855,8285,74582,48291,3697,2236,20358,74582,30441.0,123,7556.0,-14064.0,3514.0,-2994.0,12550,0.16586183108307875,1.1778522387569397,0.6922709163346613,0.16827116462417205
129,ADANIPORTS,2022,17119,7591,9528.0,56.0,1832,2544,3099,5717,13.0,4953,23.0,22.0,210,422.0,41399,47935,8572,98328,62553,4023,3161,28591,98328,41821.0,124,10420.0,-5493.0,-586.0,4341.0,17119,0.11843332297171277,1.1461944955883407,0.5565745662713943,0.1741009681881051
130,ADANIPORTS,2023,20852,9905,10947.0,52.0,327,2363,3425,5487,2.0,5391,25.0,20.0,211,432.0,44957,53434,13740,112563,72224,6637,7432,26271,112563,45389.0,125,11900.0,-16716.0,-2734.0,-7550.0,20852,0.118773271056864,1.1772455881380952,0.5249856128908498,0.18524737258246493
131,ADANIPORTS,2024,26711,11121,15589.0,58.0,671,2733,3888,9639,16.0,8104,38.0,16.0,212,432.0,52346,49470,14751,116999,75148,10936,4289,26627,116999,52778.0,126,15018.0,-6768.0,-7800.0,450.0,26711,0.153548827162833,0.9373223691689719,0.5836172363445772,0.22830109659056916
131,ADANIPORTS,2024,26711,11121,15589.0,58.0,671,2733,3888,9639,16.0,8104,38.0,16.0,213,432.0,56744,50485,18354,126015,79136,13328,4489,29062,126015,57176.0,126,15018.0,-6768.0,-7800.0,450.0,26711,0.14173779208059326,0.882975374282916,0.5836172363445772,0.21196682934571281
133,ADANIPORTS,2013,3577,1195,2382.0,67.0,344,542,422,1762,7.0,1639,8.0,12.0,201,401.0,5993,11620,3022,21035,11382,2951,222,6480,21035,6394.0,115,1379.0,-5136.0,4138.0,381.0,3577,0.25633406318423524,1.817328745699093,0.6659211629857422,0.17004991680532447
134,ADANIPORTS,2014,4830,1910,2919.0,60.0,685,977,649,1978,12.0,1741,8.0,12.0,202,414.0,8351,12979,2933,24677,13163,2025,63,9426,24677,8765.0,116,1132.0,-2510.0,772.0,-606.0,4830,0.1986309184255562,1.4807758128921849,0.6043478260869565,0.19572881630668235
135,ADANIPORTS,2015,6152,2250,3902.0,63.0,686,1175,912,2501,7.0,2324,11.0,10.0,203,414.0,10351,17776,3541,32082,20527,1276,260,10020,32082,10765.0,117,3057.0,-2485.0,-237.0,335.0,6152,0.2158848118903855,1.651277287505806,0.6342652795838751,0.19175861853999127
136,ADANIPORTS,2016,7109,2532,4577.0,64.0,730,1124,1063,3119,9.0,2856,14.0,8.0,204,414.0,13091,22342,2538,38385,20883,1967,545,14990,38385,13505.0,118,2381.0,-4153.0,2170.0,398.0,7109,0.21147723065531285,1.6543502406516104,0.6438317625545084,0.18520255308063047
137,ADANIPORTS,2017,8439,3021,5418.0,64.0,1037,1116,1160,4179,7.0,3902,19.0,7.0,205,414.0,17112,22214,3629,43369,21054,4514,1161,16641,43369,17526.0,119,4063.0,-2629.0,-1325.0,109.0,8439,0.22264064817984708,1.2674883030925481,0.6420191965872734,0.19458599460444095
138,ADANIPORTS,2018,11323,4166,7157.0,63.0,844,1579,1188,5234,30.0,3690,18.0,11.0,206,414.0,20489,22370,3960,47233,22670,4545,1079,18938,47233,20903.0,120,5608.0,-3846.0,-1889.0,-127.0,11323,0.17652968473424868,1.0701813136870306,0.6320763048662016,0.23972646243092752
139,ADANIPORTS,2019,10925,4330,6596.0,60.0,1289,1385,1373,5126,21.0,4045,19.0,1.0,207,414.0,23958,27712,4228,56311,28121,4483,782,22924,56311,24372.0,121,6029.0,-4368.0,2313.0,3975.0,10925,0.16596914492040046,1.1370425077958313,0.6037528604118994,0.19401182717408677
140,ADANIPORTS,2020,11873,5926,5947.0,50.0,1928,1951,1680,4244,11.0,3785,19.0,17.0,208,406.0,25051,30242,6217,61917,32715,3216,1178,24808,61917,25457.0,122,7402.0,-749.0,-4256.0,2397.0,11873,0.14868209136976077,1.1879640177554307,0.5008843594710688,0.1917567065587803
141,ADANIPORTS,2021,12550,3862,8688.0,69.0,1967,2255,2107,6292,20.0,5049,25.0,20.0,209,406.0,30035,35855,8285,74582,48291,3697,2236,20358,74582,30441.0,123,7556.0,-14064.0,3514.0,-2994.0,12550,0.16586183108307875,1.1778522387569397,0.6922709163346613,0.16827116462417205
142,ADANIPORTS,2022,17119,7591,9528.0,56.0,1832,2544,3099,5717,13.0,4953,23.0,22.0,210,422.0,41399,47935,8572,98328,62553,4023,3161,28591,98328,41821.0,124,10420.0,-5493.0,-586.0,4341.0,17119,0.11843332297171277,1.1461944955883407,0.5565745662713943,0.1741009681881051
143,ADANIPORTS,2023,20852,9905,10947.0,52.0,327,2363,3425,5487,2.0,5391,25.0,20.0,211,432.0,44957,53434,13740,112563,72224,6637,7432,26271,112563,45389.0,125,11900.0,-16716.0,-2734.0,-7550.0,20852,0.118773271056864,1.1772455881380952,0.5249856128908498,0.18524737258246493
144,ADANIPORTS,2024,26711,11121,15589.0,58.0,671,2733,3888,9639,16.0,8104,38.0,16.0,212,432.0,52346,49470,14751,116999,75148,10936,4289,26627,116999,52778.0,126,15018.0,-6768.0,-7800.0,450.0,26711,0.153548827162833,0.9373223691689719,0.5836172363445772,0.22830109659056916
144,ADANIPORTS,2024,26711,11121,15589.0,58.0,671,2733,3888,9639,16.0,8104,38.0,16.0,213,432.0,56744,50485,18354,126015,79136,13328,4489,29062,126015,57176.0,126,15018.0,-6768.0,-7800.0,450.0,26711,0.14173779208059326,0.882975374282916,0.5836172363445772,0.21196682934571281
146,ADANIPOWER,2013,6692,5732,960.0,14.0,215,1703,1290,-1818,26.0,-2295,-10.0,0.0,214,2393.0,1900,41795,8599,54688,29089,18976,22,6600,54688,4293.0,127,3001.0,-4064.0,861.0,-203.0,6692,-0.5345911949685535,9.735616119263918,0.1434548714883443,0.12236688121708601
147,ADANIPOWER,2014,15328,10735,4593.0,30.0,137,4162,1937,-1370,-79.0,-291,-1.0,0.0,215,2872.0,3671,44150,8045,58739,46365,3660,115,8599,58739,6543.0,128,3238.0,-4700.0,1631.0,169.0,15328,-0.044475011462631824,6.747669264863212,0.29964770354906056,0.2609509865676978
148,ADANIPOWER,2015,18683,14005,4678.0,25.0,1188,4864,1818,-816,0.0,-816,-3.0,0.0,216,2872.0,2853,44742,8008,58474,45080,191,357,12846,58474,5725.0,129,5824.0,-4737.0,-1144.0,-58.0,18683,-0.14253275109170305,7.815196506550218,0.2503880533104962,0.3195095256011219
149,ADANIPOWER,2016,25377,16575,8802.0,35.0,-201,5560,2666,375,-47.0,551,2.0,0.0,217,3334.0,4134,52729,15597,75794,56941,88,0,18765,75794,7468.0,130,5257.0,-2692.0,-2713.0,-148.0,25377,0.07378146759507231,7.06065881092662,0.346849509398274,0.33481542074570547
150,ADANIPOWER,2017,22616,16635,5980.0,26.0,-3666,5902,2672,-6260,-1.0,-6174,-16.0,0.0,218,3857.0,-857,52484,16027,71511,54391,125,164,16831,71511,3000.0,131,4725.0,-1212.0,-3539.0,-26.0,22616,-2.058,17.494666666666667,0.26441457375309513,0.31625903707121983
151,ADANIPOWER,2018,20304,14868,5436.0,27.0,754,5570,2699,-2079,0.0,-2103,-5.0,0.0,219,3857.0,-2968,52835,15804,69528,52137,120,0,17271,69528,889.0,132,5101.0,-520.0,-4600.0,-19.0,20304,-2.3655793025871765,59.43194600674916,0.26773049645390073,0.29202623403520883
152,ADANIPOWER,2019,23884,18901,4983.0,21.0,2448,5657,2751,-976,1.0,-984,-3.0,0.0,220,3857.0,3855,46980,13293,67985,50419,350,3,17213,67985,7712.0,133,5610.0,-984.0,-4663.0,-37.0,23884,-0.1275933609958506,6.091804979253112,0.20863339474124937,0.3513127895859381
153,ADANIPOWER,2020,26468,20734,5734.0,22.0,323,5315,3006,-2265,0.0,-2275,-6.0,0.0,221,3857.0,2624,55199,13346,75025,55846,2347,3,16830,75025,6481.0,134,5598.0,-2304.0,-2377.0,917.0,26468,-0.35102607622280513,8.517049837987965,0.21663896025389148,0.3527890703098967
154,ADANIPOWER,2021,26221,17533,8688.0,33.0,1909,5106,3202,2289,45.0,1270,3.0,0.0,222,3857.0,9256,52519,13175,78806,52851,6439,20,19495,78806,13113.0,135,7014.0,-2188.0,-5655.0,-828.0,26221,0.09685045374818882,4.005109433386716,0.33133747759429466,0.3327284724513362
155,ADANIPOWER,2022,27711,17830,9881.0,36.0,3908,4095,3118,6577,25.0,4912,13.0,0.0,223,3857.0,14600,49145,14379,81981,53274,10270,183,18254,81981,18457.0,136,10233.0,774.0,-10338.0,669.0,27711,0.26613209080565636,2.662675407704394,0.35657320197755404,0.33801734548248985
156,ADANIPOWER,2023,38773,28677,10096.0,26.0,4216,3334,3304,7675,-40.0,10727,28.0,0.0,224,3857.0,26019,42350,13596,85821,51451,12880,654,20836,85821,29876.0,137,8431.0,1545.0,-10408.0,-433.0,38773,0.35905074307136164,1.4175257731958764,0.26038738297268715,0.4517891891262045
157,ADANIPOWER,2024,50351,32124,18228.0,36.0,9883,3388,3931,20792,0.0,20829,54.0,0.0,225,3857.0,39288,34616,14248,92009,63016,925,374,27694,92009,43145.0,138,14170.0,3481.0,-16864.0,787.0,50351,0.4827674122146251,0.8023177656738903,0.36201862922285555,0.5472399439185297
157,ADANIPOWER,2024,50351,32124,18228.0,36.0,9883,3388,3931,20792,0.0,20829,54.0,0.0,226,3857.0,52097,37705,17125,110784,71147,9455,321,29863,110784,55954.0,138,14170.0,3481.0,-16864.0,787.0,50351,0.3722522071701755,0.6738570969010258,0.36201862922285555,0.4544970392836511
159,AMBUJACEM,2012,9749,7276,2473.0,25.0,69,78,569,1896,32.0,1292,8.0,43.0,227,308.0,8489,60,3487,12345,5951,524,1581,4289,12345,8797.0,139,1860.0,-388.0,-509.0,962.0,9749,0.1468682505399568,0.006820506991019666,0.2536670427736178,0.7897124341838802
160,AMBUJACEM,2013,9161,7492,1669.0,18.0,390,67,494,1498,15.0,1278,8.0,44.0,228,309.0,9153,48,3446,12956,6147,698,1714,4399,12956,9462.0,140,1267.0,-496.0,-672.0,99.0,9161,0.13506658211794548,0.0050729232720355105,0.18218535094422006,0.7070855202222909
161,AMBUJACEM,2014,9955,8022,1934.0,19.0,419,66,513,1774,16.0,1487,10.0,46.0,229,310.0,9760,34,3774,13878,6310,692,2097,4780,13878,10070.0,141,1675.0,-456.0,-721.0,498.0,9955,0.14766633565044687,0.0033763654419066533,0.19427423405323957,0.7173223807465052
162,AMBUJACEM,2015,9437,7895,1542.0,16.0,353,92,630,1173,31.0,808,5.0,54.0,230,310.0,9961,35,3827,14133,6170,416,2149,5398,14133,10271.0,142,1557.0,-83.0,-900.0,574.0,9437,0.07866809463538117,0.0034076526141563626,0.1633993853979019,0.6677280124531239
163,AMBUJACEM,2016,20094,16913,3181.0,16.0,441,153,1461,2008,29.0,1434,6.0,50.0,231,397.0,19424,29,12974,32824,21410,582,175,10657,32824,19821.0,143,2810.0,-4165.0,-958.0,-2312.0,20094,0.07234751021643711,0.00146309469754301,0.15830596197870012,0.6121740190104802
164,AMBUJACEM,2017,23609,19751,3858.0,16.0,335,206,1219,2768,30.0,1945,8.0,47.0,232,397.0,20275,24,14813,35509,20898,667,153,13791,35509,20672.0,144,3416.0,-738.0,-1015.0,1663.0,23609,0.09408862229102168,0.0011609907120743034,0.1634122580371892,0.6648736939930722
165,AMBUJACEM,2018,26041,22030,4011.0,15.0,232,170,1154,2919,-2.0,2973,11.0,14.0,233,397.0,21973,40,14981,37391,20636,1008,133,15613,37391,22370.0,145,1703.0,-765.0,-719.0,220.0,26041,0.1329012069736254,0.001788109074653554,0.1540263430743827,0.6964510176245621
166,AMBUJACEM,2019,27104,22507,4597.0,17.0,601,170,1153,3875,28.0,2783,11.0,14.0,234,397.0,23681,41,16059,40178,20701,1554,150,17773,40178,24078.0,146,4739.0,-1191.0,-629.0,2919.0,27104,0.11558268959215881,0.0017027992358169283,0.1696059622195986,0.6745980387276619
167,AMBUJACEM,2020,24516,19511,5006.0,20.0,288,140,1162,3992,22.0,3107,12.0,151.0,235,397.0,22360,471,16490,39718,20486,2422,167,16643,39718,22757.0,147,4832.0,-1317.0,-3956.0,-441.0,24516,0.1365294195192688,0.02069692841762974,0.20419317996410508,0.6172516239488394
168,AMBUJACEM,2021,28965,22755,6210.0,21.0,252,146,1152,5164,28.0,3711,14.0,45.0,236,397.0,24957,477,19374,45205,22254,2168,198,20585,45205,25354.0,148,5309.0,-2007.0,-516.0,2786.0,28965,0.14636743709079436,0.01881359943204228,0.21439668565510098,0.6407477048999004
169,AMBUJACEM,2023,38937,33815,5122.0,13.0,447,195,1645,3729,19.0,3024,13.0,19.0,237,397.0,31301,523,19501,51721,23551,2526,214,25430,51721,31698.0,149,735.0,-14481.0,2931.0,-10815.0,38937,0.09540034071550256,0.016499463688560794,0.13154583044405063,0.7528276715454071
170,AMBUJACEM,2024,33160,26760,6400.0,19.0,1401,276,1623,5901,20.0,4738,16.0,12.0,238,440.0,41016,699,23107,65261,32388,2658,849,29365,65261,41456.0,150,5646.0,-8941.0,5689.0,2394.0,33160,0.11428984947896564,0.01686125048243921,0.19300361881785283,0.5081135747230352
170,AMBUJACEM,2024,33160,26760,6400.0,19.0,1401,276,1623,5901,20.0,4738,16.0,12.0,239,493.0,49883,779,25417,76572,40857,6472,2223,27019,76572,50376.0,150,5646.0,-8941.0,5689.0,2394.0,33160,0.0940527235191361,0.015463712879148802,0.19300361881785283,0.43305646972783784
172,APOLLOHOSP,2013,3769,3157,612.0,16.0,33,103,142,399,26.0,303,22.0,25.0,240,70.0,2677,1213,854,4814,2341,403,527,1543,4814,2747.0,151,443.0,-733.0,373.0,83.0,3769,0.11030214779759738,0.4415726246814707,0.16237728840541257,0.7829248026589115
173,APOLLOHOSP,2014,4357,3681,676.0,16.0,18,119,168,407,25.0,315,23.0,25.0,241,70.0,2907,1344,1029,5350,2681,491,322,1855,5350,2977.0,152,373.0,-356.0,-63.0,-46.0,4357,0.10581121934833725,0.4514612025529056,0.15515262795501492,0.814392523364486
174,APOLLOHOSP,2015,5129,4392,737.0,14.0,47,118,212,455,29.0,335,24.0,24.0,242,70.0,3102,1992,1296,6459,3244,533,311,2372,6459,3172.0,153,470.0,-759.0,392.0,103.0,5129,0.10561160151324085,0.6279949558638083,0.14369272762721777,0.7940857717912989
175,APOLLOHOSP,2016,6150,5465,684.0,11.0,92,180,264,332,29.0,235,17.0,35.0,243,70.0,3262,2834,1195,7360,3997,562,352,2448,7360,3332.0,154,597.0,-888.0,330.0,39.0,6150,0.07052821128451381,0.8505402160864346,0.11121951219512195,0.8355978260869565
176,APOLLOHOSP,2017,7256,6522,734.0,10.0,60,257,314,222,41.0,131,16.0,38.0,244,70.0,3244,3125,1665,8103,4591,347,406,2759,8103,3314.0,155,623.0,-1152.0,477.0,-52.0,7256,0.03952926976463488,0.9429692214846107,0.10115766262403528,0.8954708132790324
177,APOLLOHOSP,2018,8243,7442,801.0,10.0,24,295,359,171,65.0,60,8.0,59.0,245,70.0,3182,3427,1917,8596,4773,712,352,2759,8596,3252.0,156,537.0,-405.0,-108.0,24.0,8243,0.01845018450184502,1.0538130381303814,0.09717335921387844,0.9589343880874825
178,APOLLOHOSP,2019,9617,8548,1070.0,11.0,26,327,396,373,47.0,200,17.0,35.0,246,70.0,3264,3673,2159,9166,4982,822,462,2901,9166,3334.0,157,905.0,-711.0,-215.0,-20.0,9617,0.059988002399520096,1.1016796640671866,0.11126130810023915,1.0492035784420686
179,APOLLOHOSP,2020,11247,9656,1591.0,14.0,222,533,620,660,34.0,432,33.0,18.0,247,70.0,3270,3596,4354,11289,7432,236,434,3187,11289,3340.0,158,1293.0,-289.0,-910.0,94.0,11247,0.12934131736526946,1.0766467065868264,0.14145994487418867,0.996279564177518
180,APOLLOHOSP,2021,10560,9420,1140.0,11.0,103,449,573,221,38.0,137,10.0,29.0,248,72.0,4531,4160,2629,11392,6778,234,1343,3037,11392,4603.0,159,1265.0,-880.0,-340.0,44.0,10560,0.029763197914403648,0.9037584184227677,0.10795454545454546,0.9269662921348315
181,APOLLOHOSP,2022,14663,12474,2189.0,15.0,368,379,601,1578,30.0,1108,73.0,16.0,249,72.0,5551,4068,3570,13261,8296,46,816,4104,13261,5623.0,160,1696.0,-747.0,-792.0,158.0,14663,0.19704783923172683,0.723457229237062,0.14928732183045762,1.1057235502601614
182,APOLLOHOSP,2023,16612,14548,2065.0,12.0,75,381,615,1144,22.0,844,57.0,26.0,250,72.0,6126,4332,3886,14416,8520,610,574,4712,14416,6198.0,161,1377.0,-857.0,-633.0,-113.0,16612,0.1361729590190384,0.6989351403678606,0.12430772935227546,1.152330743618202
183,APOLLOHOSP,2024,19059,16665,2394.0,13.0,105,449,687,1362,33.0,935,63.0,26.0,251,72.0,6864,5333,4474,16742,9664,873,986,5219,16742,6936.0,162,1920.0,-1537.0,-311.0,72.0,19059,0.13480392156862744,0.7688869665513264,0.1256099480560365,1.1383944570541153
183,APOLLOHOSP,2024,19059,16665,2394.0,13.0,105,449,687,1362,33.0,935,63.0,26.0,252,72.0,7429,7371,4676,19548,10201,1042,1012,7293,19548,7501.0,162,1920.0,-1537.0,-311.0,72.0,19059,0.12465004666044527,0.9826689774696707,0.1256099480560365,0.9749846531614488
185,ASIANPAINT,2013,10504,8767,1737.0,17.0,114,42,155,1655,30.0,1160,12.0,40.0,253,96.0,3288,251,3149,6784,2441,59,296,3989,6784,3384.0,163,1187.0,-463.0,-601.0,123.0,10504,0.34278959810874704,0.0741725768321513,0.16536557501904037,1.5483490566037736
185,ASIANPAINT,2013,10504,8767,1737.0,17.0,114,42,155,1655,30.0,1160,12.0,40.0,266,96.0,3288,251,3149,6784,2441,59,296,3989,6784,3384.0,163,1187.0,-463.0,-601.0,123.0,10504,0.34278959810874704,0.0741725768321513,0.16536557501904037,1.5483490566037736
186,ASIANPAINT,2014,12220,10217,2004.0,16.0,124,48,246,1834,31.0,1263,13.0,42.0,254,96.0,3943,249,3787,8075,2562,72,1424,4019,8075,4039.0,164,1402.0,-586.0,-626.0,190.0,12220,0.3127011636543699,0.06164892300074276,0.16399345335515547,1.513312693498452
186,ASIANPAINT,2014,12220,10217,2004.0,16.0,124,48,246,1834,31.0,1263,13.0,42.0,267,96.0,3943,249,3787,8075,2562,72,1424,4019,8075,4039.0,164,1402.0,-586.0,-626.0,190.0,12220,0.3127011636543699,0.06164892300074276,0.16399345335515547,1.513312693498452
187,ASIANPAINT,2015,13615,11372,2243.0,16.0,142,42,266,2077,31.0,1427,15.0,42.0,255,96.0,4646,418,3754,8914,2660,196,1588,4471,8914,4742.0,165,1188.0,-465.0,-576.0,147.0,13615,0.3009278785322649,0.08814846056516237,0.16474476680132208,1.5273726722010321
187,ASIANPAINT,2015,13615,11372,2243.0,16.0,142,42,266,2077,31.0,1427,15.0,42.0,268,96.0,4646,418,3754,8914,2660,196,1588,4471,8914,4742.0,165,1188.0,-465.0,-576.0,147.0,13615,0.3009278785322649,0.08814846056516237,0.16474476680132208,1.5273726722010321
188,ASIANPAINT,2016,14271,11546,2725.0,19.0,213,49,276,2614,32.0,1803,18.0,41.0,256,96.0,6429,323,3711,10559,3416,107,2712,4324,10559,6525.0,166,2243.0,-866.0,-849.0,528.0,14271,0.27632183908045976,0.04950191570881226,0.1909466750753276,1.351548442087319
188,ASIANPAINT,2016,14271,11546,2725.0,19.0,213,49,276,2614,32.0,1803,18.0,41.0,269,96.0,6429,323,3711,10559,3416,107,2712,4324,10559,6525.0,166,2243.0,-866.0,-849.0,528.0,14271,0.27632183908045976,0.04950191570881226,0.1909466750753276,1.351548442087319
189,ASIANPAINT,2017,15062,12068,2994.0,20.0,338,37,335,2960,32.0,2016,20.0,51.0,257,96.0,7508,560,4241,12405,3304,258,2652,6192,12405,7604.0,167,1527.0,-681.0,-756.0,90.0,15062,0.26512361914781696,0.07364544976328248,0.19877838268490242,1.2141878274889157
189,ASIANPAINT,2017,15062,12068,2994.0,20.0,338,37,335,2960,32.0,2016,20.0,51.0,270,96.0,7508,560,4241,12405,3304,258,2652,6192,12405,7604.0,167,1527.0,-681.0,-756.0,90.0,15062,0.26512361914781696,0.07364544976328248,0.19877838268490242,1.2141878274889157
190,ASIANPAINT,2018,16825,13621,3204.0,19.0,336,41,360,3138,33.0,2098,21.0,41.0,258,96.0,8314,533,4820,13763,3732,1405,2141,6485,13763,8410.0,168,2113.0,-1556.0,-1379.0,-822.0,16825,0.24946492271105827,0.0633769322235434,0.19043090638930163,1.2224805638305603
190,ASIANPAINT,2018,16825,13621,3204.0,19.0,336,41,360,3138,33.0,2098,21.0,41.0,271,96.0,8314,533,4820,13763,3732,1405,2141,6485,13763,8410.0,168,2113.0,-1556.0,-1379.0,-822.0,16825,0.24946492271105827,0.0633769322235434,0.19043090638930163,1.2224805638305603
191,ASIANPAINT,2019,19240,15475,3765.0,20.0,274,110,622,3306,33.0,2208,22.0,47.0,259,96.0,9375,1320,5459,16249,6497,210,2569,6974,16249,9471.0,169,2470.0,-918.0,-1117.0,434.0,19240,0.233132720937599,0.13937282229965156,0.1956860706860707,1.1840728660225244
191,ASIANPAINT,2019,19240,15475,3765.0,20.0,274,110,622,3306,33.0,2208,22.0,47.0,272,96.0,9375,1320,5459,16249,6497,210,2569,6974,16249,9471.0,169,2470.0,-918.0,-1117.0,434.0,19240,0.233132720937599,0.13937282229965156,0.1956860706860707,1.1840728660225244
192,ASIANPAINT,2020,20211,16054,4157.0,21.0,355,102,780,3629,24.0,2774,28.0,43.0,260,96.0,10034,1118,4889,16138,6272,140,2019,7707,16138,10130.0,170,3038.0,-518.0,-2871.0,-351.0,20211,0.2738400789733465,0.11036525172754195,0.20568007520657067,1.2523856735654977
192,ASIANPAINT,2020,20211,16054,4157.0,21.0,355,102,780,3629,24.0,2774,28.0,43.0,273,96.0,10034,1118,4889,16138,6272,140,2019,7707,16138,10130.0,170,3038.0,-518.0,-2871.0,-351.0,20211,0.2738400789733465,0.11036525172754195,0.20568007520657067,1.2523856735654977
193,ASIANPAINT,2021,21713,16857,4856.0,22.0,332,92,791,4304,26.0,3207,33.0,55.0,261,96.0,12710,1093,6456,20355,5859,183,4737,9577,20355,12806.0,171,3683.0,-541.0,-650.0,2492.0,21713,0.2504294861783539,0.0853506168983289,0.22364482107493208,1.0667157946450503
193,ASIANPAINT,2021,21713,16857,4856.0,22.0,332,92,791,4304,26.0,3207,33.0,55.0,274,96.0,12710,1093,6456,20355,5859,183,4737,9577,20355,12806.0,171,3683.0,-541.0,-650.0,2492.0,21713,0.2504294861783539,0.0853506168983289,0.22364482107493208,1.0667157946450503
194,ASIANPAINT,2022,29101,24298,4804.0,17.0,296,95,816,4188,26.0,3085,32.0,61.0,262,96.0,13716,1587,7560,22958,5519,426,3248,13765,22958,13812.0,172,986.0,-317.0,-1808.0,-1138.0,29101,0.22335650159281784,0.11490008688097307,0.1650802377925157,1.2675755727850857
194,ASIANPAINT,2022,29101,24298,4804.0,17.0,296,95,816,4188,26.0,3085,32.0,61.0,275,96.0,13716,1587,7560,22958,5519,426,3248,13765,22958,13812.0,172,986.0,-317.0,-1808.0,-1138.0,29101,0.22335650159281784,0.11490008688097307,0.1650802377925157,1.2675755727850857
195,ASIANPAINT,2023,34489,28229,6260.0,18.0,431,144,858,5689,26.0,4195,43.0,60.0,263,96.0,15896,1933,7854,25779,5770,1020,4262,14728,25779,15992.0,173,4193.0,-1282.0,-2140.0,771.0,34489,0.2623186593296648,0.12087293646823412,0.18150714720635566,1.3378719112455875
195,ASIANPAINT,2023,34489,28229,6260.0,18.0,431,144,858,5689,26.0,4195,43.0,60.0,276,96.0,15896,1933,7854,25779,5770,1020,4262,14728,25779,15992.0,173,4193.0,-1282.0,-2140.0,771.0,34489,0.2623186593296648,0.12087293646823412,0.18150714720635566,1.3378719112455875
196,ASIANPAINT,2024,35495,27910,7585.0,21.0,821,205,853,7348,24.0,5558,57.0,58.0,264,96.0,18632,2474,8698,29901,7147,2698,4588,15468,29901,18728.0,174,6104.0,-2548.0,-2982.0,573.0,35495,0.2967748825288338,0.1321016659547202,0.213692069305536,1.187084044011906
196,ASIANPAINT,2024,35495,27910,7585.0,21.0,821,205,853,7348,24.0,5558,57.0,58.0,265,96.0,17928,2516,8934,29474,7879,2272,3695,15629,29474,18024.0,174,6104.0,-2548.0,-2982.0,573.0,35495,0.30836662228140255,0.13959165557035064,0.213692069305536,1.2042817398385017
196,ASIANPAINT,2024,35495,27910,7585.0,21.0,821,205,853,7348,24.0,5558,57.0,58.0,277,96.0,18632,2474,8698,29901,7147,2698,4588,15468,29901,18728.0,174,6104.0,-2548.0,-2982.0,573.0,35495,0.2967748825288338,0.1321016659547202,0.213692069305536,1.187084044011906
196,ASIANPAINT,2024,35495,27910,7585.0,21.0,821,205,853,7348,24.0,5558,57.0,58.0,278,96.0,17928,2516,8934,29474,7879,2272,3695,15629,29474,18024.0,174,6104.0,-2548.0,-2982.0,573.0,35495,0.30836662228140255,0.13959165557035064,0.213692069305536,1.2042817398385017
206,BAJAJ-AUTO,2013,20025,16370,3656.0,18.0,790,1,168,4277,29.0,3133,108.0,42.0,299,289.0,7776,116,4461,12642,2355,294,6059,3934,12642,8065.0,208,2218.0,-1394.0,-1445.0,-621.0,20025,0.3884686918784873,0.014383137011779294,0.18257178526841447,1.5840056953013764
206,BAJAJ-AUTO,2013,20025,16370,3656.0,18.0,790,1,168,4277,29.0,3133,108.0,42.0,299,289.0,7776,116,4461,12642,2355,294,6059,3934,12642,8065.0,220,2218.0,-1394.0,-1445.0,-621.0,20025,0.3884686918784873,0.014383137011779294,0.18257178526841447,1.5840056953013764
207,BAJAJ-AUTO,2014,20137,15974,4163.0,21.0,674,1,181,4655,31.0,3380,117.0,43.0,300,289.0,9878,59,5081,15308,2660,144,8448,4056,15308,10167.0,209,3502.0,-2072.0,-1496.0,-66.0,20137,0.3324481164551982,0.0058030884233303826,0.20673387297015444,1.3154559707342566
207,BAJAJ-AUTO,2014,20137,15974,4163.0,21.0,674,1,181,4655,31.0,3380,117.0,43.0,300,289.0,9878,59,5081,15308,2660,144,8448,4056,15308,10167.0,221,3502.0,-2072.0,-1496.0,-66.0,20137,0.3324481164551982,0.0058030884233303826,0.20673387297015444,1.3154559707342566
208,BAJAJ-AUTO,2015,21595,17467,4128.0,19.0,228,6,267,4083,31.0,3026,105.0,48.0,301,289.0,10806,112,4758,15966,2448,255,8985,4277,15966,11095.0,210,2114.0,-380.0,-1644.0,90.0,21595,0.2727354664263182,0.010094637223974764,0.1911553600370456,1.3525616935988976
208,BAJAJ-AUTO,2015,21595,17467,4128.0,19.0,228,6,267,4083,31.0,3026,105.0,48.0,301,289.0,10806,112,4758,15966,2448,255,8985,4277,15966,11095.0,222,2114.0,-380.0,-1644.0,90.0,21595,0.2727354664263182,0.010094637223974764,0.1911553600370456,1.3525616935988976
209,BAJAJ-AUTO,2016,22574,17781,4793.0,21.0,1194,1,307,5679,28.0,4061,140.0,39.0,302,289.0,13731,118,3102,17240,2026,52,11067,4095,17240,14020.0,211,3690.0,-68.0,-3384.0,238.0,22574,0.2896576319543509,0.008416547788873038,0.21232391246566848,1.3093967517401393
209,BAJAJ-AUTO,2016,22574,17781,4793.0,21.0,1194,1,307,5679,28.0,4061,140.0,39.0,302,289.0,13731,118,3102,17240,2026,52,11067,4095,17240,14020.0,223,3690.0,-68.0,-3384.0,238.0,22574,0.2896576319543509,0.008416547788873038,0.21232391246566848,1.3093967517401393
210,BAJAJ-AUTO,2017,21755,17326,4429.0,20.0,1468,1,307,5588,27.0,4079,141.0,39.0,303,289.0,17567,120,3661,21638,2002,42,15477,4117,21638,17856.0,212,3267.0,-3610.0,-190.0,-532.0,21755,0.22843862007168458,0.006720430107526882,0.20358538267065043,1.0054071540807838
210,BAJAJ-AUTO,2017,21755,17326,4429.0,20.0,1468,1,307,5588,27.0,4079,141.0,39.0,303,289.0,17567,120,3661,21638,2002,42,15477,4117,21638,17856.0,224,3267.0,-3610.0,-190.0,-532.0,21755,0.22843862007168458,0.006720430107526882,0.20358538267065043,1.0054071540807838
211,BAJAJ-AUTO,2018,25210,20364,4846.0,19.0,1404,1,315,5933,29.0,4219,146.0,41.0,304,289.0,20136,121,4595,25141,1878,56,18895,4312,25141,20425.0,213,4328.0,-1954.0,-1885.0,488.0,25210,0.20656058751529988,0.005924112607099143,0.1922253074176914,1.0027445209021122
211,BAJAJ-AUTO,2018,25210,20364,4846.0,19.0,1404,1,315,5933,29.0,4219,146.0,41.0,304,289.0,20136,121,4595,25141,1878,56,18895,4312,25141,20425.0,225,4328.0,-1954.0,-1885.0,488.0,25210,0.20656058751529988,0.005924112607099143,0.1922253074176914,1.0027445209021122
212,BAJAJ-AUTO,2019,30358,25160,5198.0,17.0,2028,4,266,6956,29.0,4928,170.0,35.0,305,289.0,22944,125,5476,28834,1764,48,20603,6420,28834,23233.0,214,2487.0,-273.0,-2074.0,140.0,30358,0.2121120819523953,0.005380278052769767,0.17122340075103762,1.0528542692654506
212,BAJAJ-AUTO,2019,30358,25160,5198.0,17.0,2028,4,266,6956,29.0,4928,170.0,35.0,305,289.0,22944,125,5476,28834,1764,48,20603,6420,28834,23233.0,226,2487.0,-273.0,-2074.0,140.0,30358,0.2121120819523953,0.005380278052769767,0.17122340075103762,1.0528542692654506
213,BAJAJ-AUTO,2020,29919,24809,5109.0,17.0,1832,3,246,6692,22.0,5212,180.0,67.0,306,289.0,21373,126,4722,26510,1699,60,19914,4837,26510,21662.0,215,3850.0,1766.0,-6247.0,-630.0,29919,0.2406056689133044,0.005816637429600221,0.17076105484808984,1.1285929837797057
213,BAJAJ-AUTO,2020,29919,24809,5109.0,17.0,1832,3,246,6692,22.0,5212,180.0,67.0,306,289.0,21373,126,4722,26510,1699,60,19914,4837,26510,21662.0,227,3850.0,1766.0,-6247.0,-630.0,29919,0.2406056689133044,0.005816637429600221,0.17076105484808984,1.1285929837797057
214,BAJAJ-AUTO,2021,27741,22803,4938.0,18.0,1570,7,259,6241,22.0,4857,168.0,83.0,307,289.0,26984,121,6207,33602,1668,16,24687,7232,33602,27273.0,216,3120.0,-2869.0,-20.0,231.0,27741,0.1780882191178088,0.0044366223004436624,0.17800367686817345,0.8255758585798464
214,BAJAJ-AUTO,2021,27741,22803,4938.0,18.0,1570,7,259,6241,22.0,4857,168.0,83.0,307,289.0,26984,121,6207,33602,1668,16,24687,7232,33602,27273.0,228,3120.0,-2869.0,-20.0,231.0,27741,0.1780882191178088,0.0044366223004436624,0.17800367686817345,0.8255758585798464
215,BAJAJ-AUTO,2022,33145,27886,5259.0,16.0,2671,9,270,7652,19.0,6166,213.0,66.0,308,289.0,29570,123,5129,35111,1836,77,26634,6564,35111,29859.0,217,4197.0,276.0,-4056.0,417.0,33145,0.20650390167118793,0.004119360996684417,0.15866646553024588,0.9440061519182023
215,BAJAJ-AUTO,2022,33145,27886,5259.0,16.0,2671,9,270,7652,19.0,6166,213.0,66.0,308,289.0,29570,123,5129,35111,1836,77,26634,6564,35111,29859.0,229,4197.0,276.0,-4056.0,417.0,33145,0.20650390167118793,0.004119360996684417,0.15866646553024588,0.9440061519182023
216,BAJAJ-AUTO,2023,36455,29991,6465.0,18.0,1703,40,286,7842,23.0,6060,214.0,65.0,309,283.0,29079,124,5651,35136,2842,85,26183,6026,35136,29362.0,218,5277.0,1211.0,-7181.0,-692.0,36455,0.20638921054424086,0.004223145562291397,0.17734192840488272,1.037539845173042
216,BAJAJ-AUTO,2023,36455,29991,6465.0,18.0,1703,40,286,7842,23.0,6060,214.0,65.0,309,283.0,29079,124,5651,35136,2842,85,26183,6026,35136,29362.0,230,5277.0,1211.0,-7181.0,-692.0,36455,0.20638921054424086,0.004223145562291397,0.17734192840488272,1.037539845173042
217,BAJAJ-AUTO,2024,44870,36106,8765.0,20.0,1700,60,365,10040,23.0,7708,276.0,29.0,310,279.0,28683,1912,8470,39344,3217,35,28087,8005,39344,28962.0,219,6558.0,-72.0,-6167.0,319.0,44870,0.2661418410330778,0.06601754022512257,0.19534209939826164,1.1404534363562424
217,BAJAJ-AUTO,2024,44870,36106,8765.0,20.0,1700,60,365,10040,23.0,7708,276.0,29.0,310,279.0,28683,1912,8470,39344,3217,35,28087,8005,39344,28962.0,231,6558.0,-72.0,-6167.0,319.0,44870,0.2661418410330778,0.06601754022512257,0.19534209939826164,1.1404534363562424
217,BAJAJ-AUTO,2024,44870,36106,8765.0,20.0,1700,60,365,10040,23.0,7708,276.0,29.0,311,279.0,30700,5245,9618,45842,3214,141,28552,13934,45842,30979.0,219,6558.0,-72.0,-6167.0,319.0,44870,0.24881371251492948,0.16930824106652895,0.19534209939826164,0.978796736617076
217,BAJAJ-AUTO,2024,44870,36106,8765.0,20.0,1700,60,365,10040,23.0,7708,276.0,29.0,311,279.0,30700,5245,9618,45842,3214,141,28552,13934,45842,30979.0,231,6558.0,-72.0,-6167.0,319.0,44870,0.24881371251492948,0.16930824106652895,0.19534209939826164,0.978796736617076
219,AXISBANK,2013,27183,17516,8313.0,1353.0,5,6551,352,7553,31.0,5179,22.0,16.0,287,468.0,32690,296254,11145,340558,2245,142,113378,224792,340558,33158.0,196,2573.0,-10939.0,14931.0,6566.0,27183,0.156191567645817,8.93461608058387,0.3058161350844278,0.07981900293048468
220,AXISBANK,2014,30641,18690,9644.0,2307.0,8,7405,364,9349,33.0,6218,26.0,15.0,288,470.0,37926,333280,14674,386350,2346,102,113093,270810,386350,38396.0,197,14464.0,-14166.0,7785.0,8082.0,30641,0.16194395249505156,8.680070840712574,0.31474168597630625,0.0793089167852983
221,AXISBANK,2015,35479,21254,11127.0,3097.0,9,8365,406,11057,33.0,7358,31.0,15.0,289,474.0,44475,406638,15656,467243,2447,105,118527,346164,467243,44949.0,198,-15162.0,-7972.0,31045.0,7910.0,35479,0.16369663396293577,9.046652873256358,0.3136221426759492,0.07593265174652161
222,AXISBANK,2016,40988,24155,13367.0,3466.0,8,9371,444,12394,34.0,8224,35.0,14.0,290,477.0,53082,472150,20678,546387,3358,216,131399,411414,546387,53559.0,199,-34495.0,9211.0,22495.0,-2789.0,40988,0.15355029033402415,8.815511865419444,0.326119839953157,0.07501642608627218
223,AXISBANK,2017,44542,26449,23808.0,-5715.0,-13,11691,509,5468,33.0,3679,15.0,33.0,291,479.0,55901,527437,27644,611462,3518,292,129018,478633,611462,56380.0,200,32209.0,-12458.0,-2487.0,17263.0,44542,0.06525363604114934,9.355037247250799,0.5345067576669211,0.07284508276883928
224,AXISBANK,2018,45780,27163,28895.0,-10277.0,-22,10967,568,122,-99.0,276,1.0,0.0,292,513.0,63694,611425,28071,703703,3697,352,153037,546618,703703,64207.0,201,-38390.0,-10007.0,41342.0,-7055.0,45780,0.004298596726213653,9.522715591757908,0.6311708169506335,0.06505585452953874
225,AXISBANK,2019,54986,33278,27155.0,-5447.0,-10,13130,710,6974,33.0,4677,18.0,6.0,293,514.0,67288,711996,34248,814046,3842,288,174056,635860,814046,67802.0,202,37125.0,-18674.0,5643.0,24094.0,54986,0.06898026606884752,10.501106162060116,0.49385298075873857,0.06754655142338394
226,AXISBANK,2020,62635,37429,35066.0,-9859.0,-16,15537,773,4904,67.0,1627,6.0,0.0,294,564.0,85776,797337,44194,927872,3912,483,155282,768196,927872,86340.0,203,30416.0,-9485.0,8865.0,29795.0,62635,0.018844104702339586,9.234850590687978,0.5598467310609084,0.06750392295489033
227,AXISBANK,2021,63346,34107,31749.0,-2510.0,-4,12264,948,8806,25.0,6588,22.0,0.0,295,613.0,102981,850551,46859,1001005,4501,118,225336,771050,1001005,103594.0,204,12633.0,-54288.0,7279.0,-34375.0,63346,0.06359441666505782,8.210427244821128,0.5011997600479904,0.06328240118680725
228,AXISBANK,2022,67377,34245,29962.0,3170.0,5,15221,1008,17383,25.0,13025,42.0,2.0,296,614.0,117647,1020943,56576,1195779,4753,215,274608,916203,1195779,118261.0,205,28137.0,-27112.0,47894.0,48919.0,67377,0.11013774617160349,8.632964375406939,0.444691808777476,0.056345695985629454
229,AXISBANK,2023,85164,42218,29089.0,13857.0,16,16143,13094,16906,43.0,9580,31.0,3.0,297,615.0,129166,1152038,62598,1344418,5000,142,288095,1051181,1344418,129781.0,206,22075.0,-32351.0,6641.0,-3636.0,85164,0.07381666037401469,8.876784737365254,0.3415645108261707,0.06334636995339248
230,AXISBANK,2024,109369,59474,37943.0,11952.0,11,22442,1334,33060,25.0,24861,81.0,1.0,298,617.0,156406,1295302,65913,1518239,5860,267,332354,1179758,1518239,157023.0,207,-5555.0,-9001.0,22341.0,7785.0,109369,0.15832712405189048,8.249122739980766,0.34692645996580385,0.0720367478374617
232,BAJAJFINSV,2013,8055,4124,3931.0,49.0,2,1204,22,2708,18.0,2214,10.0,2.0,312,80.0,7722,12991,44578,65370,1208,2,43251,20910,65370,7802.0,232,-6922.0,2953.0,4592.0,623.0,8055,0.28377339143809277,1.6650858754165598,0.48801986343885784,0.12322166131252868
233,BAJAJFINSV,2014,6023,1531,4491.0,75.0,3,1562,31,2902,24.0,2191,10.0,2.0,313,80.0,9232,19507,45565,74383,1262,1,45314,27805,74383,9312.0,233,-9807.0,3764.0,6521.0,478.0,6023,0.23528780068728522,2.0948238831615122,0.7456417067906359,0.08097280292539961
234,BAJAJFINSV,2015,11335,5823,5511.0,49.0,8,2230,38,3251,26.0,2409,11.0,2.0,314,80.0,11009,26312,50827,88228,1261,3,51367,35598,88228,11089.0,234,-10731.0,3709.0,6839.0,-183.0,11335,0.21724231220128054,2.372801875732708,0.486193206881341,0.12847395384685134
235,BAJAJFINSV,2016,20533,13795,6739.0,33.0,0,2877,58,3804,27.0,2775,12.0,1.0,315,80.0,13519,36062,54290,103951,1274,11,53698,48969,103951,13599.0,235,-9795.0,-886.0,11602.0,921.0,20533,0.2040591219942643,2.651812633281859,0.32820337992499876,0.19752575732797184
236,BAJAJFINSV,2017,24507,15794,8713.0,36.0,0,3716,73,4925,30.0,3450,14.0,1.0,316,80.0,16071,48282,64181,128614,1645,4,62658,64306,128614,16151.0,236,-10922.0,151.0,12513.0,1742.0,24507,0.21360906445421335,2.989412420283574,0.3555310727547231,0.19054690780163902
237,BAJAJFINSV,2018,32862,22074,10788.0,33.0,1,4531,160,6099,32.0,4176,17.0,1.0,317,80.0,20403,65695,75337,161514,1792,28,69428,90266,161514,20483.0,237,-19580.0,-922.0,19590.0,-911.0,32862,0.20387638529512278,3.2072938534394377,0.32828190615300346,0.20346223856755452
238,BAJAJFINSV,2019,42605,27569,15037.0,35.0,2,6657,226,8155,34.0,5374,20.0,1.0,318,80.0,23660,99754,84934,208428,2097,66,81679,124587,208428,23740.0,238,-27076.0,-6903.0,34535.0,555.0,42605,0.22636899747262004,4.201937657961246,0.3529397957986152,0.20441111558907632
239,BAJAJFINSV,2020,54351,36094,18258.0,34.0,0,9500,457,8302,28.0,5994,21.0,2.0,319,80.0,31222,127212,92791,251304,3216,45,91821,156223,251304,31302.0,239,-23369.0,-9948.0,34479.0,1162.0,54351,0.19148936170212766,4.0640214682767875,0.33592758182922117,0.21627590488014517
240,BAJAJFINSV,2021,60592,40950,19641.0,32.0,-7,9274,498,9862,25.0,7367,28.0,1.0,320,80.0,35750,128461,115554,279845,3182,129,113654,162879,279845,35830.0,240,4547.0,-3684.0,1687.0,2551.0,60592,0.2056098241696902,3.585291655037678,0.32415170319514125,0.21651985920777572
241,BAJAJFINSV,2022,68406,46951,21455.0,31.0,8,9629,563,11271,26.0,8314,29.0,1.0,321,80.0,40167,161179,131987,333413,3586,113,119222,210493,333413,40247.0,241,-33670.0,1445.0,32326.0,101.0,68406,0.20657440306109773,4.004745695331329,0.31364207818027656,0.20516896461745643
242,BAJAJFINSV,2023,82072,52204,29868.0,36.0,1,12380,678,16811,27.0,12210,40.0,2.0,322,159.0,46248,212265,146729,405401,4336,191,136176,264698,405401,46407.0,242,-39480.0,-13945.0,51016.0,-2409.0,82072,0.26310685887904844,4.573986683043507,0.3639243590993274,0.2024464665849369
243,BAJAJFINSV,2024,110382,69497,40886.0,37.0,-4,18607,900,21375,27.0,15595,51.0,2.0,323,159.0,60169,288933,188154,537415,5455,220,168385,363355,537415,60328.0,243,-68674.0,-10960.0,82709.0,3075.0,110382,0.2585035141227954,4.789368120938867,0.3704045949520755,0.2053943414307379
243,BAJAJFINSV,2024,110382,69497,40886.0,37.0,-4,18607,900,21375,27.0,15595,51.0,2.0,324,160.0,68165,318675,214195,601195,6048,105,185250,409792,601195,68325.0,243,-68674.0,-10960.0,82709.0,3075.0,110382,0.22824734723746798,4.66410537870472,0.3704045949520755,0.18360432139322516
245,BAJAJHLDNG,2013,337,15,322.0,95.0,3,0,2,322,21.0,1856,167.0,15.0,325,111.0,10234,0,430,10775,532,0,9577,666,10775,10345.0,244,473.0,-369.0,-332.0,-228.0,337,0.1794103431609473,0.0,0.9554896142433235,0.03127610208816705
246,BAJAJHLDNG,2014,423,23,400.0,94.0,5,0,5,400,20.0,1988,179.0,17.0,326,111.0,11888,0,449,12448,532,0,11325,592,12448,11999.0,245,872.0,-519.0,-326.0,27.0,423,0.16568047337278108,0.0,0.9456264775413712,0.03398136246786632
247,BAJAJHLDNG,2015,524,40,484.0,92.0,35,0,6,513,19.0,2029,182.0,19.0,327,111.0,13282,0,500,13893,544,0,13078,271,13893,13393.0,246,796.0,-464.0,-391.0,-59.0,524,0.15149705069812588,0.0,0.9236641221374046,0.037716835816598286
248,BAJAJHLDNG,2016,470,42,429.0,91.0,7,0,5,430,21.0,2265,204.0,16.0,328,111.0,15182,0,178,15472,544,0,13276,1651,15472,15293.0,247,1147.0,1019.0,-761.0,1406.0,470,0.14810697704832276,0.0,0.9127659574468086,0.030377456049638055
249,BAJAJHLDNG,2017,842,215,628.0,75.0,8,0,5,630,21.0,2473,222.0,15.0,329,111.0,17707,0,71,17889,222,0,17364,302,17889,17818.0,248,-923.0,-372.0,-110.0,-1406.0,842,0.13879223257380177,0.0,0.7458432304038005,0.047068030633350105
250,BAJAJHLDNG,2018,420,65,355.0,85.0,2390,0,5,2739,3.0,2655,239.0,17.0,330,111.0,25090,0,68,25269,215,0,24575,478,25269,25201.0,249,1631.0,-1123.0,-434.0,74.0,420,0.10535296218404032,0.0,0.8452380952380952,0.016621156357592308
251,BAJAJHLDNG,2019,431,85,347.0,80.0,2827,0,4,3170,4.0,3048,274.0,12.0,331,111.0,26841,0,56,27008,193,0,26257,558,27008,26952.0,250,628.0,-163.0,-536.0,-72.0,431,0.11308993766696349,0.0,0.8051044083526682,0.0159582345971564
252,BAJAJHLDNG,2020,435,134,301.0,69.0,3058,13,33,3314,7.0,3080,269.0,15.0,332,111.0,27652,168,4797,32729,374,0,32068,287,32729,27763.0,251,1920.0,-800.0,-1028.0,92.0,435,0.11093901955840507,0.006051219248640277,0.6919540229885057,0.013290965199058938
253,BAJAJHLDNG,2021,457,106,352.0,77.0,3451,4,34,3766,3.0,3654,328.0,12.0,333,111.0,37056,136,8186,45490,342,0,44914,234,45490,37167.0,252,272.0,-308.0,-37.0,-73.0,457,0.09831301961417387,0.0036591600075335648,0.7702407002188184,0.010046163992086172
254,BAJAJHLDNG,2022,484,117,367.0,76.0,3896,3,34,4226,2.0,4126,364.0,32.0,334,111.0,42731,114,10632,53588,310,0,52964,314,53588,42842.0,253,1610.0,-151.0,-1460.0,-1.0,484,0.09630736193455021,0.0026609401988702676,0.7582644628099173,0.009031872807344929
255,BAJAJHLDNG,2023,522,142,380.0,73.0,4673,7,34,5012,1.0,4946,436.0,28.0,335,111.0,44071,93,8913,53188,278,0,52555,355,53188,44182.0,254,1728.0,-137.0,-1587.0,4.0,522,0.11194604137431534,0.0021049296093431716,0.7279693486590039,0.009814243814394224
256,BAJAJHLDNG,2024,1702,140,1562.0,92.0,5967,2,34,7493,2.0,7365,653.0,20.0,336,111.0,54136,63,10851,65161,244,0,64715,203,65161,54247.0,255,1941.0,-472.0,-1455.0,14.0,1702,0.13576787656460265,0.0011613545449517945,0.917743830787309,0.026119918356071883
256,BAJAJHLDNG,2024,1702,140,1562.0,92.0,5967,2,34,7493,2.0,7365,653.0,20.0,337,111.0,59712,47,12662,72533,227,0,71252,1054,72533,59823.0,255,1941.0,-472.0,-1455.0,14.0,1702,0.12311318389248282,0.0007856510037945271,0.917743830787309,0.02346518136572319
258,BAJFINANCE,2015,5392,2274,1752.0,1367.0,25,26,36,1357,34.0,898,18.0,10.0,338,50.0,4750,26655,1325,32780,252,0,326,32201,32780,4800.0,256,-7064.0,-360.0,6867.0,-557.0,5392,0.18708333333333332,5.553125,0.3249258160237389,0.16449054301403296
259,BAJFINANCE,2016,7299,2959,2354.0,1986.0,27,35,56,1965,35.0,1279,24.0,10.0,339,54.0,7373,37025,2522,46973,290,0,1029,45654,46973,7427.0,257,-9870.0,-687.0,11656.0,1100.0,7299,0.17220950585700823,4.985189174633096,0.3225099328675161,0.1553871372916356
260,BAJFINANCE,2017,9970,3853,3250.0,2867.0,29,22,71,2817,35.0,1836,33.0,11.0,340,109.0,9491,49250,4881,63731,366,0,4070,59295,63731,9600.0,258,-10439.0,-3047.0,12513.0,-972.0,9970,0.19125,5.130208333333333,0.3259779338014042,0.15643878175456213
261,BAJFINANCE,2018,12746,4696,4115.0,3935.0,31,10,102,3843,35.0,2496,43.0,9.0,341,115.0,15733,66557,2393,84798,470,0,3139,81189,84798,15848.0,259,-20566.0,1075.0,19503.0,13.0,12746,0.1574962140333165,4.1997097425542655,0.3228463831790366,0.15031014882426472
262,BAJFINANCE,2019,18487,6723,5454.0,6310.0,34,13,144,6179,35.0,3995,69.0,9.0,342,115.0,19582,101588,2948,124233,695,0,8599,114939,124233,19697.0,260,-29062.0,-5379.0,34449.0,9.0,18487,0.202822764888054,5.1575366807127985,0.2950181208416725,0.1488090925921454
263,BAJFINANCE,2020,26374,9608,9159.0,7608.0,29,9,295,7322,28.0,5264,87.0,11.0,343,120.0,32208,129806,2257,164391,1321,0,17544,145526,164391,32328.0,261,-24412.0,-8758.0,34167.0,998.0,26374,0.16283098243009156,4.015280871071517,0.3472738302874043,0.1604345736688748
264,BAJFINANCE,2021,26673,9519,10839.0,6314.0,24,3,325,5992,26.0,4420,73.0,14.0,344,120.0,36798,131634,2918,171470,1316,51,18397,151707,171470,36918.0,262,-807.0,-429.0,1741.0,505.0,26673,0.11972479549271359,3.5655777669429547,0.40636598807783153,0.15555490756400536
265,BAJFINANCE,2022,31641,9855,11880.0,9906.0,31,-17,385,9504,26.0,7028,116.0,17.0,345,121.0,43592,165232,3562,212506,1716,34,12246,198510,212506,43713.0,263,-37090.0,6347.0,32275.0,1532.0,31641,0.1607759705350811,3.779928167821929,0.37546221674409785,0.14889461944603918
266,BAJFINANCE,2023,41411,12701,12693.0,16018.0,39,-5,485,15528,26.0,11508,190.0,16.0,346,121.0,54251,216690,4164,275226,2308,80,22752,250087,275226,54372.0,264,-42112.0,-10394.0,50675.0,-1831.0,41411,0.21165305672037077,3.985323328183624,0.3065127623095313,0.15046180230065473
267,BAJFINANCE,2024,54972,18886,16099.0,19987.0,36,6,683,19310,25.0,14451,233.0,15.0,347,124.0,76572,293346,5700,375742,3250,43,30881,341568,375742,76696.0,265,-72760.0,-7171.0,82415.0,2484.0,54972,0.18841921351830604,3.824788776468134,0.29285818234737687,0.14630251608816688
267,BAJFINANCE,2024,54972,18886,16099.0,19987.0,36,6,683,19310,25.0,14451,233.0,15.0,348,124.0,86679,324218,9635,420656,3423,29,31036,386167,420656,86803.0,265,-72760.0,-7171.0,82415.0,2484.0,54972,0.16648042118359965,3.7351013213829014,0.29285818234737687,0.13068160206914914
269,BANKBARODA,2013,36442,24486,10950.0,1006.0,3,4511,322,5195,9.0,4829,23.0,19.0,349,423.0,32859,509192,16914,559387,2550,0,125617,431220,559387,33282.0,266,23196.0,-514.0,-790.0,21892.0,36442,0.14509344390361156,15.299320954269575,0.3004774710498875,0.06514631194503984
270,BANKBARODA,2014,40463,27604,12049.0,809.0,2,5555,368,5996,18.0,5036,23.0,19.0,350,431.0,37416,616973,21284,676104,2849,0,122113,551142,676104,37847.0,267,42233.0,-730.0,5151.0,46654.0,40463,0.13306206568552328,16.301767643406347,0.2977782171366434,0.059847301598570636
271,BANKBARODA,2015,44915,30547,13466.0,902.0,2,5449,368,5983,36.0,3950,18.0,18.0,351,444.0,41574,665483,26465,733966,2978,0,124739,606248,733966,42018.0,268,17838.0,-556.0,-6.0,17276.0,44915,0.09400733019182256,15.838045599504975,0.29981075364577536,0.06119493273530382
272,BANKBARODA,2016,45799,32107,25391.0,-11700.0,-26,5992,525,-6233,-19.0,-5033,-22.0,0.0,352,462.0,42041,620536,28134,691173,6359,0,128894,555920,691173,42503.0,269,-10011.0,-4005.0,-616.0,-14632.0,45799,-0.11841517069383338,14.599816483542337,0.5544007511081028,0.06626271570214692
273,BANKBARODA,2017,44473,29596,19250.0,-4372.0,-10,7937,540,3024,41.0,1855,8.0,15.0,353,462.0,42605,648499,27649,719216,5930,0,140716,572570,719216,43067.0,270,17865.0,-551.0,-198.0,17116.0,44473,0.04307242204007709,15.057909768500243,0.4328468958694039,0.06183538742185936
274,BANKBARODA,2018,46056,29160,26093.0,-9197.0,-20,7992,901,-2106,-9.0,-1836,-7.0,0.0,354,530.0,46036,672311,28919,747796,5532,0,175137,567126,747796,46566.0,271,-59692.0,-414.0,3413.0,-56692.0,46056,-0.039427908774642445,14.437808701627796,0.5665494180997047,0.061588989510508216
275,BANKBARODA,2019,52906,32506,25815.0,-5414.0,-10,7887,948,1525,29.0,1166,4.0,0.0,355,530.0,54466,734456,30217,819670,7368,0,195716,616586,819670,54996.0,272,-1449.0,-2537.0,4449.0,462.0,52906,0.021201541930322206,13.354716706669576,0.48794087627112237,0.06454548781826833
276,BANKBARODA,2020,78895,50040,40583.0,-11728.0,-15,12191,1697,-1234,-99.0,981,2.0,0.0,356,925.0,75179,1068981,54850,1199935,9268,0,289727,900941,1199935,76104.0,273,18531.0,-139.0,14729.0,33120.0,78895,0.012890255439924314,14.046318196152633,0.514392547056214,0.06574939475888278
277,BANKBARODA,2021,74314,43201,38070.0,-6957.0,-9,14687,1357,6373,77.0,1620,3.0,0.0,357,1036.0,81354,1067173,53104,1202667,8441,0,281859,912367,1202667,82390.0,274,-887.0,-471.0,-986.0,-2344.0,74314,0.019662580410243963,12.95270057045758,0.5122857065963344,0.061791002829544674
278,BANKBARODA,2022,73385,38815,37518.0,-2948.0,-4,14395,1438,10008,23.0,7933,15.0,19.0,358,1036.0,90833,1185331,62922,1340121,11098,1,347587,981435,1340121,91869.0,275,6210.0,-3645.0,-998.0,1567.0,73385,0.08635121749447583,12.902404510770772,0.5112488928255093,0.05475998062861488
279,BANKBARODA,2023,94503,49942,38231.0,6329.0,7,16275,2040,20565,29.0,15005,29.0,19.0,359,1036.0,104019,1342592,78224,1525871,9865,3,397487,1118516,1525871,105055.0,276,-21354.0,-1096.0,-5405.0,-27855.0,94503,0.14282994621864736,12.77989624482414,0.40454800376707617,0.06193380698630487
280,BANKBARODA,2024,118379,69899,44379.0,4102.0,3,23399,1702,25799,29.0,18869,36.0,21.0,360,1036.0,118677,1453761,81302,1654775,9054,6,407136,1238579,1654775,119713.0,277,-6274.0,-1285.0,5476.0,-2084.0,118379,0.15761863790899902,12.143718727289434,0.37488912729453705,0.07153782236255685
282,BHARTIARTL,2013,76947,53987,22960.0,30.0,1159,4519,14815,4785,53.0,2267,4.0,17.0,374,1899.0,48423,66736,40912,157970,125674,2992,7710,21594,157970,50322.0,290,22608.0,-18676.0,-4566.0,-634.0,76947,0.0450498787806526,1.326179404634156,0.2983872015803085,0.48709881623092993
283,BHARTIARTL,2014,85864,59352,26512.0,31.0,2881,5879,15650,7864,62.0,3019,5.0,26.0,375,1999.0,57757,75896,45840,181492,140614,0,15531,25347,181492,59756.0,291,26233.0,-25181.0,2774.0,3826.0,85864,0.050522123301425796,1.2700984001606532,0.3087673530233858,0.47310074273246205
284,BHARTIARTL,2015,96101,62499,33602.0,35.0,1243,4446,19858,10540,52.0,5048,8.0,33.0,376,1999.0,37778,83415,58747,181939,124279,17415,10752,29494,181939,39777.0,292,28059.0,-22301.0,-9672.0,-3914.0,96101,0.12690750936470824,2.097066143751414,0.34965296927191186,0.5282045081043647
285,BHARTIARTL,2016,96532,62548,33984.0,35.0,4858,8546,17450,12846,46.0,6893,11.0,9.0,377,1999.0,64771,100646,57056,224472,172293,5702,11977,34500,224472,66770.0,293,27942.0,-14091.0,-11946.0,1905.0,96532,0.10323498577205331,1.5073536019170286,0.352049061451125,0.4300402722834028
286,BHARTIARTL,2017,95468,60138,35330.0,37.0,1713,9547,19773,7723,45.0,4241,7.0,11.0,378,1999.0,65458,107288,57578,232322,178235,10838,14339,28910,232322,67457.0,294,28280.0,-30680.0,-351.0,-2752.0,95468,0.06286967994426079,1.5904650369865247,0.3700716470440357,0.41092965797470754
287,BHARTIARTL,2018,82639,52560,30079.0,36.0,1756,9326,19243,3267,33.0,2184,2.0,194.0,379,1999.0,67536,111334,68653,249521,187200,9751,16159,36411,249521,69535.0,295,29854.0,-27940.0,1920.0,3835.0,82639,0.031408643129359315,1.60112173725462,0.3639806870847905,0.33119056111509654
288,BHARTIARTL,2019,80780,55016,25764.0,32.0,4474,10622,21348,-1732,-99.0,1688,1.0,244.0,380,1999.0,69424,125428,77176,274026,200832,9634,15711,47850,274026,71423.0,296,20070.0,-28286.0,9464.0,1248.0,80780,0.023633843439788305,1.7561289780602887,0.31894033176528847,0.29478954551757863
289,BHARTIARTL,2020,87539,50930,36610.0,42.0,-37775,13992,27690,-42846,-28.0,-30664,-55.0,-3.0,381,2728.0,74417,148228,133718,359091,229256,4282,25476,100077,359091,77145.0,297,18129.0,-29598.0,19144.0,7675.0,87539,-0.3974852550392119,1.9214207012768163,0.41821359622568227,0.2437794319545742
290,BHARTIARTL,2021,100616,55337,45279.0,45.0,-4215,15091,29404,-3432,99.0,-12364,-26.0,0.0,382,2746.0,56207,162785,122679,344417,223480,5726,27550,87661,344417,58953.0,298,48205.0,-27286.0,-24910.0,-3991.0,100616,-0.20972639221074416,2.7612674503417978,0.45001788979883917,0.2921342442446221
291,BHARTIARTL,2022,116547,59013,57534.0,49.0,4656,16616,33091,12483,33.0,8305,7.0,39.0,383,2795.0,63759,169678,124975,361207,244083,5955,29349,81820,361207,66554.0,299,55017.0,-41478.0,-15203.0,-1664.0,116547,0.12478588815097515,2.5494786188658836,0.4936549203325697,0.32265985985875134
292,BHARTIARTL,2023,139145,67871,71274.0,51.0,1019,19300,36432,16561,26.0,12287,15.0,27.0,384,2837.0,74726,226020,140974,444557,277394,49425,32954,84784,444557,77563.0,300,65325.0,-39232.0,-24470.0,1623.0,139145,0.1584131609143535,2.914018281912768,0.5122282511049624,0.3129969835139251
293,BHARTIARTL,2024,149982,71691,78292.0,52.0,-3428,22648,39538,12679,32.0,8558,13.0,62.0,385,2877.0,79742,215592,144408,442019,303303,16904,31602,90210,442019,82619.0,301,78898.0,-51089.0,-27778.0,31.0,149982,0.10358392137401809,2.6094723973904306,0.5220093077836007,0.3393112060793767
293,BHARTIARTL,2024,149982,71691,78292.0,52.0,-3428,22648,39538,12679,32.0,8558,13.0,62.0,386,2896.0,84202,225541,148344,460982,330199,8753,34438,87592,460982,87098.0,301,78898.0,-51089.0,-27778.0,31.0,149982,0.09825713564031321,2.5895083698822017,0.5220093077836007,0.3253532675896239
295,BEL,2013,6273,5604,669.0,11.0,622,7,136,1147,21.0,911,1.0,20.0,361,2.0,4,24,15,45,12,0,0,33,45,6.0,278,-1539.0,1753.0,-158.0,56.0,6273,151.83333333333334,4.0,0.10664753706360593,139.4
296,BEL,2014,6518,5593,925.0,14.0,438,7,150,1206,21.0,952,1.0,20.0,362,2.0,5,21,18,46,7,0,0,39,46,7.0,279,-569.0,759.0,-213.0,-23.0,6518,136.0,3.0,0.14191469776004909,141.69565217391303
297,BEL,2015,7093,5913,1179.0,17.0,507,7,166,1513,21.0,1197,2.0,20.0,363,2.0,5,26,16,49,6,0,0,43,49,7.0,280,1434.0,-839.0,-209.0,386.0,7093,171.0,3.7142857142857144,0.16622021711546595,144.75510204081633
298,BEL,2016,7354,5961,1393.0,19.0,573,10,192,1764,24.0,1337,2.0,31.0,364,9.0,3,25,15,52,6,0,0,46,52,12.0,281,2260.0,-1470.0,-318.0,472.0,7354,111.41666666666667,2.0833333333333335,0.1894207234158281,141.42307692307693
299,BEL,2017,8656,6864,1792.0,21.0,420,18,212,1983,24.0,1523,2.0,33.0,365,9.0,6,29,32,77,6,0,0,71,77,15.0,282,-61.0,3115.0,-2857.0,197.0,8656,101.53333333333333,1.9333333333333333,0.20702402957486138,112.41558441558442
300,BEL,2018,10401,8361,2039.0,20.0,196,6,272,1957,28.0,1431,2.0,34.0,366,10.0,21,48,42,121,11,0,0,110,121,31.0,283,-687.0,-6.0,-1202.0,-1895.0,10401,46.16129032258065,1.5483870967741935,0.19603884241899816,85.95867768595042
301,BEL,2019,12164,9255,2909.0,24.0,73,16,338,2628,30.0,1887,3.0,44.0,367,11.0,38,47,30,126,11,0,0,114,126,49.0,284,1514.0,-896.0,-663.0,-45.0,12164,38.51020408163265,0.9591836734693877,0.2391483064781322,96.53968253968254
302,BEL,2020,12968,10209,2759.0,21.0,99,8,372,2478,28.0,1825,3.0,37.0,368,11.0,44,44,23,122,14,0,0,108,122,55.0,285,2570.0,-649.0,-1061.0,861.0,12968,33.18181818181818,0.8,0.21275447254781,106.29508196721312
303,BEL,2021,14109,10895,3214.0,23.0,125,10,387,2942,30.0,2100,3.0,46.0,369,11.0,48,49,43,152,15,1,0,136,152,59.0,286,5093.0,-2595.0,-1076.0,1422.0,14109,35.59322033898305,0.8305084745762712,0.22779785952229073,92.82236842105263
304,BEL,2022,15368,12024,3344.0,22.0,232,9,401,3166,26.0,2400,3.0,46.0,370,11.0,58,58,35,163,17,0,0,145,163,69.0,287,4207.0,-4872.0,-1078.0,-1742.0,15368,34.78260869565217,0.8405797101449275,0.21759500260281103,94.28220858895706
305,BEL,2023,17734,13645,4090.0,23.0,281,19,429,3923,25.0,2986,4.0,44.0,371,11.0,64,39,29,144,17,0,0,126,144,75.0,288,1199.0,2708.0,-1262.0,2645.0,17734,39.81333333333333,0.52,0.2306304274275403,123.15277777777777
306,BEL,2024,20268,15217,5051.0,25.0,670,12,443,5266,25.0,3985,5.0,40.0,372,11.0,73,43,33,161,18,0,1,142,161,84.0,289,4659.0,-5924.0,-1475.0,-2739.0,20268,47.44047619047619,0.5119047619047619,0.24921057825143084,125.88819875776397
306,BEL,2024,20268,15217,5051.0,25.0,670,12,443,5266,25.0,3985,5.0,40.0,373,11.0,80,78,55,225,34,1,1,190,225,91.0,289,4659.0,-5924.0,-1475.0,-2739.0,20268,43.79120879120879,0.8571428571428571,0.24921057825143084,90.08
308,BHEL,2013,48903,39420,9483.0,19.0,1132,128,957,9531,30.0,6693,18.0,20.0,387,490.0,30059,2698,38572,71818,4667,2467,6,64679,71818,30549.0,302,1759.0,-1113.0,472.0,1118.0,48903,0.2190906412648532,0.08831712985695113,0.19391448377400158,0.6809295719735999
309,BHEL,2014,39561,34982,4579.0,12.0,1617,133,985,5078,31.0,3502,10.0,20.0,388,490.0,32681,4693,37468,75331,4729,2931,6,67665,75331,33171.0,303,4512.0,-868.0,523.0,4167.0,39561,0.10557414609146544,0.14147900274336017,0.11574530471929426,0.5251622837875509
310,BHEL,2015,31323,29183,2141.0,7.0,1221,92,1082,2187,34.0,1450,4.0,20.0,389,490.0,33717,1889,34887,70983,4230,2614,6,64134,70983,34207.0,304,821.0,650.0,-3543.0,-2071.0,31323,0.04238898471073172,0.055222615254187736,0.06835232895955048,0.44127467140019444
311,BHEL,2016,25505,26862,-1357.0,-5.0,1492,360,937,-1161,-39.0,-706,-2.0,-14.0,390,490.0,31825,211,33051,65577,3969,318,796,60494,65577,32315.0,305,374.0,23.0,-122.0,275.0,25505,-0.021847439269689,0.006529475475785239,-0.05320525387178984,0.3889320950943166
312,BHEL,2017,28465,27370,1095.0,4.0,753,413,850,586,22.0,455,1.0,85.0,391,490.0,31899,156,29153,61698,3601,168,757,57171,61698,32389.0,306,560.0,-565.0,-468.0,-473.0,28465,0.014047979252215258,0.0048164500293309456,0.03846829439662744,0.4613601737495543
313,BHEL,2018,28827,27174,1653.0,6.0,679,330,787,1215,64.0,438,1.0,151.0,392,734.0,31601,110,31495,63940,3073,203,429,60235,63940,32335.0,307,989.0,961.0,-667.0,1283.0,28827,0.013545693520952529,0.0034018865006958405,0.05734207513789156,0.450844541757898
314,BHEL,2019,30441,28409,2032.0,7.0,662,378,476,1840,46.0,1002,3.0,69.0,393,696.0,30208,2598,30987,64490,2970,235,152,61132,64490,30904.0,308,-3860.0,1919.0,-32.0,-1973.0,30441,0.03242298731555786,0.08406678747087756,0.06675207778982294,0.47202667080167465
315,BHEL,2020,21463,21596,-133.0,-1.0,590,613,503,-659,99.0,-1468,-4.0,0.0,394,696.0,27964,5080,26550,60291,2817,314,162,56998,60291,28660.0,309,-2892.0,1877.0,1622.0,608.0,21463,-0.051221214235868805,0.17725052337752967,-0.006196710618273308,0.35599011461080426
316,BHEL,2021,17309,20357,-3049.0,-18.0,393,467,473,-3596,-25.0,-2700,-8.0,0.0,395,696.0,25287,4951,25025,55960,2491,420,185,52864,55960,25983.0,310,560.0,-42.0,-394.0,123.0,17309,-0.10391409767925182,0.1905476657814725,-0.17615113524755907,0.30931022158684773
317,BHEL,2022,21211,20383,828.0,4.0,405,448,314,470,5.0,445,1.0,31.0,396,696.0,25810,4830,25654,56991,2398,431,205,53956,56991,26506.0,311,660.0,-1118.0,-329.0,-787.0,21211,0.01678865162604693,0.18222289292990265,0.03903634906416482,0.3721815725289958
318,BHEL,2023,23365,22321,1044.0,4.0,544,612,260,716,9.0,654,2.0,21.0,397,696.0,23682,5454,27832,57664,2476,354,235,54599,57664,24378.0,312,-741.0,1480.0,89.0,829.0,23365,0.02682746738862909,0.22372631060792517,0.044682216991226195,0.4051921476137625
319,BHEL,2024,23893,23182,711.0,3.0,608,828,249,243,-16.0,282,1.0,31.0,398,696.0,23742,8856,26493,59788,2574,308,256,56650,59788,24438.0,313,-3713.0,1331.0,2656.0,274.0,23893,0.011539405843358703,0.36238644733611586,0.029757669610346125,0.399628688031043
319,BHEL,2024,23893,23182,711.0,3.0,608,828,249,243,-16.0,282,1.0,31.0,399,696.0,23503,9128,28466,61793,2571,311,267,58645,61793,24199.0,313,-3713.0,1331.0,2656.0,274.0,23893,0.011653374106368032,0.3772056696557709,0.029757669610346125,0.3866619196349101
321,BOSCHLTD,2012,8659,7310,1350.0,16.0,369,6,367,1346,29.0,958,305.0,20.0,400,31.0,5542,230,2098,7902,863,408,1529,5102,7902,5573.0,314,871.0,-824.0,-156.0,-108.0,8659,0.17190023326753992,0.041270410909743406,0.1559071486314817,1.0957985320172108
322,BOSCHLTD,2013,8757,7468,1289.0,15.0,353,0,384,1257,30.0,885,282.0,20.0,401,31.0,6263,183,2414,8891,938,440,2202,5311,8891,6294.0,315,1057.0,-846.0,-238.0,-27.0,8757,0.1406101048617731,0.029075309818875118,0.1471965284914925,0.9849285794623777
323,BOSCHLTD,2015,12086,10104,1981.0,16.0,537,14,548,1956,32.0,1338,426.0,20.0,402,31.0,7316,111,2973,10431,968,276,2890,6298,10431,7347.0,316,1396.0,-1183.0,-237.0,-24.0,12086,0.18211514904042467,0.015108207431604737,0.16390865464173424,1.1586616815262198
324,BOSCHLTD,2016,9701,7823,1878.0,19.0,623,13,386,2102,27.0,1531,488.0,17.0,403,31.0,9504,50,2848,12433,1149,151,4628,6505,12433,9535.0,317,1318.0,-995.0,-356.0,-33.0,9701,0.16056633455689565,0.005243838489774515,0.193588289867024,0.7802622054210568
325,BOSCHLTD,2017,10435,8473,1963.0,19.0,912,27,456,2391,27.0,1741,570.0,29.0,404,30.0,8769,0,3000,11800,1514,129,3927,6231,11800,8799.0,318,1457.0,1246.0,-2670.0,33.0,10435,0.19786339356745083,0.0,0.18811691423095353,0.8843220338983051
326,BOSCHLTD,2018,11690,9597,2093.0,18.0,418,3,467,2041,33.0,1371,449.0,22.0,405,30.0,9951,0,3946,13927,1318,313,5240,7056,13927,9981.0,319,1729.0,-1170.0,-325.0,234.0,11690,0.137360985873159,0.0,0.17904191616766468,0.8393767501974582
327,BOSCHLTD,2019,12085,9931,2154.0,18.0,600,13,402,2339,32.0,1598,542.0,19.0,406,30.0,9097,0,3583,12710,1176,644,4054,6836,12710,9127.0,320,593.0,1766.0,-2531.0,-172.0,12085,0.17508491289580366,0.0,0.17823748448489862,0.9508261211644374
328,BOSCHLTD,2020,9842,8358,1483.0,15.0,-105,10,383,985,34.0,650,220.0,48.0,407,30.0,9240,74,3977,13320,1342,487,4042,7450,13320,9270.0,321,1336.0,-873.0,-399.0,64.0,9842,0.07011866235167206,0.007982740021574973,0.15068075594391384,0.7388888888888889
329,BOSCHLTD,2021,9718,8555,1163.0,12.0,-241,14,341,567,15.0,482,164.0,70.0,408,30.0,9793,54,4898,14774,1241,488,5157,7888,14774,9823.0,322,835.0,-463.0,-338.0,34.0,9718,0.04906851267433574,0.005497302249821846,0.11967483021197778,0.6577771761202111
330,BOSCHLTD,2022,11782,10319,1462.0,12.0,391,29,324,1500,19.0,1217,413.0,51.0,409,30.0,10658,73,4650,15410,1211,606,5528,8066,15410,10688.0,323,271.0,-33.0,-383.0,-146.0,11782,0.11386601796407185,0.0068300898203592815,0.12408759124087591,0.764568462037638
331,BOSCHLTD,2023,14929,13120,1810.0,13.0,471,12,386,1882,24.0,1424,483.0,99.0,410,30.0,10983,53,5194,16259,1731,366,5023,9140,16259,11013.0,324,1214.0,262.0,-1239.0,236.0,14929,0.12930173431399256,0.004812494324888767,0.12124053854913257,0.9181991512393136
332,BOSCHLTD,2024,16727,14632,2095.0,13.0,1566,51,430,3181,22.0,2490,844.0,44.0,411,30.0,12034,39,5252,17355,1770,224,5125,10236,17355,12064.0,325,1253.0,283.0,-1452.0,84.0,16727,0.20639920424403183,0.003232758620689655,0.12524660728164047,0.9638144626908672
332,BOSCHLTD,2024,16727,14632,2095.0,13.0,1566,51,430,3181,22.0,2490,844.0,44.0,412,30.0,12708,31,5752,18521,1653,282,5821,10766,18521,12738.0,325,1253.0,283.0,-1452.0,84.0,16727,0.19547809703250119,0.0024336630554247134,0.12524660728164047,0.9031369796447276
334,BPCL,2013,242181,235472,6709.0,3.0,1492,2518,2463,3220,40.0,1936,4.0,42.0,413,723.0,16052,33157,29696,79628,24721,7463,7470,39974,79628,16775.0,326,5926.0,-3604.0,-846.0,1476.0,242181,0.11540983606557377,1.9765722801788375,0.02770242091658718,3.0414050334053346
335,BPCL,2014,264421,255007,9414.0,4.0,1344,1982,2611,6166,34.0,4053,9.0,31.0,414,723.0,18717,33152,35868,88460,27580,9372,6985,44523,88460,19440.0,327,9588.0,-6881.0,-3736.0,-1029.0,264421,0.20848765432098765,1.705349794238683,0.035602316003645704,2.9891589418946416
336,BPCL,2015,242598,232818,9780.0,4.0,2117,1180,3027,7690,34.0,5082,11.0,34.0,415,723.0,21839,25492,38268,86322,29109,15787,7712,33714,86322,22562.0,328,20742.0,-10536.0,-9792.0,414.0,242598,0.22524598883077743,1.1298643737257335,0.04031360522345609,2.81038437478279
337,BPCL,2016,187815,174844,12971.0,7.0,1913,680,2072,12132,33.0,8089,19.0,25.0,416,656.0,27138,23388,35241,86422,25358,17459,9401,34203,86422,27794.0,329,11119.0,-9233.0,-1332.0,555.0,187815,0.29103403612290424,0.8414765776786357,0.06906264142906583,2.173231353127676
338,BPCL,2017,201251,187468,13783.0,7.0,2721,696,2108,13700,31.0,9507,20.0,49.0,417,1311.0,29508,35725,42541,109086,33684,16834,21327,37241,109086,30819.0,330,9041.0,-15274.0,4804.0,-1429.0,201251,0.3084785359680716,1.1591875141957884,0.0684866162155716,1.844883853106723
339,BPCL,2018,235895,220578,15317.0,6.0,2927,1186,2885,14174,31.0,9792,21.0,46.0,418,1967.0,34652,37659,46078,120356,45539,9875,23725,41217,120356,36619.0,331,11068.0,-7066.0,-4218.0,-215.0,235895,0.26740216827330077,1.0284005570878505,0.06493143135717162,1.9599770680315065
340,BPCL,2019,298226,283113,15112.0,5.0,2975,1764,3418,12905,34.0,8528,18.0,48.0,419,1967.0,36798,44839,53322,136926,49315,13654,24907,49050,136926,38765.0,332,10157.0,-10451.0,207.0,-87.0,298226,0.21999226106023476,1.1566877337804722,0.05067297955241998,2.1780085593678336
341,BPCL,2020,284572,275597,8975.0,3.0,1393,2637,4080,3652,0.0,3666,7.0,106.0,420,1967.0,34565,65476,48852,150860,60175,17757,27029,45900,150860,36532.0,333,7881.0,-11135.0,3583.0,329.0,284572,0.10035037775101281,1.792291689477718,0.0315385912879693,1.8863316982632905
342,BPCL,2021,230171,209170,21001.0,9.0,7489,1723,4334,22432,23.0,17320,37.0,102.0,421,2093.0,51462,54532,52891,160978,64098,17037,26768,53075,160978,53555.0,334,23455.0,-2474.0,-13981.0,7000.0,230171,0.3234058444589674,1.0182429278312015,0.09124086005621908,1.4298289207220862
343,BPCL,2022,346791,327654,19137.0,6.0,4939,2606,5434,16037,27.0,11682,27.0,29.0,422,2129.0,49776,64534,71089,187529,83901,15433,23616,64578,187529,51905.0,335,20336.0,-8138.0,-17672.0,-5474.0,346791,0.22506502263751083,1.243309893073885,0.05518309298684222,1.849265980195063
344,BPCL,2023,473187,462288,10899.0,2.0,2036,3745,6369,2821,24.0,2131,5.0,40.0,423,2129.0,51393,69376,65210,188109,86675,16249,26778,58406,188109,53522.0,336,12466.0,-7806.0,-4402.0,257.0,473187,0.03981540301184559,1.2962146407084938,0.023033177158290487,2.5154936765386027
345,BPCL,2024,448083,404001,44082.0,10.0,3032,4149,6771,36194,26.0,26859,62.0,33.0,424,2136.0,73499,54599,72184,202418,86798,20204,26631,68785,202418,75635.0,337,35936.0,-10521.0,-25427.0,-12.0,448083,0.355113373438223,0.7218747934157467,0.09837909494446341,2.213651947949293
345,BPCL,2024,448083,404001,44082.0,10.0,3032,4149,6771,36194,26.0,26859,62.0,33.0,425,4273.0,72835,58880,75238,211226,100261,9127,27239,74599,211226,77108.0,337,35936.0,-10521.0,-25427.0,-12.0,448083,0.34832961560408776,0.763604295274161,0.09837909494446341,2.121343963337847
347,BRITANNIA,2013,6185,5765,421.0,7.0,52,41,73,358,27.0,260,11.0,39.0,426,24.0,534,380,946,1883,737,147,108,891,1883,558.0,338,320.0,28.0,-378.0,-30.0,6185,0.4659498207885305,0.6810035842293907,0.06806790622473727,3.2846521508231548
348,BRITANNIA,2014,6913,6286,627.0,9.0,34,8,83,569,30.0,395,16.0,36.0,427,24.0,774,150,1159,2107,848,107,198,954,2107,798.0,339,671.0,-246.0,-357.0,68.0,6913,0.4949874686716792,0.18796992481203006,0.09069868363951974,3.280968201233982
349,BRITANNIA,2015,7858,6988,870.0,11.0,228,4,144,950,28.0,689,29.0,28.0,428,24.0,1221,145,1403,2793,844,48,518,1383,2793,1245.0,340,584.0,-450.0,-181.0,-47.0,7858,0.5534136546184739,0.11646586345381527,0.11071519470603207,2.8134622269960614
350,BRITANNIA,2016,8397,7174,1224.0,15.0,115,5,113,1220,32.0,825,34.0,29.0,429,24.0,2068,131,1271,3494,950,90,788,1665,3494,2092.0,341,959.0,-705.0,-246.0,8.0,8397,0.39435946462715105,0.06261950286806883,0.1457663451232583,2.403262736119061
351,BRITANNIA,2017,9054,7776,1278.0,14.0,151,5,119,1304,32.0,885,37.0,30.0,430,24.0,2672,125,1288,4109,1160,30,487,2432,4109,2696.0,342,441.0,-150.0,-295.0,-4.0,9054,0.32826409495548964,0.046364985163204746,0.1411530815109344,2.2034558286687758
352,BRITANNIA,2018,9914,8413,1501.0,15.0,166,8,142,1518,34.0,1004,42.0,30.0,431,24.0,3382,201,1581,5188,1346,203,1079,2560,5188,3406.0,343,1249.0,-957.0,-232.0,60.0,9914,0.2947739283617146,0.05901350557839107,0.1514020576961872,1.9109483423284503
353,BRITANNIA,2019,11055,9322,1732.0,16.0,206,9,162,1768,35.0,1155,48.0,31.0,432,24.0,4229,156,1829,6238,1688,101,1476,2972,6238,4253.0,344,1156.0,-852.0,-353.0,-49.0,11055,0.2715730072889725,0.03667999059487421,0.1566711895070104,1.7722026290477717
354,BRITANNIA,2020,11600,9756,1843.0,16.0,263,77,185,1844,24.0,1394,58.0,60.0,433,24.0,4379,1538,1889,7830,1878,40,2893,3019,7830,4403.0,345,1485.0,-1526.0,58.0,17.0,11600,0.3166023166023166,0.3493072904837611,0.15887931034482758,1.4814814814814814
355,BRITANNIA,2021,13136,10627,2509.0,19.0,313,111,198,2514,26.0,1851,77.0,204.0,434,24.0,3524,2122,2331,8000,1793,117,2781,3310,8000,3548.0,346,1876.0,433.0,-2242.0,66.0,13136,0.5217023675310034,0.5980834272829764,0.1910018270401949,1.642
356,BRITANNIA,2022,14136,11935,2201.0,16.0,222,144,201,2078,27.0,1516,63.0,89.0,435,24.0,2534,2481,2487,7527,1753,536,1762,3475,7527,2558.0,347,1300.0,914.0,-2246.0,-32.0,14136,0.5926505082095387,0.9698983580922595,0.15570175438596492,1.8780390593862097
357,BRITANNIA,2023,16301,13470,2831.0,17.0,597,169,226,3033,24.0,2316,96.0,75.0,436,24.0,3510,2997,2819,9351,2655,105,3324,3266,9351,3534.0,348,2526.0,-1507.0,-1028.0,-9.0,16301,0.6553480475382003,0.8480475382003395,0.1736703269738053,1.743236017538231
358,BRITANNIA,2024,16769,13603,3167.0,19.0,211,164,300,2913,27.0,2134,89.0,83.0,437,24.0,3917,2065,3065,9072,2771,188,2767,3346,9072,3941.0,349,2573.0,477.0,-2830.0,219.0,16769,0.5414869322506978,0.5239786856127886,0.18886039716142883,1.8484347442680775
358,BRITANNIA,2024,16769,13603,3167.0,19.0,211,164,300,2913,27.0,2134,89.0,83.0,438,24.0,3186,2754,3503,9467,2950,56,2368,4092,9467,3210.0,349,2573.0,477.0,-2830.0,219.0,16769,0.664797507788162,0.8579439252336448,0.18886039716142883,1.7713108693355868
360,CANBK,2013,34070,26198,7217.0,655.0,2,3308,191,3771,22.0,2995,12.0,19.0,439,443.0,24733,376040,18108,419324,2883,1,127534,288907,419324,25176.0,350,8010.0,-435.0,-1043.0,6532.0,34070,0.11896250397203686,14.936447410231967,0.21182858820076314,0.08124982114069311
361,CANBK,2014,39570,30606,9636.0,-672.0,-2,4144,230,3242,20.0,2672,10.0,19.0,440,461.0,29715,447913,23000,501090,6661,1,135445,358982,501090,30176.0,351,14244.0,-380.0,-3771.0,10092.0,39570,0.08854718981972429,14.843352332979851,0.2435178165276725,0.07896785008681076
362,CANBK,2015,43813,34133,10302.0,-621.0,-1,4733,429,3683,22.0,2931,11.0,17.0,441,475.0,32017,499488,26578,558558,6969,1,152122,399466,558558,32492.0,352,6344.0,-1104.0,-1464.0,3776.0,43813,0.09020682014034224,15.37264557429521,0.23513569032022458,0.07843948166528812
363,CANBK,2016,44039,34263,17785.0,-8008.0,-18,5266,172,-2914,-13.0,-2535,-9.0,0.0,442,543.0,31867,506712,24603,563725,7206,0,152470,404049,563725,32410.0,353,9346.0,-443.0,-806.0,8096.0,44039,-0.07821659981487196,15.634433816723234,0.4038465905220373,0.07812142445341257
364,CANBK,2017,41457,31540,15691.0,-5775.0,-14,7852,331,1746,29.0,1411,5.0,4.0,443,597.0,34088,534858,26615,596159,7185,0,162073,426901,596159,34685.0,354,2575.0,-476.0,124.0,2224.0,41457,0.04068040939887559,15.420441112873,0.37848855440576984,0.06954017300753658
365,CANBK,2018,41345,29113,25582.0,-13350.0,-32,7398,456,-6408,-36.0,-3873,-11.0,0.0,444,733.0,36164,563756,30781,631435,8335,0,157444,465657,631435,36897.0,355,-11120.0,-487.0,2865.0,-8743.0,41345,-0.10496788356776973,15.279182589370409,0.618744709154674,0.06547784015773594
366,CANBK,2019,47951,32339,27202.0,-11590.0,-24,9907,429,-2111,-99.0,696,2.0,0.0,445,753.0,36936,640166,33928,711783,8433,0,168678,534672,711783,37689.0,356,18237.0,-745.0,-1185.0,16307.0,47951,0.018466926689484995,16.98548648146674,0.5672874392609122,0.06736744204343177
367,CANBK,2020,49759,35817,26809.0,-12867.0,-26,11799,446,-1514,34.0,-1921,-4.0,0.0,446,1030.0,40176,668170,32064,741440,8323,0,192645,540472,741440,41206.0,357,-5289.0,-445.0,7792.0,2059.0,49759,-0.046619424355676356,16.215356986846576,0.5387769046805603,0.0671112969356927
368,CANBK,2021,70253,45182,43437.0,-18367.0,-26,23086,838,3882,30.0,2957,4.0,0.0,447,1647.0,60763,1060998,56132,1179540,11269,2,286191,882077,1179540,62410.0,358,59118.0,-1116.0,290.0,58291.0,70253,0.047380227527639804,17.000448646050312,0.6182938806883692,0.05955965885006019
369,CANBK,2022,70614,43035,41235.0,-13657.0,-19,23643,841,9145,37.0,6158,7.0,19.0,448,1814.0,68147,1132626,56202,1258789,11447,2,311347,935992,1258789,69961.0,359,919.0,-1429.0,4035.0,3525.0,70614,0.08802046854676177,16.18939123225797,0.5839493584841533,0.056096772374083344
370,CANBK,2023,85885,52990,42772.0,-9877.0,-12,25325,1021,14427,25.0,11345,12.0,19.0,449,1814.0,76240,1237160,65816,1381030,10334,0,352893,1017803,1381030,78054.0,360,-39978.0,-1156.0,445.0,-40689.0,85885,0.14534809234632434,15.850052527737208,0.49801478721546255,0.06218909075110606
371,CANBK,2024,110519,72118,46146.0,-7745.0,-7,28646,902,20000,26.0,15401,17.0,19.0,450,1814.0,90319,1369780,73104,1535018,12331,0,399207,1123480,1535018,92133.0,361,15046.0,-1750.0,-3834.0,9462.0,110519,0.16716051794688114,14.867419925542423,0.4175390656810141,0.0719985042520674
373,CHOLAFIN,2013,2570,1410,688.0,472.0,18,1,22,452,32.0,308,4.0,16.0,451,143.0,1809,15269,1007,18228,73,0,172,17984,18228,1952.0,362,-3754.0,5.0,4067.0,317.0,2570,0.15778688524590165,7.822233606557377,0.267704280155642,0.14099188062321702
374,CHOLAFIN,2014,3279,1769,932.0,578.0,18,1,25,554,34.0,368,5.0,14.0,452,143.0,2144,18075,1182,21544,74,0,39,21431,21544,2287.0,363,-2447.0,-83.0,2749.0,219.0,3279,0.1609094884127678,7.903366856143419,0.2842329978652028,0.1522001485332343
375,CHOLAFIN,2015,3715,1958,1061.0,696.0,19,0,30,666,33.0,444,6.0,11.0,453,144.0,2531,19950,1243,23868,69,0,25,23775,23868,2675.0,364,-2264.0,-40.0,1819.0,-485.0,3715,0.16598130841121495,7.457943925233645,0.28559892328398384,0.15564772917714095
376,CHOLAFIN,2016,4214,2048,1266.0,899.0,21,2,22,879,35.0,575,7.0,12.0,454,156.0,3514,22546,1673,27889,120,0,16,27753,27889,3670.0,365,-2809.0,-137.0,3031.0,85.0,4214,0.1566757493188011,6.143324250681199,0.30042714760322736,0.15109899960557927
377,CHOLAFIN,2017,4694,2228,1322.0,1143.0,24,3,39,1107,35.0,718,9.0,12.0,455,156.0,4142,24071,2230,30598,150,0,182,30266,30598,4298.0,366,-1468.0,-222.0,1692.0,2.0,4694,0.1670544439274081,5.600511865984179,0.28163613123135917,0.15340871952415192
378,CHOLAFIN,2018,5559,2657,1451.0,1451.0,26,0,51,1401,34.0,918,12.0,11.0,456,156.0,4969,38330,711,44167,170,4,23,43970,44167,5125.0,367,-7926.0,-60.0,8009.0,22.0,5559,0.1791219512195122,7.479024390243903,0.2610181687353841,0.12586320103244503
379,CHOLAFIN,2019,7108,3588,1632.0,1888.0,27,1,57,1832,35.0,1197,15.0,8.0,457,156.0,6052,50567,715,57490,167,14,42,57267,57490,6208.0,368,-9317.0,-11.0,12191.0,2862.0,7108,0.19281572164948454,8.145457474226804,0.22960045019696118,0.12363889372064707
380,CHOLAFIN,2020,8712,4592,2421.0,1699.0,20,0,111,1588,34.0,1054,13.0,13.0,458,164.0,8036,55005,853,64058,283,11,33,63732,64058,8200.0,369,-2075.0,-54.0,2452.0,323.0,8712,0.12853658536585366,6.707926829268293,0.27789256198347106,0.13600174841549845
381,CHOLAFIN,2021,9583,4576,2913.0,2094.0,22,56,102,2048,26.0,1521,19.0,11.0,459,164.0,9436,63730,1314,74644,228,10,1583,72823,74644,9600.0,370,-8848.0,-1746.0,8707.0,-1888.0,9583,0.1584375,6.638541666666667,0.30397579046227696,0.12838272332672418
382,CHOLAFIN,2022,10148,4298,2926.0,2924.0,29,84,101,2908,26.0,2154,26.0,8.0,460,164.0,11605,69174,1536,82478,259,37,2055,80127,82478,11769.0,371,-5571.0,1640.0,5150.0,1218.0,10148,0.18302319653326535,5.87764465969921,0.2883326763894363,0.12303887097165304
383,CHOLAFIN,2023,12884,5748,3621.0,3515.0,27,220,121,3615,26.0,2665,32.0,6.0,461,164.0,14182,97358,1923,113627,403,60,3562,109602,113627,14346.0,372,-27105.0,-2148.0,27466.0,-1787.0,12884,0.18576606719643107,6.786421302105117,0.28104625892579943,0.113388543215961
384,CHOLAFIN,2024,19163,9231,5385.0,4548.0,24,255,198,4605,26.0,3420,41.0,5.0,462,168.0,19425,134475,2618,156686,1563,13,4036,151075,156686,19593.0,373,-35683.0,-2855.0,38471.0,-66.0,19163,0.17455213596692695,6.863420609401317,0.2810102802275218,0.12230192869816066
384,CHOLAFIN,2024,19163,9231,5385.0,4548.0,24,255,198,4605,26.0,3420,41.0,5.0,463,168.0,21243,157943,2591,181945,1669,0,5787,174489,181945,21411.0,373,-35683.0,-2855.0,38471.0,-66.0,19163,0.15973097940311054,7.376722245574705,0.2810102802275218,0.10532303718156585
386,CIPLA,2013,8279,34,6065.0,2214.0,27,245,330,2095,26.0,1545,19.0,10.0,464,161.0,8858,967,1672,11658,3610,378,2532,5138,11658,9019.0,374,1398.0,-2063.0,718.0,53.0,8279,0.17130502272979267,0.10721809513249805,0.7325763981157145,0.7101561159718648
387,CIPLA,2014,10173,146,8026.0,2147.0,21,251,373,1880,25.0,1404,17.0,12.0,465,161.0,9890,1248,2102,13400,6496,442,709,5753,13400,10051.0,375,1563.0,-1265.0,-266.0,33.0,10173,0.13968759327430105,0.1241667495771565,0.7889511451882434,0.7591791044776119
388,CIPLA,2015,11345,168,9183.0,2163.0,19,164,505,1654,24.0,1229,15.0,14.0,466,161.0,10641,1703,3166,15670,6830,581,640,7620,15670,10802.0,376,1173.0,-950.0,165.0,388.0,11345,0.11377522680985003,0.15765598963154973,0.8094314676068752,0.7239948947032546
389,CIPLA,2016,13790,207,11310.0,2480.0,18,208,754,1727,19.0,1383,17.0,12.0,467,161.0,11356,5202,4331,21049,9368,2061,759,8862,21049,11517.0,377,1741.0,-4533.0,3104.0,312.0,13790,0.1200833550403751,0.45168012503256055,0.8201595358955766,0.6551380113069505
390,CIPLA,2017,14394,159,11898.0,2496.0,17,208,1323,1222,15.0,1035,13.0,16.0,468,161.0,12383,4113,4213,20869,9492,1683,973,8721,20869,12544.0,378,2382.0,-1304.0,-1326.0,-248.0,14394,0.08250956632653061,0.3278858418367347,0.826594414339308,0.6897311802194642
391,CIPLA,2018,15156,114,12329.0,2826.0,19,280,1323,1669,15.0,1417,18.0,17.0,469,161.0,14068,4098,4346,22673,9950,981,1259,10483,22673,14229.0,379,1463.0,-834.0,-385.0,243.0,15156,0.09958535385480358,0.2880033733923677,0.8134732119292689,0.668460283156177
392,CIPLA,2019,16362,168,13265.0,3097.0,19,477,1326,2079,27.0,1492,19.0,16.0,470,161.0,14851,4316,4433,23762,9608,676,2554,10923,23762,15012.0,380,1691.0,-1688.0,-349.0,-345.0,16362,0.09938715694111377,0.2875033306687983,0.8107199608849774,0.6885784024913728
393,CIPLA,2020,17132,197,13926.0,3206.0,19,344,1175,2178,29.0,1500,19.0,21.0,471,161.0,15602,2816,4843,23423,9683,825,1471,11444,23423,15763.0,381,3068.0,114.0,-2949.0,234.0,17132,0.09515955084692,0.17864619678995114,0.8128648143824422,0.731417837168595
394,CIPLA,2021,19160,161,14907.0,4252.0,22,266,1068,3290,27.0,2389,30.0,17.0,472,161.0,18165,2014,4514,24855,9516,969,2710,11661,24855,18326.0,382,3755.0,-2374.0,-1240.0,141.0,19160,0.1303612354032522,0.10989850485648806,0.778027139874739,0.7708710521021928
395,CIPLA,2022,21763,106,17211.0,4553.0,21,99,1052,3493,27.0,2547,31.0,16.0,473,161.0,20680,1056,4960,26857,9683,766,2551,13857,26857,20841.0,383,3326.0,-1858.0,-1600.0,-132.0,21763,0.12221102634230603,0.05066935367784655,0.7908376602490466,0.8103287783445656
396,CIPLA,2023,22753,110,17726.0,5027.0,22,293,1172,4038,30.0,2833,35.0,24.0,474,161.0,23246,803,5089,29300,9160,1093,3662,15384,29300,23407.0,384,3238.0,-2376.0,-958.0,-97.0,22753,0.12103216986371598,0.03430597684453369,0.7790621017008746,0.7765529010238907
397,CIPLA,2024,25774,90,19483.0,6291.0,24,552,1051,5702,27.0,4154,51.0,25.0,475,161.0,26545,559,5267,32533,9607,1153,5449,16323,32533,26706.0,385,4134.0,-2982.0,-1200.0,-49.0,25774,0.15554557028383134,0.020931625851868495,0.7559168153953597,0.7922417237881536
397,CIPLA,2024,25774,90,19483.0,6291.0,24,552,1051,5702,27.0,4154,51.0,25.0,476,162.0,28201,461,5832,34655,10342,1097,4995,18221,34655,28363.0,385,4134.0,-2982.0,-1200.0,-49.0,25774,0.14645841413108626,0.01625356979162994,0.7559168153953597,0.7437310633386236
399,COALINDIA,2013,68303,46,50216.0,18087.0,26,8752,1813,24979,31.0,17356,27.0,51.0,477,6316.0,42156,1305,61206,110983,13466,3496,2395,91626,110983,48472.0,386,9109.0,-1833.0,-7852.0,-575.0,68303,0.3580623865324311,0.026922759531275788,0.7351946473800565,0.6154365983979528
400,COALINDIA,2014,70608,59,52842.0,17766.0,25,7169,1996,22880,34.0,15112,24.0,121.0,478,6316.0,36088,178,62356,104938,14784,4316,3775,82063,104938,42404.0,387,14525.0,8580.0,-25350.0,-2246.0,70608,0.3563814734459013,0.0041977171964908975,0.7483854520734194,0.6728544473879815
401,COALINDIA,2015,74120,9,56777.0,17343.0,23,6570,2320,21584,36.0,13727,22.0,95.0,479,6316.0,34037,408,70505,111267,16115,5159,2813,87179,111267,40353.0,388,14382.0,894.0,-15026.0,250.0,74120,0.34017297350878495,0.010110772433276337,0.7660145709660011,0.6661453980065968
402,COALINDIA,2016,77861,388,59147.0,18714.0,24,5939,2826,21440,33.0,14267,23.0,121.0,480,6316.0,28517,1199,77528,113560,22082,4553,2906,84018,113560,34833.0,389,13154.0,8154.0,-19587.0,1721.0,77861,0.4095828668216921,0.034421382022794475,0.7596486045645445,0.6856375484325467
403,COALINDIA,2017,78164,410,65716.0,12448.0,16,5316,2907,14446,36.0,9280,15.0,133.0,481,6207.0,18311,3014,91054,118587,23811,8585,1483,84708,118587,24518.0,390,16461.0,455.0,-17598.0,-682.0,78164,0.37849743045925444,0.12293009217717596,0.840745100046057,0.6591278976616324
404,COALINDIA,2018,85244,430,75956.0,9288.0,11,4975,3063,10770,35.0,7038,11.0,146.0,482,6207.0,13971,1538,103754,125471,27574,10273,1704,85920,125471,20178.0,391,21115.0,-7747.0,-13564.0,-196.0,85244,0.3487957181088314,0.07622162751511548,0.8910421847871991,0.6793920507527635
405,COALINDIA,2019,99586,264,74579.0,25007.0,25,5834,3450,27127,36.0,17464,28.0,46.0,483,6163.0,20292,2210,104356,133021,32618,9658,3170,87576,133021,26455.0,392,16356.0,-7896.0,-10885.0,-2426.0,99586,0.6601398601398601,0.08353808353808354,0.7488904062820075,0.7486487096022433
406,COALINDIA,2020,96080,503,74500.0,21581.0,22,6444,3451,24071,31.0,16700,27.0,44.0,484,6163.0,25994,6434,111430,150020,36784,8328,1973,102936,150020,32157.0,393,4977.0,1033.0,-4791.0,1219.0,96080,0.5193270516528283,0.20008085331343098,0.7753955037468776,0.64044794027463
407,COALINDIA,2021,90026,642,71398.0,18628.0,21,3742,3718,18009,29.0,12702,21.0,78.0,485,6163.0,30355,5884,118649,161051,42405,10490,5950,102206,161051,36518.0,394,10592.0,182.0,-8453.0,2321.0,90026,0.3478284681526918,0.16112602004490936,0.7930819985337569,0.5589906302972351
408,COALINDIA,2022,109715,541,84995.0,24721.0,23,3866,4429,23616,26.0,17378,28.0,60.0,486,6163.0,36980,3514,132780,179436,46677,12897,8921,110942,179436,43143.0,395,41107.0,-25715.0,-13441.0,1951.0,109715,0.40279999072850753,0.08145006142363767,0.7746889668687053,0.6114436344992086
409,COALINDIA,2023,138252,684,94020.0,44232.0,32,6560,6833,43275,27.0,31723,52.0,47.0,487,6163.0,54680,4331,156222,221396,64547,17622,7139,132087,221396,60843.0,396,35734.0,-23465.0,-13704.0,-1436.0,138252,0.5213911214108443,0.07118320924346268,0.6800624945751237,0.6244557263907207
410,COALINDIA,2024,142324,819,94352.0,47971.0,34,8396,6735,48813,23.0,37369,61.0,42.0,488,6163.0,76567,6523,147217,236470,75668,18960,7110,134731,236470,82730.0,397,18103.0,-4486.0,-13899.0,-282.0,142324,0.4516982956605826,0.0788468512027076,0.6629380849329698,0.6018691588785047
410,COALINDIA,2024,142324,819,94352.0,47971.0,34,8396,6735,48813,23.0,37369,61.0,42.0,489,6163.0,90034,7816,145345,249359,83642,16129,9058,140529,249359,96197.0,397,18103.0,-4486.0,-13899.0,-282.0,142324,0.38846325768994877,0.0812499350291589,0.6629380849329698,0.5707594271712672
412,DABUR,2013,6140,5148,992.0,16.0,100,59,85,948,19.0,766,4.0,34.0,490,174.0,1921,1151,1462,4709,1582,93,929,2105,4709,2095.0,398,870.0,-622.0,-234.0,13.0,6140,0.36563245823389023,0.5494033412887828,0.16156351791530946,1.3038861754087916
413,DABUR,2014,7058,5897,1162.0,16.0,126,54,97,1136,19.0,916,5.0,33.0,491,174.0,2482,708,1948,5312,1767,22,1076,2447,5312,2656.0,399,1098.0,-104.0,-804.0,190.0,7058,0.34487951807228917,0.26656626506024095,0.16463587418532163,1.3286897590361446
414,DABUR,2015,7795,6475,1320.0,17.0,154,40,115,1319,19.0,1068,6.0,33.0,492,176.0,3178,734,2019,6106,1877,50,1813,2365,6106,3354.0,400,1047.0,-876.0,-417.0,-245.0,7795,0.3184257602862254,0.21884317233154443,0.16933932007697242,1.2766131673763512
415,DABUR,2016,7780,6261,1518.0,20.0,217,48,133,1554,19.0,1254,7.0,32.0,493,176.0,3995,805,1956,6932,1667,45,2691,2529,6932,4171.0,401,1187.0,-730.0,-374.0,82.0,7780,0.30064732678014866,0.19299928074802206,0.19511568123393316,1.122331217541835
416,DABUR,2017,7614,6102,1512.0,20.0,296,54,143,1611,21.0,1280,7.0,31.0,494,176.0,4671,975,1910,7732,1958,42,3240,2492,7732,4847.0,402,1227.0,-807.0,-339.0,81.0,7614,0.26408087476789766,0.20115535382710956,0.19858156028368795,0.9847387480600104
417,DABUR,2018,7722,6104,1617.0,21.0,291,53,162,1693,20.0,1358,8.0,81.0,495,176.0,5530,938,2058,8702,2028,42,3805,2827,8702,5706.0,403,1092.0,-541.0,-577.0,-27.0,7722,0.2379950928846828,0.16438836312653346,0.2094017094017094,0.8873822109859802
418,DABUR,2019,8515,6775,1740.0,20.0,222,60,177,1725,16.0,1446,8.0,34.0,496,177.0,5455,699,2106,8437,1969,64,3359,3045,8437,5632.0,404,1499.0,338.0,-1888.0,-51.0,8515,0.2567471590909091,0.12411221590909091,0.20434527304756311,1.0092449922958397
419,DABUR,2020,8685,6892,1792.0,21.0,205,50,220,1728,16.0,1448,8.0,37.0,497,177.0,6429,522,2209,9337,2253,147,2800,4137,9337,6606.0,405,1614.0,-517.0,-1043.0,54.0,8685,0.2191946715107478,0.07901907356948229,0.20633275762809442,0.9301702902431188
420,DABUR,2021,9562,7560,2002.0,21.0,325,31,240,2056,18.0,1695,10.0,50.0,498,177.0,7487,509,2661,10833,2243,147,4160,4283,10833,7664.0,406,2115.0,-1404.0,-613.0,97.0,9562,0.22116388308977036,0.06641440501043841,0.20937042459736457,0.8826733130250162
421,DABUR,2022,10889,8637,2252.0,21.0,308,39,253,2269,23.0,1742,10.0,53.0,499,177.0,8205,1030,2872,12284,2308,168,6220,3589,12284,8382.0,407,1802.0,-1273.0,-490.0,38.0,10889,0.20782629444046766,0.12288236697685516,0.20681421618146753,0.8864376424617388
422,DABUR,2023,11530,9367,2162.0,19.0,445,78,311,2219,23.0,1701,10.0,54.0,500,177.0,8796,1174,3505,13652,3579,175,6265,3633,13652,8973.0,408,1488.0,-583.0,-1035.0,-130.0,11530,0.18956870611835505,0.13083695531037556,0.18751084128360798,0.8445648989159098
423,DABUR,2024,12404,10004,2400.0,19.0,482,124,399,2359,23.0,1811,10.0,53.0,501,177.0,9689,1365,3885,15116,3815,232,6933,4136,15116,9866.0,409,2013.0,-971.0,-1161.0,-119.0,12404,0.18355969997972835,0.13835394283397526,0.19348597226701064,0.8205874569992061
423,DABUR,2024,12404,10004,2400.0,19.0,482,124,399,2359,23.0,1811,10.0,53.0,502,177.0,10185,1752,4259,16373,3874,190,7599,4710,16373,10362.0,409,2013.0,-971.0,-1161.0,-119.0,12404,0.17477320980505695,0.1690793283149971,0.19348597226701064,0.7575887131252672
425,DIVISLAB,2013,2145,1329,816.0,38.0,45,3,77,781,23.0,602,23.0,33.0,503,27.0,2474,33,605,3139,909,303,408,1519,3139,2501.0,410,480.0,-255.0,-231.0,-5.0,2145,0.24070371851259495,0.013194722111155539,0.3804195804195804,0.6833386428798981
426,DIVISLAB,2014,2532,1514,1018.0,40.0,68,3,92,991,22.0,773,29.0,34.0,504,27.0,2937,18,729,3710,1222,144,502,1842,3710,2964.0,411,557.0,-305.0,-248.0,3.0,2532,0.2607962213225371,0.006072874493927126,0.4020537124802528,0.6824797843665769
427,DIVISLAB,2015,3115,1942,1173.0,38.0,38,3,136,1072,21.0,852,32.0,31.0,505,27.0,3469,27,883,4405,1309,218,733,2145,4405,3496.0,412,826.0,-521.0,-303.0,3.0,3115,0.2437070938215103,0.007723112128146453,0.37656500802568216,0.7071509648127128
428,DIVISLAB,2016,3776,2354,1423.0,38.0,93,5,118,1393,19.0,1126,42.0,24.0,506,53.0,4240,42,562,4898,1439,264,803,2392,4898,4293.0,413,1038.0,-406.0,-631.0,0.0,3776,0.2622874446773818,0.009783368273934312,0.376853813559322,0.7709269089424254
429,DIVISLAB,2017,4064,2615,1450.0,36.0,72,3,123,1395,24.0,1060,40.0,25.0,507,53.0,5304,36,762,6155,1559,444,1631,2521,6155,5357.0,414,1150.0,-1140.0,2.0,13.0,4064,0.19787194325182006,0.006720179204778794,0.35679133858267714,0.6602761982128351
430,DIVISLAB,2018,3891,2622,1269.0,33.0,107,2,142,1231,29.0,877,33.0,30.0,508,53.0,5872,63,797,6785,1996,120,1889,2780,6785,5925.0,415,776.0,-478.0,-314.0,-17.0,3891,0.1480168776371308,0.010632911392405063,0.3261372397841172,0.5734708916728076
431,DIVISLAB,2019,4946,3072,1874.0,38.0,154,5,169,1855,27.0,1353,51.0,31.0,509,53.0,6904,106,973,8036,2088,492,1946,3511,8036,6957.0,416,954.0,-685.0,-246.0,23.0,4946,0.19448037947391117,0.015236452493891045,0.3788920339668419,0.6154803384768541
432,DIVISLAB,2020,5394,3568,1826.0,34.0,186,7,186,1819,24.0,1377,52.0,31.0,510,53.0,7257,39,1183,8531,2782,920,971,3858,8531,7310.0,417,1216.0,-83.0,-1091.0,41.0,5394,0.1883720930232558,0.00533515731874145,0.3385242862439748,0.6322822646817489
433,DIVISLAB,2021,6969,4102,2867.0,41.0,57,2,256,2666,26.0,1984,75.0,27.0,511,53.0,9242,5,1471,10771,3704,711,0,6356,10771,9295.0,418,1947.0,75.0,-35.0,1987.0,6969,0.2134480903711673,0.0005379236148466917,0.4113933132443679,0.6470151332281125
434,DIVISLAB,2022,8960,5075,3885.0,43.0,112,2,312,3684,20.0,2960,112.0,27.0,512,53.0,11675,4,1628,13360,4325,470,72,8493,13360,11728.0,419,1912.0,-2195.0,-532.0,-816.0,8960,0.252387448840382,0.00034106412005457026,0.43359375,0.6706586826347305
435,DIVISLAB,2023,7767,5397,2370.0,31.0,344,2,343,2369,23.0,1824,69.0,44.0,513,53.0,12714,4,1654,14425,4722,212,77,9414,14425,12767.0,420,2459.0,-2707.0,-797.0,-1045.0,7767,0.14286833241951907,0.0003133077465340331,0.30513711857860176,0.5384402079722703
436,DIVISLAB,2024,7845,5635,2210.0,28.0,335,4,378,2163,26.0,1600,60.0,50.0,514,53.0,13518,3,1886,15460,4739,778,82,9861,15460,13571.0,421,1261.0,-269.0,-799.0,193.0,7845,0.11789845995136689,0.0002210596124088129,0.2817080943275972,0.5074385510996119
436,DIVISLAB,2024,7845,5635,2210.0,28.0,335,4,378,2163,26.0,1600,60.0,50.0,515,53.0,13664,8,1861,15586,4658,1316,85,9527,15586,13717.0,421,1261.0,-269.0,-799.0,193.0,7845,0.11664358095793541,0.000583217904789677,0.2817080943275972,0.5033363274733735
438,DLF,2013,7773,5140,2633.0,34.0,1279,2314,796,802,17.0,667,4.0,48.0,516,340.0,25389,26600,12318,64647,19849,7834,1334,35630,64647,25729.0,422,2009.0,1995.0,-3951.0,52.0,7773,0.025924054568774533,1.0338528508686695,0.3387366525151164,0.1202375980323913
439,DLF,2014,8298,5805,2493.0,30.0,1133,2463,663,500,-16.0,590,4.0,55.0,517,356.0,27039,24133,12997,64525,18835,5979,891,38820,64525,27395.0,423,1468.0,3924.0,-4532.0,860.0,8298,0.021536776784084687,0.8809271764920606,0.3004338394793926,0.12860131731886865
440,DLF,2015,7649,4635,3014.0,39.0,503,2304,545,668,24.0,507,3.0,66.0,518,356.0,27013,24495,14398,66262,19619,5901,623,40119,66262,27369.0,424,2037.0,98.0,-1547.0,588.0,7649,0.01852460813328949,0.8949906828894004,0.3940384363969146,0.11543569466662643
441,DLF,2016,9926,5960,3966.0,40.0,506,2680,766,1026,55.0,305,2.0,117.0,519,357.0,23712,25264,12396,61729,3943,1779,21310,34697,61729,24069.0,425,2957.0,-818.0,-1929.0,210.0,9926,0.012671901616186797,1.049648926004404,0.3995567197259722,0.1607996241636832
442,DLF,2017,8221,4775,3446.0,42.0,1135,2980,572,1030,22.0,708,4.0,50.0,520,357.0,24216,29202,10179,63954,24640,153,1209,37952,63954,24573.0,426,-898.0,872.0,787.0,761.0,8221,0.028812110853375657,1.1883774874862654,0.41917041722418197,0.12854551709040873
443,DLF,2018,6707,4329,2378.0,35.0,9722,2951,534,8615,50.0,4477,25.0,8.0,521,357.0,34954,17491,7783,60585,8082,137,20832,31533,60585,35311.0,427,270.0,-2102.0,-232.0,-2064.0,6707,0.12678768655659708,0.49534139503270935,0.3545549425972864,0.11070396962944623
444,DLF,2019,8366,6218,2148.0,26.0,784,2062,225,646,43.0,1314,6.0,33.0,522,441.0,33135,17222,15684,66483,6322,103,21005,39053,66483,33576.0,428,2043.0,3.0,875.0,2921.0,8366,0.03913509649749821,0.5129258994519895,0.25675352617738467,0.12583668005354753
445,DLF,2020,6083,4937,1146.0,19.0,1135,1427,200,653,99.0,-590,-2.0,-85.0,523,495.0,33952,8103,13341,55890,5187,89,18566,32049,55890,34447.0,429,356.0,6508.0,-9522.0,-2658.0,6083,-0.017127761488663743,0.23523093447905477,0.18839388459641623,0.10883879048130256
446,DLF,2021,5414,3945,1469.0,27.0,383,853,159,840,43.0,1083,4.0,45.0,524,495.0,34849,6886,11258,53488,4856,95,19746,28791,53488,35344.0,430,1460.0,150.0,-2184.0,-573.0,5414,0.030641693073789045,0.19482797645993663,0.2713335796084226,0.10121896500149566
447,DLF,2022,5717,3974,1743.0,30.0,195,625,149,1165,28.0,1500,6.0,49.0,525,495.0,35867,4182,10623,51167,4862,81,19779,26444,51167,36362.0,431,2832.0,267.0,-3828.0,-729.0,5717,0.04125185633353501,0.1150101754578956,0.30488018191359106,0.111732171125921
448,DLF,2023,5695,3969,1726.0,30.0,317,392,149,1502,27.0,2034,8.0,49.0,526,495.0,37192,3334,11551,52572,4785,61,19481,28245,52572,37687.0,432,2375.0,-461.0,-2013.0,-98.0,5695,0.05397086528511158,0.08846551861384562,0.30307287093942054,0.10832762687362094
449,DLF,2024,6427,4303,2124.0,33.0,531,356,148,2151,24.0,2724,11.0,45.0,527,495.0,38936,4834,14804,59069,3880,71,20138,34981,59069,39431.0,433,2539.0,-1529.0,177.0,1186.0,6427,0.0690827014278106,0.12259389820192235,0.3304807841916913,0.10880495691479457
449,DLF,2024,6427,4303,2124.0,33.0,531,356,148,2151,24.0,2724,11.0,45.0,528,495.0,39732,4290,18062,62579,3836,73,20900,37770,62579,40227.0,433,2539.0,-1529.0,177.0,1186.0,6427,0.06771571332687001,0.1066447908121411,0.3304807841916913,0.10270218443886928
451,DMART,2013,3341,3126,215.0,6.0,15,43,46,141,34.0,94,2.0,0.0,529,544.0,245,526,176,1492,925,118,16,433,1492,789.0,434,127.0,-231.0,118.0,14.0,3341,0.11913814955640051,0.6666666666666666,0.06435199042202933,2.2392761394101877
452,DMART,2014,4686,4345,341.0,7.0,16,56,57,245,34.0,161,3.0,0.0,530,547.0,409,641,211,1808,1172,89,16,532,1808,956.0,435,198.0,-270.0,65.0,-7.0,4686,0.1684100418410042,0.6705020920502092,0.07276995305164319,2.5918141592920354
453,DMART,2015,6439,5983,456.0,7.0,20,72,82,323,34.0,212,4.0,0.0,531,562.0,638,904,251,2355,1528,98,15,713,2355,1200.0,436,222.0,-474.0,234.0,-17.0,6439,0.17666666666666667,0.7533333333333333,0.07081845006988663,2.7341825902335457
454,DMART,2016,8584,7919,664.0,8.0,17,91,98,492,35.0,320,6.0,0.0,532,562.0,959,1192,389,3102,2094,82,29,897,3102,1521.0,437,433.0,-633.0,196.0,-3.0,8584,0.210387902695595,0.7836949375410914,0.07735321528424977,2.7672469374597033
455,DMART,2017,11898,10929,969.0,8.0,28,122,128,747,36.0,479,8.0,0.0,533,624.0,3218,1497,480,5819,2578,153,26,3063,5819,3842.0,438,455.0,-2482.0,2025.0,-1.0,11898,0.12467464862051016,0.3896408120770432,0.08144225920322744,2.044681216703901
456,DMART,2018,15033,13680,1353.0,9.0,88,60,159,1222,34.0,806,13.0,0.0,534,624.0,4045,439,540,5648,3400,147,68,2033,5648,4669.0,439,730.0,464.0,-1159.0,34.0,15033,0.1726279717284215,0.09402441636324695,0.09000199560965876,2.6616501416430594
457,DMART,2019,20005,18371,1633.0,8.0,48,47,212,1422,37.0,902,14.0,0.0,535,624.0,4963,700,718,7006,4400,377,17,2212,7006,5587.0,440,807.0,-958.0,209.0,57.0,20005,0.16144621442634688,0.12529085376767496,0.08162959260184954,2.8554096488723952
458,DMART,2020,24870,22742,2128.0,9.0,60,69,374,1745,25.0,1301,20.0,0.0,536,648.0,10432,333,663,12076,5948,364,15,5749,12076,11080.0,441,1280.0,-4657.0,3357.0,-19.0,24870,0.1174187725631769,0.030054151624548737,0.08556493767591476,2.0594567737661476
459,DMART,2021,24143,22398,1745.0,7.0,194,42,414,1483,26.0,1099,17.0,0.0,537,648.0,11536,393,1079,13655,7009,1020,3,5624,13655,12184.0,442,1375.0,-1110.0,-180.0,86.0,24143,0.09020026263952725,0.032255416940249505,0.07227767883030278,1.7680703039179788
460,DMART,2022,30976,28474,2502.0,8.0,114,54,498,2064,28.0,1492,23.0,0.0,538,648.0,13030,647,1146,15471,9260,1129,6,5076,15471,13678.0,443,1372.0,-1289.0,-179.0,-96.0,30976,0.10908027489399034,0.04730223716917678,0.08077221074380166,2.0021976601383233
461,DMART,2023,42840,39201,3639.0,8.0,128,67,639,3060,22.0,2378,37.0,0.0,539,648.0,15430,643,1383,18105,11340,829,202,5733,18105,16078.0,444,2630.0,-2313.0,-205.0,112.0,42840,0.14790396815524318,0.039992536385122526,0.08494397759103642,2.3661971830985915
462,DMART,2024,50789,46683,4106.0,8.0,145,58,731,3461,27.0,2536,39.0,0.0,540,651.0,18047,592,1882,21172,13415,935,107,6716,21172,18698.0,445,2746.0,-2468.0,-148.0,130.0,50789,0.1356294790886726,0.031661140228901485,0.08084427730414066,2.398875873795579
462,DMART,2024,50789,46683,4106.0,8.0,145,58,731,3461,27.0,2536,39.0,0.0,541,651.0,19487,713,2189,23040,14542,1107,87,7304,23040,20138.0,445,2746.0,-2468.0,-148.0,130.0,50789,0.1259310755785083,0.03540570066540868,0.08084427730414066,2.2043836805555554
464,DRREDDY,2013,11833,9164,2669.0,23.0,146,100,550,2165,29.0,1527,18.0,17.0,542,85.0,6284,3682,3329,13380,4051,565,197,8567,13380,6369.0,446,1378.0,-1437.0,-157.0,-216.0,11833,0.2397550635892605,0.5781127335531481,0.22555564945491421,0.8843796711509716
465,DRREDDY,2014,13415,10164,3251.0,24.0,170,127,648,2646,26.0,1963,23.0,16.0,543,85.0,7780,4477,3563,15906,4641,639,1067,9559,15906,7865.0,447,1970.0,-1604.0,-24.0,342.0,13415,0.24958677685950414,0.5692307692307692,0.24234066343645172,0.84339243052936
466,DRREDDY,2015,15023,11515,3508.0,23.0,260,108,760,2900,19.0,2336,27.0,15.0,544,85.0,9768,4314,4290,18457,5377,529,2248,10303,18457,9853.0,448,2524.0,-2370.0,-433.0,-280.0,15023,0.23708515173043743,0.4378361920227342,0.2335086201158224,0.8139459283740587
467,DRREDDY,2016,15568,11983,3585.0,23.0,295,83,939,2859,26.0,2131,25.0,16.0,545,85.0,12484,3352,4408,20330,6563,772,3833,9162,20330,12569.0,449,3263.0,-1610.0,-1700.0,-47.0,15568,0.1695441164770467,0.2666878828864667,0.23028006166495374,0.7657648794884407
468,DRREDDY,2017,14196,11724,2472.0,17.0,172,79,1027,1554,19.0,1292,16.0,26.0,546,83.0,12179,4918,4474,21654,6931,3324,2110,9290,21654,12262.0,450,2144.0,-1890.0,-369.0,-114.0,14196,0.10536617191322786,0.4010764964932311,0.17413355874894337,0.655583264062067
469,DRREDDY,2018,14281,11930,2351.0,16.0,155,79,1077,1350,32.0,947,11.0,35.0,547,83.0,12489,5071,4706,22349,6968,3470,2298,9612,22349,12572.0,451,1803.0,-1483.0,-444.0,-124.0,14281,0.07532612153993,0.40335666560610883,0.1646243260275891,0.6389995078079556
470,DRREDDY,2019,15448,12270,3178.0,21.0,381,89,1135,2336,17.0,1950,23.0,17.0,548,83.0,13941,3838,4557,22418,7191,2934,2587,9707,22418,14024.0,452,2870.0,-769.0,-2133.0,-31.0,15448,0.13904734740444952,0.27367370222475756,0.2057224236147074,0.6890891248104202
471,DRREDDY,2020,17517,15040,2477.0,14.0,670,98,1163,1886,-7.0,2026,24.0,21.0,549,83.0,15516,2210,5414,23223,6850,1535,2678,12160,23223,15599.0,453,2984.0,-495.0,-2516.0,-27.0,17517,0.12988012052054618,0.14167574844541317,0.14140549180795797,0.7542953106833742
472,DRREDDY,2021,19048,15173,3874.0,20.0,335,97,1229,2884,32.0,1952,23.0,21.0,550,83.0,17558,3031,5915,26588,8206,1565,2212,14605,26588,17641.0,454,3570.0,-2255.0,-30.0,1286.0,19048,0.11065132362110991,0.17181565670880336,0.20338093238135238,0.7164134195877839
473,DRREDDY,2022,21545,17778,3768.0,17.0,555,96,1165,3061,29.0,2182,26.0,23.0,551,83.0,19129,3384,7149,29746,8122,1293,2616,17715,29746,19212.0,455,2811.0,-2565.0,-242.0,3.0,21545,0.11357484905267541,0.17613991255465333,0.17488976560686934,0.7242990654205608
474,DRREDDY,2023,24670,18200,6470.0,26.0,971,143,1250,6048,25.0,4507,54.0,15.0,552,83.0,23203,1347,7576,32209,9219,1030,4986,16974,32209,23286.0,456,5888.0,-4109.0,-2686.0,-907.0,24670,0.19354977239543072,0.05784591600103066,0.2622618565058776,0.7659349871154025
475,DRREDDY,2024,28011,20078,7933.0,28.0,909,171,1470,7201,23.0,5578,67.0,12.0,553,83.0,28171,2002,8523,38780,10426,1419,4930,22004,38780,28254.0,457,4543.0,-4034.0,-376.0,133.0,28011,0.1974233736816026,0.07085722375592836,0.2832101674342223,0.7223053120165034
475,DRREDDY,2024,28011,20078,7933.0,28.0,909,171,1470,7201,23.0,5578,67.0,12.0,554,83.0,30666,4854,11125,46728,17254,1852,3663,23960,46728,30749.0,457,4543.0,-4034.0,-376.0,133.0,28011,0.18140427330970113,0.15785879215584248,0.2832101674342223,0.5994478685156651
477,EICHERMOT,2012,6390,5840,550.0,9.0,136,4,82,600,21.0,475,12.0,17.0,555,27.0,1728,23,2694,4471,992,504,638,2337,4471,1755.0,458,496.0,-773.0,-111.0,-388.0,6390,0.2706552706552707,0.013105413105413105,0.08607198748043818,1.4292104674569448
478,EICHERMOT,2013,6810,6094,715.0,11.0,93,8,130,671,22.0,525,15.0,21.0,556,27.0,2028,84,3197,5337,1656,464,825,2391,5337,2055.0,459,716.0,-790.0,-47.0,-121.0,6810,0.25547445255474455,0.040875912408759124,0.10499265785609398,1.2759977515458123
479,EICHERMOT,2014,8738,7621,1118.0,13.0,105,10,220,993,29.0,702,23.0,22.0,557,27.0,2489,58,3829,6403,2309,419,1078,2597,6403,2516.0,460,1047.0,-1214.0,-162.0,-329.0,8738,0.2790143084260731,0.023052464228934817,0.12794689860379949,1.3646728096204903
480,EICHERMOT,2016,6173,4484,1690.0,27.0,326,2,137,1877,29.0,1338,49.0,20.0,558,27.0,3626,23,1263,4939,790,94,3388,667,4939,3653.0,461,1463.0,-1001.0,-466.0,-4.0,6173,0.3662742950999179,0.006296194908294552,0.2737728819050705,1.2498481473982588
481,EICHERMOT,2017,7033,4859,2174.0,31.0,416,4,154,2433,30.0,1667,61.0,16.0,559,27.0,5318,112,1552,7009,873,374,4987,775,7009,5345.0,462,1708.0,-1744.0,25.0,-10.0,7033,0.3118802619270346,0.02095416276894294,0.30911417602729985,1.003424168925667
482,EICHERMOT,2018,8965,6156,2809.0,31.0,536,5,223,3116,30.0,1960,72.0,15.0,560,27.0,7003,151,2341,9522,1502,333,5581,2106,9522,7030.0,463,2482.0,-2145.0,-262.0,75.0,8965,0.27880512091038406,0.021479374110953058,0.313329615170106,0.9415038857382902
483,EICHERMOT,2019,9797,6893,2904.0,30.0,701,7,300,3297,33.0,2203,81.0,15.0,561,27.0,8891,187,2281,11387,1875,450,4923,4140,11387,8918.0,464,1575.0,-660.0,-292.0,623.0,9797,0.24702848172235928,0.020968827091276072,0.2964172705930387,0.8603670852726794
484,EICHERMOT,2020,9154,6971,2183.0,24.0,572,19,382,2355,22.0,1827,67.0,19.0,562,27.0,9954,249,2220,12450,2378,312,5749,4011,12450,9981.0,465,1694.0,-1508.0,-858.0,-673.0,9154,0.18304779080252478,0.024947400060114217,0.23847498361372077,0.7352610441767068
485,EICHERMOT,2021,8720,6937,1783.0,20.0,482,16,451,2203,25.0,1347,49.0,34.0,563,27.0,11411,219,2901,14559,2433,314,3902,7909,14559,11438.0,466,1691.0,-1625.0,-15.0,51.0,8720,0.11776534359153698,0.01914670396922539,0.20447247706422017,0.5989422350436157
486,EICHERMOT,2022,10298,8120,2178.0,21.0,496,19,452,2203,24.0,1677,61.0,34.0,564,27.0,12581,108,3424,16140,2424,505,7721,5490,16140,12608.0,467,1527.0,-983.0,-593.0,-50.0,10298,0.13301078680203046,0.008565989847715736,0.21149737813167604,0.6380421313506816
487,EICHERMOT,2023,14442,10996,3446.0,24.0,908,28,526,3800,23.0,2914,107.0,35.0,565,27.0,14963,288,3919,19198,2690,472,12321,3715,19198,14990.0,468,2823.0,-2397.0,-417.0,8.0,14442,0.1943962641761174,0.019212808539026016,0.238609610857222,0.7522658610271903
488,EICHERMOT,2024,16536,12206,4329.0,26.0,1521,51,598,5202,23.0,4001,146.0,35.0,566,27.0,18018,419,4650,23115,2914,555,13527,6119,23115,18045.0,469,3724.0,-2834.0,-844.0,45.0,16536,0.22172346910501525,0.023219728456636186,0.2617924528301887,0.7153796236210254
488,EICHERMOT,2024,16536,12206,4329.0,26.0,1521,51,598,5202,23.0,4001,146.0,35.0,567,27.0,18952,404,4997,24380,3490,230,14693,5968,24380,18979.0,469,3724.0,-2834.0,-844.0,45.0,16536,0.21081195005005532,0.021286685283734653,0.2617924528301887,0.6782608695652174
490,GAIL,2013,50974,43547,7427.0,15.0,887,437,1319,6558,34.0,4367,6.0,28.0,568,1268.0,27526,16472,14542,59809,24303,18376,1254,15876,59809,28794.0,470,6603.0,-8626.0,3642.0,1618.0,50974,0.15166354101548934,0.5720636243661874,0.14570173029387531,0.8522797572271732
491,GAIL,2014,61765,53777,7988.0,13.0,1247,669,1644,6922,32.0,4786,7.0,28.0,569,1268.0,31188,18537,15872,66865,27779,18490,1282,19314,66865,32456.0,471,4615.0,-4466.0,-3.0,146.0,61765,0.14746117821050037,0.5711424698052748,0.12932890795758115,0.9237269124355044
492,GAIL,2015,60557,54926,5631.0,9.0,945,652,1433,4492,32.0,3160,5.0,24.0,570,1268.0,32754,18291,17355,69669,33976,13806,1272,20615,69669,34022.0,472,4214.0,-2809.0,-3058.0,-1653.0,60557,0.09288107695020868,0.5376227147140086,0.09298677279257558,0.8692101221490189
493,GAIL,2016,52053,47517,4536.0,9.0,731,822,1496,2949,37.0,1874,3.0,37.0,571,1268.0,35135,9052,13608,59063,29946,3688,9844,15584,59063,36403.0,473,3960.0,-904.0,-3028.0,29.0,52053,0.05147927368623465,0.24866082465730846,0.0871419514725376,0.8813131740683676
494,GAIL,2017,48552,42531,6021.0,12.0,1212,509,1541,5183,35.0,3374,5.0,56.0,572,1691.0,37614,6553,12433,58291,30092,4126,10125,13948,58291,39305.0,474,6024.0,-334.0,-5275.0,415.0,48552,0.08584149599287623,0.16672179112072255,0.12401136925358379,0.8329244651833044
495,GAIL,2018,54496,46695,7802.0,14.0,948,295,1527,6928,31.0,4805,7.0,43.0,573,2255.0,39424,3876,15798,61353,30480,5938,10452,14482,61353,41679.0,475,8769.0,-2660.0,-5252.0,858.0,54496,0.11528587538088726,0.09299647304397898,0.1431664709336465,0.8882369240297948
496,GAIL,2019,76190,66252,9938.0,13.0,1719,159,1667,9831,33.0,6553,10.0,25.0,574,2255.0,43749,2224,20199,68426,32700,9738,10722,15267,68426,46004.0,476,7984.0,-5701.0,-3364.0,-1081.0,76190,0.14244413529258326,0.04834362229371359,0.1304370652316577,1.1134656417151376
497,GAIL,2020,72518,63495,9022.0,12.0,3796,309,2080,10429,9.0,9515,14.0,31.0,575,4510.0,44758,6912,18754,74934,38230,11666,9893,15145,74934,49268.0,477,8345.0,-8299.0,281.0,328.0,72518,0.1931273849151579,0.14029390273605585,0.1244104911883946,0.9677582939653562
498,GAIL,2021,57372,50127,7245.0,13.0,2833,179,2174,7725,20.0,6143,9.0,36.0,576,4440.0,48742,7873,19975,81030,41160,13400,13058,13413,81030,53182.0,478,8993.0,-4640.0,-3471.0,882.0,57372,0.11550900680681433,0.14803881012372608,0.12628111273792095,0.7080340614587189
499,GAIL,2022,92770,77608,15161.0,16.0,2925,202,2420,15464,20.0,12304,18.0,36.0,577,4440.0,59674,9216,23254,96584,44572,15490,16408,20114,96584,64114.0,479,9420.0,-5490.0,-3917.0,13.0,92770,0.19190816358361668,0.14374395607823565,0.16342567640400993,0.9605110577321295
500,GAIL,2023,145668,138168,7500.0,5.0,2822,365,2702,7256,23.0,5596,9.0,59.0,578,6575.0,58352,17816,25062,107805,49697,16646,17248,24214,107805,64927.0,480,3205.0,-7453.0,2972.0,-1276.0,145668,0.0861891046868021,0.274400480539683,0.0514869429112777,1.3512174759983304
501,GAIL,2024,133228,118914,14314.0,11.0,2672,719,3672,12595,21.0,9903,15.0,37.0,579,6575.0,70422,21794,25944,124735,55188,23627,21910,24010,124735,76997.0,481,12586.0,-8226.0,-3457.0,902.0,133228,0.12861540060002338,0.28304998896060884,0.10743987750322755,1.0680883472962681
501,GAIL,2024,133228,118914,14314.0,11.0,2672,719,3672,12595,21.0,9903,15.0,37.0,580,6575.0,77234,19632,25548,128989,54348,26281,24103,24257,128989,83809.0,481,12586.0,-8226.0,-3457.0,902.0,133228,0.11816153396413273,0.23424691858869573,0.10743987750322755,1.0328632674103992
503,GODREJCP,2013,6412,5417,995.0,16.0,194,87,77,1025,17.0,845,8.0,22.0,581,34.0,3279,2456,1926,7695,4496,141,121,2937,7695,3313.0,482,820.0,-865.0,282.0,237.0,6412,0.25505584062782977,0.7413220645940235,0.15517779164067375,0.8332683560753736
504,GODREJCP,2014,7599,6430,1169.0,15.0,62,120,82,1030,20.0,819,7.0,24.0,582,34.0,3741,2373,2171,8320,5121,167,136,2895,8320,3775.0,483,1116.0,-494.0,-620.0,1.0,7599,0.21695364238410597,0.6286092715231788,0.15383603105671798,0.9133413461538461
505,GODREJCP,2015,8273,6894,1379.0,17.0,73,112,91,1249,22.0,976,9.0,21.0,583,34.0,4277,2717,2097,9125,5551,225,186,3164,9125,4311.0,484,1027.0,-1236.0,-12.0,-221.0,8273,0.22639758756668987,0.6302482022732545,0.1666868125226641,0.9066301369863013
506,GODREJCP,2016,8424,6766,1657.0,20.0,-262,128,101,1167,29.0,831,8.0,24.0,584,34.0,4233,2891,2521,9679,5931,44,190,3514,9679,4267.0,485,847.0,-622.0,-202.0,23.0,8424,0.19475041012420904,0.67752519334427,0.19669990503323836,0.8703378448186796
507,GODREJCP,2017,9268,7361,1907.0,21.0,76,154,142,1687,22.0,1308,13.0,39.0,585,34.0,5268,4001,3637,12940,8083,97,934,3826,12940,5302.0,486,1860.0,-2243.0,665.0,282.0,9268,0.24669935873255375,0.7546208977744248,0.20576176089771256,0.7162287480680062
508,GODREJCP,2018,9847,7763,2084.0,21.0,283,173,156,2039,20.0,1634,16.0,42.0,586,68.0,6190,3508,4098,13864,8315,84,997,4468,13864,6258.0,487,1723.0,-336.0,-1384.0,3.0,9847,0.2611057845957175,0.5605624800255673,0.21163806235401644,0.7102567801500288
509,GODREJCP,2019,10314,8183,2132.0,21.0,362,238,170,2085,-12.0,2342,23.0,44.0,587,102.0,7165,3382,3445,14094,8670,52,516,4855,14094,7267.0,488,1729.0,274.0,-2039.0,-36.0,10314,0.3222787945507087,0.4653914958029448,0.2067093271281753,0.7318007662835249
510,GODREJCP,2020,9911,7757,2154.0,22.0,32,228,197,1760,15.0,1497,15.0,55.0,588,102.0,7796,3575,3407,14880,9231,57,672,4920,14880,7898.0,489,1588.0,-552.0,-1295.0,-259.0,9911,0.18954165611547227,0.45264623955431754,0.21733427504792655,0.6660618279569892
511,GODREJCP,2021,11029,8629,2399.0,22.0,23,138,204,2080,17.0,1721,17.0,0.0,589,102.0,9337,1864,2941,14244,8905,57,679,4602,14244,9439.0,490,2030.0,-292.0,-1816.0,-79.0,11029,0.18232863650810469,0.1974785464561924,0.21751745398494876,0.7742909295141814
512,GODREJCP,2022,12276,9867,2409.0,20.0,78,122,210,2155,17.0,1783,17.0,0.0,590,102.0,11454,1704,2822,16082,9219,116,1015,5731,16082,11556.0,491,1451.0,-844.0,-380.0,227.0,12276,0.15429214260989962,0.1474558670820353,0.19623655913978494,0.7633378932968536
513,GODREJCP,2023,13316,10873,2443.0,18.0,114,188,236,2133,20.0,1702,17.0,0.0,591,102.0,13692,1130,2513,17437,9934,45,3029,4429,17437,13794.0,492,2151.0,-1754.0,-794.0,-398.0,13316,0.12338697984630999,0.08191967522111063,0.1834635025533193,0.7636634742214831
514,GODREJCP,2024,14096,11139,2957.0,21.0,-2209,310,241,198,99.0,-561,-5.0,0.0,592,102.0,12496,3222,2571,18392,10440,83,3504,4365,18392,12598.0,493,2070.0,-3435.0,1406.0,41.0,14096,-0.0445308779171297,0.2557548817272583,0.20977582292849034,0.7664201826881253
514,GODREJCP,2024,14096,11139,2957.0,21.0,-2209,310,241,198,99.0,-561,-5.0,0.0,593,102.0,12068,3828,2986,18984,10498,199,3517,4771,18984,12170.0,493,2070.0,-3435.0,1406.0,41.0,14096,-0.04609695973705834,0.314543960558751,0.20977582292849034,0.7425200168563001
516,GRASIM,2013,27909,21986,5924.0,21.0,824,324,1252,5171,28.0,3778,57.0,8.0,594,92.0,19565,9550,14916,44123,20561,6084,8011,9467,44123,19657.0,494,4242.0,-5687.0,1348.0,-97.0,27909,0.19219616421630972,0.48583201912804597,0.21226127772403167,0.6325272533599257
517,GRASIM,2014,28331,23416,4915.0,17.0,576,447,1457,3586,20.0,2954,44.0,9.0,595,92.0,21523,9681,16441,47736,25209,4045,7611,10872,47736,21615.0,495,3549.0,-2336.0,-1046.0,168.0,28331,0.1366643534582466,0.44788341429562806,0.17348487522501854,0.5934933802580862
518,GRASIM,2015,31734,26590,5144.0,16.0,530,667,1563,3443,30.0,2582,37.0,9.0,596,92.0,23048,11930,18963,54033,31828,2755,7255,12194,54033,23140.0,496,4594.0,-2359.0,-2278.0,-42.0,31734,0.11158167675021607,0.5155574762316335,0.16209743492783765,0.5873077563711065
519,GRASIM,2016,34487,28576,5911.0,17.0,1320,718,1834,4679,26.0,3455,51.0,9.0,597,93.0,27336,12505,19642,59576,34271,1788,10601,12916,59576,27429.0,497,5868.0,-4515.0,-1365.0,-11.0,34487,0.12596157351708046,0.45590433482810166,0.1713979180560791,0.5788740432388881
520,GRASIM,2017,36068,28682,7387.0,20.0,1076,702,1808,5952,29.0,4246,66.0,8.0,598,93.0,31294,9213,22147,62747,34786,1297,14200,12464,62747,31387.0,498,7288.0,-3509.0,-3799.0,-20.0,36068,0.13527893713958009,0.29352916812693153,0.20480758567150936,0.5748163258801218
521,GRASIM,2018,55894,44281,11612.0,21.0,410,3663,2724,5635,35.0,3688,39.0,15.0,599,131.0,57230,67070,83467,207899,69257,2290,65995,70356,207899,57361.0,499,-4140.0,1546.0,3449.0,856.0,55894,0.06429455553424801,1.1692613448161644,0.20775038465667156,0.26885170202838876
522,GRASIM,2019,77200,60560,16640.0,22.0,-1846,6060,3571,5163,47.0,2745,25.0,27.0,600,132.0,57888,84487,98620,241127,87129,2766,62747,88484,241127,58020.0,500,-1659.0,-2212.0,4158.0,287.0,77200,0.04731127197518097,1.4561702861082386,0.2155440414507772,0.3201632334827705
523,GRASIM,2020,68252,57880,10373.0,15.0,7076,6890,4004,6554,-1.0,6639,65.0,6.0,601,132.0,56501,84777,102772,244181,87736,3904,66337,86204,244181,56633.0,501,16620.0,-11364.0,-3418.0,1838.0,68252,0.11722847103279006,1.4969540727137889,0.1519808943327668,0.27951396709817716
524,GRASIM,2021,76404,57769,18635.0,24.0,1130,5723,4033,10009,30.0,6987,63.0,14.0,602,132.0,65362,79078,122777,267349,85023,5769,88017,88540,267349,65494.0,502,15075.0,-7146.0,-8003.0,-75.0,76404,0.10668152807890799,1.2074083122118056,0.24390084288780692,0.28578375082756996
525,GRASIM,2022,95701,75270,20431.0,21.0,1648,4776,4161,13143,15.0,11206,111.0,9.0,603,132.0,75567,74744,138706,289149,88996,6615,96766,96771,289149,75699.0,503,7038.0,-1053.0,-6733.0,-748.0,95701,0.14803365962562254,0.9873842454986196,0.2134878423422953,0.3309746877907238
526,GRASIM,2023,117627,96038,21589.0,18.0,3733,6044,4552,14727,25.0,11078,100.0,10.0,604,132.0,78610,103039,155042,336823,94896,7778,105355,128793,336823,78742.0,504,-12685.0,-13712.0,26469.0,72.0,117627,0.14068730791699474,1.3085646795864976,0.18353779319373953,0.34922496385341856
527,GRASIM,2024,130978,103783,27195.0,21.0,783,9277,5001,13700,28.0,9926,85.0,12.0,605,133.0,88520,137155,186309,412116,100494,18358,129306,163959,412116,88653.0,505,-10719.0,-23114.0,33908.0,75.0,130978,0.11196462612658342,1.5470993649397087,0.20763028905617736,0.3178182841724175
527,GRASIM,2024,130978,103783,27195.0,21.0,783,9277,5001,13700,28.0,9926,85.0,12.0,606,134.0,92784,158159,197376,448454,109643,15903,102453,220454,448454,92918.0,505,-10719.0,-23114.0,33908.0,75.0,130978,0.10682537290944703,1.7021352159969005,0.20763028905617736,0.2920656299196796
533,HAL,2017,17950,14714,3236.0,18.0,1044,16,681,3583,27.0,2616,36.0,31.0,608,5.0,128,2,34,170,75,1,22,72,170,133.0,506,-423.0,3021.0,-164.0,2433.0,17950,19.669172932330827,0.015037593984962405,0.18027855153203343,105.58823529411765
534,HAL,2018,18519,15059,3460.0,19.0,761,35,947,3240,39.0,1987,30.0,54.0,609,5.0,125,3,33,166,66,1,24,74,166,130.0,507,-734.0,594.0,-2540.0,-2680.0,18519,15.284615384615385,0.023076923076923078,0.18683514228630055,111.56024096385542
535,HAL,2019,20008,15440,4569.0,23.0,376,177,1024,3742,37.0,2346,35.0,28.0,610,5.0,128,8,33,175,59,0,22,93,175,133.0,508,-7694.0,5292.0,2321.0,-80.0,20008,17.639097744360903,0.06015037593984962,0.22835865653738505,114.33142857142857
536,HAL,2020,21445,16565,4880.0,23.0,415,359,998,3938,28.0,2842,42.0,39.0,611,5.0,133,2,33,173,50,0,18,104,173,138.0,509,1537.0,-1334.0,64.0,266.0,21445,20.594202898550726,0.014492753623188406,0.2275588715318256,123.95953757225433
537,HAL,2021,22882,17541,5341.0,23.0,360,267,1157,4277,24.0,3239,48.0,31.0,612,5.0,139,6,36,186,45,0,17,124,186,144.0,510,15124.0,-1190.0,-7070.0,6864.0,22882,22.493055555555557,0.041666666666666664,0.23341491128397868,123.02150537634408
538,HAL,2022,24620,19200,5420.0,22.0,986,65,1110,5231,3.0,5086,76.0,26.0,613,5.0,148,12,36,202,45,1,29,127,202,153.0,511,10180.0,-12789.0,-1464.0,-4072.0,24620,33.24183006535948,0.0784313725490196,0.22014622258326563,121.88118811881188
539,HAL,2023,26928,20258,6669.0,25.0,1672,64,1784,6493,10.0,5811,87.0,32.0,614,5.0,172,47,47,271,57,23,35,156,271,177.0,512,8836.0,-5734.0,-1731.0,1370.0,26928,32.83050847457627,0.2655367231638418,0.24766042780748662,99.36531365313652
540,HAL,2024,30381,20631,9749.0,32.0,1899,43,1406,10199,26.0,7595,114.0,31.0,615,5.0,194,123,127,450,240,9,43,158,450,199.0,513,8226.0,-6412.0,-1999.0,-185.0,30381,38.165829145728644,0.6180904522613065,0.3208913465652875,67.51333333333334
540,HAL,2024,30381,20631,9749.0,32.0,1899,43,1406,10199,26.0,7595,114.0,31.0,616,5.0,202,124,145,476,244,3,48,181,476,207.0,513,8226.0,-6412.0,-1999.0,-185.0,30381,36.690821256038646,0.5990338164251208,0.3208913465652875,63.825630252100844
542,HAVELLS,2013,7135,6461,674.0,9.0,222,123,110,664,12.0,581,9.0,16.0,643,62.0,1380,982,2034,4458,1500,25,0,2933,4458,1442.0,514,638.0,-144.0,-252.0,242.0,7135,0.4029126213592233,0.680998613037448,0.09446391030133146,1.6004934948407357
543,HAVELLS,2014,8051,7274,777.0,10.0,35,102,116,594,25.0,446,7.0,42.0,644,62.0,1604,1054,2613,5332,1600,44,0,3688,5332,1666.0,515,868.0,-376.0,-310.0,183.0,8051,0.26770708283313327,0.6326530612244898,0.09650975034157247,1.5099399849962492
544,HAVELLS,2015,8468,7713,755.0,9.0,48,96,139,569,32.0,385,6.0,49.0,645,62.0,1756,424,2546,4788,1541,38,0,3209,4788,1818.0,516,963.0,-485.0,-754.0,-277.0,8468,0.21177117711771176,0.23322332233223322,0.08915918752952291,1.7685881370091896
545,HAVELLS,2016,7594,6798,796.0,10.0,949,91,134,1520,14.0,1300,21.0,29.0,646,62.0,2965,134,1225,4387,1224,20,189,2954,4387,3027.0,517,513.0,-121.0,-621.0,-229.0,7594,0.42946812025107367,0.04426825239511067,0.10481959441664472,1.7310234784590837
546,HAVELLS,2017,6130,5315,815.0,13.0,42,13,121,723,32.0,494,8.0,44.0,647,62.0,3214,208,1683,5168,1300,12,162,3694,5168,3276.0,518,767.0,-220.0,-98.0,450.0,6130,0.15079365079365079,0.06349206349206349,0.132952691680261,1.1861455108359134
547,HAVELLS,2018,8116,7083,1033.0,13.0,97,25,140,965,31.0,661,11.0,4.0,648,63.0,3667,115,2763,6608,2819,24,0,3765,6608,3730.0,519,1100.0,-946.0,-409.0,-255.0,8116,0.1772117962466488,0.030831099195710455,0.12727944800394284,1.2282082324455206
548,HAVELLS,2019,10073,8885,1189.0,12.0,124,16,149,1147,31.0,788,13.0,36.0,649,63.0,4135,94,2856,7148,2904,233,0,4012,7148,4198.0,520,501.0,185.0,-318.0,368.0,10073,0.18770843258694617,0.022391615054787994,0.11803832026208677,1.409205372132065
549,HAVELLS,2020,9440,8374,1067.0,11.0,107,51,218,904,19.0,735,12.0,34.0,650,63.0,4249,72,2690,7073,3350,86,0,3638,7073,4312.0,521,827.0,-548.0,-716.0,-437.0,9440,0.17045454545454544,0.016697588126159554,0.11302966101694915,1.3346529054149583
550,HAVELLS,2021,10457,8868,1589.0,15.0,187,90,249,1438,27.0,1044,17.0,39.0,651,63.0,5114,521,3155,8852,3290,90,306,5166,8852,5177.0,522,660.0,-763.0,190.0,87.0,10457,0.20166119374154917,0.10063743480780375,0.15195562780912308,1.1813149570718482
551,HAVELLS,2022,13938,12163,1775.0,13.0,159,67,261,1607,26.0,1196,19.0,39.0,652,63.0,5940,616,3904,10523,3434,57,426,6606,10523,6003.0,523,1728.0,-759.0,-547.0,421.0,13938,0.19923371647509577,0.10261535898717308,0.1273496914908882,1.324527226076214
552,HAVELLS,2023,16911,15290,1621.0,10.0,178,55,296,1447,26.0,1072,17.0,44.0,653,63.0,6563,223,4309,11157,3621,166,201,7170,11157,6626.0,524,565.0,31.0,-907.0,-311.0,16911,0.16178690009055238,0.03365529731361304,0.0958547690852108,1.5157300349556333
553,HAVELLS,2024,18590,16709,1881.0,10.0,249,84,338,1707,26.0,1271,20.0,44.0,654,63.0,7384,303,4683,12433,3988,299,20,8126,12433,7447.0,525,1953.0,-1618.0,-534.0,-199.0,18590,0.17067275412917954,0.040687525177924,0.10118343195266272,1.4952143489101584
553,HAVELLS,2024,18590,16709,1881.0,10.0,249,84,338,1707,26.0,1271,20.0,44.0,655,63.0,7731,332,4718,12843,4488,130,20,8206,12843,7794.0,525,1953.0,-1618.0,-534.0,-199.0,18590,0.1630741596099564,0.042596869386707724,0.10118343195266272,1.4474811181188196
555,HCLTECH,2013,25581,19901,5680.0,22.0,332,106,637,5270,23.0,4040,14.0,21.0,630,139.0,13025,1044,8191,22399,6753,494,713,14440,22399,13164.0,526,4492.0,-2361.0,-2086.0,44.0,25581,0.30689759951382556,0.07930720145852324,0.22203979516047065,1.1420599133889906
556,HCLTECH,2014,32144,24108,8035.0,25.0,677,114,681,7917,18.0,6528,23.0,11.0,631,140.0,19410,1018,9412,29980,7444,531,662,21343,29980,19550.0,527,6457.0,-4842.0,-1308.0,307.0,32144,0.3339130434782609,0.05207161125319693,0.2499688899950224,1.0721814543028685
557,HCLTECH,2015,36701,28215,8486.0,23.0,1126,91,404,9117,20.0,7342,26.0,58.0,632,281.0,23943,648,10372,35245,8275,552,869,25548,35245,24224.0,528,5539.0,-2088.0,-3140.0,311.0,36701,0.3030878467635403,0.026750330250990752,0.23121985776954307,1.0413108242303872
558,HCLTECH,2016,31136,24482,6654.0,21.0,871,74,410,7041,20.0,5602,20.0,40.0,633,282.0,27109,1090,10859,39341,9716,611,698,28315,39341,27391.0,529,3823.0,-2208.0,-2237.0,-623.0,31136,0.20451973275893542,0.03979409295023913,0.213707605344296,0.7914389568135024
559,HCLTECH,2017,47568,37178,10390.0,22.0,1069,89,828,10542,18.0,8606,30.0,40.0,634,285.0,32664,582,12231,45762,15235,448,1306,28773,45762,32949.0,530,8995.0,-3890.0,-4517.0,588.0,47568,0.26119153843819237,0.01766366202312665,0.2184241506895392,1.039465058345352
560,HCLTECH,2018,50569,39323,11246.0,22.0,1230,69,1383,11024,21.0,8722,31.0,19.0,635,278.0,36108,557,11046,47989,18753,320,2660,26256,47989,36386.0,531,8328.0,-2236.0,-5714.0,378.0,50569,0.23970757983839938,0.015308085527400648,0.22238921078130872,1.0537623205317885
561,HCLTECH,2019,60427,46501,13926.0,23.0,943,174,2073,12622,20.0,10120,37.0,11.0,636,271.0,41095,4195,12788,58349,22888,235,2305,32921,58349,41366.0,532,8971.0,-3256.0,-1471.0,4244.0,60427,0.2446453609244307,0.10141178745829908,0.2304598937561024,1.035613292430033
562,HCLTECH,2020,70676,53360,17316.0,24.0,589,505,3420,13980,21.0,11057,41.0,25.0,637,543.0,50724,7986,23566,82819,37490,400,7066,37863,82819,51267.0,533,13359.0,-12332.0,-3168.0,-2141.0,70676,0.2156748005539626,0.15577271929311254,0.2450053766483672,0.8533790555307357
563,HCLTECH,2021,75379,55331,20048.0,27.0,927,511,4611,15853,30.0,11169,41.0,24.0,638,543.0,59370,6864,19270,86047,37145,312,6862,41728,86047,59913.0,534,19618.0,-5665.0,-11192.0,2761.0,75379,0.1864203094487006,0.11456612087526914,0.26596266864776663,0.8760212442037492
564,HCLTECH,2022,85651,65122,20529.0,24.0,1067,319,4326,16951,20.0,13523,50.0,84.0,639,543.0,61371,6343,20664,88921,35077,129,6351,47364,88921,61914.0,535,16900.0,1597.0,-14508.0,3989.0,85651,0.21841586717059147,0.10244855767677746,0.2396819651842944,0.9632257846852824
565,HCLTECH,2023,101456,78828,22628.0,22.0,1358,353,4145,19488,24.0,14845,55.0,88.0,640,543.0,64862,4794,23051,93250,34619,40,5495,53096,93250,65405.0,536,18009.0,-3573.0,-15881.0,-1445.0,101456,0.22697041510587876,0.07329714853604465,0.22303264469326606,1.088
566,HCLTECH,2024,109913,85715,24198.0,22.0,1495,553,4173,20967,25.0,15710,58.0,90.0,641,543.0,67720,5758,24985,99006,35063,108,7137,56698,99006,68263.0,537,22448.0,-6608.0,-15464.0,376.0,109913,0.23013931412331717,0.08435023365512796,0.22015594151738194,1.1101650405025958
566,HCLTECH,2024,109913,85715,24198.0,22.0,1495,553,4173,20967,25.0,15710,58.0,90.0,642,543.0,68332,5791,25097,99763,34480,172,7642,57469,99763,68875.0,537,22448.0,-6608.0,-15464.0,376.0,109913,0.22809437386569872,0.08407985480943739,0.22015594151738194,1.1017411264697332
568,HDFCBANK,2013,35861,19695,12631.0,3534.0,10,7133,663,10004,31.0,6903,14.0,19.0,656,476.0,36167,335588,35492,407723,2773,0,110960,293989,407723,36643.0,538,-5847.0,-902.0,13105.0,6356.0,35861,0.18838523046693775,9.158311273640258,0.35222107582052925,0.08795432192934909
569,HDFCBANK,2014,42555,23445,13508.0,5602.0,13,8298,689,13211,34.0,8768,18.0,19.0,657,480.0,43687,416677,42776,503620,3026,0,119571,381023,503620,44167.0,539,4211.0,-1099.0,9270.0,12382.0,42555,0.19851925645844182,9.434125025471506,0.31742450945834805,0.08449823279456734
570,HDFCBANK,2015,50666,27288,16164.0,7214.0,14,9546,680,16079,33.0,10703,21.0,19.0,658,501.0,62653,509762,34181,607097,3225,0,149454,454417,607097,63154.0,540,-21281.0,-800.0,18694.0,-3387.0,50666,0.16947461760141874,8.071729423314437,0.31903051355938894,0.08345618574955897
571,HDFCBANK,2016,63162,34070,20055.0,9037.0,14,11212,738,19511,34.0,12821,25.0,19.0,659,506.0,73798,649587,38321,762212,3667,0,193634,564912,762212,74304.0,541,-34435.0,-837.0,37815.0,2542.0,63162,0.1725479112833764,8.742288436692506,0.31751686140400875,0.08286670899959592
572,HDFCBANK,2017,73271,38042,23856.0,11374.0,16,12905,886,23393,35.0,15317,30.0,18.0,660,513.0,91281,741550,59000,892344,4000,0,210777,677567,892344,91794.0,542,17282.0,-1146.0,-5893.0,10242.0,73271,0.16686275791446065,8.078414711201168,0.3255858388721322,0.08211071066763491
573,HDFCBANK,2018,85288,42381,29532.0,13374.0,16,16057,967,28464,35.0,18561,36.0,18.0,661,519.0,109080,944817,48770,1103186,4008,0,238461,860717,1103186,109599.0,543,17214.0,-842.0,57378.0,73750.0,85288,0.16935373497933376,8.620671721457313,0.34626207672826187,0.07731062576936255
574,HDFCBANK,2019,105161,53713,34856.0,16592.0,16,18947,1221,34318,35.0,22446,41.0,18.0,662,545.0,153128,1080235,58898,1292806,4369,0,289446,998991,1292806,153673.0,544,-62872.0,-1503.0,23131.0,-41244.0,105161,0.1460633943503413,7.02943913374503,0.33145367579235646,0.0813432177759076
575,HDFCBANK,2020,122189,62137,45459.0,14593.0,12,24879,1277,38195,29.0,27296,50.0,5.0,663,548.0,175810,1333041,71430,1580830,4776,0,389305,1186750,1580830,176358.0,545,-16869.0,-1403.0,24394.0,6122.0,122189,0.1547760804726749,7.558721464294219,0.37203839952859913,0.07729420620813117
576,HDFCBANK,2021,128552,59248,52457.0,16848.0,13,27333,1385,42796,26.0,31857,58.0,11.0,664,551.0,209259,1511418,78279,1799507,5248,0,438823,1355435,1799507,209810.0,546,42476.0,-1823.0,-7321.0,33332.0,128552,0.15183737667413374,7.20374624660407,0.40806055137220737,0.0714373436724614
577,HDFCBANK,2022,135936,58584,56557.0,20795.0,15,31759,1681,50873,25.0,38151,69.0,23.0,665,555.0,246772,1784970,90639,2122934,6432,0,449264,1667238,2122934,247327.0,547,-11960.0,-2051.0,48124.0,34113.0,135936,0.15425327602728373,7.217044641304831,0.4160560852165725,0.06403213665615605
578,HDFCBANK,2023,170754,77780,63042.0,29932.0,18,33912,2345,61498,25.0,46149,82.0,23.0,666,558.0,288880,2139212,101783,2530432,8431,0,511582,2010419,2530432,289438.0,548,20814.0,-2992.0,23941.0,41762.0,170754,0.15944347321360705,7.39091618930479,0.3691977933167012,0.06748017729778946
579,HDFCBANK,2024,283649,154139,174196.0,-44685.0,-16,124346,3092,76569,15.0,65446,84.0,23.0,667,760.0,455636,3107503,466296,4030194,12604,0,1005682,3011909,4030194,456396.0,549,19069.0,16600.0,-3983.0,31687.0,283649,0.1433974005030719,6.808786667718385,0.6141252040373842,0.07038097917866981
581,HDFCLIFE,2013,14060,15,13535.0,525.0,4,28,35,502,11.0,447,2.0,0.0,668,1995.0,-658,0,40581,41918,252,29,40404,1232,41918,1337.0,550,0.0,0.0,0.0,0.0,14060,0.3343305908750935,0.0,0.9626600284495022,0.33541676606708337
582,HDFCLIFE,2014,17166,11,16561.0,605.0,4,241,41,794,9.0,725,4.0,14.0,669,1995.0,-67,0,50347,52275,279,10,50527,1458,52275,1928.0,551,0.0,0.0,0.0,0.0,17166,0.37603734439834025,0.0,0.9647559128509845,0.3283787661406026
583,HDFCLIFE,2015,27215,-14,26341.0,874.0,3,79,43,924,15.0,786,4.0,18.0,670,1995.0,546,0,66767,69309,346,6,67024,1932,69309,2541.0,552,4459.0,-3514.0,-168.0,777.0,27215,0.30932703659976385,0.0,0.9678853573397024,0.3926618476676911
584,HDFCLIFE,2016,18141,8,17187.0,953.0,5,108,45,1008,19.0,817,4.0,22.0,671,1995.0,1108,0,73441,76544,335,12,74144,2053,76544,3103.0,553,5687.0,-3962.0,-212.0,1513.0,18141,0.2632935868514341,0.0,0.9474119398048619,0.23700094063545152
585,HDFCLIFE,2017,30647,9,29674.0,972.0,3,139,41,1061,16.0,887,4.0,25.0,672,1998.0,1828,0,91270,95097,337,16,91723,3020,95097,3826.0,554,6230.0,-5177.0,-236.0,817.0,30647,0.23183481442760062,0.0,0.9682513786014945,0.32227094440413473
586,HDFCLIFE,2018,32260,11,31186.0,1074.0,3,282,44,1300,15.0,1107,6.0,25.0,673,2012.0,2693,0,105778,110483,336,5,106590,3551,110483,4705.0,555,6739.0,-4421.0,-196.0,2122.0,32260,0.23528161530286928,0.0,0.9667079975201488,0.2919906229917725
587,HDFCLIFE,2019,38855,14,37640.0,1215.0,3,136,45,1291,1.0,1278,6.0,26.0,674,2017.0,3625,0,124378,130020,370,10,124958,4682,130020,5642.0,556,9868.0,-10182.0,-337.0,-651.0,38855,0.22651542006380715,0.0,0.9687298931926392,0.2988386402091986
588,HDFCLIFE,2020,29380,0,28239.0,1141.0,4,369,47,1463,11.0,1297,6.0,0.0,675,2019.0,4788,0,125417,132224,322,8,127256,4637,132224,6807.0,557,7388.0,-7789.0,38.0,-364.0,29380,0.1905391508741002,0.0,0.9611640571817563,0.2221986931268151
589,HDFCLIFE,2021,71528,0,70294.0,1235.0,2,445,51,1629,16.0,1361,7.0,30.0,676,2021.0,6619,600,170415,179655,585,14,173564,5493,179655,8640.0,558,9703.0,-8952.0,678.0,1429.0,71528,0.15752314814814813,0.06944444444444445,0.9827480147634493,0.3981408811332832
590,HDFCLIFE,2022,67126,0,66348.0,778.0,1,766,56,1487,11.0,1327,6.0,27.0,677,2113.0,13501,600,214521,230734,6605,20,216551,7559,230734,15614.0,559,5943.0,-801.0,-238.0,4904.0,67126,0.08498783143332907,0.038427052645062125,0.9884098560915293,0.2909237476921477
591,HDFCLIFE,2023,70207,0,70127.0,80.0,0,1437,76,1441,5.0,1368,6.0,30.0,678,2149.0,10844,950,234126,248069,997,31,238197,8844,248069,12993.0,560,6883.0,-10071.0,1985.0,-1203.0,70207,0.10528746247979681,0.07311629338874778,0.9988605124845101,0.28301400013705863
592,HDFCLIFE,2024,101482,0,100951.0,531.0,1,525,79,977,-61.0,1574,7.0,27.0,679,2151.0,12515,950,287071,302687,1549,28,291128,9982,302687,14666.0,561,10721.0,-13614.0,-403.0,-3296.0,101482,0.10732306013909723,0.06477567162143734,0.9947675449833469,0.33527042786773137
592,HDFCLIFE,2024,101482,0,100951.0,531.0,1,525,79,977,-61.0,1574,7.0,27.0,680,2152.0,13452,950,320201,336755,460,0,325023,11272,336755,15604.0,561,10721.0,-13614.0,-403.0,-3296.0,101482,0.10087157139195078,0.060881825173032554,0.9947675449833469,0.3013526154028893
594,HEROMOTOCO,2014,25275,12,21722.0,3553.0,14,430,1107,2864,26.0,2102,105.0,62.0,681,40.0,5583,284,4215,10122,2247,855,4106,2914,10122,5623.0,562,2963.0,-1616.0,-1414.0,-66.0,25275,0.3738218033078428,0.050506846878890274,0.8594263105835807,2.497036158861885
595,HEROMOTOCO,2015,27538,12,24018.0,3520.0,13,325,540,3292,29.0,2364,118.0,51.0,682,40.0,6500,100,4014,10654,2952,719,3118,3864,10654,6540.0,563,2186.0,31.0,-2131.0,86.0,27538,0.3614678899082569,0.01529051987767584,0.8721766286585809,2.5847568988173455
596,HEROMOTOCO,2016,28457,15,24033.0,4424.0,16,421,443,4387,29.0,3112,157.0,46.0,683,40.0,8794,232,3829,12896,3784,653,4501,3958,12896,8834.0,564,3722.0,-2300.0,-1475.0,-53.0,28457,0.3522752999773602,0.026262168892913742,0.8445373721755631,2.2066532258064515
597,HEROMOTOCO,2017,28610,27,24025.0,4585.0,16,830,502,4885,27.0,3546,179.0,47.0,684,40.0,10276,261,4736,15312,4599,581,6066,4066,15312,10316.0,565,4007.0,-1972.0,-2036.0,-1.0,28610,0.34373788290034896,0.025300504071345483,0.8397413491786089,1.8684691745036572
598,HEROMOTOCO,2018,32458,31,27124.0,5334.0,16,564,575,5292,30.0,3722,186.0,51.0,685,40.0,11932,228,5197,17397,4961,355,7669,4411,17397,11972.0,566,4017.0,-1858.0,-2102.0,57.0,32458,0.31089208152355496,0.019044437019712663,0.8356645511122065,1.8657239753980572
599,HEROMOTOCO,2019,33971,37,28946.0,5025.0,15,741,624,5104,32.0,3466,172.0,50.0,686,40.0,13080,312,5072,18504,4952,573,6114,6865,18504,13120.0,567,1032.0,1298.0,-2252.0,78.0,33971,0.26417682926829267,0.02378048780487805,0.8520797150510729,1.8358733246865542
600,HEROMOTOCO,2020,29254,47,25184.0,4070.0,14,1434,846,4611,21.0,3659,182.0,49.0,687,40.0,14366,453,4815,19674,6473,391,8359,4451,19674,14406.0,568,5518.0,-2819.0,-2602.0,97.0,29254,0.2539913924753575,0.031445231153685964,0.8608737266698571,1.4869370743112738
601,HEROMOTOCO,2021,30959,46,26902.0,4058.0,13,553,715,3849,24.0,2936,146.0,72.0,688,40.0,15376,584,7096,23096,6380,495,10582,5639,23096,15416.0,569,4110.0,-2289.0,-1852.0,-31.0,30959,0.19045147898287493,0.03788271925272444,0.8689557156238896,1.3404485625216487
602,HEROMOTOCO,2022,29551,53,26295.0,3256.0,11,545,690,3058,24.0,2329,116.0,82.0,689,40.0,15807,605,6027,22478,6194,517,10528,5240,22478,15847.0,570,2104.0,-222.0,-1975.0,-94.0,29551,0.14696788035590333,0.038177573042216195,0.8898176034651958,1.314663226265682
603,HEROMOTOCO,2023,34158,105,30060.0,4099.0,12,567,697,3864,28.0,2800,141.0,71.0,690,40.0,16616,568,6694,23917,6159,454,10891,6413,23917,16656.0,571,2614.0,-421.0,-2147.0,45.0,34158,0.16810758885686838,0.034101825168107586,0.8800281046899702,1.4281891541581302
604,HEROMOTOCO,2024,37789,76,32554.0,5235.0,14,689,757,5090,26.0,3742,187.0,75.0,691,40.0,17659,606,7847,26153,6232,484,12751,6685,26153,17699.0,572,4923.0,-1828.0,-2717.0,379.0,37789,0.2114243742584327,0.03423922255494661,0.8614676228532112,1.4449202768324858
604,HEROMOTOCO,2024,37789,76,32554.0,5235.0,14,689,757,5090,26.0,3742,187.0,75.0,692,40.0,18971,588,9663,29261,6588,145,14980,7548,29261,19011.0,572,4923.0,-1828.0,-2717.0,379.0,37789,0.19683341223502182,0.030929461890484455,0.8614676228532112,1.2914459519496941
606,HINDALCO,2013,80193,2079,72494.0,7699.0,10,1111,2822,3909,23.0,3007,16.0,6.0,693,191.0,35139,56951,28309,120590,37929,33834,12601,36226,120590,35330.0,573,2977.0,-13801.0,10278.0,-545.0,80193,0.08511180300028305,1.6119728276252476,0.9039941141994937,0.665005390165022
607,HINDALCO,2014,87695,2702,79671.0,8024.0,9,677,3347,2653,20.0,2195,11.0,9.0,694,206.0,40398,64756,32621,137982,61163,23059,12961,40798,137982,40604.0,574,7956.0,-8095.0,1493.0,1353.0,87695,0.05405871342724855,1.5948182445079302,0.9085010547921775,0.6355539128292096
608,HINDALCO,2015,104281,4178,95437.0,8844.0,8,-832,3493,340,75.0,259,4.0,24.0,695,207.0,38122,68468,34950,141746,71959,14111,12346,43330,141746,38329.0,575,7143.0,-3873.0,-2437.0,833.0,104281,0.006757285606198962,1.7863236713715462,0.9151906867022755,0.7356891905238948
609,HINDALCO,2016,98759,5134,90981.0,7778.0,8,1500,4347,-203,99.0,-702,-1.0,-82.0,696,207.0,40402,67552,32986,141146,85648,4214,12463,38821,141146,40609.0,576,11688.0,-3220.0,-8862.0,-394.0,98759,-0.017286808342978157,1.663473614223448,0.9212426209256878,0.6996939339407422
610,HINDALCO,2017,100184,5742,87867.0,12317.0,12,1198,4457,3315,43.0,1882,8.0,13.0,697,223.0,45836,63817,36268,146144,84687,1814,15157,44486,146144,46059.0,577,12687.0,-2876.0,-5552.0,4259.0,100184,0.04086063527215094,1.3855489697996048,0.8770562165615268,0.685515655791548
611,HINDALCO,2018,115183,3911,101488.0,13695.0,12,2879,4506,8157,25.0,6083,27.0,4.0,698,223.0,54629,52074,40088,147014,85088,2063,10781,49081,147014,54852.0,578,10898.0,5333.0,-16412.0,-181.0,115183,0.11089841755997958,0.9493546269962809,0.8811022459911619,0.7834832056810916
612,HINDALCO,2019,130542,3778,115031.0,15511.0,12,1127,4777,8083,32.0,5495,24.0,5.0,699,222.0,57279,52415,42056,151972,85860,4097,9012,53003,151972,57501.0,579,11977.0,-5456.0,-5466.0,1055.0,130542,0.09556355541642754,0.9115493643588807,0.8811800033705627,0.858987181849288
613,HINDALCO,2020,118144,4197,103838.0,14306.0,12,906,5091,5924,36.0,3767,17.0,6.0,700,222.0,58095,68399,41902,168618,89195,7721,9411,62291,168618,58317.0,580,12745.0,-7227.0,6656.0,12174.0,118144,0.06459522952140885,1.172882692868289,0.8789104821235103,0.7006606649349417
614,HINDALCO,2021,132008,3738,114449.0,17559.0,13,-987,6628,6206,44.0,3483,16.0,19.0,701,222.0,66311,67206,55083,188822,100269,10202,17133,61218,188822,66533.0,581,17232.0,-25280.0,-4882.0,-12930.0,132008,0.05234996167315468,1.010115281138683,0.8669853342221684,0.6991134507631526
615,HINDALCO,2022,195059,3768,166712.0,28347.0,15,1253,6729,19103,28.0,13730,61.0,6.0,702,222.0,77969,64486,79178,221855,106874,4945,14119,95917,221855,78191.0,582,16838.0,-6773.0,-6765.0,3300.0,195059,0.17559565678914454,0.8247240731030425,0.8546747394378111,0.8792184084199139
616,HINDALCO,2023,223202,3646,200536.0,22666.0,10,1307,7086,13241,24.0,10097,45.0,7.0,703,222.0,94584,60291,68392,223489,110626,7700,14116,91047,223489,94806.0,583,19208.0,-7559.0,-10450.0,1199.0,223202,0.10650169820475497,0.6359407632428328,0.8984507307282192,0.9987158204654368
617,HINDALCO,2024,215962,3858,192090.0,23872.0,11,1519,7521,14012,28.0,10155,45.0,8.0,704,222.0,105924,56356,68221,230723,111810,14867,15444,88602,230723,106146.0,584,24056.0,-14267.0,-10817.0,-1028.0,215962,0.09567011474761178,0.5309290976579428,0.8894620349876368,0.9360228499109322
617,HINDALCO,2024,215962,3858,192090.0,23872.0,11,1519,7521,14012,28.0,10155,45.0,8.0,705,222.0,114954,60959,76129,252264,111404,22341,22453,96066,252264,115176.0,584,24056.0,-14267.0,-10817.0,-1028.0,215962,0.08816941029381122,0.5292682503299299,0.8894620349876368,0.856095201852028
619,HINDUNILVR,2013,27004,26,22784.0,4220.0,16,1123,251,5066,24.0,3839,18.0,104.0,706,216.0,2649,25,9202,12092,2431,222,2252,7186,12092,2865.0,585,3605.0,63.0,-4147.0,-480.0,27004,1.3399650959860383,0.008726003490401396,0.8437268552806991,2.2332120410188554
620,HINDUNILVR,2014,29234,41,24475.0,4759.0,16,792,296,5215,24.0,3956,18.0,71.0,707,216.0,3321,46,10171,13754,2746,373,2838,7797,13754,3537.0,586,3818.0,-475.0,-2960.0,383.0,29234,1.1184619734238055,0.013005371783997738,0.8372100978312923,2.125490766322524
621,HINDUNILVR,2015,31972,18,26560.0,5412.0,17,1247,322,6320,31.0,4376,20.0,74.0,708,216.0,3811,43,10359,14430,2821,516,3025,8067,14430,4027.0,587,3292.0,138.0,-3462.0,-33.0,31972,1.0866650111745717,0.010677924012912838,0.8307268860252721,2.2156618156618157
622,HINDUNILVR,2016,32186,17,26276.0,5910.0,18,486,353,6026,31.0,4151,19.0,83.0,709,216.0,6357,177,8043,14793,3258,408,2592,8535,14793,6573.0,588,4171.0,-282.0,-3864.0,25.0,32186,0.6315228966986155,0.026928343222272933,0.8163797924563475,2.175758804840127
623,HINDUNILVR,2017,33162,35,26834.0,6328.0,19,606,432,6467,31.0,4490,21.0,82.0,710,216.0,6528,277,8685,15706,4419,229,3794,7264,15706,6744.0,589,5185.0,-1173.0,-4214.0,-202.0,33162,0.6657769869513642,0.041073546856465006,0.8091791809902901,2.111422386349166
624,HINDUNILVR,2018,35545,26,28046.0,7499.0,21,353,520,7306,28.0,5227,24.0,83.0,711,216.0,7065,0,10581,17862,4528,461,2873,10000,17862,7281.0,590,6059.0,-1063.0,-4975.0,21.0,35545,0.7178958934212334,0.0,0.7890279926853284,1.989978725786586
625,HINDUNILVR,2019,39310,33,30430.0,8880.0,23,322,565,8604,30.0,6060,28.0,78.0,712,216.0,7651,99,10663,18629,4715,406,2716,10792,18629,7867.0,591,5800.0,-438.0,-5390.0,-28.0,39310,0.7703063429515699,0.01258421253336723,0.7741032816077335,2.1101508400880347
626,HINDUNILVR,2020,39783,118,29922.0,9861.0,25,424,1002,9165,26.0,6756,31.0,80.0,713,216.0,8013,0,11924,20153,5479,597,1255,12822,20153,8229.0,592,7623.0,1791.0,-6819.0,2595.0,39783,0.8209989063069631,0.0,0.7521303069150139,1.974048528755024
627,HINDUNILVR,2021,47028,117,35402.0,11626.0,25,170,1074,10605,25.0,7999,34.0,119.0,714,235.0,47439,0,21066,68740,51443,745,2709,13843,68740,47674.0,593,9163.0,-1228.0,-9309.0,-1374.0,47028,0.16778537567646937,0.0,0.7527855745513311,0.6841431480942682
628,HINDUNILVR,2022,52446,106,39589.0,12857.0,25,219,1091,11879,25.0,8892,38.0,90.0,715,235.0,48826,1043,20402,70506,51473,1313,3521,14199,70506,49061.0,594,9048.0,-1728.0,-8015.0,-695.0,52446,0.1812437577709382,0.02125924869040582,0.7548526103039317,0.7438515870989703
629,HINDUNILVR,2023,60580,114,46433.0,14147.0,23,448,1137,13344,24.0,10143,43.0,91.0,716,235.0,50069,1219,21554,73077,52678,1132,2882,16385,73077,50304.0,595,9991.0,-1484.0,-8953.0,-446.0,60580,0.20163406488549618,0.024232665394402036,0.7664740838560581,0.8289886010646305
630,HINDUNILVR,2024,61896,334,47237.0,14659.0,24,817,1216,13926,26.0,10282,44.0,96.0,717,235.0,50983,1484,25787,78489,53744,1025,4625,19095,78489,51218.0,596,15469.0,-5324.0,-10034.0,111.0,61896,0.20074973642078955,0.028974188761763442,0.7631672482874499,0.7885945801322478
630,HINDUNILVR,2024,61896,334,47237.0,14659.0,24,817,1216,13926,26.0,10282,44.0,96.0,718,235.0,50541,1651,28338,80765,54027,1022,4316,21400,80765,50776.0,596,15469.0,-5324.0,-10034.0,111.0,61896,0.20249724279187017,0.03251536158815188,0.7631672482874499,0.7663715718442394
632,ICICIBANK,2013,44885,28285,31684.0,-15085.0,-34,29320,625,13610,26.0,10130,15.0,24.0,719,1154.0,67609,487659,118401,674822,5473,0,255667,413682,674822,68763.0,597,17494.0,-18563.0,9283.0,8215.0,44885,0.14731759812689965,7.091880807992671,0.7058928372507519,0.06651383624126066
633,ICICIBANK,2014,49479,29711,32852.0,-13084.0,-26,30085,719,16282,28.0,11677,17.0,24.0,720,1155.0,75275,543055,128278,747762,5507,0,267609,474646,747762,76430.0,598,6765.0,-15750.0,7872.0,-1113.0,49479,0.15278032186314275,7.1052597147716865,0.6639584470179268,0.06616944963771895
634,ICICIBANK,2015,54964,32318,38766.0,-16120.0,-29,35252,798,18334,29.0,12942,19.0,24.0,721,1160.0,83545,597207,144167,826079,5871,0,274311,545897,826079,84705.0,599,-12273.0,-13175.0,24827.0,-621.0,54964,0.15278909155303702,7.050433858686028,0.7052980132450332,0.06653600926787874
635,ICICIBANK,2016,59294,33996,52252.0,-26955.0,-45,42102,843,14304,24.0,10927,16.0,29.0,722,1163.0,92948,671455,153190,918756,8713,0,286044,623999,918756,94111.0,600,23645.0,-12060.0,5814.0,17399.0,59294,0.11610757509749126,7.1347132641242785,0.8812358754680069,0.06453726560697291
636,ICICIBANK,2017,60940,34836,63841.0,-37737.0,-62,52458,912,13809,18.0,11340,16.0,14.0,723,1165.0,103467,700874,180219,985725,9338,0,304373,672013,985725,104632.0,601,52636.0,-1711.0,-35470.0,15455.0,60940,0.10837984555394144,6.698467008181054,1.0476042008532984,0.06182251642192295
637,ICICIBANK,2018,62162,34262,72806.0,-44906.0,-72,56807,922,10978,17.0,9100,12.0,12.0,724,1286.0,109344,815198,198453,1124281,9465,0,372208,742608,1124281,110630.0,602,19383.0,-50551.0,39676.0,8508.0,62162,0.08225616921269095,7.368688420862334,1.1712300119043788,0.05529044785067078
638,ICICIBANK,2019,71982,39178,83775.0,-50971.0,-71,59325,946,7408,23.0,5689,7.0,15.0,725,1289.0,112964,891641,232899,1238794,9660,0,398201,830933,1238794,114253.0,603,48671.0,-30282.0,-19997.0,-1608.0,71982,0.04979300324717951,7.804092671527225,1.1638326248228723,0.05810651327016437
639,ICICIBANK,2020,84836,44666,85361.0,-45190.0,-53,64950,1171,18589,40.0,11225,15.0,0.0,726,1295.0,121665,1014636,239696,1377292,10409,0,443473,923411,1377292,122960.0,604,79565.0,-42095.0,2992.0,40462.0,84836,0.09128985035783994,8.251756668835394,1.006188410580414,0.06159623376887399
640,ICICIBANK,2021,89163,42659,91309.0,-44805.0,-50,72174,1340,26028,22.0,20364,27.0,8.0,727,1383.0,156204,1103840,312385,1573812,10809,0,536579,1026424,1573812,157587.0,605,138015.0,-63631.0,-54667.0,19718.0,89163,0.12922385729787356,7.004638707507599,1.0240682794432667,0.05665416199647734
641,ICICIBANK,2022,95407,41167,80798.0,-26558.0,-28,62129,1330,34241,25.0,26538,36.0,14.0,728,1390.0,180663,1252968,317616,1752637,10707,0,567098,1174833,1752637,182053.0,606,58111.0,-39448.0,17451.0,36114.0,95407,0.14577073709304433,6.882435334765151,0.8468770635278334,0.05443625805001264
642,ICICIBANK,2023,121067,50543,87864.0,-17341.0,-14,65112,1515,46256,26.0,35461,49.0,16.0,729,1397.0,213101,1399894,344099,1958490,11070,0,639552,1307868,1958490,214498.0,607,-3771.0,-67689.0,24791.0,-46669.0,121067,0.1653208887728557,6.526373206276982,0.7257469004765956,0.061816501488391566
643,ICICIBANK,2024,159516,74108,99560.0,-14152.0,-9,76522,1935,60434,26.0,46081,63.0,16.0,730,1405.0,254739,1651008,456911,2364063,15714,0,827163,1521186,2364063,256144.0,608,157284.0,-144737.0,13765.0,26312.0,159516,0.1799027109750765,6.445624336310825,0.6241380175029464,0.06747535915921023
645,ICICIGI,2013,4012,8,4191.0,-178.0,-4,586,49,351,0.0,353,8.0,0.0,731,437.0,1433,0,10767,12637,390,10,7800,4436,12637,1870.0,609,984.0,-962.0,102.0,124.0,4012,0.18877005347593584,0.0,1.0446161515453638,0.3174804146553771
646,ICICIGI,2014,4352,9,4578.0,-225.0,-5,817,50,533,3.0,520,12.0,0.0,732,445.0,1949,0,12350,14744,373,17,9290,5064,14744,2394.0,610,595.0,-706.0,4.0,-108.0,4352,0.2172096908939014,0.0,1.0519301470588236,0.2951709169831796
647,ICICIGI,2015,4234,12,4456.0,-221.0,-5,992,54,705,17.0,585,13.0,15.0,733,447.0,2439,0,11760,14646,381,9,10200,4056,14646,2886.0,611,-98.0,171.0,-93.0,-20.0,4234,0.20270270270270271,0.0,1.0524326877657062,0.2890891711047385
648,ICICIGI,2016,6033,0,5269.0,764.0,13,0,57,708,28.0,507,11.0,26.0,734,448.0,2789,0,12440,15676,510,10,11426,3730,15676,3237.0,612,511.0,-310.0,-148.0,53.0,6033,0.1566265060240964,0.0,0.8733631692358694,0.3848558305690227
649,ICICIGI,2017,7520,0,6601.0,919.0,12,-2,7,910,23.0,702,16.0,22.0,735,451.0,3450,485,18965,23351,516,11,14806,8018,23351,3901.0,613,1628.0,-1990.0,361.0,-1.0,7520,0.17995385798513203,0.12432709561650859,0.8777925531914894,0.3220418825746221
650,ICICIGI,2018,6912,59,7174.0,-262.0,-4,1569,51,1196,28.0,862,19.0,17.0,736,454.0,4087,485,24723,29750,368,38,18193,11151,29750,4541.0,614,2390.0,-1896.0,-96.0,398.0,6912,0.18982602950891875,0.1068046685752037,1.0379050925925926,0.2323361344537815
651,ICICIGI,2019,11163,70,9494.0,1669.0,15,-2,0,1598,34.0,1049,23.0,26.0,737,454.0,4946,485,27517,33403,1965,17,20714,10707,33403,5400.0,615,2976.0,-2856.0,-310.0,-190.0,11163,0.19425925925925927,0.08981481481481482,0.8504882200125414,0.3341915396820645
652,ICICIGI,2020,11517,0,9745.0,1772.0,15,15,90,1697,30.0,1194,26.0,13.0,738,454.0,5680,485,30423,37042,664,12,26327,10039,37042,6134.0,616,3433.0,-3382.0,-420.0,-369.0,11517,0.19465275513531138,0.07906749266384089,0.8461404879742989,0.3109173370768317
653,ICICIGI,2021,12161,0,10090.0,2072.0,17,12,130,1954,25.0,1473,32.0,25.0,739,455.0,7144,485,31214,39298,717,14,30788,7779,39298,7599.0,617,1774.0,-1367.0,-212.0,195.0,12161,0.19384129490722463,0.06382418739307803,0.8297015048104597,0.3094559519568426
654,ICICIGI,2022,16026,0,15010.0,1016.0,6,809,141,1684,24.0,1271,26.0,35.0,740,491.0,8702,255,41401,50848,941,11,38412,11485,50848,9193.0,618,809.0,135.0,-879.0,65.0,16026,0.138257369737844,0.02773849668225824,0.93660302009235,0.3151746381371932
655,ICICIGI,2023,17876,0,16612.0,1264.0,7,991,142,2113,18.0,1729,35.0,31.0,741,491.0,9953,35,44607,55086,883,25,42836,11342,55086,10444.0,619,2290.0,-1685.0,-695.0,-90.0,17876,0.16554959785522788,0.003351206434316354,0.9292906690534796,0.3245107649856588
656,ICICIGI,2024,20487,0,17910.0,2577.0,13,112,134,2555,25.0,1919,39.0,28.0,742,493.0,11712,35,51068,63308,930,94,48584,13700,63308,12205.0,620,2407.0,-1921.0,-355.0,131.0,20487,0.157230643179025,0.0028676771814829987,0.8742129155073949,0.3236083907247109
656,ICICIGI,2024,20487,0,17910.0,2577.0,13,112,134,2555,25.0,1919,39.0,28.0,743,495.0,13130,0,54389,68014,760,0,51557,15697,68014,13625.0,620,2407.0,-1921.0,-355.0,131.0,20487,0.1408440366972477,0.0,0.8742129155073949,0.30121739641838446
658,ICICIPRULI,2013,20025,14,19280.0,745.0,4,900,41,1591,5.0,1515,11.0,32.0,744,1429.0,2532,0,71260,75220,165,7,73716,1332,75220,3961.0,621,-2641.0,1564.0,-514.0,-1591.0,20025,0.3824791719262812,0.0,0.9627965043695381,0.2662190906673757
659,ICICIPRULI,2014,21888,15,20384.0,1504.0,7,129,47,1572,1.0,1561,11.0,70.0,745,1429.0,2954,0,77090,81474,197,5,80101,1171,81474,4383.0,622,-2382.0,6012.0,-1091.0,2539.0,21888,0.3561487565594342,0.0,0.9312865497076024,0.2686501215111569
660,ICICIPRULI,2015,34453,17,32798.0,1655.0,5,43,40,1642,0.0,1640,11.0,51.0,746,1432.0,3833,0,95951,101215,209,6,99491,1509,101215,5265.0,623,523.0,-1822.0,-966.0,-2264.0,34453,0.3114909781576448,0.0,0.9519635445389371,0.34039421034431655
661,ICICIPRULI,2016,20849,0,19008.0,1842.0,9,0,0,1842,10.0,1650,12.0,73.0,747,1432.0,3891,1029,98413,104765,212,7,103024,1522,104765,5323.0,624,3634.0,27.0,-1442.0,2219.0,20849,0.30997557768175843,0.19331204208153296,0.9116984028010936,0.1990073020569847
662,ICICIPRULI,2017,37816,15,36010.0,1806.0,5,130,58,1863,10.0,1682,12.0,63.0,748,1435.0,4971,0,118335,124741,207,7,121581,2946,124741,6406.0,625,4130.0,-696.0,-994.0,2439.0,37816,0.26256634405245083,0.0,0.9522424370636767,0.3031561395210877
663,ICICIPRULI,2018,38832,20,37062.0,1771.0,5,132,44,1839,12.0,1619,11.0,59.0,749,1436.0,5138,0,135245,141819,404,18,138537,2859,141819,6574.0,626,5690.0,-5389.0,-1188.0,-887.0,38832,0.24627319744447826,0.0,0.9544190358467244,0.27381380492035623
664,ICICIPRULI,2019,41463,23,40922.0,541.0,1,813,57,1274,11.0,1139,8.0,40.0,750,1436.0,5435,0,156215,163086,463,13,159003,3607,163086,6871.0,627,11377.0,-7559.0,-843.0,2975.0,41463,0.1657691747926066,0.0,0.9869522224634011,0.25424009418343696
665,ICICIPRULI,2020,21025,0,21344.0,-319.0,-2,1578,61,1198,11.0,1067,7.0,11.0,751,1436.0,5777,0,148818,156031,932,20,150776,4303,156031,7213.0,628,8596.0,-10797.0,-405.0,-2606.0,21025,0.14792735338971302,0.0,1.0151724137931035,0.13474886400779332
666,ICICIPRULI,2021,83182,0,83572.0,-390.0,0,1669,60,1219,22.0,956,7.0,30.0,752,1436.0,7673,1200,206911,217220,911,22,211727,4560,217220,9109.0,629,7314.0,-5084.0,1205.0,3434.0,83182,0.10495114721703809,0.1317378416950269,1.0046885143420452,0.382938955897247
667,ICICIPRULI,2022,63564,0,65728.0,-2163.0,-3,3191,67,961,21.0,759,5.0,10.0,753,1437.0,7721,1200,234079,244437,433,54,238101,5848,244437,9158.0,630,1831.0,-816.0,-319.0,696.0,63564,0.0828783577200262,0.1310329766324525,1.0340444276634573,0.26004246492961375
668,ICICIPRULI,2023,50478,0,52235.0,-1757.0,-3,2925,84,1085,25.0,813,6.0,11.0,754,1439.0,8651,1200,244562,255851,479,117,248216,7039,255851,10090.0,631,89.0,-1145.0,-112.0,-1168.0,50478,0.08057482656095144,0.11892963330029732,1.0348072427592219,0.1972945190755557
669,ICICIPRULI,2024,90307,0,92136.0,-1829.0,-2,2970,113,1028,17.0,851,6.0,10.0,755,1441.0,9564,1200,286796,299001,670,49,289728,8553,299001,11005.0,632,-7315.0,7420.0,-88.0,17.0,90307,0.0773284870513403,0.10904134484325306,1.020253136523193,0.3020290902037117
669,ICICIPRULI,2024,90307,0,92136.0,-1829.0,-2,2970,113,1028,17.0,851,6.0,10.0,756,1444.0,10130,0,314063,326838,762,0,314855,11220,326838,11574.0,632,-7315.0,7420.0,-88.0,17.0,90307,0.07352687057197166,0.0,1.020253136523193,0.2763050808045576
697,INDUSINDBK,2013,6983,4750,1947.0,286.0,4,1363,73,1576,33.0,1061,20.0,15.0,770,523.0,7107,63576,2100,73307,741,16,19654,52896,73307,7630.0,645,-486.0,-174.0,1969.0,1309.0,6983,0.13905635648754916,8.332372214941023,0.2788199914077044,0.09525693317145702
698,INDUSINDBK,2014,8254,5363,2555.0,335.0,4,1891,98,2128,34.0,1408,27.0,13.0,771,526.0,8517,75264,2719,87026,991,25,21563,64447,87026,9043.0,646,-4106.0,-174.0,4200.0,-79.0,8254,0.1557005418555789,8.3229016919164,0.3095468863581294,0.09484521867028245
699,INDUSINDBK,2015,9692,6272,3133.0,288.0,3,2548,127,2709,34.0,1794,34.0,12.0,772,529.0,10115,94752,6390,111787,1120,38,22878,87751,111787,10644.0,647,-1421.0,-276.0,5707.0,4010.0,9692,0.1685456595264938,8.901916572717024,0.32325629385059845,0.08670060024868724
700,INDUSINDBK,2016,11872,7355,4188.0,329.0,3,3297,157,3469,34.0,2286,38.0,12.0,773,595.0,17101,117996,7205,142897,1218,37,34054,107587,142897,17696.0,648,-2927.0,-258.0,2517.0,-667.0,11872,0.12918173598553345,6.667947558770344,0.3527628032345013,0.08308082045109415
701,INDUSINDBK,2017,14406,8343,5684.0,379.0,3,4171,191,4360,34.0,2868,48.0,13.0,774,598.0,20048,149026,8976,178648,1307,28,36702,140611,178648,20646.0,649,11569.0,-285.0,-2768.0,8516.0,14406,0.13891310665504214,7.218153637508476,0.3945578231292517,0.08063902198737181
702,INDUSINDBK,2018,17281,9783,6555.0,942.0,5,4750,212,5481,34.0,3606,60.0,12.0,775,600.0,23241,189928,7856,221626,1313,25,50077,170211,221626,23841.0,650,-20700.0,-217.0,15505.0,-5412.0,17281,0.15125204479677865,7.966444360555346,0.37931832648573577,0.07797370344634655
703,INDUSINDBK,2019,22261,13415,9283.0,-437.0,-2,5647,229,4981,34.0,3301,55.0,14.0,776,603.0,26083,242189,8944,277819,1688,22,59266,216843,277819,26686.0,651,-6389.0,-633.0,8590.0,1568.0,22261,0.12369781908116616,9.075507756876265,0.41700732222272135,0.08012770904797728
704,INDUSINDBK,2020,28783,16724,12611.0,-553.0,-2,6951,278,6121,28.0,4418,64.0,0.0,777,694.0,34013,262793,9558,307058,1742,78,59980,245257,307058,34707.0,652,-12039.0,526.0,12733.0,1220.0,28783,0.12729420577981387,7.57175785864523,0.43814056908591875,0.09373799086817475
705,INDUSINDBK,2021,29000,15472,15997.0,-2469.0,-9,6559,305,3784,25.0,2836,37.0,14.0,778,773.0,42592,307528,12080,362973,1734,75,69695,291469,362973,43365.0,653,44646.0,-226.0,-4096.0,40324.0,29000,0.06539836273492448,7.091617664014758,0.5516206896551724,0.07989574982161207
706,INDUSINDBK,2022,30822,15822,15840.0,-839.0,-3,7334,321,6174,25.0,4611,60.0,14.0,779,775.0,46923,341005,13273,401975,1754,95,70971,329155,401975,47698.0,654,16600.0,-351.0,-4302.0,11947.0,30822,0.09667071994632899,7.149251540945113,0.5139186295503212,0.07667641022451645
707,INDUSINDBK,2023,36368,18776,15525.0,2067.0,6,8166,373,9860,25.0,7390,95.0,15.0,780,776.0,53846,385449,17733,457804,1857,135,83116,372695,457804,54622.0,655,-12438.0,-441.0,1115.0,-11763.0,36368,0.135293471495002,7.056662150781737,0.42688627364716236,0.07944010974128667
708,INDUSINDBK,2024,45748,25132,17638.0,2978.0,7,9388,425,11942,25.0,8950,115.0,14.0,781,778.0,62019,432404,19734,514935,2001,197,106527,406211,514935,62797.0,656,-16843.0,-625.0,-2242.0,-19710.0,45748,0.14252273197764223,6.885742949503957,0.3855469091544986,0.08884228106460039
710,INFY,2013,40352,28814,11538.0,29.0,2365,5,1099,12799,26.0,9429,21.0,25.0,782,286.0,37708,0,8281,46275,7139,1140,2116,35880,46275,37994.0,657,7373.0,-2922.0,-3210.0,1241.0,40352,0.2481707638048113,0.0,0.2859337827121332,0.8720043219881145
711,INFY,2014,50133,36743,13390.0,27.0,2664,9,1317,14728,28.0,10656,23.0,34.0,783,286.0,44244,0,12436,56966,8378,961,4331,43296,56966,44530.0,658,9825.0,-2563.0,-3144.0,4118.0,50133,0.23929934875364922,0.0,0.2670895418187621,0.8800512586455078
712,INFY,2015,53319,38436,14883.0,28.0,3430,12,1017,17284,28.0,12372,27.0,55.0,784,572.0,50164,0,15553,66289,11346,776,2270,51897,66289,50736.0,659,8353.0,999.0,-4935.0,4417.0,53319,0.24385052034058657,0.0,0.27913126652787934,0.804341595136448
713,INFY,2016,62441,45362,17079.0,27.0,3120,0,1459,18740,28.0,13489,29.0,41.0,785,1144.0,60600,0,13354,75098,13386,960,1892,58860,75098,61744.0,660,10028.0,-885.0,-6813.0,2330.0,62441,0.2184665716506867,0.0,0.27352220496148366,0.8314602253056007
714,INFY,2017,68484,49880,18604.0,27.0,3050,0,1703,19951,28.0,14353,31.0,41.0,786,1144.0,67838,0,14166,83148,14179,1365,16423,51181,83148,68982.0,661,11531.0,-14664.0,-6939.0,-10072.0,68484,0.2080687715635963,0.0,0.27165469306699375,0.8236397748592871
715,INFY,2018,70522,51700,18822.0,27.0,3311,0,1863,20270,21.0,16029,37.0,59.0,787,1088.0,63835,0,14426,79349,12574,1606,12163,53006,79349,64923.0,662,13218.0,4533.0,-20505.0,-2754.0,70522,0.24689247262141306,0.0,0.2668954368849437,0.888757262221326
716,INFY,2019,82675,62505,20170.0,24.0,2882,0,2011,21041,27.0,15410,35.0,60.0,788,2170.0,62778,0,19118,84066,15710,1388,11261,55707,84066,64948.0,663,14841.0,-632.0,-14512.0,-303.0,82675,0.23726673646609595,0.0,0.24396734200181433,0.9834534770299527
717,INFY,2020,90791,68524,22267.0,25.0,2803,170,2893,22007,24.0,16639,39.0,45.0,789,2122.0,63328,4633,21717,91800,23789,954,8792,58265,91800,65450.0,664,17003.0,-331.0,-17591.0,-919.0,90791,0.25422459893048127,0.0707868601986249,0.24525558700752279,0.98900871459695
718,INFY,2021,100472,72583,27889.0,28.0,2201,195,3267,26628,27.0,19423,45.0,59.0,790,2124.0,74227,5325,25835,107511,25505,922,14205,66879,107511,76351.0,665,23224.0,-7373.0,-9786.0,6065.0,100472,0.2543909051616875,0.06974368377624393,0.27757982323433394,0.9345276297309113
719,INFY,2022,121641,90150,31491.0,26.0,2295,200,3476,30110,26.0,22146,53.0,59.0,791,2098.0,73252,5474,35905,116729,25800,416,20324,70189,116729,75350.0,666,23885.0,-6485.0,-24642.0,-7242.0,121641,0.2939084273390843,0.07264764432647644,0.2588847510296693,1.0420803742000702
720,INFY,2023,146767,111637,35130.0,24.0,2701,284,4225,33322,28.0,24108,58.0,73.0,792,2069.0,73338,8299,40890,124596,29225,288,19478,75605,124596,75407.0,667,22467.0,-1071.0,-26695.0,-5299.0,146767,0.31970506716883046,0.11005609558794277,0.23935898396778568,1.1779431121384314
721,INFY,2024,153670,117245,36425.0,24.0,4711,470,4678,35988,27.0,26248,63.0,0.0,793,2071.0,86045,8359,39545,136020,27622,293,24623,83482,136020,88116.0,668,25210.0,-5093.0,-17504.0,2613.0,153670,0.2978800671841663,0.09486358890553362,0.23703390381987374,1.129760329363329
721,INFY,2024,153670,117245,36425.0,24.0,4711,470,4678,35988,27.0,26248,63.0,0.0,794,2072.0,88391,8804,42603,141870,31917,505,17394,92054,141870,90463.0,668,25210.0,-5093.0,-17504.0,2613.0,153670,0.29015177475874115,0.09732155687960824,0.23703390381987374,1.0831747374356806
723,IOC,2013,461780,447919,13861.0,3.0,3499,7164,5692,4504,19.0,3627,3.0,36.0,795,2428.0,60609,89671,89170,241878,66774,27240,17351,130514,241878,63037.0,669,9340.0,-9294.0,352.0,398.0,461780,0.057537636626108474,1.422513761758967,0.030016458053618605,1.9091442793474396
724,IOC,2014,488345,471123,17222.0,4.0,5064,5948,6360,9978,30.0,6967,5.0,30.0,796,2428.0,65485,94916,103124,265953,72554,38061,15895,139443,265953,67913.0,670,24195.0,-18594.0,-3116.0,2485.0,488345,0.10258713353849779,1.39761165019952,0.03526605166429471,1.8362079013961115
725,IOC,2015,449507,438932,10575.0,2.0,5860,4201,5219,7014,31.0,4872,3.0,33.0,797,2428.0,66404,64893,100158,233883,76781,40378,16069,100655,233883,68832.0,671,46092.0,-10215.0,-38283.0,-2406.0,449507,0.07078103207810321,0.942773709902371,0.02352577379217676,1.9219310509955834
726,IOC,2016,346045,324007,22038.0,6.0,5219,3487,5698,18072,31.0,12413,8.0,28.0,798,2370.0,87610,58552,83184,231715,100033,26219,31185,74278,231715,89980.0,672,25624.0,-13610.0,-11890.0,124.0,346045,0.1379528784174261,0.6507223827517226,0.06368535884061322,1.4934078501607577
727,IOC,2017,355379,321230,34149.0,10.0,4356,3743,6806,27956,27.0,20385,14.0,45.0,799,4739.0,97357,63271,108352,273719,115958,16778,43687,97295,273719,102096.0,673,28216.0,-17684.0,-10937.0,-405.0,355379,0.19966502115655854,0.6197206550697383,0.09609177807354964,1.2983351539352401
728,IOC,2018,421492,379834,41658.0,10.0,4331,3875,7664,34450,34.0,22626,15.0,90.0,800,9479.0,104395,65650,116336,295860,124053,19130,44806,107871,295860,113874.0,674,29115.0,-17119.0,-12007.0,-11.0,421492,0.19869329258654303,0.5765143931011468,0.09883461607812248,1.424633272493747
729,IOC,2019,528158,492896,35262.0,7.0,4097,4925,8506,25927,33.0,17274,12.0,49.0,801,9181.0,103288,96765,126128,335363,132494,28281,44112,130476,335363,112469.0,675,12747.0,-22569.0,10436.0,614.0,528158,0.15358898896584836,0.8603704131805209,0.06676411225428754,1.5748845281083483
730,IOC,2020,483763,467710,16053.0,3.0,-7165,5792,10273,-7177,-74.0,-1876,-1.0,-437.0,802,9181.0,86217,129790,104773,329962,147022,32845,35571,114524,329962,95398.0,676,7146.0,-29101.0,22456.0,502.0,483763,-0.019664982494391917,1.3605107025304515,0.0331836043682547,1.4661173104781762
731,IOC,2021,363950,324021,39929.0,11.0,4696,2933,10941,30751,29.0,21762,15.0,51.0,803,9181.0,102657,116649,126658,355145,157085,36291,44717,117053,355145,111838.0,677,49650.0,-22935.0,-27369.0,-653.0,363950,0.19458502476796796,1.043017578998194,0.10971012501717269,1.0247926903095919
732,IOC,2022,589321,541563,47758.0,8.0,4332,5454,12348,34289,25.0,25727,18.0,46.0,804,9181.0,124354,132020,145327,410882,160514,47469,52352,150546,410882,133535.0,678,25747.0,-21294.0,-4058.0,395.0,589321,0.19266110008611975,0.9886546598270116,0.08103902626921491,1.434282835461276
733,IOC,2023,841756,811073,30683.0,4.0,5124,7588,13181,15038,22.0,11704,7.0,42.0,805,13772.0,125949,148977,153298,441995,180048,51133,52190,158624,441995,139721.0,679,29644.0,-28030.0,-1794.0,-180.0,841756,0.08376693553581781,1.0662463051366653,0.03645118062716512,1.9044468828832906
734,IOC,2024,776352,700706,75646.0,10.0,5389,7881,15866,57288,25.0,43161,30.0,40.0,806,13772.0,169645,132628,166639,482683,195998,61032,65542,160111,482683,183417.0,680,71099.0,-31464.0,-39385.0,250.0,776352,0.2353162465856491,0.7230954600718581,0.09743776019125346,1.6084096601703395
734,IOC,2024,776352,700706,75646.0,10.0,5389,7881,15866,57288,25.0,43161,30.0,40.0,807,13772.0,167594,163401,165544,510310,202737,66316,70178,171079,510310,181366.0,680,71099.0,-31464.0,-39385.0,250.0,776352,0.23797734966862588,0.9009461530827167,0.09743776019125346,1.5213340910426996
736,IRCTC,2015,1059,907,152.0,14.0,82,0,20,214,39.0,131,13.0,20.0,808,20.0,424,0,718,1162,155,16,0,990,1162,444.0,681,69.0,-46.0,-17.0,6.0,1059,0.29504504504504503,0.0,0.14353163361661944,0.9113597246127366
737,IRCTC,2016,1367,1176,190.0,14.0,139,0,21,309,39.0,189,19.0,40.0,809,20.0,522,0,895,1437,159,14,0,1264,1437,542.0,682,288.0,7.0,-31.0,263.0,1367,0.34870848708487084,0.0,0.1389904901243599,0.9512874043145442
738,IRCTC,2017,1520,1206,314.0,21.0,67,3,22,355,35.0,229,11.0,49.0,810,40.0,747,0,1040,1826,170,17,0,1639,1826,787.0,683,338.0,94.0,-136.0,296.0,1520,0.2909783989834816,0.0,0.20657894736842106,0.8324205914567361
739,IRCTC,2018,1466,1192,274.0,19.0,99,3,24,346,36.0,221,11.0,21.0,811,40.0,915,0,1365,2319,190,8,0,2122,2319,955.0,684,24.0,40.0,-57.0,7.0,1466,0.23141361256544501,0.0,0.1869031377899045,0.6321690383786115
740,IRCTC,2019,1870,1487,383.0,20.0,126,2,29,479,36.0,309,4.0,98.0,812,160.0,911,0,1523,2594,182,40,0,2372,2594,1071.0,685,499.0,-353.0,-179.0,-33.0,1870,0.28851540616246496,0.0,0.20481283422459892,0.7208943716268311
741,IRCTC,2020,2264,1562,703.0,31.0,77,10,40,730,30.0,513,6.0,39.0,813,160.0,1154,0,1928,3241,285,16,0,2941,3241,1314.0,686,409.0,8.0,-280.0,137.0,2264,0.3904109589041096,0.0,0.31051236749116606,0.6985498302992903
742,IRCTC,2021,777,589,188.0,24.0,124,8,46,258,27.0,187,2.0,43.0,814,160.0,1296,79,1618,3153,311,24,0,2818,3153,1456.0,687,248.0,-453.0,-47.0,-252.0,777,0.12843406593406592,0.05425824175824176,0.24195624195624196,0.24643196955280686
743,IRCTC,2022,1879,1005,874.0,47.0,72,11,49,885,26.0,660,8.0,42.0,815,160.0,1710,105,1909,3884,335,26,0,3522,3884,1870.0,688,524.0,-242.0,-258.0,23.0,1879,0.35294117647058826,0.05614973262032086,0.4651410324640766,0.4837796086508754
744,IRCTC,2023,3541,2265,1276.0,36.0,148,16,54,1354,26.0,1006,13.0,44.0,816,160.0,2318,84,2526,5089,351,34,0,4704,5089,2478.0,689,812.0,-317.0,-434.0,61.0,3541,0.4059725585149314,0.03389830508474576,0.360350183563965,0.6958145018667715
745,IRCTC,2024,4270,2804,1466.0,34.0,106,19,57,1496,26.0,1111,14.0,47.0,817,160.0,3070,60,2801,6091,343,443,0,5306,6091,3230.0,690,882.0,-215.0,-404.0,262.0,4270,0.34396284829721363,0.018575851393188854,0.3433255269320843,0.7010343129207027
745,IRCTC,2024,4270,2804,1466.0,34.0,106,19,57,1496,26.0,1111,14.0,47.0,818,160.0,3363,42,3234,6800,314,466,15,6005,6800,3523.0,690,882.0,-215.0,-404.0,262.0,4270,0.31535623048538175,0.011921657678115243,0.3433255269320843,0.6279411764705882
750,IRFC,2016,7507,38,7468.0,99.0,1,5519,0,1950,56.0,849,188.0,40.0,822,4526.0,6999,87503,9372,108400,12,0,8,108381,108400,11525.0,691,-16378.0,2.0,17582.0,1206.0,7507,0.07366594360086767,7.592451193058569,0.9948048488077794,0.06925276752767527
751,IRFC,2017,9047,26,9021.0,100.0,0,6888,0,2133,56.0,934,143.0,40.0,823,6526.0,5483,106395,11245,129650,12,0,8,129630,129650,12009.0,692,-19455.0,2.0,18250.0,-1204.0,9047,0.077775002081772,8.85960529602798,0.9971261191555212,0.06978017740069417
752,IRFC,2018,9267,38,9229.0,100.0,1,6638,0,2592,21.0,2055,3.0,18.0,824,6526.0,7402,134006,13534,161468,11,0,14,161443,161468,13928.0,693,-28076.0,2.0,28075.0,0.0,9267,0.14754451464675475,9.621338311315336,0.9958994280781267,0.057392176778061285
753,IRFC,2019,11134,48,11085.0,100.0,0,8183,0,2902,22.0,2255,2.0,18.0,825,9380.0,15648,173933,7642,206604,11,0,13,206579,206604,25028.0,694,-41748.0,1.0,41749.0,3.0,11134,0.09009908902029727,6.94953651909861,0.9955990659241961,0.05389053454918588
754,IRFC,2020,13421,66,13355.0,100.0,0,10163,0,3192,0.0,3192,3.0,0.0,826,11880.0,18419,234377,10828,275504,11,0,12,275482,275504,30299.0,695,-62701.0,1.0,62697.0,-2.0,13421,0.10535001155153635,7.7354698174857255,0.9950823336562105,0.04871435623439224
755,IRFC,2021,15771,113,15657.0,99.0,0,11237,4,4416,0.0,4416,3.0,31.0,827,13069.0,22845,323145,21423,380482,45,0,12,380424,380482,35914.0,696,-89907.0,0.0,90202.0,296.0,15771,0.12296040541293089,8.997744612128974,0.9927715427049648,0.041450055455974265
756,IRFC,2022,20299,123,20177.0,99.0,2,14075,14,6090,0.0,6090,5.0,30.0,828,13069.0,27928,388440,20544,449980,38,0,10,449932,449980,40997.0,697,-64412.0,-5.0,64266.0,-151.0,20299,0.14854745469180672,9.474839622411396,0.9939898517168333,0.045110893817503
757,IRFC,2023,23722,134,23588.0,99.0,41,17447,14,6167,0.0,6167,5.0,32.0,829,13069.0,31612,418935,26744,490359,19,0,14,490326,490359,44681.0,698,-28588.0,0.0,28644.0,56.0,23722,0.13802287325708915,9.376133031937513,0.994351235140376,0.048376801486258024
758,IRFC,2024,26645,133,26513.0,100.0,10,20101,9,6412,0.0,6412,5.0,31.0,830,13069.0,36110,412039,23865,485082,22,4,54,485003,485082,49179.0,699,7914.0,-8.0,-8046.0,-140.0,26645,0.13038085361638097,8.378352548852153,0.9950459748545694,0.05492885738906
758,IRFC,2024,26645,133,26513.0,100.0,10,20101,9,6412,0.0,6412,5.0,31.0,831,13069.0,38396,403111,39773,494348,23,0,56,494269,494348,51465.0,699,7914.0,-8.0,-8046.0,-140.0,26645,0.12458952686291655,7.832721266880404,0.9950459748545694,0.05389927743209237
760,ITC,2013,31618,20398,11221.0,35.0,852,108,859,11106,31.0,7704,6.0,55.0,832,790.0,22368,102,12069,35329,12140,2062,5981,15146,35329,23158.0,700,7102.0,-3881.0,-3310.0,-90.0,31618,0.3326712151308403,0.0044045254339753,0.3548927825921943,0.8949588157038127
761,ITC,2014,35306,22227,13080.0,37.0,966,29,965,13052,31.0,9001,7.0,54.0,833,795.0,26442,242,13369,40848,12921,3117,7284,17526,40848,27237.0,701,7344.0,-3254.0,-4122.0,-32.0,35306,0.33046958181884933,0.00888497264750156,0.37047527332464736,0.8643262828045437
762,ITC,2015,38817,24566,14252.0,37.0,1229,91,1028,14362,32.0,9779,8.0,52.0,834,802.0,30934,269,13948,45952,15303,2700,6943,21006,45952,31736.0,702,9843.0,-5275.0,-4661.0,-93.0,38817,0.30813587093521555,0.008476178472397277,0.36715871911791226,0.844729282729805
763,ITC,2016,39192,24661,14531.0,37.0,1483,78,1077,14859,36.0,9501,8.0,73.0,835,805.0,41875,84,8888,51651,15107,2560,11748,22237,51651,42680.0,703,9799.0,-3921.0,-5613.0,266.0,39192,0.22261012183692597,0.0019681349578256793,0.3707644417228006,0.7587849218795377
764,ITC,2017,42768,27298,15470.0,36.0,1759,49,1153,16026,35.0,10477,8.0,56.0,836,1215.0,45198,46,9440,55898,15893,3730,17581,18694,55898,46413.0,704,10627.0,-3251.0,-7301.0,75.0,42768,0.2257341693060134,0.0009911016310085537,0.36171904227459784,0.7651078750581416
765,ITC,2018,43449,26928,16521.0,38.0,2240,115,1236,17409,34.0,11493,9.0,56.0,837,1220.0,51290,36,11695,64241,16524,5508,22053,20156,64241,52510.0,705,13169.0,-7114.0,-6221.0,-166.0,43449,0.21887259569605788,0.0006855836983431727,0.3802389007802251,0.6763437679986302
766,ITC,2019,48340,29802,18537.0,38.0,2080,71,1397,19150,33.0,12836,10.0,56.0,838,1226.0,57915,13,12585,71739,19374,4136,25043,23185,71739,59141.0,706,12583.0,-5546.0,-6869.0,169.0,48340,0.21704063171065757,0.00021981366564650582,0.3834712453454696,0.6738315281785361
767,ITC,2020,49388,30044,19344.0,39.0,2417,81,1645,20035,22.0,15593,12.0,82.0,839,1229.0,64044,277,11760,77311,21713,3256,28663,23678,77311,65273.0,707,14690.0,-6174.0,-8181.0,334.0,49388,0.2388889740015014,0.004243714859130115,0.39167409087227667,0.6388224185432863
768,ITC,2021,49257,32193,17065.0,35.0,2577,58,1646,17938,25.0,13383,11.0,101.0,840,1231.0,59116,271,13143,73761,23298,4011,24871,21580,73761,60347.0,708,12527.0,5740.0,-18634.0,-367.0,49257,0.2217674449434106,0.004490695477819941,0.3464482205574842,0.6677919225607029
769,ITC,2022,60645,40021,20623.0,34.0,1910,60,1732,20740,25.0,15503,12.0,93.0,841,1232.0,61223,249,14491,77196,24232,3226,24841,24898,77196,62455.0,709,15776.0,-2238.0,-13580.0,-43.0,60645,0.24822672324073333,0.003986870546793691,0.3400610108005606,0.7855976993626613
770,ITC,2023,70919,45215,25704.0,36.0,2098,78,1809,25915,25.0,19477,15.0,100.0,842,1243.0,67912,306,16370,85831,25851,3003,29415,27561,85831,69155.0,710,18878.0,-5732.0,-13006.0,139.0,70919,0.2816426867182416,0.004424842744559323,0.3624416587938352,0.8262632382239518
771,ITC,2024,70866,44634,26233.0,37.0,2804,80,1816,27140,24.0,20751,16.0,84.0,843,1248.0,73259,303,16944,91754,27820,2861,31114,29959,91754,74507.0,711,17179.0,1563.0,-18551.0,191.0,70866,0.27851074395694364,0.004066731984914169,0.370177518132814,0.7723477995509732
771,ITC,2024,70866,44634,26233.0,37.0,2804,80,1816,27140,24.0,20751,16.0,84.0,844,1251.0,74015,304,18501,94071,29492,1387,28409,34784,94071,75266.0,711,17179.0,1563.0,-18551.0,191.0,70866,0.2757021762814551,0.004039008317168443,0.370177518132814,0.7533246165130593
773,JINDALSTEL,2013,19807,13701,6106.0,31.0,333,1067,1539,3833,24.0,2952,31.0,5.0,1036,93.0,21159,24618,11202,57073,19429,19230,809,17605,57073,21252.0,712,3522.0,-9591.0,6111.0,43.0,19807,0.13890457368718237,1.1583850931677018,0.3082748523249356,0.3470467646698088
774,JINDALSTEL,2014,19286,13487,5799.0,30.0,349,1807,1829,2512,25.0,1896,21.0,7.0,1037,91.0,22519,36368,9935,68913,34989,17811,342,15771,68913,22610.0,713,4580.0,-12694.0,8879.0,766.0,19286,0.08385670057496683,1.6084918177797434,0.30068443430467695,0.27986011347641226
775,JINDALSTEL,2015,19401,13937,5464.0,28.0,-1399,2875,2733,-1543,-6.0,-1452,-14.0,0.0,1038,91.0,20951,45501,8994,75537,46643,9073,1785,18035,75537,21042.0,714,1182.0,-6717.0,5708.0,173.0,19401,-0.06900484744796122,2.162389506700884,0.28163496726972836,0.2568410183089082
776,JINDALSTEL,2016,19469,16032,3437.0,18.0,-79,3254,4068,-3964,-22.0,-3087,-32.0,0.0,1039,91.0,32345,46797,13166,92398,65038,11827,392,15142,92398,32436.0,715,4333.0,-2262.0,-2672.0,-601.0,19469,-0.09517203107658158,1.4427487976322604,0.17653705891417124,0.2107080239832031
777,JINDALSTEL,2017,21603,16894,4709.0,22.0,-362,3441,3949,-3043,-17.0,-2538,-25.0,0.0,1040,92.0,29959,45850,14674,90575,65932,9716,368,14559,90575,30051.0,716,6850.0,-1998.0,-5108.0,-256.0,21603,-0.08445642407906559,1.5257395760540415,0.21797898440031477,0.23850952249516974
778,JINDALSTEL,2018,33286,26817,6469.0,19.0,-584,3866,3883,-1864,-13.0,-1616,-15.0,0.0,1041,97.0,30288,42962,15884,89230,68450,4978,146,15657,89230,30385.0,717,7724.0,-1431.0,-6276.0,17.0,33286,-0.05318413690965937,1.413921342767813,0.1943459712792165,0.3730359744480556
779,JINDALSTEL,2019,46966,38553,8412.0,18.0,-1470,4264,5480,-2802,-14.0,-2412,-17.0,0.0,1042,97.0,31988,39559,17357,89001,69039,4027,150,15784,89001,32085.0,718,9027.0,-832.0,-8261.0,-67.0,46966,-0.07517531556802244,1.2329437431821724,0.17910829110420304,0.5277019359333042
780,JINDALSTEL,2020,37923,31092,6831.0,18.0,74,3768,3429,-291,37.0,-400,-1.0,0.0,1043,102.0,32035,36824,20780,89742,69381,3126,181,17055,89742,32137.0,719,8814.0,-1476.0,-7016.0,322.0,37923,-0.012446712512057753,1.1458443538600367,0.18012815441816313,0.4225780570970114
781,JINDALSTEL,2021,34579,23646,10933.0,32.0,313,2753,2414,6078,30.0,4267,36.0,0.0,1044,102.0,31713,29910,16116,77840,54349,1712,1156,20624,77840,31815.0,720,11961.0,-1884.0,-4612.0,5465.0,34579,0.13411912619833413,0.9401225836869401,0.3161745568119379,0.44423175745118193
782,JINDALSTEL,2022,51166,35650,15515.0,30.0,-1840,1888,2097,9690,30.0,6766,56.0,5.0,1045,101.0,35524,13502,27517,76644,45488,2538,470,28147,76644,35625.0,721,16048.0,-2331.0,-15120.0,-1403.0,51166,0.18992280701754385,0.37900350877192984,0.303228706562952,0.6675799801680496
783,JINDALSTEL,2023,53212,43270,9942.0,19.0,-539,1446,2691,5266,25.0,3974,31.0,6.0,1046,100.0,38606,13046,17674,69427,43542,7870,907,17108,69427,38706.0,722,7347.0,-4090.0,-2500.0,757.0,53212,0.10267142045160957,0.3370536867669095,0.18683755543862288,0.7664453310671641
784,JINDALSTEL,2024,50354,40153,10202.0,20.0,156,1294,2822,6241,5.0,5943,58.0,3.0,1047,100.0,44216,16472,17888,78676,48384,9611,819,19862,78676,44316.0,723,6008.0,-8344.0,1381.0,-955.0,50354,0.13410506363390198,0.3716941962270963,0.20260555268697622,0.6400172860847018
784,JINDALSTEL,2024,50354,40153,10202.0,20.0,156,1294,2822,6241,5.0,5943,58.0,3.0,1048,101.0,47240,17266,18163,82771,49332,12418,863,20158,82771,47341.0,723,6008.0,-8344.0,1381.0,-955.0,50354,0.125536004731628,0.3647155742379755,0.20260555268697622,0.6083531671720772
786,JIOFIN,2023,45,6,39.0,88.0,10,0,0,49,37.0,31,0.0,0.0,1033,2.0,114118,743,66,114930,158,38,108141,6593,114930,114120.0,724,2055.0,-1110.0,-889.0,56.0,45,0.00027164388363126534,0.006510690501226779,0.8666666666666667,0.00039154267815191856
787,JIOFIN,2024,1855,296,1559.0,84.0,429,10,22,1956,18.0,1605,3.0,0.0,1034,6353.0,132794,0,5715,144863,172,3,133292,11395,144863,139147.0,725,-678.0,1441.0,-753.0,11.0,1855,0.01153456416595399,0.0,0.8404312668463612,0.012805202156520298
787,JIOFIN,2024,1855,296,1559.0,84.0,429,10,22,1956,18.0,1605,3.0,0.0,1035,6353.0,130791,0,7078,144222,171,0,137439,6613,144222,137144.0,725,-678.0,1441.0,-753.0,11.0,1855,0.011703027474771043,0.0,0.8404312668463612,0.01286211534994661
789,JSWENERGY,2013,8870,6069,2801.0,32.0,9,963,662,1186,23.0,901,6.0,36.0,1020,1640.0,4564,10377,3798,20378,13925,977,955,4521,20378,6204.0,726,1725.0,-944.0,-684.0,96.0,8870,0.14522888459058672,1.6726305609284333,0.31578354002254794,0.43527333398763374
790,JSWENERGY,2014,8648,5394,3255.0,38.0,-179,1206,810,1060,27.0,760,5.0,43.0,1021,1640.0,4931,10106,2567,19244,13635,615,888,4107,19244,6571.0,727,2269.0,-363.0,-1859.0,48.0,8648,0.11565971693806118,1.5379698676000608,0.37638760407030525,0.4493868218665558
791,JSWENERGY,2015,9347,5723,3624.0,39.0,196,1137,790,1892,27.0,1358,8.0,24.0,1022,1640.0,5878,9294,2608,19420,13191,454,1619,4157,19420,7518.0,728,3394.0,-422.0,-2327.0,645.0,9347,0.18063314711359404,1.2362330407023145,0.387717984380015,0.48130792996910404
792,JSWENERGY,2016,9824,5796,4029.0,41.0,340,1498,854,2017,28.0,1460,9.0,22.0,1023,1627.0,8077,14862,3973,28539,20298,321,1012,6908,28539,9704.0,729,3538.0,-3272.0,-1622.0,-1357.0,9824,0.15045342126957956,1.5315333882934872,0.41011807817589574,0.3442307018465959
793,JSWENERGY,2017,8263,4939,3324.0,40.0,221,1685,969,892,30.0,623,4.0,13.0,1024,1628.0,8741,14349,3672,28389,19491,531,1579,6789,28389,10369.0,730,3853.0,-762.0,-2595.0,496.0,8263,0.060082939531295204,1.3838364355289807,0.40227520271087985,0.2910634400648138
794,JSWENERGY,2018,8049,5336,2713.0,34.0,47,1456,966,338,75.0,85,0.0,0.0,1025,1640.0,9470,11883,3728,26721,18877,294,2415,5135,26721,11110.0,731,3934.0,-215.0,-3968.0,-249.0,8049,0.00765076507650765,1.0695769576957697,0.3370605044104858,0.30122375659593575
795,JSWENERGY,2019,9138,6283,2855.0,31.0,398,1192,1164,897,24.0,684,4.0,24.0,1026,1641.0,10181,10555,3549,25926,17825,400,2451,5251,25926,11822.0,732,2491.0,-55.0,-2523.0,-87.0,9138,0.057858230417864996,0.8928269328370834,0.31243160428977895,0.3524647072436936
796,JSWENERGY,2020,8273,5316,2957.0,36.0,376,1051,1738,544,6.0,1081,7.0,15.0,1027,1642.0,10004,9840,3445,24931,16713,391,1854,5974,24931,11646.0,733,2082.0,301.0,-1962.0,421.0,8273,0.09282156963764382,0.844925296239052,0.35742777710624923,0.3318358669929004
797,JSWENERGY,2021,6922,4009,2913.0,42.0,248,896,1167,1099,25.0,823,5.0,41.0,1028,1642.0,12865,8371,3328,26207,15637,473,4052,6045,26207,14507.0,734,3700.0,-1030.0,-2515.0,155.0,6922,0.056731233197766594,0.5770317777624595,0.4208321294423577,0.2641279047582707
798,JSWENERGY,2022,8167,4596,3572.0,44.0,575,777,1131,2238,22.0,1743,11.0,19.0,1029,1640.0,15775,8943,4157,30514,14831,2091,6623,6970,30514,17415.0,735,2952.0,-1387.0,-781.0,784.0,8167,0.10008613264427219,0.5135228251507321,0.4373699032692543,0.2676476371501606
799,JSWENERGY,2023,10332,7050,3282.0,32.0,674,844,1169,1943,24.0,1480,9.0,22.0,1030,1641.0,16988,25051,4737,48417,25020,4788,6033,12576,48417,18629.0,736,2084.0,-6778.0,7327.0,2634.0,10332,0.07944602501476193,1.3447313328681088,0.31765389082462253,0.2133961211971002
800,JSWENERGY,2024,11486,6104,5382.0,47.0,472,2053,1633,2167,20.0,1725,10.0,19.0,1031,1641.0,19191,31573,5362,57767,28946,10285,7035,11501,57767,20832.0,737,6234.0,-8197.0,1675.0,-289.0,11486,0.08280529953917051,1.5156009984639016,0.4685704335713042,0.19883324389357246
800,JSWENERGY,2024,11486,6104,5382.0,47.0,472,2053,1633,2167,20.0,1725,10.0,19.0,1032,1745.0,26226,30853,6108,64932,31573,10410,10101,12847,64932,27971.0,737,6234.0,-8197.0,1675.0,-289.0,11486,0.06167101640985306,1.1030352865467805,0.4685704335713042,0.17689274933776875
802,JSWSTEEL,2013,38210,31698,6512.0,17.0,-307,1967,2237,1999,42.0,929,4.0,30.0,1007,284.0,16781,21625,18823,57513,34717,5898,1750,15148,57513,17065.0,738,5844.0,-5433.0,-791.0,-380.0,38210,0.05443891004980955,1.2672135950776442,0.17042658989793247,0.6643715333924504
803,JSWSTEEL,2014,51220,42051,9169.0,18.0,-1630,3048,3183,1308,70.0,402,2.0,74.0,1008,303.0,20871,35527,20939,77640,47046,9400,663,20531,77640,21174.0,739,2594.0,-5618.0,3300.0,276.0,51220,0.018985548313969963,1.6778596391801266,0.1790121046466224,0.6597114889232355
804,JSWSTEEL,2015,52972,43608,9364.0,18.0,103,3493,3434,2539,32.0,1722,7.0,19.0,1009,303.0,21987,38754,24610,85654,52176,8265,599,24613,85654,22290.0,740,7876.0,-7372.0,-169.0,334.0,52972,0.07725437415881561,1.7386271870794079,0.176772634599411,0.6184416372848903
805,JSWSTEEL,2016,41546,35124,6422.0,15.0,-1966,3601,3323,-2468,-80.0,-481,-1.0,-67.0,1010,301.0,18665,42204,20737,81907,56140,7271,1195,17302,81907,18966.0,741,6897.0,-3857.0,-3151.0,-111.0,41546,-0.025361172624696827,2.225245175577349,0.15457565108554375,0.5072338139597348
806,JSWSTEEL,2017,55604,43296,12308.0,22.0,18,3768,3430,5128,33.0,3467,15.0,19.0,1011,301.0,22346,43334,22024,88005,58730,4363,1366,23546,88005,22647.0,742,7888.0,-5094.0,-2710.0,84.0,55604,0.1530887093213229,1.9134543206605732,0.22135098194374506,0.6318277370603943
807,JSWSTEEL,2018,71933,57017,14916.0,21.0,-177,3701,3387,7651,20.0,6113,26.0,16.0,1012,302.0,27696,39393,24579,91970,57848,5950,1469,26703,91970,27998.0,743,12379.0,-4529.0,-8185.0,-335.0,71933,0.2183370240731481,1.4069933566683335,0.20735962631893567,0.7821354789605306
808,JSWSTEEL,2019,84757,65827,18930.0,22.0,196,3917,4041,11168,33.0,7524,32.0,16.0,1013,301.0,34494,47396,32606,114797,62644,11889,1894,38370,114797,34795.0,744,14633.0,-11387.0,1753.0,4999.0,84757,0.21623796522488864,1.3621497341572064,0.22334438453461072,0.7383206878228525
809,JSWSTEEL,2020,73326,61513,11813.0,16.0,-289,4265,4246,3013,-30.0,3919,17.0,15.0,1014,301.0,36298,61423,33798,131820,62085,27191,1259,41285,131820,36599.0,745,12785.0,-19589.0,5189.0,-1615.0,73326,0.10707942839968305,1.678269898084647,0.161102473883752,0.5562585343650432
810,JSWSTEEL,2021,79839,59661,20178.0,25.0,473,3957,4679,12015,34.0,7873,33.0,25.0,1015,302.0,46462,62392,39161,148317,64917,32566,8581,42253,148317,46764.0,746,18789.0,-7702.0,-3110.0,7977.0,79839,0.16835600034214354,1.3341886921563595,0.25273362642317665,0.5382997228908352
811,JSWSTEEL,2022,146371,107257,39114.0,27.0,1600,4968,6001,29745,30.0,20938,85.0,25.0,1016,301.0,66996,72237,56951,196485,99880,16905,4940,74760,196485,67297.0,747,26270.0,-14748.0,-14657.0,-3135.0,146371,0.31112828209281246,1.0734059467732588,0.26722506507436583,0.7449474514593989
812,JSWSTEEL,2023,165960,147490,18470.0,11.0,1561,6902,7474,5655,27.0,4139,17.0,25.0,1017,301.0,65394,80853,63991,210539,104452,22166,4806,79115,210539,65695.0,748,23323.0,-10730.0,-5977.0,6616.0,165960,0.06300327269959662,1.2307329324910572,0.11129187756085804,0.7882625071839422
813,JSWSTEEL,2024,175006,146849,28157.0,16.0,1500,8105,8172,13380,33.0,8973,36.0,25.0,1018,305.0,77364,87984,62245,227898,112461,29676,7246,78515,227898,77669.0,749,12078.0,-14467.0,-5005.0,-7394.0,175006,0.115528718021347,1.1328071688833383,0.16089162657280323,0.7679137157851319
813,JSWSTEEL,2024,175006,146849,28157.0,16.0,1500,8105,8172,13380,33.0,8973,36.0,25.0,1019,305.0,79361,95258,58244,233168,114294,29555,10740,78579,233168,79666.0,749,12078.0,-14467.0,-5005.0,-7394.0,175006,0.11263274169658323,1.1957171189717068,0.16089162657280323,0.7505575379125781
815,KOTAKBANK,2013,10838,6024,6603.0,-1789.0,-17,5112,179,3144,30.0,2238,15.0,2.0,995,373.0,14894,85561,15006,115835,620,0,40907,74308,115835,15267.0,750,2878.0,-9035.0,7099.0,942.0,10838,0.14659068579288662,5.60430994956442,0.6092452482007751,0.09356412137954849
816,KOTAKBANK,2014,11986,6312,7053.0,-1379.0,-12,5282,208,3695,32.0,2527,16.0,2.0,996,385.0,18699,85937,17176,122197,1264,0,38791,82142,122197,19084.0,751,9068.0,-1130.0,-5814.0,2125.0,11986,0.132414588136659,4.503091595053448,0.5884365092608043,0.09808751442343101
817,KOTAKBANK,2015,13319,6966,9718.0,-3366.0,-25,8152,237,4550,33.0,3105,20.0,2.0,997,386.0,21770,104258,22049,148464,1385,0,45589,101490,148464,22156.0,752,2302.0,-4467.0,2426.0,260.0,13319,0.14014262502256725,4.70563278570139,0.7296343569337037,0.08971198405000538
818,KOTAKBANK,2016,20402,11123,11541.0,-2263.0,-11,7631,345,5024,32.0,3524,19.0,3.0,998,917.0,32447,179679,27761,240804,1761,0,70274,168769,240804,33364.0,753,5025.0,-2353.0,2024.0,4696.0,20402,0.10562282699916077,5.38541541781561,0.5656798353102637,0.08472450623743792
819,KOTAKBANK,2017,22324,11458,14832.0,-3965.0,-18,11660,362,7332,32.0,5019,27.0,2.0,999,920.0,37572,205230,32465,276188,1759,0,68462,205967,276188,38492.0,754,13222.0,-5289.0,6055.0,13989.0,22324,0.1303907305414112,5.331757248259379,0.66439706145852,0.08082900053586688
820,KOTAKBANK,2018,25131,12467,16805.0,-4141.0,-16,13682,383,9158,33.0,6258,33.0,2.0,1000,953.0,49535,249840,37392,337720,2543,0,90977,244201,337720,50488.0,755,-10392.0,-5475.0,14679.0,-1188.0,25131,0.12395024560291554,4.948502614482649,0.6686960327881899,0.07441371550396779
821,KOTAKBANK,2019,29831,15187,19758.0,-5114.0,-17,16148,458,10576,33.0,7204,38.0,2.0,1001,954.0,56827,291763,45626,395171,2697,0,103487,288987,395171,57781.0,756,1822.0,-3323.0,8365.0,6864.0,29831,0.12467766220729998,5.049462626122774,0.662331132043847,0.07548883900893537
822,KOTAKBANK,2020,33474,15901,22578.0,-5005.0,-15,16892,465,11422,25.0,8593,45.0,0.0,1002,957.0,65680,326477,50059,443173,2675,0,111197,329301,443173,66637.0,757,46619.0,-13068.0,-735.0,32815.0,33474,0.1289523838107958,4.899335204165854,0.6744936368524825,0.07553257982774221
823,KOTAKBANK,2021,32820,12967,29812.0,-9958.0,-30,23588,461,13168,25.0,9990,50.0,2.0,1003,991.0,83348,327110,67405,478854,2554,0,156946,319355,478854,84339.0,758,4881.0,-11172.0,-10072.0,-16363.0,32820,0.11845053889659587,3.878514091938486,0.9083485679463742,0.06853863599343432
824,KOTAKBANK,2022,33741,11554,30699.0,-8512.0,-25,24941,480,15948,25.0,12089,61.0,2.0,1004,992.0,95673,365747,84086,546498,2723,0,164529,379245,546498,96665.0,759,8308.0,-10903.0,7543.0,4949.0,33741,0.1250607769099467,3.783654890601562,0.9098426246999199,0.061740390632719605
825,KOTAKBANK,2023,42151,14411,33485.0,-5746.0,-14,25991,599,19646,25.0,14925,75.0,2.0,1005,993.0,110821,418807,89809,620430,3075,0,195338,422017,620430,111814.0,760,-1242.0,-10381.0,1883.0,-9740.0,42151,0.13348060171356002,3.745568533457349,0.7944058266707789,0.06793836532727301
826,KOTAKBANK,2024,56237,22567,47052.0,-13382.0,-24,38037,792,23863,25.0,18213,92.0,2.0,1006,994.0,128978,520374,117321,767667,3510,0,246446,517711,767667,129972.0,761,15685.0,-8919.0,15515.0,22281.0,56237,0.14013018188532914,4.003739266919029,0.8366733645109092,0.07325702420450533
828,LICI,2019,571508,565587,5920.0,1.0,2615,0,336,8199,68.0,2627,0.0,2.0,988,100.0,710,269401,3157039,3427249,25194,710,2900287,501059,3427249,810.0,762,13274.0,9636.0,-13700.0,9210.0,571508,3.24320987654321,332.59382716049384,0.010358560160137741,0.16675415179930025
829,LICI,2020,628043,634989,-6947.0,-1.0,20870,0,379,13544,80.0,2710,0.0,2.0,989,100.0,902,253414,3245419,3499834,28216,734,2976100,494784,3499834,1002.0,763,54367.0,-40415.0,-18664.0,-4712.0,628043,2.7045908183632736,252.90818363273453,-0.011061344525772917,0.1794493681700332
830,LICI,2021,690914,691166,-252.0,0.0,12820,0,417,12151,76.0,2974,7.0,0.0,990,100.0,6784,4,3822637,3829524,17723,148,3517445,294208,3829524,6884.0,764,80602.0,148447.0,-256125.0,-27077.0,690914,0.43201626961069145,0.0005810575246949448,-0.0003647342505724301,0.18041772293371186
831,LICI,2022,723606,720280,3326.0,0.0,9248,0,436,12138,66.0,4125,57.0,23.0,991,6325.0,5013,1,4242719,4254059,17770,199,3926212,309878,4254059,11338.0,765,-3783.0,12531.0,0.0,8748.0,723606,0.3638207796789557,8.819897689186806e-05,0.004596424020806903,0.17009778190664493
832,LICI,2023,784628,750420,34207.0,4.0,7800,77,466,41463,13.0,35997,65.0,5.0,992,6325.0,39908,0,4532258,4578491,20473,331,4243008,314678,4578491,46233.0,766,54519.0,-52848.0,-949.0,722.0,784628,0.778599701511907,0.0,0.043596455900120824,0.17137262036771503
833,LICI,2024,845966,813188,32779.0,4.0,14829,128,466,47014,13.0,40916,66.0,15.0,993,6325.0,76422,0,5233300,5316047,20667,403,4976133,318844,5316047,82747.0,767,26122.0,-25269.0,-4427.0,-3574.0,845966,0.49447109865010214,0.0,0.0387474201090824,0.15913440945875762
833,LICI,2024,845966,813188,32779.0,4.0,14829,128,466,47014,13.0,40916,66.0,15.0,994,6325.0,91312,10,5621474,5719121,4197,0,5413779,301145,5719121,97637.0,767,26122.0,-25269.0,-4427.0,-3574.0,845966,0.4190624455892746,0.00010242018906766902,0.0387474201090824,0.14791888473770706
838,LODHA,2016,8249,6123,2126.0,26.0,510,988,450,1198,41.0,703,16.0,0.0,978,108.0,3865,13835,13173,30981,1899,176,611,28295,30981,3973.0,777,387.0,-854.0,330.0,-137.0,8249,0.17694437452806444,3.4822552227535866,0.25772820947993696,0.26625996578548144
839,LODHA,2017,7926,6313,1614.0,20.0,584,736,460,1001,42.0,584,13.0,0.0,979,113.0,3920,16183,13715,33931,1753,109,1180,30888,33931,4033.0,778,1469.0,-1174.0,-312.0,-16.0,7926,0.14480535581453013,4.012645673196132,0.2036336109008327,0.23359170080457398
840,LODHA,2018,9677,7995,1682.0,17.0,285,390,395,1182,33.0,794,10.0,0.0,980,396.0,4756,22616,12483,40251,2197,6,1384,36664,40251,5152.0,779,696.0,-651.0,24.0,69.0,9677,0.15411490683229814,4.3897515527950315,0.17381419861527334,0.2404163871705051
841,LODHA,2019,11907,8728,3179.0,27.0,72,568,194,2489,34.0,1644,21.0,0.0,981,396.0,3445,25641,20382,49864,2139,6,1405,46314,49864,3841.0,780,-463.0,-175.0,736.0,97.0,11907,0.4280135381411091,6.675605311116897,0.26698580666834637,0.23878950746029198
842,LODHA,2020,12443,10526,1917.0,15.0,119,740,292,1003,26.0,742,9.0,0.0,982,396.0,4156,18423,17717,40693,2021,6,1553,37112,40693,4552.0,781,3772.0,182.0,-4188.0,-234.0,12443,0.16300527240773285,4.047231985940246,0.15406252511452223,0.30577740643353896
843,LODHA,2021,5449,4066,1383.0,25.0,-140,1136,73,33,-44.0,48,1.0,0.0,983,396.0,4203,18193,16516,39308,1946,6,1579,35776,39308,4599.0,782,2524.0,420.0,-2835.0,109.0,5449,0.010437051532941943,3.9558599695586,0.2538080381721417,0.13862318103185103
844,LODHA,2022,9233,7047,2186.0,24.0,293,688,75,1716,30.0,1208,12.0,20.0,984,482.0,11624,11537,14763,38404,1923,0,574,35908,38404,12106.0,783,1998.0,1139.0,-2888.0,250.0,9233,0.09978523046423261,0.9529985131339831,0.23675944979963176,0.24041766482658056
845,LODHA,2023,9470,7406,2064.0,22.0,-1037,482,93,452,-8.0,490,5.0,14.0,985,482.0,12181,9060,17399,39122,1828,0,246,37048,39122,12663.0,784,2750.0,1789.0,-3706.0,834.0,9470,0.038695411829740185,0.7154702677090736,0.21795142555438227,0.24206328919789377
846,LODHA,2024,10316,7651,2665.0,26.0,48,482,204,2028,23.0,1554,16.0,0.0,986,994.0,16475,7698,22031,47198,1169,4,2500,43524,47198,17469.0,785,2512.0,-2947.0,951.0,516.0,10316,0.08895758200240426,0.4406663232010991,0.25833656455990694,0.21856858341455146
846,LODHA,2024,10316,7651,2665.0,26.0,48,482,204,2028,23.0,1554,16.0,0.0,987,995.0,17189,7990,21211,47385,1264,0,1460,44661,47385,18184.0,785,2512.0,-2947.0,951.0,516.0,10316,0.08545974483062033,0.43939727232732073,0.25833656455990694,0.2177060251134325
848,LT,2013,74426,63032,11394.0,15.0,2523,4642,1637,7638,31.0,5291,38.0,22.0,962,16.0,1323,234,756,2328,699,142,49,1438,2328,1339.0,786,-4355.0,-6922.0,11429.0,152.0,74426,3.9514563106796117,0.17475728155339806,0.15309166151613685,31.969931271477662
849,LT,2014,85054,70968,14086.0,17.0,1337,6494,1446,7483,35.0,4885,35.0,27.0,963,16.0,1594,110,945,2666,649,57,169,1791,2666,1610.0,787,-7143.0,-5510.0,13136.0,483.0,85054,3.0341614906832297,0.06832298136645963,0.16561243445340607,31.903225806451612
850,LT,2015,91929,76245,15684.0,17.0,1422,7266,2623,7217,31.0,4966,34.0,32.0,964,16.0,2010,218,734,2978,683,25,104,2166,2978,2026.0,788,-1365.0,-4778.0,7903.0,1759.0,91929,2.451135241855874,0.10760118460019744,0.1706099272264465,30.869375419744795
851,LT,2016,101122,85637,15486.0,15.0,1219,6899,1787,8020,30.0,4592,31.0,40.0,965,17.0,2108,55,958,3137,638,20,43,2437,3137,2125.0,789,-3240.0,-4627.0,7253.0,-613.0,101122,2.160941176470588,0.02588235294117647,0.15314174956982654,32.23525661459993
852,LT,2017,109312,92691,16620.0,15.0,1466,6829,2370,8887,23.0,6486,43.0,22.0,966,17.0,3127,0,1273,4417,542,1,941,2934,4417,3144.0,790,6655.0,-9796.0,2896.0,-245.0,109312,2.062977099236641,0.0,0.1520418618266979,24.748019017432647
853,LT,2018,119683,99572,20111.0,17.0,1465,7714,2223,11639,27.0,8004,53.0,30.0,967,17.0,3843,0,1477,5337,681,7,1264,3385,5337,3860.0,791,-10031.0,3914.0,9370.0,3254.0,119683,2.073575129533679,0.0,0.168035560605934,22.42514521266629
854,LT,2019,135220,112354,22866.0,17.0,2701,9339,1923,14305,28.0,10217,63.0,28.0,968,17.0,4876,0,1770,6664,930,12,1740,3982,6664,4893.0,792,-4756.0,-11023.0,15440.0,-338.0,135220,2.0880850194154914,0.0,0.16910220381600355,20.29111644657863
855,LT,2020,145452,120899,24553.0,17.0,3015,11021,2462,14086,23.0,10894,68.0,26.0,969,17.0,5387,912,2499,8815,1920,59,2219,4617,8815,5404.0,793,6694.0,-8408.0,6372.0,4658.0,145452,2.0159141376757956,0.1687638786084382,0.16880482908450897,16.500510493477027
856,LT,2021,135979,112519,23460.0,17.0,8111,11750,2904,16918,24.0,12921,82.0,44.0,970,18.0,7286,798,2604,10706,1906,66,3730,5004,10706,7304.0,794,23074.0,-5750.0,-15274.0,2049.0,135979,1.7690306681270536,0.1092552026286966,0.17252664014296326,12.701195591257239
857,LT,2022,156521,132207,24314.0,16.0,2364,9235,2948,14495,29.0,10419,62.0,36.0,971,30.0,14258,258,6027,20572,3473,503,6048,10548,20572,14288.0,795,19164.0,-3585.0,-15181.0,397.0,156521,0.7292133258678611,0.018057110862262037,0.155340177995285,7.608448376433988
858,LT,2023,183341,156175,27166.0,15.0,2891,9445,3502,17109,26.0,12531,75.0,32.0,972,30.0,16562,1541,5348,23481,3679,902,5458,13442,23481,16592.0,796,22777.0,-8048.0,-11572.0,3156.0,183341,0.7552434908389586,0.09287608486017358,0.14817198553515035,7.8080575784676975
859,LT,2024,221113,191248,29865.0,14.0,3847,9512,3682,20517,24.0,15547,95.0,36.0,973,30.0,19988,2071,5456,27544,4981,551,8744,13269,27544,20018.0,797,18266.0,2179.0,-25413.0,-4968.0,221113,0.7766510140873214,0.10345688880007993,0.13506668535997432,8.027628521638107
859,LT,2024,221113,191248,29865.0,14.0,3847,9512,3682,20517,24.0,15547,95.0,36.0,974,30.0,21045,2326,5361,28761,5450,498,9664,13149,28761,21075.0,797,18266.0,2179.0,-25413.0,-4968.0,221113,0.7376986951364175,0.11036773428232503,0.13506668535997432,7.68794548172873
861,LTIM,2013,3851,2981,870.0,23.0,22,21,123,749,25.0,562,174.0,54.0,949,16.0,1323,234,756,2328,699,142,49,1438,2328,1339.0,798,608.0,-224.0,-396.0,-13.0,3851,0.4197162061239731,0.17475728155339806,0.22591534666320437,1.654209621993127
862,LTIM,2014,4920,3773,1147.0,23.0,217,31,130,1204,17.0,996,309.0,55.0,950,16.0,1594,110,945,2666,649,57,169,1791,2666,1610.0,799,628.0,180.0,-769.0,40.0,4920,0.6186335403726708,0.06832298136645963,0.233130081300813,1.8454613653413354
863,LTIM,2015,4978,3973,1005.0,20.0,99,10,158,936,18.0,769,238.0,63.0,951,16.0,2010,218,734,2978,683,25,104,2166,2978,2026.0,800,642.0,-103.0,-497.0,42.0,4978,0.37956564659427444,0.10760118460019744,0.2018883085576537,1.671591672263264
864,LTIM,2016,5846,4819,1028.0,18.0,187,6,174,1035,19.0,836,49.0,72.0,952,17.0,2108,55,958,3137,638,20,43,2437,3137,2125.0,801,858.0,-40.0,-817.0,2.0,5846,0.39341176470588235,0.02588235294117647,0.17584673280875812,1.8635639145680587
865,LTIM,2017,6501,5271,1230.0,19.0,187,3,178,1236,21.0,971,57.0,29.0,953,17.0,3127,0,1273,4417,542,1,941,2934,4417,3144.0,802,1170.0,-961.0,-33.0,176.0,6501,0.30884223918575066,0.0,0.18920166128287955,1.4718134480416571
866,LTIM,2018,7306,6119,1187.0,16.0,426,16,156,1442,23.0,1112,65.0,33.0,954,17.0,3843,0,1477,5337,681,7,1264,3385,5337,3860.0,803,844.0,-452.0,-408.0,-16.0,7306,0.28808290155440414,0.0,0.1624692033944703,1.3689338579726438
867,LTIM,2019,9446,7562,1883.0,20.0,302,11,147,2028,25.0,1516,87.0,32.0,955,17.0,4876,0,1770,6664,930,12,1740,3982,6664,4893.0,804,1395.0,-749.0,-594.0,52.0,9446,0.3098303699162068,0.0,0.19934363751852635,1.4174669867947178
868,LTIM,2020,10879,8849,2029.0,19.0,329,83,273,2003,24.0,1520,87.0,32.0,956,17.0,5387,912,2499,8815,1920,59,2219,4617,8815,5404.0,805,1644.0,-643.0,-890.0,110.0,10879,0.28127313101406365,0.1687638786084382,0.18650611269418146,1.2341463414634146
869,LTIM,2021,12370,9645,2725.0,22.0,274,79,332,2588,25.0,1938,111.0,36.0,957,18.0,7286,798,2604,10706,1906,66,3730,5004,10706,7304.0,806,2400.0,-1657.0,-509.0,234.0,12370,0.2653340635268346,0.1092552026286966,0.22029102667744543,1.1554268634410612
870,LTIM,2022,26109,20860,5249.0,20.0,766,123,597,5294,25.0,3950,225.0,41.0,958,30.0,14258,258,6027,20572,3473,503,6048,10548,20572,14288.0,807,3251.0,-1643.0,-1680.0,-73.0,26109,0.27645576707726766,0.018057110862262037,0.20104178635719483,1.2691522457709508
871,LTIM,2023,33183,27075,6108.0,18.0,557,150,723,5792,24.0,4410,149.0,40.0,959,30.0,16562,1541,5348,23481,3679,902,5458,13442,23481,16592.0,808,3095.0,-271.0,-1932.0,892.0,33183,0.2657907425265188,0.09287608486017358,0.1840701564053883,1.4131851284016865
872,LTIM,2024,35517,29130,6387.0,18.0,702,222,819,6049,24.0,4585,155.0,42.0,960,30.0,19988,2071,5456,27544,4981,551,8744,13269,27544,20018.0,809,5670.0,-3918.0,-2269.0,-518.0,35517,0.22904386052552703,0.10345688880007993,0.17982937748120617,1.2894641301190821
872,LTIM,2024,35517,29130,6387.0,18.0,702,222,819,6049,24.0,4585,155.0,42.0,961,30.0,21045,2326,5361,28761,5450,498,9664,13149,28761,21075.0,809,5670.0,-3918.0,-2269.0,-518.0,35517,0.21755634638196916,0.11036773428232503,0.17982937748120617,1.2349014290184626
874,M&M,2013,68693,59578,9116.0,13.0,841,2297,2080,5580,35.0,4129,33.0,19.0,936,295.0,19666,28711,27460,76131,18307,1631,6440,49752,76131,19961.0,810,-922.0,-2903.0,4508.0,684.0,68693,0.20685336405991683,1.438354791844096,0.13270638929730832,0.9022999829241701
875,M&M,2014,74001,63830,10170.0,14.0,773,2954,2170,5820,26.0,5154,38.0,18.0,937,295.0,23012,35167,29415,87889,18381,2191,8082,59234,87889,23307.0,811,-244.0,-4524.0,5577.0,810.0,74001,0.22113528124597762,1.5088599991418887,0.13743057526249644,0.8419825006542343
876,M&M,2015,71448,62655,8793.0,12.0,800,3157,2124,4313,40.0,3381,25.0,23.0,938,296.0,25561,37911,30608,94376,19047,3032,10027,62270,94376,25857.0,812,1055.0,-4357.0,1669.0,-1633.0,71448,0.13075762849518505,1.4661793711567468,0.12306852536110179,0.7570568788675087
877,M&M,2016,75841,65759,10082.0,13.0,1399,3368,2442,5672,37.0,3554,25.0,21.0,939,270.0,26222,41553,31806,99852,20585,2371,11603,65293,99852,26492.0,813,2385.0,-5506.0,2967.0,-154.0,75841,0.1341537067794051,1.5685112486788464,0.13293601086483564,0.7595341104835156
878,M&M,2017,83773,73038,10735.0,13.0,2077,3647,2813,6350,36.0,4051,30.0,22.0,940,311.0,29467,48762,35296,113835,20989,4279,14662,73905,113835,29778.0,814,183.0,-5875.0,6108.0,416.0,83773,0.13604002955201827,1.6375176304654442,0.1281439127165077,0.7359160187991391
879,M&M,2018,92094,78868,13226.0,14.0,4366,3987,3280,10326,23.0,7958,60.0,11.0,941,543.0,36232,55898,43696,136369,26182,4269,16018,89900,136369,36775.0,815,682.0,-5467.0,6314.0,1529.0,92094,0.2163970088375255,1.52,0.14361413338545398,0.675329437042143
880,M&M,2019,104721,89514,15207.0,15.0,2676,5021,3991,8871,32.0,6017,43.0,17.0,942,544.0,39439,70848,51057,161889,28983,4760,18268,109878,161889,39983.0,816,-4347.0,-7174.0,13194.0,1672.0,104721,0.150488957807068,1.771953080059025,0.1452144269057782,0.6468691510850026
881,M&M,2020,75382,65224,10158.0,13.0,885,6021,3367,1655,99.0,-321,1.0,205.0,943,554.0,39415,82092,43655,165716,29689,6856,19210,109960,165716,39969.0,817,-1457.0,-6870.0,6933.0,-1394.0,75382,-0.008031224198754034,2.053891766118742,0.1347536547186331,0.4548866735861353
882,M&M,2021,74278,62791,11487.0,15.0,1152,6102,3378,3158,52.0,1512,15.0,54.0,944,555.0,41027,80625,42762,164968,21380,7873,28778,106938,164968,41582.0,818,17909.0,-19686.0,406.0,-1370.0,74278,0.03636188735510557,1.9389399259294888,0.15464875198578315,0.45025701954318414
883,M&M,2022,90171,75488,14683.0,16.0,3204,5018,3508,9362,23.0,7253,53.0,20.0,945,556.0,46567,77605,47661,172388,26018,6703,30060,109607,172388,47123.0,819,9248.0,-3252.0,-5883.0,113.0,90171,0.15391634658234832,1.6468603442055896,0.1628350578345588,0.5230700512796714
884,M&M,2023,121269,100983,20285.0,17.0,3961,5830,4357,14060,19.0,11374,83.0,18.0,946,557.0,55809,92247,55670,204283,27140,3969,35272,137902,204283,56366.0,820,-7074.0,-8866.0,15946.0,6.0,121269,0.20178831210304085,1.6365716921548452,0.16727275725865637,0.5936323629474797
885,M&M,2024,139078,114186,24892.0,18.0,3298,7488,4724,15978,23.0,12270,91.0,21.0,947,557.0,65633,108647,59884,234722,28129,8039,35208,163345,234722,66190.0,821,-5630.0,-5615.0,12281.0,1037.0,139078,0.18537543435564285,1.6414413053331318,0.17897870259854182,0.5925222177725139
885,M&M,2024,139078,114186,24892.0,18.0,3298,7488,4724,15978,23.0,12270,91.0,21.0,948,558.0,69944,116844,67934,255280,35328,4544,34411,180997,255280,70502.0,821,-5630.0,-5615.0,12281.0,1037.0,139078,0.17403761595415732,1.6573146861081955,0.17897870259854182,0.5448057035412096
887,MARUTI,2013,44304,39944,4361.0,10.0,797,198,1890,3070,20.0,2470,82.0,10.0,923,151.0,18877,1569,6920,27517,10022,1966,7421,8107,27517,19028.0,822,4059.0,-3119.0,-979.0,-39.0,44304,0.12980870296405297,0.08245743115408871,0.09843355001805706,1.6100592361085875
888,MARUTI,2014,44542,39232,5310.0,12.0,724,184,2116,3734,24.0,2854,94.0,13.0,924,151.0,21345,2004,7975,31476,11034,2640,10527,7275,31476,21496.0,823,4995.0,-4997.0,-74.0,-76.0,44542,0.13276888723483438,0.09322664681801265,0.1192133267477886,1.4151099250222392
889,MARUTI,2015,50801,43909,6892.0,14.0,817,218,2515,4976,24.0,3809,126.0,20.0,925,151.0,24167,666,9492,34477,12490,1890,13298,6800,34477,24318.0,824,6449.0,-4491.0,-2004.0,-45.0,50801,0.1566329467883872,0.027387120651369355,0.1356666207358123,1.4734750703367463
890,MARUTI,2016,57589,48565,9024.0,16.0,1464,82,2822,7585,28.0,5497,182.0,19.0,926,151.0,30465,231,11879,42726,12530,1007,20676,8513,42726,30616.0,825,8482.0,-7230.0,-1237.0,16.0,57589,0.17954664227854716,0.0075450744708649075,0.1566965913629339,1.347867808828348
891,MARUTI,2017,68085,57664,10421.0,15.0,2399,89,2604,10127,26.0,7511,249.0,30.0,927,151.0,36924,484,14402,51960,13311,1252,29151,8247,51960,37075.0,826,10282.0,-9173.0,-1129.0,-20.0,68085,0.20258934592043157,0.013054619015509103,0.15305867665418227,1.3103348729792148
892,MARUTI,2018,79809,67692,12118.0,15.0,2155,346,2760,11167,29.0,7881,261.0,31.0,928,151.0,42408,121,17568,60248,13389,2132,36123,8604,60248,42559.0,827,11788.0,-8302.0,-3436.0,50.0,79809,0.18517822317253696,0.002843111915223572,0.15183751206004337,1.32467467799761
893,MARUTI,2019,86068,75012,11056.0,13.0,2664,76,3021,10624,28.0,7651,253.0,32.0,929,151.0,46941,160,16717,63969,15437,1607,37504,9421,63969,47092.0,828,6601.0,-3540.0,-2948.0,113.0,86068,0.1624692092075087,0.00339760468869447,0.12845656922433424,1.345464209226344
894,MARUTI,2020,75660,68305,7355.0,10.0,3410,134,3528,7103,20.0,5678,188.0,32.0,930,151.0,49262,184,14031,63628,15744,1415,37488,8980,63628,49413.0,829,3496.0,-557.0,-3104.0,-165.0,75660,0.11490903203610386,0.0037237164308987513,0.0972112080359503,1.1890991387439491
895,MARUTI,2021,70372,64961,5411.0,8.0,3046,102,3034,5321,18.0,4389,145.0,31.0,931,151.0,52350,541,18335,71376,14989,1497,42945,11946,71376,52501.0,830,8856.0,-7291.0,-1545.0,20.0,70372,0.0835984076493781,0.010304565627321384,0.07689137725231626,0.985933647164313
896,MARUTI,2022,88330,82578,5752.0,7.0,1861,127,2789,4697,17.0,3880,128.0,47.0,932,151.0,55182,426,18896,74656,13747,2936,42035,15937,74656,55333.0,831,1840.0,-239.0,-1607.0,-6.0,88330,0.07012090434279725,0.007698841559286501,0.0651194384693762,1.1831600942991856
897,MARUTI,2023,118410,105288,13122.0,11.0,2415,252,4846,10438,21.0,8264,274.0,34.0,933,157.0,74443,1248,24258,100106,27941,4143,49184,18837,100106,74600.0,832,10815.0,-8820.0,-1214.0,780.0,118410,0.11077747989276139,0.016729222520107237,0.1108183430453509,1.1828461830459713
898,MARUTI,2024,141858,123232,18626.0,13.0,4248,194,5256,17424,23.0,13488,429.0,29.0,934,157.0,85479,119,29550,115304,27865,7735,57296,22408,115304,85636.0,833,16801.0,-11865.0,-4062.0,874.0,141858,0.15750385351954785,0.001389602503619973,0.13130031439890594,1.230295566502463
898,MARUTI,2024,141858,123232,18626.0,13.0,4248,194,5256,17424,23.0,13488,429.0,29.0,935,157.0,88969,158,32412,121696,29337,8303,57820,26237,121696,89126.0,833,16801.0,-11865.0,-4062.0,874.0,141858,0.15133631039202927,0.0017727711330027152,0.13130031439890594,1.1656751249013937
900,MOTHERSON,2013,25298,23819,1480.0,6.0,318,250,714,834,46.0,452,1.0,26.0,910,59.0,2230,4904,5546,12739,5277,386,72,7005,12739,2289.0,834,1486.0,-1089.0,-256.0,142.0,25298,0.19746614242027086,2.142420270860638,0.05850264843070598,1.9858701624931314
901,MOTHERSON,2014,30414,28017,2397.0,8.0,311,294,817,1596,31.0,1097,2.0,29.0,911,88.0,2871,4840,7445,15244,5919,647,75,8603,15244,2959.0,835,2695.0,-1372.0,-1080.0,243.0,30414,0.3707333558634674,1.6356877323420074,0.07881238903136713,1.9951456310679612
902,MOTHERSON,2015,34661,31817,2844.0,8.0,212,318,921,1817,29.0,1292,2.0,31.0,912,88.0,3236,5131,8971,17425,6129,956,65,10276,17425,3324.0,836,3390.0,-2844.0,494.0,1040.0,34661,0.38868832731648617,1.5436221419975933,0.082051873863997,1.9891535150645625
903,MOTHERSON,2016,37216,33668,3548.0,10.0,177,345,1087,2293,23.0,1774,3.0,26.0,913,132.0,4265,6069,9199,19665,7147,1397,590,10531,19665,4397.0,837,2188.0,-1906.0,-263.0,19.0,37216,0.40345690243347737,1.3802592676825107,0.09533533963886501,1.8924993643529113
904,MOTHERSON,2017,42376,38204,4171.0,10.0,346,375,1059,3083,30.0,2172,3.0,18.0,914,140.0,8132,10349,13322,31944,12193,1935,474,17343,31944,8272.0,838,3800.0,-6145.0,5518.0,3172.0,42376,0.2625725338491296,1.251088007736944,0.09842835567302247,1.3265715001252192
905,MOTHERSON,2018,56303,51174,5128.0,9.0,125,411,1575,3267,31.0,2260,3.0,30.0,915,210.0,9674,10374,16716,36974,14712,2585,792,18885,36974,9884.0,839,3264.0,-3194.0,-2221.0,-2152.0,56303,0.22865236746256576,1.0495750708215297,0.0910786281370442,1.5227727592362201
906,MOTHERSON,2019,63523,58174,5348.0,8.0,333,423,2058,3200,34.0,2098,3.0,29.0,916,316.0,10647,11534,20257,42754,18423,1067,855,22409,42754,10963.0,840,4312.0,-3318.0,-225.0,769.0,63523,0.1913709750980571,1.0520842834990423,0.08418997843300852,1.4857791083875194
907,MOTHERSON,2020,60729,56075,4654.0,8.0,642,593,2721,1983,-5.0,1294,2.0,40.0,917,316.0,10945,13136,20636,45033,20750,852,796,22635,45033,11261.0,841,6352.0,-2220.0,-2803.0,1329.0,60729,0.11490986590888909,1.166503862889619,0.07663554479737852,1.3485444007727667
908,MOTHERSON,2021,57370,53000,4370.0,8.0,568,512,2926,1500,34.0,1569,2.0,46.0,918,316.0,12245,11930,23258,47749,20099,877,846,25926,47749,12561.0,842,5051.0,-1886.0,-2098.0,1068.0,57370,0.1249104370671125,0.949765146087095,0.07617221544361165,1.201491130704308
909,MOTHERSON,2022,63774,59060,4714.0,7.0,575,543,2958,1788,31.0,1182,1.0,34.0,919,452.0,20136,14130,21008,55726,21411,1310,6462,26543,55726,20588.0,843,2463.0,-2304.0,-1217.0,-1059.0,63774,0.05741208470953954,0.6863221293957645,0.07391727036096214,1.144420916627786
910,MOTHERSON,2023,78788,72537,6251.0,8.0,70,781,3136,2405,31.0,1670,2.0,29.0,920,678.0,21774,13792,25086,61330,23147,1478,6290,30415,61330,22452.0,844,4643.0,-2248.0,-2734.0,-339.0,78788,0.07438090147871014,0.6142882593978265,0.07933949332385642,1.2846567748247186
911,MOTHERSON,2024,98692,89370,9322.0,9.0,140,1811,3810,3840,21.0,3020,4.0,20.0,921,678.0,25477,19922,38101,84178,30122,2498,6521,45037,84178,26155.0,845,7569.0,-6644.0,1281.0,2205.0,98692,0.11546549416937488,0.7616899254444657,0.09445547764763101,1.1724203473591674
911,MOTHERSON,2024,98692,89370,9322.0,9.0,140,1811,3810,3840,21.0,3020,4.0,20.0,922,704.0,31930,25417,39828,97879,32455,2693,6615,56115,97879,32634.0,845,7569.0,-6644.0,1281.0,2205.0,98692,0.09254152111294968,0.7788502788502788,0.09445547764763101,1.0083061739494683
913,NAUKRI,2013,472,351,121.0,26.0,24,3,12,130,41.0,76,8.0,12.0,897,109.0,499,1,216,825,152,10,261,402,825,608.0,846,75.0,-46.0,-12.0,16.0,472,0.125,0.001644736842105263,0.2563559322033898,0.5721212121212121
914,NAUKRI,2014,567,471,97.0,17.0,48,3,21,120,49.0,60,8.0,30.0,898,109.0,563,1,387,1060,149,10,538,363,1060,672.0,847,81.0,-204.0,130.0,7.0,567,0.08928571428571429,0.001488095238095238,0.1710758377425044,0.5349056603773585
915,NAUKRI,2015,732,711,21.0,3.0,89,4,47,60,99.0,-14,2.0,150.0,899,120.0,1295,1,801,2217,576,12,1175,455,2217,1415.0,848,51.0,-1051.0,1025.0,25.0,732,-0.009893992932862191,0.0007067137809187279,0.028688524590163935,0.3301759133964817
916,NAUKRI,2016,748,656,91.0,12.0,111,3,24,175,33.0,118,11.0,27.0,900,121.0,1422,1,382,1925,82,0,568,1276,1925,1543.0,849,78.0,-2.0,-66.0,11.0,748,0.07647440051847051,0.0006480881399870382,0.12165775401069519,0.38857142857142857
917,NAUKRI,2017,888,896,-9.0,-1.0,50,4,33,5,99.0,-43,-2.0,-230.0,901,121.0,1471,1,459,2053,157,1,551,1343,2053,1592.0,850,213.0,-165.0,-42.0,7.0,888,-0.02701005025125628,0.000628140703517588,-0.010135135135135136,0.43253774963468095
918,NAUKRI,2018,988,769,219.0,22.0,401,5,30,585,14.0,501,42.0,13.0,902,122.0,1923,1,550,2596,88,0,1565,943,2596,2045.0,851,253.0,-149.0,-75.0,29.0,988,0.2449877750611247,0.0004889975550122249,0.2216599190283401,0.38058551617873654
919,NAUKRI,2019,1151,1142,9.0,1.0,737,7,22,716,17.0,592,49.0,12.0,903,122.0,2421,1,646,3189,88,2,1204,1895,3189,2543.0,852,276.0,-59.0,-78.0,138.0,1151,0.2327959103421156,0.00039323633503735744,0.007819287576020852,0.36092819065537785
920,NAUKRI,2020,1312,1662,-350.0,-27.0,286,14,48,-126,95.0,-246,-19.0,-31.0,904,122.0,2073,77,621,2893,242,0,1133,1518,2893,2195.0,853,350.0,97.0,-143.0,304.0,1312,-0.11207289293849658,0.03507972665148064,-0.26676829268292684,0.4535084687175942
921,NAUKRI,2021,1128,1054,74.0,7.0,1584,11,45,1602,12.0,1418,110.0,7.0,905,129.0,5267,65,831,6292,134,0,2324,3834,6292,5396.0,854,276.0,-2043.0,1880.0,113.0,1128,0.26278724981467755,0.012045959970348406,0.06560283687943262,0.1792752701843611
922,NAUKRI,2022,1589,1143,446.0,28.0,13810,11,73,14200,9.0,12882,991.0,1.0,906,129.0,17113,64,3177,20483,1033,0,15614,3836,20483,17242.0,855,707.0,-1177.0,35.0,-435.0,1589,0.7471291033522793,0.0037118663728105787,0.2806796727501573,0.0775765268759459
923,NAUKRI,2023,2346,1997,348.0,15.0,-116,18,73,141,99.0,-70,-8.0,-228.0,907,129.0,13269,108,3153,16658,801,4,12403,3450,16658,13398.0,856,512.0,-358.0,2.0,156.0,2346,-0.00522466039707419,0.00806090461262875,0.1483375959079284,0.14083323328130629
924,NAUKRI,2024,2536,1825,711.0,28.0,303,35,101,878,32.0,595,44.0,49.0,908,129.0,30133,246,5581,36089,810,0,31203,4077,36089,30262.0,857,702.0,-852.0,120.0,-29.0,2536,0.019661621835965898,0.008129006675038002,0.28036277602523657,0.07027071960985341
924,NAUKRI,2024,2536,1825,711.0,28.0,303,35,101,878,32.0,595,44.0,49.0,909,129.0,41659,256,8141,50186,811,0,45320,4055,50186,41788.0,857,702.0,-852.0,120.0,-29.0,2536,0.01423853737915191,0.006126160620273763,0.28036277602523657,0.05053202088231778
926,NESTLEIND,2013,9101,7153,1948.0,21.0,97,37,330,1678,33.0,1117,12.0,42.0,884,96.0,2272,1189,2756,6314,3369,295,851,1799,6314,2368.0,858,1796.0,-441.0,-580.0,775.0,9101,0.4717060810810811,0.5021114864864865,0.21404241292165696,1.441400063351283
927,NESTLEIND,2014,9855,7816,2039.0,21.0,87,14,338,1774,33.0,1185,12.0,51.0,885,96.0,2741,20,2963,5820,3177,245,812,1586,5820,2837.0,859,1644.0,-432.0,-1635.0,-423.0,9855,0.41769474797321116,0.007049700387733521,0.20690005073566717,1.693298969072165
928,NESTLEIND,2015,8175,6620,1555.0,19.0,-391,3,347,814,31.0,563,6.0,83.0,886,96.0,2721,18,3251,6086,2898,231,1325,1633,6086,2817.0,860,1098.0,-70.0,-498.0,529.0,8175,0.19985800496982606,0.006389776357827476,0.19021406727828746,1.343246795925074
929,NESTLEIND,2016,9141,7292,1850.0,20.0,140,91,354,1545,35.0,1001,10.0,61.0,887,96.0,3186,33,3495,6810,2730,188,1756,2136,6810,3282.0,861,1466.0,-126.0,-666.0,674.0,9141,0.30499695307739183,0.010054844606946984,0.20238485942457063,1.3422907488986784
930,NESTLEIND,2017,10010,7913,2097.0,21.0,177,92,342,1839,33.0,1225,13.0,68.0,888,96.0,3324,35,3907,7363,2616,94,1979,2673,7363,3420.0,862,1818.0,-131.0,-997.0,691.0,10010,0.358187134502924,0.01023391812865497,0.20949050949050949,1.3595002037213093
931,NESTLEIND,2018,11292,8675,2618.0,23.0,259,112,336,2429,34.0,1607,17.0,69.0,889,96.0,3577,35,4379,8088,2401,105,2658,2924,8088,3673.0,863,2052.0,-52.0,-1317.0,683.0,11292,0.4375170160631636,0.00952899537163082,0.2318455543747786,1.3961424332344214
932,NESTLEIND,2019,12369,9443,2926.0,24.0,247,129,370,2673,26.0,1968,20.0,168.0,890,96.0,1822,189,5065,7173,2341,143,1751,2937,7173,1918.0,864,2295.0,83.0,-3602.0,-1223.0,12369,1.0260688216892597,0.09854014598540146,0.23655913978494625,1.7243831033040569
933,NESTLEIND,2020,13350,10149,3202.0,24.0,146,164,370,2813,26.0,2082,22.0,93.0,891,96.0,1923,147,5733,7900,2179,639,1464,3618,7900,2019.0,865,2454.0,-321.0,-1956.0,177.0,13350,1.0312035661218424,0.07280832095096583,0.2398501872659176,1.6898734177215189
934,NESTLEIND,2021,14741,11178,3562.0,24.0,-112,202,391,2857,26.0,2118,22.0,91.0,892,96.0,1850,266,6021,8234,2995,246,774,4219,8234,1946.0,866,2236.0,-1920.0,-2020.0,-1704.0,14741,1.0883864337101747,0.1366906474820144,0.24163896614883656,1.790259897983969
935,NESTLEIND,2022,16897,13191,3706.0,22.0,107,155,403,3256,27.0,2391,25.0,89.0,893,96.0,2363,271,6249,8979,3044,358,778,4799,8979,2459.0,867,2737.0,-392.0,-2123.0,223.0,16897,0.9723464823098821,0.11020740138267589,0.21932887494821565,1.8818353936964027
936,NESTLEIND,2023,19126,14655,4471.0,23.0,116,119,429,4038,26.0,2999,31.0,56.0,894,96.0,2363,271,6249,8979,3044,358,778,4799,8979,2459.0,868,3392.0,-927.0,-2436.0,29.0,19126,1.21960146400976,0.11020740138267589,0.2337655547422357,2.130081300813008
937,NESTLEIND,2024,24394,18581,5813.0,24.0,159,145,538,5289,26.0,3933,41.0,79.0,895,96.0,3244,345,6838,10523,3460,1742,464,4857,10523,3340.0,869,4175.0,-1237.0,-3135.0,-198.0,24394,1.1775449101796407,0.10329341317365269,0.2382963023694351,2.318160220469448
937,NESTLEIND,2024,24394,18581,5813.0,24.0,159,145,538,5289,26.0,3933,41.0,79.0,896,96.0,3894,370,6747,11108,3925,2340,786,4057,11108,3990.0,869,4175.0,-1237.0,-3135.0,-198.0,24394,0.9857142857142858,0.09273182957393483,0.2382963023694351,2.196074900972272
939,NHPC,2013,6381,2229,4152.0,65.0,1595,611,1241,3895,26.0,2873,2.0,28.0,871,12301.0,17494,20340,12226,62361,23537,19962,1447,17415,62361,29795.0,870,2846.0,-1330.0,-1344.0,172.0,6381,0.09642557476086591,0.6826648766571572,0.6506817113305124,0.10232356761437437
940,NHPC,2014,7389,3047,4342.0,59.0,889,1203,1499,2529,35.0,1633,1.0,27.0,872,11071.0,17175,20819,12362,61427,29587,14924,1273,15643,61427,28246.0,871,3824.0,-1122.0,-4536.0,-1834.0,7389,0.05781349571620761,0.7370601147065071,0.5876302611990797,0.1202891236752568
941,NHPC,2015,8221,3087,5134.0,62.0,1597,1296,1715,3718,25.0,2798,2.0,27.0,873,11071.0,19687,20584,10094,61436,27916,16378,1020,16123,61436,30758.0,872,4061.0,-768.0,-2494.0,798.0,8221,0.0909682033942389,0.669224266857403,0.6244982362243036,0.13381405039390584
942,NHPC,2016,8354,3571,4783.0,57.0,1174,1160,1432,3365,30.0,2365,2.0,81.0,874,11071.0,20572,19938,11242,62823,22610,16742,606,22866,62823,31643.0,873,5971.0,-746.0,-4000.0,1224.0,8354,0.07474006889359416,0.6300919634674336,0.5725401005506344,0.13297677602152078
943,NHPC,2017,8623,3739,4884.0,57.0,2245,1133,1462,4535,23.0,3480,3.0,61.0,875,10259.0,18756,19227,11946,60187,22227,17588,1020,19352,60187,29015.0,874,8329.0,-1864.0,-7812.0,-1347.0,8623,0.11993796312252283,0.6626572462519387,0.5663922068885539,0.14327014139265953
944,NHPC,2018,7755,3508,4248.0,55.0,1185,924,1469,3040,8.0,2785,2.0,57.0,876,10259.0,19782,18602,14290,62933,21201,19087,1125,21520,62933,30041.0,875,4696.0,-886.0,-3863.0,-53.0,7755,0.09270663426650244,0.6192203987883226,0.5477756286266925,0.12322628827483197
945,NHPC,2019,8983,4002,4981.0,55.0,1733,896,1658,4159,32.0,2836,3.0,56.0,877,10045.0,20753,19066,16870,66734,24977,15037,1283,25437,66734,30798.0,876,3824.0,-1182.0,-2637.0,5.0,8983,0.09208390155204883,0.6190661731281252,0.5544918178782144,0.13460904486468667
946,NHPC,2020,10008,4562,5446.0,54.0,311,877,1614,3266,-2.0,3345,3.0,52.0,878,10045.0,21336,23226,16669,71277,24402,17180,1398,28297,71277,31381.0,877,2993.0,-2987.0,12.0,17.0,10008,0.10659316146712979,0.7401293776488959,0.5441646682653877,0.1404099499137169
947,NHPC,2021,9648,4371,5277.0,55.0,1087,577,1292,4495,20.0,3600,3.0,49.0,879,10045.0,23008,23365,16717,73136,21993,19167,1842,30133,73136,33053.0,878,5070.0,-1607.0,-3058.0,405.0,9648,0.10891598342056696,0.7068949868393186,0.5469527363184079,0.13191861737037847
948,NHPC,2022,9144,5131,4013.0,44.0,981,586,1190,3217,-17.0,3774,4.0,52.0,880,10045.0,24876,26096,16271,77288,21825,22522,2386,30554,77288,34921.0,879,4590.0,-3084.0,-638.0,867.0,9144,0.10807250651470462,0.7472867329114287,0.43886701662292216,0.11831073387848048
949,NHPC,2023,10607,4423,6184.0,58.0,743,475,1215,5237,19.0,4261,4.0,48.0,881,10045.0,26916,29540,19710,86211,22137,31357,499,32218,86211,36961.0,880,4705.0,-4191.0,-795.0,-281.0,10607,0.11528367738968101,0.7992208003030221,0.5830112190063166,0.12303534351764855
950,NHPC,2024,9632,4825,4807.0,50.0,2029,608,1184,5043,20.0,4028,4.0,53.0,882,10045.0,28657,32561,22034,93297,21474,39831,479,31513,93297,38702.0,881,6938.0,-5968.0,-581.0,388.0,9632,0.1040773086662188,0.8413260296625498,0.4990656146179402,0.10324018993108032
950,NHPC,2024,9632,4825,4807.0,50.0,2029,608,1184,5043,20.0,4028,4.0,53.0,883,10045.0,30104,34210,23322,97681,21286,44386,499,31511,97681,40149.0,881,6938.0,-5968.0,-581.0,388.0,9632,0.10032628458990261,0.8520760168372812,0.4990656146179402,0.09860668912070925
952,NTPC,2013,71518,53370,18149.0,25.0,4777,2491,3823,16611,24.0,12586,13.0,38.0,858,8245.0,72995,70419,27116,178776,71833,46555,4923,55465,178776,81240.0,882,16508.0,-16845.0,988.0,651.0,71518,0.15492368291482028,0.8668020679468242,0.25376828211079727,0.4000425112990558
953,NTPC,2014,78330,58603,19727.0,25.0,2792,3263,4770,14486,21.0,11403,12.0,42.0,859,8245.0,79084,81455,31334,200118,84208,53825,3300,58785,200118,87329.0,883,16531.0,-15509.0,-2709.0,-1687.0,78330,0.13057518121128148,0.9327371205441491,0.2518447593514618,0.3914190627529757
954,NTPC,2015,79957,62605,17352.0,22.0,2338,3669,5565,10456,4.0,9992,10.0,21.0,860,8245.0,73849,102252,35366,219712,91853,67555,1902,58403,219712,82094.0,884,14889.0,-15977.0,-1474.0,-2563.0,79957,0.12171413257972569,1.2455477866835578,0.21701664644746552,0.3639173099330032
955,NTPC,2016,73396,54829,18568.0,25.0,1188,3366,5771,10618,-2.0,10781,11.0,26.0,861,8245.0,83330,99424,33666,224665,92929,75046,6473,50217,224665,91575.0,885,24125.0,-19162.0,-3899.0,1064.0,73396,0.11772863772863773,1.0857111657111658,0.25298381383181645,0.32669085082233545
956,NTPC,2017,82042,60445,21598.0,26.0,1592,3753,6010,13426,20.0,10714,11.0,37.0,862,8245.0,89593,113773,36990,248601,104532,86896,7614,49560,248601,97838.0,886,20167.0,-24480.0,3138.0,-1176.0,82042,0.10950755330239784,1.1628712770089331,0.2632554057677775,0.33001476261157436
957,NTPC,2018,88083,65598,22485.0,26.0,5576,4447,7460,16154,35.0,10502,11.0,40.0,863,8245.0,95318,130049,48880,282492,128245,83386,8876,61985,282492,103563.0,887,19670.0,-20678.0,1028.0,19.0,88083,0.10140687311105318,1.2557477091239149,0.2552705970505092,0.3118070600229387
958,NTPC,2019,100287,77576,22710.0,23.0,2818,5605,8669,11255,-25.0,14034,14.0,44.0,864,9895.0,101462,173058,62509,346923,150985,118397,8132,69409,346923,111357.0,888,18686.0,-24063.0,4927.0,-451.0,100287,0.12602710202322262,1.5540828147310004,0.22645008824673188,0.2890756738526993
959,NTPC,2020,109464,77878,31586.0,29.0,8209,8189,10356,21250,44.0,11902,12.0,27.0,865,9895.0,108945,202984,55746,377569,187803,98508,9307,81951,377569,118840.0,889,23890.0,-29628.0,6004.0,266.0,109464,0.10015146415348368,1.7080444294850219,0.2885514872469488,0.28991786931660174
960,NTPC,2021,111531,77487,34044.0,31.0,5021,9224,12450,17390,14.0,14969,15.0,41.0,866,9697.0,116042,210208,62075,398022,203245,97506,10589,86681,398022,125739.0,890,32444.0,-21034.0,-11049.0,360.0,111531,0.1190481871177598,1.6717804340737559,0.3052424886354467,0.2802131540467612
961,NTPC,2022,132669,92307,40362.0,30.0,4809,9376,13788,22007,23.0,16960,17.0,41.0,867,9697.0,125677,210707,69751,415831,224923,91126,10626,89156,415831,135374.0,891,41788.0,-22891.0,-19172.0,-274.0,132669,0.12528255056362375,1.5564805649533884,0.3042308301110282,0.3190454776098944
962,NTPC,2023,176207,128611,47596.0,27.0,2561,11447,14792,23917,28.0,17121,17.0,42.0,868,9697.0,137326,222913,77253,447189,240424,89179,13935,103651,447189,147023.0,892,47152.0,-26145.0,-21217.0,-210.0,176207,0.11645116750440407,1.5161777408976826,0.27011412713456334,0.39403250079943825
963,NTPC,2024,178501,127045,51456.0,29.0,5190,12301,16204,28142,24.0,21332,21.0,36.0,869,9697.0,151013,237131,81437,479278,258934,87664,15885,116795,479278,160710.0,893,40785.0,-32141.0,-8246.0,398.0,178501,0.13273598407068632,1.475521125007778,0.2882672926202094,0.37243729109201756
963,NTPC,2024,178501,127045,51456.0,29.0,5190,12301,16204,28142,24.0,21332,21.0,36.0,870,9697.0,158575,242009,81950,492230,259252,95612,16500,120866,492230,168272.0,893,40785.0,-32141.0,-8246.0,398.0,178501,0.12677094228392127,1.438201245602358,0.2882672926202094,0.36263738496231435
965,ONGC,2013,161984,118482,43501.0,27.0,5488,484,11763,36742,35.0,23994,19.0,34.0,845,4278.0,148250,20686,80211,253424,119644,53385,2128,78267,253424,152528.0,894,39874.0,-41220.0,-6927.0,-8273.0,161984,0.15730882198678275,0.1356210007342914,0.2685512149348084,0.6391817665256645
966,ONGC,2014,174121,124991,49130.0,28.0,7170,624,16262,39413,32.0,26665,21.0,31.0,846,4278.0,167874,49113,103711,324976,155923,72034,4746,92273,324976,172152.0,895,53270.0,-63633.0,15225.0,4862.0,174121,0.15489218829871276,0.285288582183187,0.28216010705199257,0.5357964895869234
967,ONGC,2015,160923,118610,42312.0,26.0,5955,2864,18033,27370,35.0,17703,14.0,44.0,847,4278.0,176177,53944,103448,337847,179933,63393,4749,89771,337847,180455.0,896,33950.0,-30058.0,-10641.0,-6749.0,160923,0.09810201989415644,0.2989332520572996,0.2629332040789694,0.47631916222432047
968,ONGC,2016,124036,84901,39135.0,32.0,1067,3766,16384,20052,35.0,13102,10.0,56.0,848,4278.0,193536,45500,98459,341772,166277,57668,33387,84440,341772,197814.0,897,46292.0,-38256.0,-8972.0,-935.0,124036,0.06623393693065202,0.23001405360591262,0.3155132380921668,0.36292030944606346
969,ONGC,2017,282506,229702,52804.0,19.0,12724,3591,20119,41718,30.0,29169,19.0,40.0,849,6417.0,187969,80029,170111,444525,211125,59042,70746,103612,444525,194386.0,898,45780.0,-43815.0,-1867.0,99.0,282506,0.15005710287777926,0.41170145998168595,0.18691284432897,0.6355233113998088
970,ONGC,2018,322706,265817,56889.0,18.0,10429,4999,23112,39208,34.0,26068,17.0,38.0,850,6417.0,197602,106550,148664,459232,226058,61512,67335,104328,459232,204019.0,899,56792.0,-66798.0,9909.0,-97.0,322706,0.12777241335365824,0.5222552801454766,0.17628739471841243,0.7027079994425476
971,ONGC,2019,421624,346805,74819.0,18.0,9567,5837,23704,54846,38.0,33938,24.0,29.0,851,6290.0,210644,107742,167667,492343,230391,69056,66909,125987,492343,216934.0,900,61458.0,-37132.0,-23324.0,1001.0,421624,0.15644389537831782,0.4966579697050716,0.17745431948845417,0.8563623327639471
972,ONGC,2020,396728,344623,52105.0,13.0,982,7489,26635,18962,40.0,11456,9.0,58.0,852,6290.0,198814,129473,173787,508364,243892,83832,56755,123884,508364,205104.0,901,70593.0,-53159.0,-16726.0,708.0,396728,0.05585459084171932,0.6312553631328497,0.1313368353128592,0.7804014446341597
973,ONGC,2021,303849,254375,49473.0,16.0,11271,5079,25538,30126,29.0,21360,13.0,28.0,853,6290.0,214691,133187,187580,541748,243746,100309,60320,137372,541748,220981.0,902,47185.0,-39141.0,-8239.0,-195.0,303849,0.09665989383702671,0.6027079251157339,0.1628210064867747,0.5608677835451169
974,ONGC,2022,491246,411373,79874.0,16.0,6797,5696,26883,54091,9.0,49294,36.0,29.0,854,6290.0,253213,121986,201771,583260,254402,106719,66642,155496,583260,259503.0,903,78248.0,-41197.0,-35790.0,1261.0,491246,0.18995541477362496,0.4700754904567577,0.16259470815029536,0.8422418818365738
975,ONGC,2023,632291,556764,75527.0,12.0,-30,7889,24557,43051,24.0,32778,28.0,40.0,855,6290.0,274357,142255,190212,613115,250819,113945,78873,169478,613115,280647.0,904,86062.0,-74690.0,-12876.0,-1504.0,632291,0.11679440720905622,0.5068823112308345,0.11944974703103477,1.0312763510923726
976,ONGC,2024,591396,488561,102835.0,17.0,12982,10194,28763,76860,26.0,57101,39.0,31.0,856,6290.0,330780,153181,219523,709774,298454,116022,102207,193091,709774,337070.0,905,99263.0,-57203.0,-45650.0,-3591.0,591396,0.16940398136885512,0.45444863084819176,0.17388518015001792,0.8332173339682772
976,ONGC,2024,591396,488561,102835.0,17.0,12982,10194,28763,76860,26.0,57101,39.0,31.0,857,6290.0,345986,191489,213848,757614,350438,91497,106077,209602,757614,352276.0,905,99263.0,-57203.0,-45650.0,-3591.0,591396,0.16209165540655623,0.5435766274171389,0.17388518015001792,0.7806033151446515
978,PFC,2013,17314,331,5987.0,35.0,12,10995,6,5994,26.0,4438,13.0,21.0,1049,1320.0,22360,139473,6178,169330,75,0,27,169229,169330,23680.0,906,-25102.0,22.0,27947.0,2868.0,17314,0.18741554054054055,5.889907094594594,0.345789534480767,0.10225004429221048
979,PFC,2014,21407,748,7607.0,36.0,23,13053,5,7624,28.0,5462,17.0,22.0,1050,1320.0,26202,159215,7582,194320,72,1,27,194220,194320,27522.0,907,-22473.0,9.0,17671.0,-4793.0,21407,0.19845941428675243,5.785008356950803,0.3553510533937497,0.11016364759160148
980,PFC,2015,24988,1103,8429.0,34.0,25,15456,8,8446,29.0,6004,18.0,20.0,1051,1320.0,31091,187795,8705,228912,102,2,528,228280,228912,32411.0,908,-21455.0,-491.0,26916.0,4970.0,24988,0.1852457498997254,5.794174817191694,0.3373219145189691,0.10915985182078702
981,PFC,2016,27861,2042,9162.0,33.0,25,16657,20,9167,33.0,6184,19.0,30.0,1052,1320.0,34708,200660,10531,247220,198,47,2230,244745,247220,36028.0,909,-13298.0,-1973.0,10383.0,-4888.0,27861,0.17164427667369825,5.569557011213501,0.3288467750619145,0.11269719278375535
982,PFC,2017,27581,5538,5275.0,19.0,30,16768,41,5264,58.0,2236,7.0,59.0,1053,2640.0,34205,202993,19700,259537,296,105,3145,255990,259537,36845.0,910,1795.0,-667.0,1950.0,3079.0,27581,0.06068666033383091,5.5093771203691135,0.19125484935281534,0.10627001159757568
983,PFC,2018,48624,6583,11752.0,24.0,42,30289,15,11779,25.0,8797,20.0,31.0,1054,2640.0,37194,441151,41546,522531,161,129,5493,516749,522531,39834.0,911,-57148.0,1409.0,52018.0,-3720.0,48624,0.2208414921925993,11.074735150876135,0.24169134583744653,0.09305476612870815
984,PFC,2019,54106,1696,17783.0,33.0,94,34627,15,17862,29.0,12640,30.0,0.0,1055,2640.0,44481,539488,42260,628869,196,199,4604,623871,628869,47121.0,912,-80252.0,-13463.0,93616.0,-98.0,54106,0.26824558052672903,11.448993017975,0.32866964846782243,0.08603699657639349
985,PFC,2020,62189,7332,14012.0,23.0,105,40845,24,14093,33.0,9477,22.0,35.0,1056,2640.0,46760,596561,48560,694521,238,288,4404,689590,694521,49400.0,913,-42148.0,-73.0,43399.0,1179.0,62189,0.1918421052631579,12.076133603238866,0.2253131582755793,0.08954228885807629
986,PFC,2021,71656,7102,19871.0,28.0,46,44684,25,19891,21.0,15716,36.0,22.0,1057,2640.0,58127,659682,55257,775707,341,336,3499,771530,775707,60767.0,914,-59143.0,1741.0,60424.0,3023.0,71656,0.2586272154294272,10.855925090921058,0.27731104164340736,0.09237508492252874
987,PFC,2022,76262,8215,23338.0,31.0,79,44709,35,23382,20.0,18768,42.0,23.0,1058,2640.0,69036,660476,58848,791000,719,53,3774,786454,791000,71676.0,915,4904.0,-547.0,-8371.0,-4014.0,76262,0.2618449690272895,9.214744126346336,0.3060239699981642,0.09641213653603034
988,PFC,2023,77684,4167,26501.0,34.0,47,47017,52,26496,20.0,21179,48.0,22.0,1059,2640.0,81518,751158,60796,896112,782,22,5973,889334,896112,84158.0,916,-74717.0,-1694.0,75537.0,-874.0,77684,0.25165759642577057,8.925568573397657,0.3411384583698059,0.08669005660006784
989,PFC,2024,91508,-27,33573.0,37.0,69,57962,53,33588,21.0,26461,60.0,23.0,1060,3300.0,97847,861961,75770,1038877,764,39,10971,1027102,1038877,101147.0,917,-97820.0,-3409.0,101261.0,32.0,91508,0.261609340860332,8.521864217426122,0.36688595532631024,0.0880835748601615
989,PFC,2024,91508,-27,33573.0,37.0,69,57962,53,33588,21.0,26461,60.0,23.0,1061,3300.0,106746,910447,82868,1103361,763,53,13219,1089326,1103361,110046.0,917,-97820.0,-3409.0,101261.0,32.0,91508,0.24045399196699563,8.273331152427167,0.36688595532631024,0.08293568469431128
991,PIDILITIND,2013,3678,3120,558.0,15.0,107,16,69,581,27.0,424,8.0,31.0,1062,51.0,1600,111,853,2616,646,428,294,1248,2616,1651.0,918,472.0,-144.0,-339.0,-12.0,3678,0.25681405208964264,0.06723198061780739,0.15171288743882544,1.4059633027522935
992,PIDILITIND,2014,4283,3611,672.0,16.0,38,16,81,612,27.0,450,9.0,31.0,1063,51.0,1901,46,930,2928,729,458,260,1481,2928,1952.0,919,394.0,-99.0,-242.0,54.0,4283,0.2305327868852459,0.0235655737704918,0.15689936960074713,1.462773224043716
993,PIDILITIND,2015,4844,4073,771.0,16.0,40,16,118,678,25.0,514,10.0,29.0,1064,51.0,2219,58,986,3315,978,462,370,1505,3315,2270.0,920,552.0,-436.0,-165.0,-49.0,4844,0.226431718061674,0.02555066079295154,0.1591659785301404,1.461236802413273
994,PIDILITIND,2016,5361,4188,1173.0,22.0,81,13,100,1141,29.0,807,16.0,26.0,1065,51.0,2587,80,996,3714,1137,158,706,1713,3714,2638.0,921,907.0,-491.0,-371.0,45.0,5361,0.30591357088703564,0.030326004548900682,0.21880246222719643,1.4434571890145396
995,PIDILITIND,2017,5617,4355,1262.0,22.0,115,14,115,1248,31.0,863,17.0,28.0,1066,51.0,3420,98,1202,4770,1275,148,1443,1904,4770,3471.0,922,794.0,-879.0,41.0,-45.0,5617,0.24863151829443964,0.028233938346297897,0.22467509346626313,1.1775681341719078
996,PIDILITIND,2018,6078,4737,1341.0,22.0,153,16,120,1359,29.0,966,19.0,32.0,1067,51.0,3523,125,1500,5199,1342,228,1246,2383,5199,3574.0,923,796.0,39.0,-790.0,46.0,6078,0.2702853945159485,0.03497481813094572,0.22063178677196446,1.169070975187536
997,PIDILITIND,2019,7078,5707,1371.0,19.0,130,26,133,1342,31.0,928,18.0,36.0,1068,51.0,4097,113,1643,5904,1448,242,1548,2666,5904,4148.0,924,845.0,-513.0,-361.0,-29.0,7078,0.22372227579556414,0.027242044358727097,0.19369878496750495,1.1988482384823849
998,PIDILITIND,2020,7294,5718,1576.0,22.0,97,34,170,1470,24.0,1122,22.0,32.0,1069,51.0,4405,288,1779,6523,1807,259,1186,3270,6523,4456.0,925,1280.0,103.0,-849.0,533.0,7294,0.2517953321364452,0.06463195691202872,0.2160680010967919,1.11819714855128
999,PIDILITIND,2021,7293,5606,1686.0,23.0,74,37,201,1522,26.0,1126,22.0,38.0,1070,51.0,5542,331,2890,8814,4418,294,516,3586,8814,5593.0,926,1392.0,-1688.0,-76.0,-372.0,7293,0.20132308242445915,0.059181119256213124,0.2311805841217606,0.827433628318584
1000,PIDILITIND,2022,9921,8065,1856.0,19.0,39,42,240,1614,25.0,1207,24.0,42.0,1071,51.0,6353,416,2675,9494,4703,225,459,4107,9494,6404.0,927,955.0,-558.0,-468.0,-71.0,9921,0.18847595252966895,0.06495940037476577,0.1870779155327084,1.044975774173162
1001,PIDILITIND,2023,11799,9813,1986.0,17.0,55,48,270,1723,25.0,1289,25.0,44.0,1072,51.0,7161,391,2902,10505,4914,406,881,4304,10505,7212.0,928,1558.0,-899.0,-656.0,2.0,11799,0.17872989462007766,0.05421519689406545,0.16831934909738114,1.1231794383626845
1002,PIDILITIND,2024,12383,9675,2708.0,22.0,63,51,341,2379,27.0,1747,34.0,47.0,1073,51.0,8356,382,3286,12076,5451,148,2235,4242,12076,8407.0,929,2724.0,-1769.0,-742.0,212.0,12383,0.20780302129178066,0.045438325205186154,0.21868690947266414,1.0254223252732693
1002,PIDILITIND,2024,12383,9675,2708.0,22.0,63,51,341,2379,27.0,1747,34.0,47.0,1074,51.0,8664,379,3662,12755,5499,161,2546,4550,12755,8715.0,929,2724.0,-1769.0,-742.0,212.0,12383,0.2004589787722318,0.04348823866896156,0.21868690947266414,0.9708349666797335
1004,PNB,2013,43071,12456,0.0,0.0,4310,27802,336,6786,27.0,5020,28.0,19.0,1075,50.0,568,6695,342,7655,14,4,777,6860,7655,618.0,930,-692.0,-600.0,-694.0,-1987.0,43071,8.122977346278317,10.833333333333334,0.0,5.626518615284128
1004,PNB,2013,43071,12456,0.0,0.0,4310,27802,336,6786,27.0,5020,28.0,19.0,1087,50.0,568,6695,342,7655,14,4,777,6860,7655,618.0,930,-692.0,-600.0,-694.0,-1987.0,43071,8.122977346278317,10.833333333333334,0.0,5.626518615284128
1004,PNB,2013,43071,12456,0.0,0.0,4310,27802,336,6786,27.0,5020,28.0,19.0,1099,50.0,568,6695,342,7655,14,4,777,6860,7655,618.0,930,-692.0,-600.0,-694.0,-1987.0,43071,8.122977346278317,10.833333333333334,0.0,5.626518615284128
1004,PNB,2013,43071,12456,0.0,0.0,4310,27802,336,6786,27.0,5020,28.0,19.0,1111,50.0,568,6695,342,7655,14,4,777,6860,7655,618.0,930,-692.0,-600.0,-694.0,-1987.0,43071,8.122977346278317,10.833333333333334,0.0,5.626518615284128
1004,PNB,2013,43071,12456,0.0,0.0,4310,27802,336,6786,27.0,5020,28.0,19.0,1123,50.0,568,6695,342,7655,14,4,777,6860,7655,618.0,930,-692.0,-600.0,-694.0,-1987.0,43071,8.122977346278317,10.833333333333334,0.0,5.626518615284128
1005,PNB,2014,44958,16112,0.0,0.0,4710,28220,367,4969,29.0,3674,20.0,10.0,1076,66.0,868,10108,498,11540,26,3,645,10865,11540,934.0,931,16906.0,-302.0,2129.0,18733.0,44958,3.9336188436830835,10.822269807280515,0.0,3.895840554592721
1005,PNB,2014,44958,16112,0.0,0.0,4710,28220,367,4969,29.0,3674,20.0,10.0,1088,66.0,868,10108,498,11540,26,3,645,10865,11540,934.0,931,16906.0,-302.0,2129.0,18733.0,44958,3.9336188436830835,10.822269807280515,0.0,3.895840554592721
1005,PNB,2014,44958,16112,0.0,0.0,4710,28220,367,4969,29.0,3674,20.0,10.0,1100,66.0,868,10108,498,11540,26,3,645,10865,11540,934.0,931,16906.0,-302.0,2129.0,18733.0,44958,3.9336188436830835,10.822269807280515,0.0,3.895840554592721
1005,PNB,2014,44958,16112,0.0,0.0,4710,28220,367,4969,29.0,3674,20.0,10.0,1112,66.0,868,10108,498,11540,26,3,645,10865,11540,934.0,931,16906.0,-302.0,2129.0,18733.0,44958,3.9336188436830835,10.822269807280515,0.0,3.895840554592721
1005,PNB,2014,44958,16112,0.0,0.0,4710,28220,367,4969,29.0,3674,20.0,10.0,1124,66.0,868,10108,498,11540,26,3,645,10865,11540,934.0,931,16906.0,-302.0,2129.0,18733.0,44958,3.9336188436830835,10.822269807280515,0.0,3.895840554592721
1006,PNB,2015,48710,18760,0.0,0.0,6175,31343,384,4397,24.0,3525,18.0,18.0,1077,104.0,1475,16481,976,19035,40,18,1586,17392,19035,1579.0,932,4814.0,-872.0,7451.0,11393.0,48710,2.232425585813806,10.437618746041798,0.0,2.5589703178355663
1006,PNB,2015,48710,18760,0.0,0.0,6175,31343,384,4397,24.0,3525,18.0,18.0,1089,104.0,1475,16481,976,19035,40,18,1586,17392,19035,1579.0,932,4814.0,-872.0,7451.0,11393.0,48710,2.232425585813806,10.437618746041798,0.0,2.5589703178355663
1006,PNB,2015,48710,18760,0.0,0.0,6175,31343,384,4397,24.0,3525,18.0,18.0,1101,104.0,1475,16481,976,19035,40,18,1586,17392,19035,1579.0,932,4814.0,-872.0,7451.0,11393.0,48710,2.232425585813806,10.437618746041798,0.0,2.5589703178355663
1006,PNB,2015,48710,18760,0.0,0.0,6175,31343,384,4397,24.0,3525,18.0,18.0,1113,104.0,1475,16481,976,19035,40,18,1586,17392,19035,1579.0,932,4814.0,-872.0,7451.0,11393.0,48710,2.232425585813806,10.437618746041798,0.0,2.5589703178355663
1006,PNB,2015,48710,18760,0.0,0.0,6175,31343,384,4397,24.0,3525,18.0,18.0,1125,104.0,1475,16481,976,19035,40,18,1586,17392,19035,1579.0,932,4814.0,-872.0,7451.0,11393.0,48710,2.232425585813806,10.437618746041798,0.0,2.5589703178355663
1007,PNB,2016,50804,27453,0.0,0.0,6100,34331,413,-5293,-31.0,-3510,-19.0,-2.0,1078,127.0,2019,26014,1511,29671,58,4,1622,27987,29671,2146.0,933,14167.0,-1352.0,5975.0,18790.0,50804,-1.635601118359739,12.122087604846225,0.0,1.7122442789255503
1007,PNB,2016,50804,27453,0.0,0.0,6100,34331,413,-5293,-31.0,-3510,-19.0,-2.0,1090,127.0,2019,26014,1511,29671,58,4,1622,27987,29671,2146.0,933,14167.0,-1352.0,5975.0,18790.0,50804,-1.635601118359739,12.122087604846225,0.0,1.7122442789255503
1007,PNB,2016,50804,27453,0.0,0.0,6100,34331,413,-5293,-31.0,-3510,-19.0,-2.0,1102,127.0,2019,26014,1511,29671,58,4,1622,27987,29671,2146.0,933,14167.0,-1352.0,5975.0,18790.0,50804,-1.635601118359739,12.122087604846225,0.0,1.7122442789255503
1007,PNB,2016,50804,27453,0.0,0.0,6100,34331,413,-5293,-31.0,-3510,-19.0,-2.0,1114,127.0,2019,26014,1511,29671,58,4,1622,27987,29671,2146.0,933,14167.0,-1352.0,5975.0,18790.0,50804,-1.635601118359739,12.122087604846225,0.0,1.7122442789255503
1007,PNB,2016,50804,27453,0.0,0.0,6100,34331,413,-5293,-31.0,-3510,-19.0,-2.0,1126,127.0,2019,26014,1511,29671,58,4,1622,27987,29671,2146.0,933,14167.0,-1352.0,5975.0,18790.0,50804,-1.635601118359739,12.122087604846225,0.0,1.7122442789255503
1008,PNB,2017,48058,22533,0.0,0.0,9168,32722,430,1540,41.0,1239,6.0,0.0,1079,166.0,5412,35497,1885,42960,58,2,3280,39620,42960,5578.0,934,21938.0,159.0,-9767.0,12330.0,48058,0.22212262459662963,6.3637504481893155,0.0,1.1186685288640597
1008,PNB,2017,48058,22533,0.0,0.0,9168,32722,430,1540,41.0,1239,6.0,0.0,1091,166.0,5412,35497,1885,42960,58,2,3280,39620,42960,5578.0,934,21938.0,159.0,-9767.0,12330.0,48058,0.22212262459662963,6.3637504481893155,0.0,1.1186685288640597
1008,PNB,2017,48058,22533,0.0,0.0,9168,32722,430,1540,41.0,1239,6.0,0.0,1103,166.0,5412,35497,1885,42960,58,2,3280,39620,42960,5578.0,934,21938.0,159.0,-9767.0,12330.0,48058,0.22212262459662963,6.3637504481893155,0.0,1.1186685288640597
1008,PNB,2017,48058,22533,0.0,0.0,9168,32722,430,1540,41.0,1239,6.0,0.0,1115,166.0,5412,35497,1885,42960,58,2,3280,39620,42960,5578.0,934,21938.0,159.0,-9767.0,12330.0,48058,0.22212262459662963,6.3637504481893155,0.0,1.1186685288640597
1008,PNB,2017,48058,22533,0.0,0.0,9168,32722,430,1540,41.0,1239,6.0,0.0,1127,166.0,5412,35497,1885,42960,58,2,3280,39620,42960,5578.0,934,21938.0,159.0,-9767.0,12330.0,48058,0.22212262459662963,6.3637504481893155,0.0,1.1186685288640597
1009,PNB,2018,48725,43345,0.0,0.0,8883,33530,581,-19849,-37.0,-12111,-44.0,0.0,1080,167.0,6402,53777,2673,63018,255,10,2413,60340,63018,6569.0,935,-1742.0,392.0,7460.0,6109.0,48725,-1.843659613335363,8.186481960724615,0.0,0.7731917864737059
1009,PNB,2018,48725,43345,0.0,0.0,8883,33530,581,-19849,-37.0,-12111,-44.0,0.0,1092,167.0,6402,53777,2673,63018,255,10,2413,60340,63018,6569.0,935,-1742.0,392.0,7460.0,6109.0,48725,-1.843659613335363,8.186481960724615,0.0,0.7731917864737059
1009,PNB,2018,48725,43345,0.0,0.0,8883,33530,581,-19849,-37.0,-12111,-44.0,0.0,1104,167.0,6402,53777,2673,63018,255,10,2413,60340,63018,6569.0,935,-1742.0,392.0,7460.0,6109.0,48725,-1.843659613335363,8.186481960724615,0.0,0.7731917864737059
1009,PNB,2018,48725,43345,0.0,0.0,8883,33530,581,-19849,-37.0,-12111,-44.0,0.0,1116,167.0,6402,53777,2673,63018,255,10,2413,60340,63018,6569.0,935,-1742.0,392.0,7460.0,6109.0,48725,-1.843659613335363,8.186481960724615,0.0,0.7731917864737059
1009,PNB,2018,48725,43345,0.0,0.0,8883,33530,581,-19849,-37.0,-12111,-44.0,0.0,1128,167.0,6402,53777,2673,63018,255,10,2413,60340,63018,6569.0,935,-1742.0,392.0,7460.0,6109.0,48725,-1.843659613335363,8.186481960724615,0.0,0.7731917864737059
1010,PNB,2019,52147,39645,0.0,0.0,7367,34656,584,-15370,-35.0,-9550,-21.0,0.0,1081,167.0,7268,71859,4456,83750,102,5,4457,79185,83750,7435.0,936,-33532.0,-629.0,13969.0,-20192.0,52147,-1.2844653665097512,9.664963012777404,0.0,0.6226507462686567
1010,PNB,2019,52147,39645,0.0,0.0,7367,34656,584,-15370,-35.0,-9550,-21.0,0.0,1093,167.0,7268,71859,4456,83750,102,5,4457,79185,83750,7435.0,936,-33532.0,-629.0,13969.0,-20192.0,52147,-1.2844653665097512,9.664963012777404,0.0,0.6226507462686567
1010,PNB,2019,52147,39645,0.0,0.0,7367,34656,584,-15370,-35.0,-9550,-21.0,0.0,1105,167.0,7268,71859,4456,83750,102,5,4457,79185,83750,7435.0,936,-33532.0,-629.0,13969.0,-20192.0,52147,-1.2844653665097512,9.664963012777404,0.0,0.6226507462686567
1010,PNB,2019,52147,39645,0.0,0.0,7367,34656,584,-15370,-35.0,-9550,-21.0,0.0,1117,167.0,7268,71859,4456,83750,102,5,4457,79185,83750,7435.0,936,-33532.0,-629.0,13969.0,-20192.0,52147,-1.2844653665097512,9.664963012777404,0.0,0.6226507462686567
1010,PNB,2019,52147,39645,0.0,0.0,7367,34656,584,-15370,-35.0,-9550,-21.0,0.0,1129,167.0,7268,71859,4456,83750,102,5,4457,79185,83750,7435.0,936,-33532.0,-629.0,13969.0,-20192.0,52147,-1.2844653665097512,9.664963012777404,0.0,0.6226507462686567
1011,PNB,2020,54918,25867,0.0,0.0,9388,36997,614,827,56.0,485,1.0,0.0,1082,168.0,7779,67736,3191,78874,250,4,2048,76572,78874,7947.0,937,-12793.0,-338.0,13591.0,460.0,54918,0.06102931923996477,8.523467975336604,0.0,0.6962750716332379
1011,PNB,2020,54918,25867,0.0,0.0,9388,36997,614,827,56.0,485,1.0,0.0,1094,168.0,7779,67736,3191,78874,250,4,2048,76572,78874,7947.0,937,-12793.0,-338.0,13591.0,460.0,54918,0.06102931923996477,8.523467975336604,0.0,0.6962750716332379
1011,PNB,2020,54918,25867,0.0,0.0,9388,36997,614,827,56.0,485,1.0,0.0,1106,168.0,7779,67736,3191,78874,250,4,2048,76572,78874,7947.0,937,-12793.0,-338.0,13591.0,460.0,54918,0.06102931923996477,8.523467975336604,0.0,0.6962750716332379
1011,PNB,2020,54918,25867,0.0,0.0,9388,36997,614,827,56.0,485,1.0,0.0,1118,168.0,7779,67736,3191,78874,250,4,2048,76572,78874,7947.0,937,-12793.0,-338.0,13591.0,460.0,54918,0.06102931923996477,8.523467975336604,0.0,0.6962750716332379
1011,PNB,2020,54918,25867,0.0,0.0,9388,36997,614,827,56.0,485,1.0,0.0,1130,168.0,7779,67736,3191,78874,250,4,2048,76572,78874,7947.0,937,-12793.0,-338.0,13591.0,460.0,54918,0.06102931923996477,8.523467975336604,0.0,0.6962750716332379
1012,PNB,2021,81935,38601,0.0,0.0,12777,50805,982,4325,38.0,2695,2.0,0.0,1083,168.0,8699,59394,3072,71333,181,2,2033,69117,71333,8867.0,938,30950.0,-787.0,5415.0,35579.0,81935,0.30393594225780984,6.69831961204466,0.0,1.1486268627423493
1012,PNB,2021,81935,38601,0.0,0.0,12777,50805,982,4325,38.0,2695,2.0,0.0,1095,168.0,8699,59394,3072,71333,181,2,2033,69117,71333,8867.0,938,30950.0,-787.0,5415.0,35579.0,81935,0.30393594225780984,6.69831961204466,0.0,1.1486268627423493
1012,PNB,2021,81935,38601,0.0,0.0,12777,50805,982,4325,38.0,2695,2.0,0.0,1107,168.0,8699,59394,3072,71333,181,2,2033,69117,71333,8867.0,938,30950.0,-787.0,5415.0,35579.0,81935,0.30393594225780984,6.69831961204466,0.0,1.1486268627423493
1012,PNB,2021,81935,38601,0.0,0.0,12777,50805,982,4325,38.0,2695,2.0,0.0,1119,168.0,8699,59394,3072,71333,181,2,2033,69117,71333,8867.0,938,30950.0,-787.0,5415.0,35579.0,81935,0.30393594225780984,6.69831961204466,0.0,1.1486268627423493
1012,PNB,2021,81935,38601,0.0,0.0,12777,50805,982,4325,38.0,2695,2.0,0.0,1131,168.0,8699,59394,3072,71333,181,2,2033,69117,71333,8867.0,938,30950.0,-787.0,5415.0,35579.0,81935,0.30393594225780984,6.69831961204466,0.0,1.1486268627423493
1013,PNB,2022,76242,36026,0.0,0.0,12329,46823,896,4826,19.0,3908,4.0,18.0,1084,169.0,9632,52961,2888,65649,150,4,3472,62024,65649,9801.0,939,20032.0,-1204.0,2032.0,20859.0,76242,0.3987348229772472,5.403632282420161,0.0,1.161358131883197
1013,PNB,2022,76242,36026,0.0,0.0,12329,46823,896,4826,19.0,3908,4.0,18.0,1096,169.0,9632,52961,2888,65649,150,4,3472,62024,65649,9801.0,939,20032.0,-1204.0,2032.0,20859.0,76242,0.3987348229772472,5.403632282420161,0.0,1.161358131883197
1013,PNB,2022,76242,36026,0.0,0.0,12329,46823,896,4826,19.0,3908,4.0,18.0,1108,169.0,9632,52961,2888,65649,150,4,3472,62024,65649,9801.0,939,20032.0,-1204.0,2032.0,20859.0,76242,0.3987348229772472,5.403632282420161,0.0,1.161358131883197
1013,PNB,2022,76242,36026,0.0,0.0,12329,46823,896,4826,19.0,3908,4.0,18.0,1120,169.0,9632,52961,2888,65649,150,4,3472,62024,65649,9801.0,939,20032.0,-1204.0,2032.0,20859.0,76242,0.3987348229772472,5.403632282420161,0.0,1.161358131883197
1013,PNB,2022,76242,36026,0.0,0.0,12329,46823,896,4826,19.0,3908,4.0,18.0,1132,169.0,9632,52961,2888,65649,150,4,3472,62024,65649,9801.0,939,20032.0,-1204.0,2032.0,20859.0,76242,0.3987348229772472,5.403632282420161,0.0,1.161358131883197
1014,PNB,2023,86845,41502,0.0,0.0,12529,51817,905,5151,35.0,3359,3.0,21.0,1085,169.0,10784,53621,2231,66805,146,3,3188,63468,66805,10953.0,940,22592.0,-732.0,1275.0,23135.0,86845,0.3066739706016616,4.895553729571807,0.0,1.299977546590824
1014,PNB,2023,86845,41502,0.0,0.0,12529,51817,905,5151,35.0,3359,3.0,21.0,1097,169.0,10784,53621,2231,66805,146,3,3188,63468,66805,10953.0,940,22592.0,-732.0,1275.0,23135.0,86845,0.3066739706016616,4.895553729571807,0.0,1.299977546590824
1014,PNB,2023,86845,41502,0.0,0.0,12529,51817,905,5151,35.0,3359,3.0,21.0,1109,169.0,10784,53621,2231,66805,146,3,3188,63468,66805,10953.0,940,22592.0,-732.0,1275.0,23135.0,86845,0.3066739706016616,4.895553729571807,0.0,1.299977546590824
1014,PNB,2023,86845,41502,0.0,0.0,12529,51817,905,5151,35.0,3359,3.0,21.0,1121,169.0,10784,53621,2231,66805,146,3,3188,63468,66805,10953.0,940,22592.0,-732.0,1275.0,23135.0,86845,0.3066739706016616,4.895553729571807,0.0,1.299977546590824
1014,PNB,2023,86845,41502,0.0,0.0,12529,51817,905,5151,35.0,3359,3.0,21.0,1133,169.0,10784,53621,2231,66805,146,3,3188,63468,66805,10953.0,940,22592.0,-732.0,1275.0,23135.0,86845,0.3066739706016616,4.895553729571807,0.0,1.299977546590824
1015,PNB,2024,109065,39623,0.0,0.0,14158,68534,906,14160,35.0,9157,8.0,18.0,1086,260.0,14673,55017,2422,72371,206,15,4345,67804,72371,14933.0,941,-27939.0,-1506.0,3518.0,-25928.0,109065,0.613205651911873,3.684256345007701,0.0,1.5070262950629396
1015,PNB,2024,109065,39623,0.0,0.0,14158,68534,906,14160,35.0,9157,8.0,18.0,1098,260.0,14673,55017,2422,72371,206,15,4345,67804,72371,14933.0,941,-27939.0,-1506.0,3518.0,-25928.0,109065,0.613205651911873,3.684256345007701,0.0,1.5070262950629396
1015,PNB,2024,109065,39623,0.0,0.0,14158,68534,906,14160,35.0,9157,8.0,18.0,1110,260.0,14673,55017,2422,72371,206,15,4345,67804,72371,14933.0,941,-27939.0,-1506.0,3518.0,-25928.0,109065,0.613205651911873,3.684256345007701,0.0,1.5070262950629396
1015,PNB,2024,109065,39623,0.0,0.0,14158,68534,906,14160,35.0,9157,8.0,18.0,1122,260.0,14673,55017,2422,72371,206,15,4345,67804,72371,14933.0,941,-27939.0,-1506.0,3518.0,-25928.0,109065,0.613205651911873,3.684256345007701,0.0,1.5070262950629396
1015,PNB,2024,109065,39623,0.0,0.0,14158,68534,906,14160,35.0,9157,8.0,18.0,1134,260.0,14673,55017,2422,72371,206,15,4345,67804,72371,14933.0,941,-27939.0,-1506.0,3518.0,-25928.0,109065,0.613205651911873,3.684256345007701,0.0,1.5070262950629396
1017,POWERGRID,2013,13081,2244,10837.0,83.0,966,2599,3428,5776,25.0,4313,5.0,31.0,1135,4630.0,21773,69233,17748,113384,62568,35265,586,14964,113384,26403.0,942,11690.0,-22084.0,9962.0,-432.0,13081,0.163352649320153,2.6221641480134834,0.8284534821496827,0.11536901150074085
1017,POWERGRID,2013,13081,2244,10837.0,83.0,966,2599,3428,5776,25.0,4313,5.0,31.0,1148,4630.0,21773,69233,17748,113384,62568,35265,586,14964,113384,26403.0,942,11690.0,-22084.0,9962.0,-432.0,13081,0.163352649320153,2.6221641480134834,0.8284534821496827,0.11536901150074085
1018,POWERGRID,2014,15555,2588,12967.0,83.0,725,3254,4079,6359,28.0,4548,5.0,30.0,1136,5232.0,29466,84220,22562,141480,74252,50069,423,16736,141480,34698.0,943,15223.0,-26639.0,13712.0,2295.0,15555,0.13107383710876708,2.427229235114416,0.8336226293796207,0.1099448685326548
1018,POWERGRID,2014,15555,2588,12967.0,83.0,725,3254,4079,6359,28.0,4548,5.0,30.0,1149,5232.0,29466,84220,22562,141480,74252,50069,423,16736,141480,34698.0,943,15223.0,-26639.0,13712.0,2295.0,15555,0.13107383710876708,2.427229235114416,0.8336226293796207,0.1099448685326548
1019,POWERGRID,2015,17540,2613,14927.0,85.0,731,4081,5173,6404,21.0,5046,5.0,21.0,1137,5232.0,33207,96243,26102,160784,91191,53681,220,15693,160784,38439.0,944,15800.0,-24185.0,6399.0,-1986.0,17540,0.13127292593459766,2.503785218137829,0.8510262257696694,0.10909045676186685
1019,POWERGRID,2015,17540,2613,14927.0,85.0,731,4081,5173,6404,21.0,5046,5.0,21.0,1150,5232.0,33207,96243,26102,160784,91191,53681,220,15693,160784,38439.0,944,15800.0,-24185.0,6399.0,-1986.0,17540,0.13127292593459766,2.503785218137829,0.8510262257696694,0.10909045676186685
1020,POWERGRID,2016,20652,2468,18184.0,88.0,656,5086,6182,7572,21.0,5959,6.0,20.0,1138,5232.0,38738,108545,26797,179312,115094,45611,919,17688,179312,43970.0,945,15008.0,-21576.0,5621.0,-948.0,20652,0.13552422105981352,2.468614964748692,0.8804958357544064,0.11517355224413313
1020,POWERGRID,2016,20652,2468,18184.0,88.0,656,5086,6182,7572,21.0,5959,6.0,20.0,1151,5232.0,38738,108545,26797,179312,115094,45611,919,17688,179312,43970.0,945,15008.0,-21576.0,5621.0,-948.0,20652,0.13552422105981352,2.468614964748692,0.8804958357544064,0.11517355224413313
1021,POWERGRID,2017,25697,3247,22450.0,87.0,933,6204,7722,9457,21.0,7451,8.0,31.0,1139,5232.0,44634,118988,26809,195662,137678,38264,1165,18555,195662,49866.0,946,21575.0,-23836.0,3959.0,1698.0,25697,0.1494204467974171,2.386154895118919,0.8736428376853329,0.13133362635565413
1021,POWERGRID,2017,25697,3247,22450.0,87.0,933,6204,7722,9457,21.0,7451,8.0,31.0,1152,5232.0,44634,118988,26809,195662,137678,38264,1165,18555,195662,49866.0,946,21575.0,-23836.0,3959.0,1698.0,25697,0.1494204467974171,2.386154895118919,0.8736428376853329,0.13133362635565413
1022,POWERGRID,2018,29954,3993,25961.0,87.0,4065,7324,9231,13471,39.0,8204,9.0,33.0,1140,5232.0,49194,131503,39425,225354,156198,37669,1224,30264,225354,54426.0,947,22710.0,-25701.0,1285.0,-1707.0,29954,0.15073678021533826,2.416179767023114,0.8666955999198771,0.13291976179699494
1022,POWERGRID,2018,29954,3993,25961.0,87.0,4065,7324,9231,13471,39.0,8204,9.0,33.0,1153,5232.0,49194,131503,39425,225354,156198,37669,1224,30264,225354,54426.0,947,22710.0,-25701.0,1285.0,-1707.0,29954,0.15073678021533826,2.416179767023114,0.8666955999198771,0.13291976179699494
1023,POWERGRID,2019,35059,8140,26920.0,77.0,1505,8737,10541,9147,-10.0,10034,11.0,43.0,1141,5232.0,53857,146376,41916,247380,172740,37631,1296,35713,247380,59089.0,948,23271.0,-18727.0,-2431.0,2113.0,35059,0.16981164006837143,2.477212340706392,0.7678484839841411,0.14172123858032176
1023,POWERGRID,2019,35059,8140,26920.0,77.0,1505,8737,10541,9147,-10.0,10034,11.0,43.0,1154,5232.0,53857,146376,41916,247380,172740,37631,1296,35713,247380,59089.0,948,23271.0,-18727.0,-2431.0,2113.0,35059,0.16981164006837143,2.477212340706392,0.7678484839841411,0.14172123858032176
1024,POWERGRID,2020,37744,4858,32886.0,87.0,2820,9509,11607,14590,24.0,11059,12.0,47.0,1142,5232.0,59464,148270,43706,256671,181112,35177,1431,38951,256671,64696.0,949,30739.0,-10733.0,-18806.0,1199.0,37744,0.170937925064919,2.2917954742178805,0.8712908011869436,0.14705206275738203
1024,POWERGRID,2020,37744,4858,32886.0,87.0,2820,9509,11607,14590,24.0,11059,12.0,47.0,1155,5232.0,59464,148270,43706,256671,181112,35177,1431,38951,256671,64696.0,949,30739.0,-10733.0,-18806.0,1199.0,37744,0.170937925064919,2.2917954742178805,0.8712908011869436,0.14705206275738203
1025,POWERGRID,2021,39640,4734,34906.0,88.0,769,8135,12039,15501,22.0,12036,13.0,52.0,1143,5232.0,64704,143232,42539,255708,183726,24838,1486,45659,255708,69936.0,950,29403.0,-9244.0,-20521.0,-362.0,39640,0.17210020590253947,2.0480439258750858,0.8805751765893037,0.15502057033804184
1025,POWERGRID,2021,39640,4734,34906.0,88.0,769,8135,12039,15501,22.0,12036,13.0,52.0,1156,5232.0,64704,143232,42539,255708,183726,24838,1486,45659,255708,69936.0,950,29403.0,-9244.0,-20521.0,-362.0,39640,0.17210020590253947,2.0480439258750858,0.8805751765893037,0.15502057033804184
1026,POWERGRID,2022,41622,5796,35826.0,86.0,4692,8036,12872,19610,14.0,16824,18.0,61.0,1144,6975.0,69272,134696,40008,250950,191773,12854,3788,42536,250950,76247.0,951,26124.0,753.0,-28967.0,-2091.0,41622,0.22065130431361235,1.7665744226002336,0.8607467204843592,0.16585774058577407
1026,POWERGRID,2022,41622,5796,35826.0,86.0,4692,8036,12872,19610,14.0,16824,18.0,61.0,1157,6975.0,69272,134696,40008,250950,191773,12854,3788,42536,250950,76247.0,951,26124.0,753.0,-28967.0,-2091.0,41622,0.22065130431361235,1.7665744226002336,0.8607467204843592,0.16585774058577407
1027,POWERGRID,2023,45603,6028,39576.0,87.0,1093,9634,13333,17702,13.0,15420,17.0,67.0,1145,6975.0,76051,128584,40615,252225,185437,13772,3489,49527,252225,83026.0,952,40203.0,-7138.0,-30450.0,2615.0,45603,0.1857249536289837,1.5487196781731023,0.8678376422603776,0.1808028545941124
1027,POWERGRID,2023,45603,6028,39576.0,87.0,1093,9634,13333,17702,13.0,15420,17.0,67.0,1158,6975.0,76051,128584,40615,252225,185437,13772,3489,49527,252225,83026.0,952,40203.0,-7138.0,-30450.0,2615.0,45603,0.1857249536289837,1.5487196781731023,0.8678376422603776,0.1808028545941124
1028,POWERGRID,2024,45843,6017,39826.0,87.0,556,8773,13095,18514,16.0,15573,17.0,67.0,1146,9301.0,77845,123516,40168,250829,177761,18197,4163,50708,250829,87146.0,953,37290.0,-13114.0,-25903.0,-1728.0,45843,0.17870011245496065,1.4173456039290386,0.8687476823070044,0.18276594811604718
1028,POWERGRID,2024,45843,6017,39826.0,87.0,556,8773,13095,18514,16.0,15573,17.0,67.0,1147,9301.0,82760,122568,40668,255297,174178,23767,3410,53941,255297,92061.0,953,37290.0,-13114.0,-25903.0,-1728.0,45843,0.16915957897481018,1.331378107993613,0.8687476823070044,0.17956732746565765
1028,POWERGRID,2024,45843,6017,39826.0,87.0,556,8773,13095,18514,16.0,15573,17.0,67.0,1159,9301.0,77845,123516,40168,250829,177761,18197,4163,50708,250829,87146.0,953,37290.0,-13114.0,-25903.0,-1728.0,45843,0.17870011245496065,1.4173456039290386,0.8687476823070044,0.18276594811604718
1028,POWERGRID,2024,45843,6017,39826.0,87.0,556,8773,13095,18514,16.0,15573,17.0,67.0,1160,9301.0,82760,122568,40668,255297,174178,23767,3410,53941,255297,92061.0,953,37290.0,-13114.0,-25903.0,-1728.0,45843,0.16915957897481018,1.331378107993613,0.8687476823070044,0.17956732746565765
1030,RECLTD,2013,13634,365,13270.0,97.0,4,8083,4,5186,26.0,3833,15.0,21.0,1161,987.0,16543,107762,5277,130570,72,9,638,129851,130570,17530.0,954,-20059.0,152.0,16059.0,-3847.0,13634,0.21865373645179692,6.147290359383914,0.9733020390200968,0.10441908554798192
1031,RECLTD,2014,17223,572,16650.0,97.0,6,10035,5,6617,28.0,4741,18.0,20.0,1162,987.0,19816,126173,5968,152944,73,10,1690,151170,152944,20803.0,955,-17244.0,136.0,16815.0,-293.0,17223,0.22789982214103735,6.065134836321684,0.9667305347500436,0.1126098441259546
1032,RECLTD,2015,20544,1149,19395.0,94.0,6,11840,8,7552,29.0,5344,20.0,20.0,1163,987.0,24085,150979,7404,183456,110,10,1596,181740,183456,25072.0,956,-23898.0,151.0,23098.0,-649.0,20544,0.2131461391193363,6.021817166560306,0.944071261682243,0.1119832548403977
1033,RECLTD,2016,24125,1680,22445.0,93.0,4,14282,20,8147,30.0,5691,22.0,30.0,1164,987.0,27906,169212,8840,206945,254,78,2352,204261,206945,28893.0,957,-13278.0,-756.0,15291.0,1257.0,24125,0.1969681237670024,5.856505035821825,0.9303626943005181,0.11657686825001812
1034,RECLTD,2017,24338,1888,22450.0,92.0,24,13462,40,8972,30.0,6313,24.0,30.0,1165,1975.0,31696,167852,8723,210245,355,166,2617,207108,210245,33671.0,958,6805.0,-101.0,-3947.0,2757.0,24338,0.18749071901636424,4.9850613287398655,0.922425836141014,0.11576018454660039
1035,RECLTD,2018,22658,3379,19279.0,85.0,18,13333,7,5958,25.0,4451,17.0,41.0,1166,1975.0,30613,204367,5416,242370,132,129,2948,239162,242370,32588.0,959,-32510.0,46.0,28244.0,-4220.0,22658,0.13658401865717443,6.271234810359641,0.8508694500838556,0.09348516730618475
1036,RECLTD,2019,25408,1702,23705.0,93.0,33,15639,8,8090,29.0,5741,22.0,38.0,1167,1975.0,32571,244249,19659,298454,165,199,2463,295627,298454,34546.0,960,-35866.0,457.0,35543.0,134.0,25408,0.16618421814392403,7.0702541538817805,0.9329738664987406,0.08513204714964451
1037,RECLTD,2020,29942,3981,25961.0,87.0,72,18991,12,7030,29.0,4972,19.0,44.0,1168,1975.0,33422,286289,25345,347030,166,288,2386,344190,347030,35397.0,961,-32712.0,121.0,33926.0,1336.0,29942,0.1404638811198689,8.087945306099387,0.8670429497027586,0.08628072500936518
1038,RECLTD,2021,35557,3292,32265.0,91.0,15,21489,11,10780,22.0,8378,32.0,30.0,1169,1975.0,41789,329723,27380,400867,267,336,1981,398282,400867,43764.0,962,-43512.0,861.0,42113.0,-538.0,35557,0.19143588337446302,7.534114797550498,0.9074162612143881,0.08870024222497735
1039,RECLTD,2022,39276,4838,34438.0,88.0,62,22051,18,12431,19.0,10036,38.0,30.0,1170,1975.0,49339,333043,26503,410860,628,6,2190,408035,410860,51314.0,963,-819.0,-287.0,68.0,-1038.0,39276,0.19558015356432942,6.490295046186226,0.8768204501476728,0.09559460643528209
1040,RECLTD,2023,39486,1858,37628.0,95.0,28,23733,24,13898,20.0,11167,42.0,30.0,1171,2633.0,55487,380790,26592,465503,641,3,3170,461689,465503,58120.0,964,-37360.0,-943.0,38123.0,-180.0,39486,0.19213695801789402,6.551789401238816,0.9529453477181786,0.08482437277525601
1041,RECLTD,2024,47517,-366,47883.0,101.0,48,29948,24,17960,21.0,14145,54.0,30.0,1172,2633.0,66717,445568,33273,548191,632,24,5352,542184,548191,69350.0,965,-57723.0,-1831.0,59588.0,34.0,47517,0.20396539293439078,6.4249170872386445,1.007702506471368,0.08667964267928514
1041,RECLTD,2024,47517,-366,47883.0,101.0,48,29948,24,17960,21.0,14145,54.0,30.0,1173,2633.0,70877,483617,38100,595227,622,49,6790,587766,595227,73510.0,965,-57723.0,-1831.0,59588.0,34.0,47517,0.19242279961909944,6.578928037001768,1.007702506471368,0.07983004803209531
1043,RELIANCE,2013,395957,362802,33155.0,8.0,7757,3463,11232,26217,20.0,20886,15.0,13.0,1174,2936.0,179119,107219,73083,362357,133487,49952,42848,136070,362357,182055.0,966,36918.0,-27601.0,408.0,9725.0,395957,0.11472357254675784,0.5889374090247452,0.08373383978563329,1.0927262340730275
1044,RELIANCE,2014,433521,398586,34935.0,8.0,8865,3836,11201,28763,22.0,22548,16.0,12.0,1175,2940.0,195747,138761,91395,428843,141417,91494,60602,135330,428843,198687.0,967,43261.0,-73070.0,13713.0,-16096.0,433521,0.11348502921680835,0.698389929889726,0.08058433155487277,1.0109084210305403
1045,RELIANCE,2015,374372,336923,37449.0,10.0,8528,3316,11547,31114,24.0,23640,17.0,12.0,1176,2943.0,215556,168251,117736,504486,156458,166462,76451,105115,504486,218499.0,968,34374.0,-64706.0,8444.0,-21888.0,374372,0.10819271484080019,0.7700309841234971,0.10003151945124102,0.7420860043688031
1046,RELIANCE,2016,272583,230802,41781.0,15.0,12212,3691,11565,38737,23.0,29861,22.0,10.0,1177,2948.0,228608,194714,172727,598997,184910,228697,84015,101375,598997,231556.0,969,38134.0,-36186.0,-3210.0,-1262.0,272583,0.12895800583876038,0.8408937794745116,0.15327808410649232,0.45506571819224473
1047,RELIANCE,2017,303954,257647,46307.0,15.0,9222,3849,11646,40034,25.0,29833,22.0,11.0,1178,2959.0,260750,217475,225618,706802,198526,324837,82899,100540,706802,263709.0,970,49550.0,-66201.0,8617.0,-8034.0,303954,0.1131284863239404,0.8246779594173881,0.15234871066016567,0.43004122795351457
1048,RELIANCE,2018,390823,326508,64315.0,16.0,9869,8052,16706,49426,27.0,36080,27.0,10.0,1179,5922.0,287584,239843,277924,811273,403885,187022,82862,137504,811273,293506.0,971,71459.0,-68192.0,-2001.0,1266.0,390823,0.12292764032081116,0.8171655775350418,0.16456298631349742,0.48174042523293636
1049,RELIANCE,2019,568337,484087,84250.0,15.0,8406,16495,20934,55227,28.0,39837,29.0,10.0,1180,5926.0,381186,307714,302804,997630,398374,179463,235635,184158,997630,387112.0,972,42346.0,-94507.0,55906.0,3745.0,568337,0.10290820227737708,0.7948965674016822,0.14823951282425743,0.569687158565801
1050,RELIANCE,2020,596679,507413,89266.0,15.0,8570,22027,22203,53606,26.0,39880,29.0,10.0,1181,6339.0,442827,355133,358716,1163015,532658,109106,276767,244484,1163015,449166.0,973,94877.0,-72497.0,-2541.0,19839.0,596679,0.08878677370949715,0.7906497820404929,0.1496047288408005,0.5130449736245878
1051,RELIANCE,2021,466307,385517,80790.0,17.0,22432,21189,26572,55461,3.0,53739,39.0,9.0,1182,6445.0,693727,278962,340931,1320065,541258,125953,364828,288026,1320065,700172.0,974,26958.0,-142385.0,101904.0,-13523.0,466307,0.07675114114817502,0.398419245556806,0.17325495864312568,0.35324548412388784
1052,RELIANCE,2022,694673,586092,108581.0,16.0,19600,14584,29782,83815,19.0,67845,45.0,9.0,1183,6765.0,772720,319158,399979,1498622,627798,172506,394264,304054,1498622,779485.0,975,110654.0,-109162.0,17289.0,18781.0,694673,0.08703823678454364,0.40944726325715053,0.15630519683361813,0.4635411731577409
1053,RELIANCE,2023,876396,734078,142318.0,16.0,12020,19571,40303,94464,22.0,74088,49.0,9.0,1184,6766.0,709106,451664,438346,1605882,724805,293752,235560,351765,1605882,715872.0,976,115032.0,-93001.0,10455.0,32486.0,876396,0.10349336194179966,0.6309284341334763,0.16239006111392568,0.5457412188442239
1054,RELIANCE,2024,899041,736543,162498.0,18.0,16179,23118,50832,104727,25.0,79020,51.0,10.0,1185,6766.0,786715,458991,502576,1755048,779985,338855,225672,410536,1755048,793481.0,977,158788.0,-113581.0,-16646.0,28561.0,899041,0.09958650553699458,0.5784524141094746,0.18074592816122959,0.5122600635424216
1054,RELIANCE,2024,899041,736543,162498.0,18.0,16179,23118,50832,104727,25.0,79020,51.0,10.0,1186,6766.0,812687,357525,638145,1815123,968747,198873,244559,402944,1815123,819453.0,977,158788.0,-113581.0,-16646.0,28561.0,899041,0.0964301796442261,0.4362971396773213,0.18074592816122959,0.4953058277593309
1056,SBILIFE,2013,14870,14443,427.0,3.0,292,4,25,690,9.0,630,6.0,8.0,1187,1000.0,1736,0,50978,53714,283,3,50047,3382,53714,2736.0,978,1130.0,-227.0,-58.0,845.0,14870,0.23026315789473684,0.0,0.028715534633490247,0.276836578917973
1057,SBILIFE,2014,17258,16747,511.0,3.0,344,5,35,816,11.0,728,7.0,14.0,1188,1000.0,2356,0,57284,60640,304,4,56275,4058,60640,3356.0,979,166.0,-708.0,-58.0,-600.0,17258,0.2169249106078665,0.0,0.029609456483949474,0.2845976253298153
1058,SBILIFE,2015,23399,22505,794.0,3.0,183,4,34,939,13.0,815,8.0,15.0,1189,1000.0,3056,0,70064,74121,292,7,69385,4437,74121,4056.0,980,2711.0,-178.0,-117.0,2416.0,23399,0.20093688362919132,0.0,0.033933074062994145,0.31568651259427155
1059,SBILIFE,2016,19324,18404,920.0,5.0,129,5,37,1007,16.0,844,8.0,14.0,1190,1000.0,3733,0,78696,83429,301,146,77843,5139,83429,4733.0,981,5778.0,-7204.0,-144.0,-1570.0,19324,0.17832241707162477,0.0,0.047609190643759056,0.23162209783168922
1060,SBILIFE,2017,30548,29479,1068.0,4.0,139,5,48,1154,17.0,955,10.0,16.0,1191,1000.0,4552,0,96687,102240,507,31,95830,5871,102240,5552.0,982,8525.0,-9032.0,-144.0,-651.0,30548,0.17201008645533142,0.0,0.03496137226659683,0.2987871674491393
1061,SBILIFE,2018,34068,32736,1332.0,4.0,156,6,59,1422,19.0,1150,12.0,17.0,1192,1000.0,5528,0,115193,121720,511,70,114436,6703,121720,6528.0,983,10395.0,-8910.0,-221.0,1264.0,34068,0.17616421568627452,0.0,0.039098274040154986,0.2798882681564246
1062,SBILIFE,2019,44604,43130,1474.0,3.0,266,8,92,1642,19.0,1327,13.0,15.0,1193,1000.0,6576,0,139157,146734,563,32,139325,6814,146734,7576.0,984,13473.0,-13552.0,-241.0,-321.0,44604,0.1751583949313622,0.0,0.03304636355483813,0.30397862799351205
1063,SBILIFE,2020,43798,42447,1351.0,3.0,529,0,89,1790,21.0,1422,14.0,0.0,1194,1000.0,7743,0,156837,165580,568,13,158813,6186,165580,8743.0,985,19299.0,-16986.0,-198.0,2114.0,43798,0.16264440123527393,0.0,0.030846157358783505,0.26451262229737893
1064,SBILIFE,2021,81913,81040,872.0,1.0,867,0,99,1640,11.0,1456,15.0,17.0,1195,1000.0,9400,0,216430,226830,564,1,218756,7509,226830,10400.0,986,23878.0,-19203.0,3.0,4677.0,81913,0.14,0.0,0.010645440894607694,0.36112066305162455
1065,SBILIFE,2022,82983,82254,730.0,1.0,1032,0,75,1687,11.0,1506,15.0,13.0,1196,1000.0,10622,0,261715,273337,919,3,264437,7978,273337,11622.0,987,21852.0,-21611.0,-231.0,10.0,82983,0.12958182756840475,0.0,0.00879698251449092,0.3035922688841979
1066,SBILIFE,2023,80636,80514,122.0,0.0,1862,10,68,1906,10.0,1721,17.0,15.0,1197,1001.0,12017,0,301582,314599,867,1,303988,9743,314599,13018.0,988,28656.0,-30203.0,-415.0,-1962.0,80636,0.13220156706099248,0.0,0.0015129718736048416,0.2563135928594814
1067,SBILIFE,2024,131988,131742,246.0,0.0,1917,9,76,2078,9.0,1894,19.0,14.0,1198,1001.0,13907,0,383390,398299,1198,6,384943,12152,398299,14908.0,989,29122.0,-31221.0,-227.0,-2327.0,131988,0.12704588140595655,0.0,0.0018638058005273207,0.33137919000549837
1067,SBILIFE,2024,131988,131742,246.0,0.0,1917,9,76,2078,9.0,1894,19.0,14.0,1199,1002.0,15257,0,432238,448497,563,0,435926,12009,448497,16259.0,989,29122.0,-31221.0,-227.0,-2327.0,131988,0.11648932898702258,0.0,0.0018638058005273207,0.29428959391032716
1082,SHREECEM,2013,5418,3857,1561.0,29.0,187,193,436,1119,10.0,1004,288.0,7.0,1213,35.0,3809,1288,1028,6160,1782,133,2203,2042,6160,3844.0,1002,1260.0,-270.0,-982.0,8.0,5418,0.2611862643080125,0.3350676378772112,0.28811369509043927,0.8795454545454545
1083,SHREECEM,2014,5715,4325,1390.0,24.0,104,129,550,815,3.0,787,226.0,10.0,1214,35.0,4676,1200,1418,7329,2194,758,2244,2132,7329,4711.0,1003,1401.0,-1234.0,-156.0,11.0,5715,0.16705582678836764,0.25472298874973465,0.2432195975503062,0.7797789602947196
1084,SHREECEM,2015,6259,4916,1344.0,21.0,102,121,925,401,-6.0,426,122.0,20.0,1215,35.0,5241,917,1805,7998,3004,511,1662,2820,7998,5276.0,1004,1239.0,-990.0,-259.0,-10.0,6259,0.08074298711144806,0.17380591357088704,0.2147307876657613,0.7825706426606651
1085,SHREECEM,2016,5514,4107,1407.0,26.0,673,76,828,1176,3.0,1143,328.0,7.0,1216,35.0,6811,881,1737,9463,3050,264,3030,3118,9463,6846.0,1005,1566.0,-1265.0,-271.0,31.0,5514,0.16695880806310254,0.1286882851300029,0.25516866158868334,0.5826904787065412
1086,SHREECEM,2017,8594,6081,2513.0,29.0,362,129,1215,1531,13.0,1339,384.0,36.0,1217,35.0,7663,1293,2175,11166,2599,710,4042,3814,11166,7698.0,1006,2202.0,-2048.0,-167.0,-13.0,8594,0.17394128345024681,0.16796570537802027,0.2924133116127531,0.769657890023285
1087,SHREECEM,2018,9833,7360,2473.0,25.0,389,135,899,1827,24.0,1384,397.0,13.0,1218,35.0,8862,3403,2842,15142,3589,1427,5434,4691,15142,8897.0,1007,1879.0,-3595.0,1726.0,10.0,9833,0.1555580532763853,0.3824884792626728,0.2515000508491813,0.649385814291375
1088,SHREECEM,2019,12555,9758,2797.0,22.0,69,248,1472,1146,11.0,1015,289.0,21.0,1219,35.0,9636,2803,3019,15493,6182,1129,2286,5896,15493,9671.0,1008,2080.0,-720.0,-1276.0,84.0,12555,0.10495295212490953,0.2898355909419915,0.22277976901632815,0.810365971729168
1089,SHREECEM,2020,12868,9098,3771.0,29.0,263,291,1808,1934,20.0,1544,426.0,26.0,1220,36.0,13133,3146,3629,19944,6163,1197,6358,6227,19944,13169.0,1009,3973.0,-5590.0,1581.0,-36.0,12868,0.1172450451818665,0.2388943731490622,0.2930525334162263,0.6452065784195748
1090,SHREECEM,2021,13560,9468,4091.0,30.0,426,251,1262,3004,24.0,2337,646.0,9.0,1221,36.0,15361,2230,3886,21513,6216,997,8500,5800,21513,15397.0,1010,4254.0,-2651.0,-1233.0,370.0,13560,0.1517828148340586,0.14483340910566994,0.3016961651917404,0.6303165527820388
1091,SHREECEM,2022,15010,11300,3710.0,25.0,544,263,1146,2892,19.0,1269,352.0,14.0,1222,36.0,17424,2129,4159,23749,7282,1054,9033,6380,23749,17460.0,1011,2668.0,-2143.0,-849.0,-324.0,15010,0.07268041237113403,0.12193585337915235,0.24716855429713525,0.6320266116468062
1092,SHREECEM,2023,17852,14893,2960.0,17.0,459,263,1661,1495,15.0,2369,664.0,28.0,1223,36.0,18600,2725,4973,26334,7481,2797,8683,7373,26334,18636.0,1012,2569.0,-2405.0,-277.0,-113.0,17852,0.12711955355226442,0.14622236531444516,0.16580775263275824,0.6779068884332042
1093,SHREECEM,2024,20521,16003,4518.0,22.0,597,258,1897,2959,19.0,1733,480.0,16.0,1224,36.0,20667,1656,5566,27925,9591,1930,7556,8848,27925,20703.0,1013,3347.0,-1418.0,-1710.0,220.0,20521,0.08370767521615224,0.07998840747717723,0.2201647093221578,0.7348612354521038
1093,SHREECEM,2024,20521,16003,4518.0,22.0,597,258,1897,2959,19.0,1733,480.0,16.0,1225,36.0,20843,1682,5297,27859,9656,2777,6943,8482,27859,20879.0,1013,3347.0,-1418.0,-1710.0,220.0,20521,0.08300205948560754,0.08055941376502707,0.2201647093221578,0.7366021752395994
1095,SHRIRAMFIN,2013,7009,1738,2179.0,31.0,7,3092,23,2163,32.0,1463,12.0,11.0,1260,227.0,7111,33386,6550,47274,72,0,3280,43922,47274,7338.0,1014,-8359.0,-41.0,9060.0,661.0,7009,0.199373126192423,4.549741073862088,0.31088600370951636,0.1482633159876465
1096,SHRIRAMFIN,2014,8476,2244,1999.0,24.0,4,4233,33,1970,31.0,1358,11.0,12.0,1261,227.0,8283,38630,5192,52332,155,0,2435,49742,52332,8510.0,1015,-4055.0,-112.0,5010.0,843.0,8476,0.15957696827262044,4.539365452408931,0.23584237848041528,0.16196590995948942
1097,SHRIRAMFIN,2015,9177,2781,1691.0,18.0,2,4706,43,1650,38.0,1028,8.0,22.0,1262,227.0,9039,46695,6193,62154,154,0,3037,58962,62154,9266.0,1016,-9611.0,-45.0,7836.0,-1819.0,9177,0.11094323332613858,5.039391323116771,0.18426501035196688,0.14764938700646782
1098,SHRIRAMFIN,2016,10359,3447,1824.0,18.0,3,5088,38,1789,34.0,1184,9.0,19.0,1263,227.0,9949,49790,8048,68013,152,0,1340,66522,68013,10176.0,1017,-5507.0,-36.0,2822.0,-2721.0,10359,0.11635220125786164,4.892885220125786,0.17607877208224731,0.15230911737461955
1099,SHRIRAMFIN,2017,10903,3712,1972.0,18.0,1,5219,35,1938,35.0,1266,10.0,7.0,1264,227.0,11105,53080,10034,74446,136,0,1518,72791,74446,11332.0,1018,-2677.0,-2.0,3017.0,338.0,10903,0.11171902576773739,4.684080480056477,0.1808676511052004,0.1464551486983854
1100,SHRIRAMFIN,2018,13502,3288,3805.0,28.0,127,6409,37,3896,35.0,2549,20.0,10.0,1265,227.0,13463,82131,1539,97360,122,0,2456,94782,97360,13690.0,1019,-13142.0,86.0,13014.0,-42.0,13502,0.18619430241051863,5.999342585829072,0.2818101022070804,0.1386811832374692
1101,SHRIRAMFIN,2019,15536,4171,3801.0,24.0,20,7564,43,3778,32.0,2576,20.0,11.0,1266,227.0,15736,87914,1542,105419,147,0,4126,101146,105419,15963.0,1020,-5535.0,-76.0,5550.0,-62.0,15536,0.16137317546827037,5.507360771784752,0.24465756951596293,0.14737381306975023
1102,SHRIRAMFIN,2020,16561,4683,3565.0,22.0,14,8313,141,3439,27.0,2512,20.0,5.0,1267,227.0,17915,94735,1389,114266,489,0,2936,110841,114266,18142.0,1021,-2464.0,-55.0,4579.0,2060.0,16561,0.1384632344835189,5.221860875316944,0.21526477869693858,0.14493375107205994
1103,SHRIRAMFIN,2021,17422,4932,3402.0,20.0,14,9089,137,3278,24.0,2499,18.0,18.0,1268,253.0,21464,106546,1647,129910,437,0,3347,126126,129910,21717.0,1022,-4239.0,-25.0,12226.0,7962.0,17422,0.1150711424229866,4.906110420407975,0.19527034783606934,0.13410822877376646
1104,SHRIRAMFIN,2022,19255,5816,3666.0,19.0,18,9773,135,3549,24.0,2721,20.0,20.0,1269,271.0,25824,114846,1328,142268,418,0,6971,134879,142268,26095.0,1023,-8859.0,-34.0,8505.0,-388.0,19255,0.10427284920482852,4.401073002490898,0.1903921059465074,0.13534315517192905
1105,SHRIRAMFIN,2023,30492,8706,8799.0,29.0,16,12987,601,8214,27.0,6020,32.0,22.0,1270,374.0,43138,164202,2858,210573,3714,66,7430,199363,210573,43512.0,1024,-17625.0,5076.0,11820.0,-730.0,30492,0.13835263835263836,3.7737175951461666,0.28856749311294766,0.14480488951574988
1106,SHRIRAMFIN,2024,36388,10278,10523.0,29.0,25,15588,588,9960,26.0,7399,39.0,23.0,1271,376.0,48571,195496,3823,248266,3718,0,9472,235076,248266,48947.0,1025,-31101.0,-258.0,27609.0,-3750.0,36388,0.15116350338120824,3.994034363699512,0.289188743541827,0.14656859980827017
1106,SHRIRAMFIN,2024,36388,10278,10523.0,29.0,25,15588,588,9960,26.0,7399,39.0,23.0,1272,376.0,52016,207820,14875,275087,3215,0,11616,260256,275087,52392.0,1025,-31101.0,-258.0,27609.0,-3750.0,36388,0.14122385096961368,3.966636127653077,0.289188743541827,0.13227815200282092
1108,SIEMENS,2011,11955,10784,1171.0,10.0,299,26,154,1290,33.0,868,0.0,24.0,1273,68.0,3748,0,6341,10158,1169,249,0,8739,10158,3816.0,1026,3.0,264.0,-196.0,70.0,11955,0.22746331236897274,0.0,0.09795064826432455,1.1769049025398701
1109,SIEMENS,2014,10678,10559,119.0,1.0,985,31,229,844,28.0,603,17.0,35.0,1274,71.0,4304,0,5915,10290,1356,41,8,8886,10290,4375.0,1027,608.0,130.0,-220.0,517.0,10678,0.13782857142857144,0.0,0.011144409065368047,1.037706511175899
1110,SIEMENS,2015,10563,9565,998.0,9.0,943,30,224,1688,30.0,1174,33.0,30.0,1275,71.0,5046,25,5433,10576,1394,32,114,9037,10576,5117.0,1028,574.0,646.0,-245.0,975.0,10563,0.2294313074066836,0.004885675200312683,0.09448073463978036,0.9987708018154312
1111,SIEMENS,2016,10837,9815,1021.0,9.0,3156,11,228,3938,26.0,2914,82.0,41.0,1276,71.0,6732,25,5157,11986,1227,79,110,10570,11986,6803.0,1029,513.0,237.0,-1614.0,-864.0,10837,0.42834043804204025,0.003674849331177422,0.09421426594075852,0.9041381611880527
1112,SIEMENS,2017,11065,10008,1056.0,10.0,818,8,198,1669,32.0,1137,32.0,22.0,1277,71.0,7619,0,5448,13138,1365,143,0,11630,13138,7690.0,1030,573.0,1321.0,-285.0,1610.0,11065,0.14785435630689206,0.0,0.09543605964753728,0.8422134267011722
1113,SIEMENS,2018,12795,11468,1327.0,10.0,280,8,198,1402,36.0,901,25.0,28.0,1278,71.0,8228,0,6037,14336,1381,62,0,12893,14336,8299.0,1031,100.0,-174.0,-305.0,-379.0,12795,0.10856729726473069,0.0,0.10371238765142633,0.8925083705357143
1114,SIEMENS,2019,13084,11594,1490.0,11.0,398,12,199,1678,34.0,1099,31.0,23.0,1279,71.0,8978,0,6309,15358,1219,58,0,14081,15358,9049.0,1032,1273.0,-1135.0,-312.0,-174.0,13084,0.12144988396507901,0.0,0.1138795475389789,0.8519338455528064
1115,SIEMENS,2020,9946,8944,1003.0,10.0,315,30,252,1036,26.0,769,22.0,32.0,1280,71.0,9421,0,6368,15860,1196,88,0,14576,15860,9492.0,1033,720.0,871.0,-386.0,1205.0,9946,0.08101559207753899,0.0,0.10084456062738789,0.6271122320302648
1116,SIEMENS,2021,13198,11746,1452.0,11.0,321,24,297,1452,25.0,1089,31.0,26.0,1281,71.0,10276,4,7664,18015,3264,35,3,14713,18015,10347.0,1034,1422.0,-2389.0,-502.0,-1469.0,13198,0.1052478979414323,0.0003865854837150865,0.11001666919230187,0.7326117124618373
1117,SIEMENS,2022,16138,14278,1860.0,12.0,487,36,317,1993,23.0,1543,43.0,23.0,1282,71.0,11539,182,8317,20109,3107,52,1,16949,20109,11610.0,1035,978.0,-34.0,-392.0,552.0,16138,0.13290267011197243,0.015676141257536608,0.11525591770975338,0.8025262320354071
1118,SIEMENS,2023,19554,17067,2487.0,13.0,496,23,321,2640,26.0,1962,55.0,18.0,1283,71.0,13016,175,8384,21646,3038,50,1,18556,21646,13087.0,1036,1400.0,-759.0,-450.0,191.0,19554,0.14991976770841292,0.01337204859784519,0.12718625345197915,0.9033539684006283
1119,SIEMENS,2024,22240,19136,3104.0,14.0,925,60,330,3639,25.0,2718,76.0,16.0,1284,71.0,15286,279,9663,25299,3112,103,1,22082,25299,15357.0,1037,1670.0,-502.0,-523.0,644.0,22240,0.17698769290877125,0.018167610861496385,0.13956834532374102,0.8790861298865568
1120,SUNPHARMA,2013,11131,6346,4784.0,43.0,-90,43,336,4315,20.0,3469,14.0,9.0,1310,104.0,14886,260,5128,20377,5647,563,2412,11756,20377,14990.0,1038,3357.0,-2375.0,-665.0,316.0,11131,0.2314209472981988,0.01734489659773182,0.42979067469230076,0.5462531285272612
1121,SUNPHARMA,2014,16080,9078,7003.0,44.0,-1968,44,409,4581,15.0,3879,15.0,10.0,1311,207.0,18318,2561,8009,29095,6817,842,2786,18650,29095,18525.0,1039,3959.0,-2176.0,507.0,2290.0,16080,0.2093927125506073,0.13824561403508773,0.4355099502487562,0.5526722804605603
1122,SUNPHARMA,2015,27392,19498,7894.0,29.0,283,579,1195,6403,14.0,5476,22.0,14.0,1312,207.0,25431,8996,14089,48723,12682,2039,2716,31286,48723,25638.0,1040,5616.0,-1502.0,-1187.0,2927.0,27392,0.21358920352601607,0.35088540447772837,0.2881863317757009,0.5621985509923445
1123,SUNPHARMA,2016,28487,20313,8174.0,29.0,-42,523,1038,6571,14.0,5658,19.0,5.0,1313,241.0,32742,8497,13948,55428,15872,2175,1830,35550,55428,32983.0,1041,6686.0,-3949.0,-1889.0,848.0,28487,0.17154291604766092,0.25761756056150137,0.28693790149892934,0.5139460200620625
1124,SUNPHARMA,2017,31578,21476,10102.0,32.0,610,400,1265,9048,13.0,7846,29.0,12.0,1314,240.0,36400,9832,14624,61095,17675,2801,1192,39427,61095,36640.0,1042,7082.0,-4186.0,-2285.0,611.0,31578,0.21413755458515285,0.2683406113537118,0.3199062638545823,0.5168671740731647
1125,SUNPHARMA,2018,26489,20858,5631.0,21.0,-135,518,1500,3479,26.0,2542,9.0,23.0,1315,240.0,38074,10385,15598,64297,18853,2465,7143,35837,64297,38314.0,1043,3907.0,-3104.0,-1539.0,-736.0,26489,0.06634650519392389,0.2710497468288354,0.21257880629695344,0.4119787859464672
1126,SUNPHARMA,2019,29066,22689,6377.0,22.0,-258,555,1753,3810,16.0,3208,11.0,25.0,1316,240.0,41169,10514,12666,64590,21837,1411,7903,33439,64590,41409.0,1044,2196.0,-310.0,-2731.0,-844.0,29066,0.07747108116593011,0.25390615566664254,0.21939723388151106,0.4500077411363988
1127,SUNPHARMA,2020,32838,25855,6983.0,21.0,382,303,2053,5010,16.0,4172,16.0,25.0,1317,240.0,45025,8315,14615,68194,22847,1220,10143,33984,68194,45265.0,1045,6555.0,-2225.0,-5715.0,-1386.0,32838,0.09216834198608197,0.18369601237158953,0.21264997868323285,0.48153796521688125
1128,SUNPHARMA,2021,33498,25028,8470.0,25.0,-3449,141,2080,2799,18.0,2272,12.0,62.0,1318,240.0,46223,3869,17291,67622,21553,1567,9612,34890,67622,46463.0,1046,6170.0,407.0,-5980.0,596.0,33498,0.04889912403417773,0.08327055936982115,0.25285091647262525,0.4953713288574724
1129,SUNPHARMA,2022,38654,28397,10258.0,27.0,-3505,127,2144,4481,24.0,3389,14.0,73.0,1319,240.0,47771,1290,20474,69776,22665,1287,12849,32975,69776,48011.0,1047,8985.0,-5556.0,-5193.0,-1765.0,38654,0.07058799025223386,0.02686884255691404,0.26538003828840484,0.5539727126805778
1130,SUNPHARMA,2023,43886,32235,11650.0,27.0,459,172,2529,9408,9.0,8513,35.0,33.0,1320,240.0,55755,6886,17831,80712,24065,4973,14824,36849,80712,55995.0,1048,4959.0,-7220.0,2376.0,115.0,43886,0.1520314313778016,0.12297526564871863,0.2654605113247961,0.5437357518089008
1131,SUNPHARMA,2024,48497,35479,13018.0,28.0,865,238,2557,11088,13.0,9610,40.0,34.0,1321,240.0,63427,3274,18367,85308,23211,5354,15026,41717,85308,63667.0,1049,12135.0,-763.0,-6710.0,4662.0,48497,0.15094161810671147,0.051423814535002436,0.2684289749881436,0.5684929901064378
1131,SUNPHARMA,2024,48497,35479,13018.0,28.0,865,238,2557,11088,13.0,9610,40.0,34.0,1322,240.0,68875,2572,16429,88116,28318,1150,17744,40904,88116,69115.0,1049,12135.0,-763.0,-6710.0,4662.0,48497,0.1390436229472618,0.03721334008536497,0.2684289749881436,0.5503767760679105
1133,TATACONSUM,2013,7351,6581,770.0,10.0,56,84,105,637,26.0,445,6.0,36.0,1401,62.0,4748,1389,2595,8794,4434,91,578,3691,8794,4810.0,1050,173.0,24.0,186.0,383.0,7351,0.09251559251559252,0.28877338877338876,0.10474765338049245,0.835910848305663
1134,TATACONSUM,2014,7738,6986,752.0,10.0,170,87,129,707,26.0,510,7.0,29.0,1402,62.0,5787,1438,2625,9911,5181,60,611,4060,9911,5849.0,1051,422.0,-1.0,-363.0,57.0,7738,0.08719439220379552,0.24585399213540776,0.097182734556733,0.7807486631016043
1135,TATACONSUM,2015,7993,7201,792.0,10.0,-77,82,133,500,43.0,273,4.0,6.0,1403,62.0,5431,1324,2641,9458,4922,47,622,3867,9458,5493.0,1052,418.0,-207.0,-392.0,-182.0,7993,0.0496996176952485,0.24103404332787184,0.09908670086325534,0.8451046732924509
1136,TATACONSUM,2016,6637,6271,366.0,6.0,38,117,117,170,99.0,-37,0.0,-999.0,1404,63.0,6184,1354,2294,9895,4662,39,1366,3828,9895,6247.0,1053,116.0,145.0,-282.0,-21.0,6637,-0.005922842964623019,0.21674403713782617,0.055145397016724426,0.6707427993936331
1137,TATACONSUM,2017,6780,5988,791.0,12.0,88,43,126,662,30.0,455,6.0,38.0,1405,63.0,6202,787,2499,9551,4573,63,1451,3465,9551,6265.0,1054,741.0,145.0,-816.0,70.0,6780,0.07262569832402235,0.12561851556264964,0.11666666666666667,0.7098733116951105
1138,TATACONSUM,2018,6815,5976,839.0,12.0,73,52,116,753,25.0,556,8.0,30.0,1406,63.0,6968,1068,2362,10461,4798,135,1161,4366,10461,7031.0,1055,356.0,-31.0,-30.0,294.0,6815,0.07907836723083488,0.1518987341772152,0.12311078503301541,0.6514673549373865
1139,TATACONSUM,2019,7252,6466,786.0,11.0,124,78,123,735,36.0,457,6.0,39.0,1407,63.0,7269,1141,2408,10881,4913,424,1188,4355,10881,7332.0,1056,210.0,53.0,-224.0,39.0,7252,0.06232951445717403,0.15561920349154393,0.1083838940981798,0.6664828600312471
1140,TATACONSUM,2020,9637,8345,1292.0,13.0,-163,69,242,809,34.0,460,5.0,54.0,1408,92.0,13723,1586,3072,18473,11656,95,1323,5399,18473,13815.0,1057,1082.0,-622.0,-308.0,152.0,9637,0.03329714078899747,0.11480275063336953,0.13406661824219154,0.5216802901531965
1141,TATACONSUM,2021,11602,10058,1544.0,13.0,91,73,255,1311,24.0,930,9.0,44.0,1409,92.0,14442,1634,4050,20218,12023,113,806,7276,20218,14534.0,1058,1656.0,-346.0,-426.0,884.0,11602,0.06398789046374019,0.11242603550295859,0.1330805033614894,0.5738450885349689
1142,TATACONSUM,2022,12425,10707,1719.0,14.0,88,87,278,1456,26.0,1015,10.0,60.0,1410,92.0,15050,1412,4521,21075,12599,247,797,7431,21075,15142.0,1059,1516.0,-1317.0,-995.0,-796.0,12425,0.06703209615638621,0.09325056135252939,0.13835010060362174,0.5895610913404508
1143,TATACONSUM,2023,13783,11927,1856.0,13.0,328,130,304,1794,25.0,1320,12.0,65.0,1411,93.0,16184,1600,4886,22762,13070,295,1433,7965,22762,16277.0,1060,1461.0,-834.0,-714.0,-87.0,13783,0.08109602506604412,0.09829821220126558,0.13465863745193354,0.6055267551181794
1144,TATACONSUM,2024,15206,12922,2284.0,15.0,-81,87,377,1696,23.0,1215,12.0,64.0,1412,95.0,15962,3477,8345,27879,19358,190,871,7461,27879,16057.0,1061,1937.0,-1911.0,256.0,281.0,15206,0.07566793298872766,0.21654107242947002,0.15020386689464685,0.5454284586965099
1144,TATACONSUM,2024,15206,12922,2284.0,15.0,-81,87,377,1696,23.0,1215,12.0,64.0,1413,99.0,19033,2955,8883,30970,21712,193,992,8074,30970,19132.0,1061,1937.0,-1911.0,256.0,281.0,15206,0.06350616767719004,0.15445327200501777,0.15020386689464685,0.49099128188569585
1146,TATAMOTORS,2013,188793,164197,24596.0,13.0,213,3560,7601,13647,28.0,9976,35.0,6.0,1466,638.0,36999,53716,76977,168330,55512,18454,8765,85600,168330,37637.0,1062,22163.0,-22969.0,-1692.0,-2499.0,188793,0.26505832026994713,1.427212583362117,0.1302802540348424,1.1215647834610587
1147,TATAMOTORS,2014,232834,197980,34853.0,15.0,-157,4749,11078,18869,25.0,14050,48.0,5.0,1467,644.0,64960,60642,92180,218426,69092,33263,10687,105385,218426,65604.0,1063,36151.0,-27991.0,-3883.0,4277.0,232834,0.21416377050179866,0.9243643680263398,0.1496903373218688,1.0659628432512613
1148,TATAMOTORS,2015,263159,223920,39239.0,15.0,714,4861,13389,21703,35.0,14073,48.0,0.0,1468,644.0,55618,73610,107442,237315,88479,28640,15337,104858,237315,56262.0,1064,35531.0,-36232.0,5201.0,4500.0,263159,0.2501333048949557,1.3083431090256301,0.14910757374819025,1.10890167077513
1149,TATAMOTORS,2016,273046,234650,38395.0,14.0,-2670,4889,16711,14126,21.0,11678,40.0,1.0,1469,679.0,78273,69360,114872,263184,107232,25919,23767,106266,263184,78952.0,1065,37900.0,-36694.0,-3795.0,-2589.0,273046,0.14791265579086027,0.8785084608369642,0.14061733187814507,1.0374718827892273
1150,TATAMOTORS,2017,269693,240104,29589.0,11.0,1869,4238,17905,9315,35.0,7557,26.0,0.0,1470,679.0,57383,78604,135914,272580,95944,33699,20338,122600,272580,58062.0,1066,30199.0,-39571.0,6205.0,-3167.0,269693,0.13015397333884468,1.3537942199717543,0.10971363735803302,0.9894086139848852
1151,TATAMOTORS,2018,291550,260093,31458.0,11.0,5933,4682,21554,11155,39.0,9091,31.0,0.0,1471,679.0,94749,88950,142813,327192,121414,40034,20813,144932,327192,95428.0,1067,23857.0,-25139.0,2012.0,730.0,291550,0.09526554051221864,0.9321163599782034,0.10789915966386554,0.8910670187535148
1152,TATAMOTORS,2019,301938,277274,24664.0,8.0,-26686,5759,23591,-31371,-8.0,-28724,-100.0,0.0,1472,679.0,59500,106175,139349,305703,111234,31884,15771,146814,305703,60179.0,1068,18891.0,-20878.0,8830.0,6843.0,301938,-0.4773093604081158,1.7643197793250136,0.08168564407262419,0.9876841247877842
1153,TATAMOTORS,2020,261068,243081,17987.0,7.0,102,7243,21425,-10580,4.0,-11975,-39.0,0.0,1473,720.0,62359,124788,132313,320179,127107,35622,16308,141141,320179,63079.0,1069,26633.0,-33115.0,3390.0,-3092.0,261068,-0.18984131010320393,1.9782812029360008,0.06889775843841452,0.8153813960315949
1154,TATAMOTORS,2021,249795,217507,32287.0,13.0,-11118,8097,23547,-10474,24.0,-13395,-41.0,0.0,1474,766.0,54481,142131,144193,341570,138708,20964,24620,157278,341570,55247.0,1070,29001.0,-25672.0,9904.0,13232.0,249795,-0.24245660397849658,2.5726464785418215,0.1292539882703817,0.7313142254881869
1155,TATAMOTORS,2022,278454,253734,24720.0,9.0,2424,9312,24836,-7003,60.0,-11309,-34.0,0.0,1475,766.0,43795,146449,138051,329061,138855,10251,29380,150575,329061,44561.0,1071,14283.0,-4444.0,-3380.0,6459.0,278454,-0.25378694374004174,3.2864836965059134,0.08877588398801957,0.846207845961691
1156,TATAMOTORS,2023,345967,314151,31816.0,9.0,6664,10225,24860,3394,21.0,2690,7.0,32.0,1476,766.0,44556,134113,155239,334674,132080,14274,26379,161941,334674,45322.0,1072,35388.0,-15417.0,-26243.0,-6272.0,345967,0.059353073562508275,2.9591147786946737,0.09196252821800924,1.0337432845097019
1157,TATAMOTORS,2024,437928,378389,59538.0,14.0,5673,9986,27270,27955,-14.0,31807,94.0,7.0,1477,766.0,84152,107262,177340,369521,121285,35698,22971,189566,369521,84918.0,1073,67915.0,-22782.0,-37006.0,8128.0,437928,0.3745613415294755,1.2631244259167667,0.13595385542828958,1.1851234435931923
1157,TATAMOTORS,2024,437928,378389,59538.0,14.0,5673,9986,27270,27955,-14.0,31807,94.0,7.0,1478,736.0,100326,106549,183045,390656,157718,15526,33381,184031,390656,101062.0,1073,67915.0,-22782.0,-37006.0,8128.0,437928,0.3147275929627357,1.0542934040489995,0.13595385542828958,1.1210067169069462
1159,TATAPOWER,2013,33177,27583,5595.0,17.0,375,2642,2052,1277,92.0,123,0.0,-319.0,1453,237.0,12098,37882,17038,67257,41353,2358,3120,20426,67257,12335.0,1074,3286.0,-4026.0,-593.0,-1333.0,33177,0.009971625456019456,3.0710985002026754,0.16864092594267113,0.49328694410990676
1160,TATAPOWER,2014,35726,28810,6916.0,19.0,229,3440,2730,975,99.0,12,-1.0,-114.0,1454,237.0,12164,40173,18810,71383,43394,3389,3019,21582,71383,12401.0,1075,6483.0,-3609.0,-3265.0,-392.0,35726,0.0009676638980727361,3.2394968147730023,0.1935845042825953,0.5004833083507277
1161,TATAPOWER,2015,33593,27292,6301.0,19.0,1056,3699,2174,1484,72.0,457,1.0,210.0,1455,270.0,14048,40607,20260,75185,44726,3323,3445,23692,75185,14318.0,1076,5981.0,-3865.0,-2239.0,-123.0,33593,0.03191786562369046,2.836080458164548,0.18756883874616737,0.4468045487796768
1162,TATAPOWER,2016,29494,27389,2105.0,7.0,4060,3236,1649,1281,53.0,786,2.0,53.0,1456,270.0,11363,38849,19575,70057,36414,1345,11785,20513,70057,11633.0,1077,7415.0,-1805.0,-6183.0,-574.0,29494,0.06756640591420958,3.3395512765408752,0.07137044822675799,0.42100004282227327
1163,TATAPOWER,2017,27588,22114,5473.0,20.0,1297,3365,1956,1450,24.0,1100,3.0,39.0,1457,270.0,12944,48815,20799,82829,46595,2178,11873,22184,82829,13214.0,1078,7014.0,-7373.0,937.0,579.0,27588,0.0832450431360678,3.694187982442864,0.19838335508191968,0.33307175023240654
1164,TATAPOWER,2018,26840,24545,2295.0,9.0,6586,3761,2346,2773,6.0,2611,9.0,15.0,1458,270.0,16129,48589,16903,81892,44656,1653,12429,23154,81892,16399.0,1079,6364.0,-1512.0,-4726.0,126.0,26840,0.1592170254283798,2.962924568571254,0.08550670640834575,0.32774874224588485
1165,TATAPOWER,2019,29881,26811,3070.0,10.0,7186,4170,2393,3693,29.0,2606,9.0,15.0,1459,270.0,18035,48506,17262,84073,44305,2576,13542,23651,84073,18305.0,1080,4574.0,-272.0,-5184.0,-883.0,29881,0.14236547391423107,2.649877082764272,0.1027408721261002,0.3554173159040358
1166,TATAPOWER,2020,29136,22331,6805.0,23.0,2280,4494,2634,1958,33.0,1316,4.0,41.0,1460,270.0,19296,51936,18172,89674,47666,1612,14535,25861,89674,19566.0,1081,7375.0,-493.0,-5110.0,1773.0,29136,0.06725953184094859,2.6544004906470406,0.23355985722130698,0.3249102303900796
1167,TATAPOWER,2021,32703,25782,6921.0,21.0,1775,4010,2745,1941,26.0,1439,4.0,44.0,1461,320.0,22003,46708,29625,98655,52179,3270,13149,30056,98655,22323.0,1082,8345.0,993.0,-7603.0,1736.0,32703,0.06446266182860727,2.092371097074766,0.2116319603706082,0.3314885206020982
1168,TATAPOWER,2022,42816,35785,7031.0,16.0,2486,3859,3122,2535,15.0,2156,5.0,32.0,1462,320.0,22122,51195,38913,112550,57389,4635,14160,36365,112550,22442.0,1083,6693.0,-6250.0,-1183.0,-741.0,42816,0.09606986899563319,2.281213795561893,0.16421431240657697,0.38041759218125276
1169,TATAPOWER,2023,55109,47381,7728.0,14.0,5540,4372,3439,5457,30.0,3810,10.0,19.0,1463,320.0,28468,52923,46386,128096,61747,5376,16670,44303,128096,28788.0,1084,7166.0,-7263.0,1341.0,1243.0,55109,0.13234681117132138,1.8383701542309296,0.14023117821045564,0.43021640019985014
1170,TATAPOWER,2024,61449,50714,10735.0,17.0,3416,4633,3786,5732,25.0,4280,12.0,17.0,1464,320.0,32036,53689,53010,139054,67210,11561,16316,43968,139054,32356.0,1085,12596.0,-9027.0,-4497.0,-928.0,61449,0.13227840276919273,1.659321300531586,0.17469771680580645,0.4419074604110633
1170,TATAPOWER,2024,61449,50714,10735.0,17.0,3416,4633,3786,5732,25.0,4280,12.0,17.0,1465,320.0,33360,58314,53137,145130,70167,14306,15441,45216,145130,33680.0,1085,12596.0,-9027.0,-4497.0,-928.0,61449,0.12707838479809977,1.7314133016627078,0.17469771680580645,0.42340660097843313
1172,TATASTEEL,2013,134712,130746,3965.0,3.0,1445,3968,5575,-4133,78.0,-7272,-6.0,-11.0,1427,971.0,33201,68529,44176,146876,68002,14277,3258,61340,146876,34172.0,1086,14035.0,-13099.0,-1780.0,-844.0,134712,-0.21280580592297788,2.0054137890670725,0.029433161114080408,0.9171818404640649
1173,TATASTEEL,2014,148614,132430,16184.0,11.0,716,4337,5841,6722,45.0,3665,3.0,27.0,1428,971.0,39561,81629,49443,171604,74907,26822,5093,64781,171604,40532.0,1087,13146.0,-15378.0,1015.0,-1218.0,148614,0.09042238231520773,2.0139396032764236,0.10889956531686112,0.8660287638982774
1174,TATASTEEL,2015,139504,136095,3409.0,2.0,5994,4848,5944,-1388,99.0,-3939,-3.0,-20.0,1429,971.0,30378,80701,47059,159109,68100,28678,3455,58876,159109,31349.0,1088,11880.0,-9021.0,-2617.0,241.0,139504,-0.12564994098695334,2.574276691441513,0.024436575295332035,0.8767825830091321
1175,TATASTEEL,2016,101965,102590,-625.0,-1.0,10346,4221,5306,193,99.0,-497,0.0,-203.0,1430,970.0,42762,81987,51165,176884,72200,35996,10714,57974,176884,43732.0,1089,11455.0,-8794.0,-4729.0,-2068.0,101965,-0.011364675752309521,1.8747599012165006,-0.006129554258814299,0.5764512335768074
1176,TATASTEEL,2017,112299,99156,13144.0,12.0,-3789,5072,5673,-1391,99.0,-4169,-4.0,-23.0,1431,970.0,36849,83014,51614,172447,92007,15784,12457,52200,172447,37819.0,1090,10824.0,-9490.0,-2579.0,-1245.0,112299,-0.11023559586451255,2.195034242047648,0.11704467537555989,0.6512087771895133
1177,TATASTEEL,2018,123249,101816,21433.0,17.0,10898,5455,5742,21135,16.0,17743,12.0,9.0,1432,1145.0,59726,92147,55704,208722,96105,16614,17899,78103,208722,60871.0,1091,8023.0,-11730.0,6640.0,2933.0,123249,0.2914852721328712,1.5138078888140494,0.1738999910749783,0.5904935751861328
1178,TATASTEEL,2019,157669,128351,29318.0,19.0,1524,7660,7342,15841,42.0,9122,9.0,15.0,1433,1145.0,67780,100816,63032,232773,124442,18641,5738,83952,232773,68925.0,1092,25336.0,-29176.0,-673.0,-4513.0,157669,0.1323467537178092,1.4626913311570549,0.1859465081912107,0.6773508955076405
1179,TATASTEEL,2020,139817,122354,17463.0,12.0,-2884,7533,8441,-1395,-99.0,1174,1.0,74.0,1434,1145.0,72431,116328,59245,249149,134551,19497,6285,88816,249149,73576.0,1093,20169.0,-14012.0,-1695.0,4462.0,139817,0.015956290094596065,1.5810590409916276,0.12489897508886616,0.5611782507656061
1180,TATASTEEL,2021,156294,125790,30504.0,20.0,180,7607,9234,13844,41.0,8190,6.0,40.0,1435,1198.0,73041,88501,81169,243909,135775,19007,10682,78445,243909,74239.0,1094,44327.0,-9437.0,-37090.0,-2200.0,156294,0.11031937391398053,1.19210926871321,0.19517063994779071,0.6407881627984208
1181,TATASTEEL,2022,243959,180469,63490.0,26.0,1300,5462,9101,50227,17.0,41749,33.0,16.0,1436,1221.0,113222,75561,92417,282422,133288,22046,13140,113948,282422,114443.0,1095,44381.0,-10905.0,-23401.0,10075.0,243959,0.3648016916718366,0.6602500808262629,0.2602486483384503,0.8638101847589778
1182,TATASTEEL,2023,243353,211053,32300.0,13.0,1569,6299,9335,18235,56.0,8075,7.0,50.0,1437,1221.0,101861,84893,97421,285396,146621,31213,8410,99151,285396,103082.0,1096,21683.0,-18179.0,-6981.0,-3477.0,243353,0.07833569391358336,0.8235482431462331,0.13272899861518042,0.8526853915261602
1183,TATASTEEL,2024,229171,206923,22248.0,10.0,-6005,7508,9882,-1147,99.0,-4910,-4.0,-101.0,1438,1247.0,90788,87082,90195,269312,148814,34356,6258,79885,269312,92035.0,1097,20301.0,-14253.0,-11097.0,-5049.0,229171,-0.05334926929972293,0.9461835171402184,0.0970803461170916,0.8509498277091255
1183,TATASTEEL,2024,229171,206923,22248.0,10.0,-6005,7508,9882,-1147,99.0,-4910,-4.0,-101.0,1439,1247.0,88900,99392,91302,280841,149550,39051,6471,85769,280841,90147.0,1097,20301.0,-14253.0,-11097.0,-5049.0,229171,-0.054466593452915796,1.1025547161857854,0.0970803461170916,0.8160168921204525
1185,TCS,2013,62989,44950,18040.0,29.0,1178,48,1080,18090,22.0,14076,36.0,31.0,1414,196.0,38350,332,13054,51932,9828,1895,1897,38312,51932,38546.0,1098,11615.0,-6038.0,-5729.0,-152.0,62989,0.3651740777253152,0.008613085663882115,0.2863992125609233,1.2129130401294
1186,TCS,2014,81809,56657,25153.0,31.0,1637,39,1349,25402,24.0,19332,49.0,33.0,1415,196.0,48999,297,17337,66829,9544,3168,3434,50682,66829,49195.0,1099,14751.0,-9452.0,-5673.0,-374.0,81809,0.39296676491513366,0.006037198902327472,0.30746005940666676,1.224154184560595
1187,TCS,2015,94648,70167,24482.0,26.0,3720,104,1799,26298,24.0,20060,51.0,78.0,1416,196.0,50439,358,22325,73318,11638,2766,1662,57252,73318,50635.0,1100,19369.0,-1807.0,-17168.0,394.0,94648,0.3961686580428557,0.007070208353905401,0.2586636801622855,1.2909244660247143
1188,TCS,2016,108646,77969,30677.0,28.0,3084,33,1888,31840,24.0,24338,62.0,35.0,1417,197.0,70875,245,16974,88291,11774,1670,22822,52025,88291,71072.0,1101,19109.0,-5010.0,-9666.0,4433.0,108646,0.342441467807294,0.0034472084646555608,0.282357380851573,1.23054444960415
1189,TCS,2017,117966,85655,32311.0,27.0,4221,32,1987,34513,24.0,26357,67.0,35.0,1418,197.0,86017,289,15830,102333,11701,1541,41980,47111,102333,86214.0,1102,25223.0,-16895.0,-11026.0,-2698.0,117966,0.3057160090008583,0.003352123785000116,0.2739009545123171,1.152765969921726
1190,TCS,2018,123104,90588,32516.0,26.0,3642,52,2014,34092,24.0,25880,67.0,37.0,1419,191.0,84937,247,19751,105126,11973,1278,36008,55867,105126,85128.0,1103,25067.0,3104.0,-26885.0,1286.0,123104,0.30401278075368854,0.002901513015694014,0.26413439043410447,1.1710138310218214
1191,TCS,2019,146463,106957,39506.0,27.0,4311,198,2056,41563,24.0,31562,84.0,36.0,1420,375.0,89071,62,24393,113901,12290,963,29330,71318,113901,89446.0,1104,28593.0,1645.0,-27897.0,2341.0,146463,0.35286094403327145,0.000693155646982537,0.2697336528679598,1.2858798430215714
1192,TCS,2020,156949,114840,42109.0,27.0,4592,924,3529,42248,23.0,32447,86.0,85.0,1421,375.0,83751,8174,27827,120127,20928,906,26356,71937,120127,84126.0,1105,32369.0,8968.0,-39915.0,1422.0,156949,0.3856952666238737,0.09716377814231035,0.26829734499741953,1.3065255937466183
1193,TCS,2021,164177,117631,46546.0,28.0,1916,637,4065,43760,26.0,32562,88.0,43.0,1422,370.0,86063,7795,35764,129992,21021,926,29373,78672,129992,86433.0,1106,38802.0,-7956.0,-32634.0,-1788.0,164177,0.37673110964562145,0.09018546157139055,0.28351108864213626,1.2629777217059512
1194,TCS,2022,191754,138697,53057.0,28.0,4018,784,4604,51687,26.0,38449,105.0,41.0,1423,366.0,88773,7818,43967,140924,21298,1205,30485,87936,140924,89139.0,1107,39949.0,-738.0,-33581.0,5630.0,191754,0.43133757390143485,0.08770571803587655,0.2766930546429279,1.3606908688371038
1195,TCS,2023,225458,166199,59259.0,26.0,3449,779,5022,56907,26.0,42303,115.0,100.0,1424,366.0,90058,7688,44747,142859,20515,1234,37163,83947,142859,90424.0,1108,41965.0,548.0,-47878.0,-5365.0,225458,0.46782933734406795,0.08502167566132886,0.26283831134845514,1.5781854835887132
1196,TCS,2024,240893,176597,64296.0,27.0,3464,778,4985,61997,26.0,46099,127.0,58.0,1425,362.0,90127,8021,46962,145472,19604,1564,31762,92542,145472,90489.0,1109,44338.0,6091.0,-48536.0,1893.0,240893,0.5094431367348518,0.0886406082507266,0.2669068839692312,1.6559406621205455
1196,TCS,2024,240893,176597,64296.0,27.0,3464,778,4985,61997,26.0,46099,127.0,58.0,1426,362.0,101133,9046,50583,161124,20729,1500,36081,102814,161124,101495.0,1109,44338.0,6091.0,-48536.0,1893.0,240893,0.454199714271639,0.08912754322873048,0.2669068839692312,1.4950783247685013
1198,TECHM,2013,6873,5451,1422.0,21.0,-141,103,200,978,24.0,1307,25.0,5.0,1388,128.0,5298,1380,2178,8984,1245,34,4099,3607,8984,5426.0,1110,855.0,-622.0,65.0,298.0,6873,0.24087725764835974,0.25433099889421307,0.20689655172413793,0.765026714158504
1198,TECHM,2013,6873,5451,1422.0,21.0,-141,103,200,978,24.0,1307,25.0,5.0,1440,128.0,5298,1380,2178,8984,1245,34,4099,3607,8984,5426.0,1110,855.0,-622.0,65.0,298.0,6873,0.24087725764835974,0.25433099889421307,0.20689655172413793,0.765026714158504
1199,TECHM,2014,18802,14630,4172.0,22.0,244,80,522,3815,20.0,3062,32.0,15.0,1389,234.0,8948,363,6394,15940,2594,266,1472,11607,15940,9182.0,1111,1596.0,291.0,-972.0,915.0,18802,0.33347854497930735,0.03953387061642344,0.22189128816083395,1.1795483061480552
1199,TECHM,2014,18802,14630,4172.0,22.0,244,80,522,3815,20.0,3062,32.0,15.0,1441,234.0,8948,363,6394,15940,2594,266,1472,11607,15940,9182.0,1111,1596.0,291.0,-972.0,915.0,18802,0.33347854497930735,0.03953387061642344,0.22189128816083395,1.1795483061480552
1200,TECHM,2015,22621,18428,4193.0,19.0,106,69,611,3618,27.0,2659,27.0,22.0,1390,480.0,11768,700,6899,19848,4033,568,2103,13145,19848,12248.0,1112,2448.0,-1865.0,-829.0,-246.0,22621,0.2170966688438929,0.057152188112344876,0.18535873745634587,1.1397118097541314
1200,TECHM,2015,22621,18428,4193.0,19.0,106,69,611,3618,27.0,2659,27.0,22.0,1442,480.0,11768,700,6899,19848,4033,568,2103,13145,19848,12248.0,1112,2448.0,-1865.0,-829.0,-246.0,22621,0.2170966688438929,0.057152188112344876,0.18535873745634587,1.1397118097541314
1201,TECHM,2016,26494,22234,4260.0,16.0,453,97,759,3857,22.0,3027,31.0,35.0,1391,436.0,14155,1091,6843,22525,4309,629,1297,16289,22525,14591.0,1113,3137.0,-1453.0,-496.0,1188.0,26494,0.20745665136042765,0.07477211979987664,0.16079112251830602,1.176204217536071
1201,TECHM,2016,26494,22234,4260.0,16.0,453,97,759,3857,22.0,3027,31.0,35.0,1443,436.0,14155,1091,6843,22525,4309,629,1297,16289,22525,14591.0,1113,3137.0,-1453.0,-496.0,1188.0,26494,0.20745665136042765,0.07477211979987664,0.16079112251830602,1.176204217536071
1202,TECHM,2017,29141,24956,4184.0,14.0,775,129,978,3853,26.0,2851,29.0,28.0,1392,439.0,15998,1366,8254,26057,6460,373,2396,16828,26057,16437.0,1114,4071.0,-2893.0,-1571.0,-392.0,29141,0.17345014297012837,0.08310518951146803,0.14357777701520194,1.1183559120389914
1202,TECHM,2017,29141,24956,4184.0,14.0,775,129,978,3853,26.0,2851,29.0,28.0,1444,439.0,15998,1366,8254,26057,6460,373,2396,16828,26057,16437.0,1114,4071.0,-2893.0,-1571.0,-392.0,29141,0.17345014297012837,0.08310518951146803,0.14357777701520194,1.1183559120389914
1203,TECHM,2018,30773,26063,4710.0,15.0,1417,162,1085,4879,22.0,3786,39.0,33.0,1393,442.0,18401,2397,9192,30431,7622,240,4841,17728,30431,18843.0,1115,3554.0,-3319.0,-269.0,-35.0,30773,0.20092341983760548,0.12720904314599585,0.15305625060930036,1.0112385396470704
1203,TECHM,2018,30773,26063,4710.0,15.0,1417,162,1085,4879,22.0,3786,39.0,33.0,1445,442.0,18401,2397,9192,30431,7622,240,4841,17728,30431,18843.0,1115,3554.0,-3319.0,-269.0,-35.0,30773,0.20092341983760548,0.12720904314599585,0.15305625060930036,1.0112385396470704
1204,TECHM,2019,34742,28471,6271.0,18.0,534,133,1129,5543,23.0,4289,44.0,29.0,1394,444.0,19841,1996,11166,33446,7061,276,7342,18766,33446,20285.0,1116,4432.0,-2104.0,-2251.0,77.0,34742,0.21143702243036727,0.09839783090953907,0.18050198606873524,1.0387490282843987
1204,TECHM,2019,34742,28471,6271.0,18.0,534,133,1129,5543,23.0,4289,44.0,29.0,1446,444.0,19841,1996,11166,33446,7061,276,7342,18766,33446,20285.0,1116,4432.0,-2104.0,-2251.0,77.0,34742,0.21143702243036727,0.09839783090953907,0.18050198606873524,1.0387490282843987
1205,TECHM,2020,36868,31365,5503.0,15.0,1192,192,1446,5058,23.0,3897,42.0,32.0,1395,436.0,21377,3670,11834,37318,8872,50,5848,22548,37318,21813.0,1117,4358.0,1081.0,-4466.0,974.0,36868,0.17865493054600468,0.16824829230275523,0.14926223283063902,0.9879414759633421
1205,TECHM,2020,36868,31365,5503.0,15.0,1192,192,1446,5058,23.0,3897,42.0,32.0,1447,436.0,21377,3670,11834,37318,8872,50,5848,22548,37318,21813.0,1117,4358.0,1081.0,-4466.0,974.0,36868,0.17865493054600468,0.16824829230275523,0.14926223283063902,0.9879414759633421
1206,TECHM,2021,37855,31059,6796.0,18.0,788,174,1458,5953,27.0,4353,46.0,89.0,1396,437.0,24428,2901,11836,39602,9018,118,10238,20228,39602,24865.0,1118,8094.0,-5433.0,-2987.0,-326.0,37855,0.17506535290569072,0.11667001809772773,0.17952714304583278,0.9558860663602848
1206,TECHM,2021,37855,31059,6796.0,18.0,788,174,1458,5953,27.0,4353,46.0,89.0,1448,437.0,24428,2901,11836,39602,9018,118,10238,20228,39602,24865.0,1118,8094.0,-5433.0,-2987.0,-326.0,37855,0.17506535290569072,0.11667001809772773,0.17952714304583278,0.9558860663602848
1207,TECHM,2022,44646,36626,8020.0,18.0,1115,163,1520,7452,24.0,5630,57.0,47.0,1397,439.0,26447,2618,14911,44416,14784,165,4884,24583,44416,26886.0,1119,5285.0,480.0,-4667.0,1098.0,44646,0.2094026630960351,0.09737409804359146,0.17963535367110156,1.0051783141210375
1207,TECHM,2022,44646,36626,8020.0,18.0,1115,163,1520,7452,24.0,5630,57.0,47.0,1449,439.0,26447,2618,14911,44416,14784,165,4884,24583,44416,26886.0,1119,5285.0,480.0,-4667.0,1098.0,44646,0.2094026630960351,0.09737409804359146,0.17963535367110156,1.0051783141210375
1208,TECHM,2023,53290,45527,7763.0,15.0,965,326,1957,6446,25.0,4857,50.0,91.0,1398,440.0,27484,2740,15162,45827,14932,120,3388,27388,45827,27924.0,1120,5572.0,-226.0,-5078.0,267.0,53290,0.173936398796734,0.09812347801174617,0.14567461062112966,1.162851594038449
1208,TECHM,2023,53290,45527,7763.0,15.0,965,326,1957,6446,25.0,4857,50.0,91.0,1450,440.0,27484,2740,15162,45827,14932,120,3388,27388,45827,27924.0,1120,5572.0,-226.0,-5078.0,267.0,53290,0.173936398796734,0.09812347801174617,0.14567461062112966,1.162851594038449
1209,TECHM,2024,51996,47489,4506.0,9.0,927,392,1817,3224,26.0,2397,24.0,150.0,1399,441.0,26228,2537,13943,43149,13903,133,3238,25875,43149,26669.0,1121,6376.0,-1318.0,-4767.0,291.0,51996,0.08987963553189096,0.09512917619708275,0.08666051234710362,1.2050337203643189
1209,TECHM,2024,51996,47489,4506.0,9.0,927,392,1817,3224,26.0,2397,24.0,150.0,1400,442.0,26004,2035,14346,42827,13818,11,2312,26686,42827,26446.0,1121,6376.0,-1318.0,-4767.0,291.0,51996,0.09063752552370868,0.07694925508583529,0.08666051234710362,1.2140939127186121
1209,TECHM,2024,51996,47489,4506.0,9.0,927,392,1817,3224,26.0,2397,24.0,150.0,1451,441.0,26228,2537,13943,43149,13903,133,3238,25875,43149,26669.0,1121,6376.0,-1318.0,-4767.0,291.0,51996,0.08987963553189096,0.09512917619708275,0.08666051234710362,1.2050337203643189
1209,TECHM,2024,51996,47489,4506.0,9.0,927,392,1817,3224,26.0,2397,24.0,150.0,1452,442.0,26004,2035,14346,42827,13818,11,2312,26686,42827,26446.0,1121,6376.0,-1318.0,-4767.0,291.0,51996,0.09063752552370868,0.07694925508583529,0.08666051234710362,1.2140939127186121
1211,TITAN,2013,10123,9109,1014.0,10.0,99,51,56,1006,28.0,725,8.0,26.0,1375,89.0,1881,0,3914,5884,464,42,3,5375,5884,1970.0,1122,553.0,-142.0,-236.0,176.0,10123,0.3680203045685279,0.0,0.1001679344067964,1.720428280081577
1212,TITAN,2014,10927,9880,1047.0,10.0,117,87,68,1010,27.0,735,8.0,25.0,1376,89.0,2434,807,2781,6111,614,33,3,5461,6111,2523.0,1123,-555.0,-271.0,497.0,-329.0,10927,0.291319857312723,0.31985731272294887,0.09581769927702022,1.7880870561282933
1213,TITAN,2015,11913,10761,1153.0,10.0,67,81,90,1049,22.0,816,9.0,25.0,1377,89.0,2995,100,2684,5868,699,55,3,5111,5868,3084.0,1124,503.0,-118.0,-1005.0,-620.0,11913,0.26459143968871596,0.0324254215304799,0.0967850247628641,2.030163599182004
1214,TITAN,2016,11276,10337,939.0,8.0,69,42,98,868,22.0,675,8.0,29.0,1378,89.0,3418,113,2723,6342,771,107,30,5434,6342,3507.0,1125,576.0,-159.0,-505.0,-88.0,11276,0.1924721984602224,0.03222127174222983,0.0832742107130188,1.7779880163986124
1215,TITAN,2017,13261,12097,1164.0,9.0,-42,38,111,973,28.0,697,8.0,32.0,1379,89.0,4144,1882,2293,8408,1189,152,431,6636,8408,4233.0,1126,1712.0,-953.0,-166.0,594.0,13261,0.1646586345381526,0.44460193716040636,0.08777618580800844,1.5771883920076117
1216,TITAN,2018,16120,14476,1644.0,10.0,70,53,131,1530,28.0,1102,13.0,29.0,1380,89.0,5001,1691,2740,9521,1474,43,36,7968,9521,5090.0,1127,-51.0,98.0,-252.0,-206.0,16120,0.21650294695481337,0.33222003929273086,0.10198511166253102,1.6930994643419808
1217,TITAN,2019,19779,17785,1994.0,10.0,178,53,163,1957,29.0,1389,16.0,32.0,1381,89.0,5981,2393,3247,11710,1567,32,108,10003,11710,6070.0,1128,1243.0,-797.0,-489.0,-43.0,19779,0.228830313014827,0.3942339373970346,0.10081399464078063,1.689069171648164
1218,TITAN,2020,21052,18589,2463.0,12.0,153,166,348,2102,29.0,1493,17.0,24.0,1382,89.0,6580,3562,3313,13544,2633,18,158,10735,13544,6669.0,1129,-348.0,235.0,-242.0,-355.0,21052,0.2238716449242765,0.5341130604288499,0.1169960098802964,1.554341405788541
1219,TITAN,2021,21644,19919,1725.0,8.0,180,203,375,1327,27.0,974,11.0,37.0,1383,89.0,7408,5638,3309,16444,2523,32,2824,11065,16444,7497.0,1130,4139.0,-2799.0,-1234.0,106.0,21644,0.1299186341203148,0.7520341469921302,0.07969876178155609,1.3162247628314279
1220,TITAN,2022,28799,25455,3344.0,12.0,177,218,399,2904,24.0,2198,24.0,31.0,1384,89.0,9214,7275,4610,21188,2544,85,294,18265,21188,9303.0,1131,-724.0,1165.0,-403.0,38.0,28799,0.236267870579383,0.782005804579168,0.11611514288690579,1.3592127619407213
1221,TITAN,2023,40575,35693,4882.0,12.0,306,300,441,4447,26.0,3274,37.0,27.0,1385,89.0,11762,9367,5802,27020,2998,144,2515,21363,27020,11851.0,1132,1370.0,-1814.0,457.0,13.0,40575,0.2762636064467134,0.7903974348156274,0.1203203943314849,1.5016654330125834
1222,TITAN,2024,51084,45792,5292.0,10.0,534,619,584,4623,24.0,3496,39.0,28.0,1386,89.0,9304,15528,6626,31547,3709,97,2345,25396,31547,9393.0,1133,1695.0,-189.0,-1329.0,177.0,51084,0.37219205791546894,1.653145959757266,0.10359408033826638,1.619298190002219
1222,TITAN,2024,51084,45792,5292.0,10.0,534,619,584,4623,24.0,3496,39.0,28.0,1387,89.0,9647,21648,7442,38826,3894,65,2535,32332,38826,9736.0,1133,1695.0,-189.0,-1329.0,177.0,51084,0.3590797041906327,2.2235004108463436,0.10359408033826638,1.3157162726008345
1224,TORNTPHARM,2013,3203,2506,697.0,22.0,1,34,83,582,25.0,435,13.0,45.0,1362,42.0,1380,693,1638,3753,820,285,60,2587,3753,1422.0,1134,153.0,-247.0,20.0,-73.0,3203,0.3059071729957806,0.4873417721518987,0.2176084920387137,0.8534505728750333
1225,TORNTPHARM,2014,4172,3216,955.0,23.0,34,59,87,844,21.0,664,20.0,25.0,1363,85.0,1818,1132,1988,5022,875,534,186,3427,5022,1903.0,1135,599.0,-418.0,86.0,268.0,4172,0.348922753547031,0.5948502364687336,0.22890699904122722,0.8307447232178415
1226,TORNTPHARM,2015,4636,3616,1020.0,22.0,286,175,191,940,20.0,751,22.0,25.0,1364,85.0,2406,2740,2589,7820,2833,678,298,4011,7820,2491.0,1136,810.0,-2113.0,1212.0,-90.0,4636,0.30148534725010034,1.099959855479727,0.2200172562553926,0.5928388746803069
1227,TORNTPHARM,2016,6687,3954,2733.0,41.0,32,184,238,2343,26.0,1733,51.0,34.0,1365,85.0,3409,2352,3040,8886,2859,1042,780,4206,8886,3494.0,1137,2742.0,-869.0,-1435.0,437.0,6687,0.4959931310818546,0.6731539782484258,0.4087034544638852,0.7525320729237002
1228,TORNTPHARM,2017,5816,4438,1377.0,24.0,223,206,307,1088,14.0,934,28.0,25.0,1366,85.0,4266,2510,2740,9601,3688,519,804,4589,9601,4351.0,1138,1009.0,-798.0,-193.0,18.0,5816,0.21466329579407034,0.5768788784187543,0.23676066024759285,0.6057702322674722
1229,TORNTPHARM,2018,5950,4601,1349.0,23.0,299,308,409,931,27.0,678,20.0,35.0,1367,85.0,4538,6462,3159,14243,7855,647,492,5249,14243,4623.0,1139,894.0,-4677.0,3417.0,-366.0,5950,0.14665801427644387,1.3977936404931863,0.22672268907563026,0.4177490697184582
1230,TORNTPHARM,2019,7673,5690,1983.0,26.0,-300,504,618,562,22.0,436,13.0,66.0,1368,85.0,4640,6038,3351,14113,7748,617,353,5395,14113,4725.0,1140,1798.0,-246.0,-1314.0,238.0,7673,0.09227513227513227,1.2778835978835978,0.2584386810895347,0.5436831290299724
1231,TORNTPHARM,2020,7939,5769,2170.0,27.0,121,451,654,1187,14.0,1025,30.0,53.0,1369,85.0,4739,5784,3402,14010,7533,712,2,5763,14010,4824.0,1141,1393.0,229.0,-1549.0,73.0,7939,0.2124792703150912,1.199004975124378,0.27333417306965613,0.5666666666666667
1232,TORNTPHARM,2021,8005,5524,2480.0,31.0,57,353,658,1526,18.0,1252,37.0,47.0,1370,85.0,5753,4874,3363,14075,7065,889,181,5940,14075,5838.0,1142,2005.0,-444.0,-1651.0,-89.0,8005,0.2144570058239123,0.8348749571771155,0.3098063710181137,0.5687388987566607
1233,TORNTPHARM,2022,8508,6077,2431.0,29.0,-288,255,662,1226,37.0,777,23.0,105.0,1371,85.0,5868,4070,2884,12906,6423,630,226,5628,12906,5953.0,1143,1803.0,-196.0,-1781.0,-174.0,8508,0.13052242566773056,0.6836888963547791,0.28573107663375646,0.6592282659228266
1234,TORNTPHARM,2023,9620,6778,2842.0,30.0,45,333,707,1847,33.0,1245,37.0,60.0,1372,169.0,6029,5369,3043,14610,8121,765,199,5524,14610,6198.0,1144,2368.0,-2335.0,77.0,110.0,9620,0.20087124878993223,0.8662471765085511,0.2954261954261954,0.6584531143052703
1235,TORNTPHARM,2024,10728,7360,3368.0,31.0,146,354,808,2352,30.0,1656,49.0,57.0,1373,169.0,6687,4022,3627,14505,8138,361,173,5834,14505,6856.0,1145,3266.0,-160.0,-2780.0,327.0,10728,0.24154025670945156,0.5866394399066511,0.313944817300522,0.7396070320579111
1235,TORNTPHARM,2024,10728,7360,3368.0,31.0,146,354,808,2352,30.0,1656,49.0,57.0,1374,169.0,7335,3128,4456,15088,7890,412,127,6659,15088,7504.0,1145,3266.0,-160.0,-2780.0,327.0,10728,0.22068230277185502,0.4168443496801706,0.313944817300522,0.7110286320254506
1237,TRENT,2013,2132,2128,5.0,0.0,58,29,45,-10,99.0,-27,-1.0,-87.0,1349,33.0,1198,343,635,2209,843,106,317,943,2209,1231.0,1146,31.0,-276.0,147.0,-97.0,2132,-0.021933387489845652,0.2786352558895207,0.0023452157598499064,0.965142598460842
1238,TRENT,2014,2333,2343,-10.0,0.0,91,26,54,1,99.0,-19,-1.0,-125.0,1350,33.0,958,332,614,1936,720,138,300,778,1936,991.0,1147,-46.0,-48.0,-50.0,-145.0,2333,-0.01917255297679112,0.3350151362260343,-0.0042863266180882984,1.2050619834710743
1239,TRENT,2015,2284,2196,88.0,4.0,208,22,75,200,35.0,129,4.0,26.0,1351,33.0,1389,267,518,2207,668,92,740,706,2207,1422.0,1148,-10.0,-306.0,310.0,-6.0,2284,0.09071729957805907,0.1877637130801688,0.03852889667250438,1.0348889895786135
1240,TRENT,2016,1686,1596,90.0,5.0,86,48,39,90,39.0,55,2.0,54.0,1352,33.0,1431,400,292,2157,477,55,1067,558,2157,1464.0,1149,109.0,-98.0,-13.0,-2.0,1686,0.03756830601092896,0.273224043715847,0.05338078291814947,0.7816411682892906
1241,TRENT,2017,1812,1679,134.0,7.0,81,46,41,128,34.0,85,3.0,39.0,1353,33.0,1514,392,283,2222,549,5,1080,588,2222,1547.0,1150,102.0,-44.0,-51.0,7.0,1812,0.054945054945054944,0.25339366515837103,0.0739514348785872,0.8154815481548154
1242,TRENT,2018,2157,1949,208.0,10.0,27,44,46,147,41.0,87,3.0,44.0,1354,33.0,1562,391,349,2336,613,10,1023,691,2336,1595.0,1151,77.0,-4.0,-74.0,-1.0,2157,0.05454545454545454,0.245141065830721,0.09643022716736208,0.9233732876712328
1243,TRENT,2019,2630,2390,241.0,9.0,30,51,52,165,44.0,95,3.0,45.0,1355,33.0,1613,494,418,2559,662,87,883,927,2559,1646.0,1152,21.0,-37.0,37.0,21.0,2630,0.057715674362089915,0.3001215066828676,0.09163498098859316,1.0277452129738178
1244,TRENT,2020,3486,2957,529.0,15.0,147,263,247,165,36.0,106,3.0,29.0,1356,36.0,2352,300,2819,5507,2738,23,1515,1230,5507,2388.0,1153,361.0,-809.0,452.0,5.0,3486,0.04438860971524288,0.12562814070351758,0.15174985656913367,0.633012529507899
1245,TRENT,2021,2593,2479,114.0,4.0,199,261,257,-205,-12.0,-181,-4.0,-15.0,1357,36.0,2277,300,3111,5724,3054,108,1487,1075,5724,2313.0,1154,285.0,18.0,-283.0,20.0,2593,-0.07825335062689148,0.1297016861219196,0.043964519861164675,0.453004891684137
1246,TRENT,2022,4498,3903,595.0,13.0,152,325,311,111,69.0,35,3.0,57.0,1358,36.0,2328,4725,637,7726,4687,105,1284,1651,7726,2364.0,1155,58.0,56.0,-108.0,6.0,4498,0.014805414551607445,1.998730964467005,0.13228101378390394,0.582190007765985
1247,TRENT,2023,8242,7128,1114.0,14.0,341,409,494,552,29.0,394,13.0,18.0,1359,36.0,2560,4464,1022,8082,4527,102,1110,2343,8082,2596.0,1156,595.0,-103.0,-491.0,1.0,8242,0.1517719568567026,1.7195685670261942,0.1351613685998544,1.0197970799307101
1248,TRENT,2024,12375,10404,1971.0,16.0,989,368,671,1921,23.0,1477,42.0,8.0,1360,36.0,4032,1753,1341,7162,2450,224,1416,3072,7162,4068.0,1157,1349.0,-508.0,-629.0,211.0,12375,0.36307767944936087,0.4309242871189774,0.15927272727272726,1.7278693102485339
1248,TRENT,2024,12375,10404,1971.0,16.0,989,368,671,1921,23.0,1477,42.0,8.0,1361,36.0,4644,1842,1752,8274,2804,219,1517,3735,8274,4680.0,1157,1349.0,-508.0,-629.0,211.0,12375,0.3155982905982906,0.3935897435897436,0.15927272727272726,1.4956490210297317
1250,TVSMOTOR,2013,7510,7072,438.0,6.0,130,103,176,290,32.0,198,4.0,30.0,1336,48.0,851,1068,1415,3381,1593,36,348,1404,3381,899.0,1158,464.0,-120.0,-402.0,-58.0,7510,0.22024471635150167,1.1879866518353726,0.058322237017310256,2.2212363206152026
1251,TVSMOTOR,2014,8384,7892,492.0,6.0,44,80,149,307,39.0,187,4.0,37.0,1337,48.0,1113,728,1743,3632,1517,48,439,1628,3632,1161.0,1159,470.0,-235.0,-216.0,19.0,8384,0.16106804478897502,0.6270456503014643,0.05868320610687023,2.3083700440528636
1252,TVSMOTOR,2015,10256,9650,605.0,6.0,80,62,179,444,28.0,328,7.0,28.0,1338,48.0,1277,1119,2126,4570,1637,93,539,2301,4570,1325.0,1160,83.0,-415.0,261.0,-71.0,10256,0.24754716981132074,0.8445283018867924,0.05898985959438378,2.2442013129102847
1253,TVSMOTOR,2016,11377,10558,819.0,7.0,93,70,262,580,26.0,429,9.0,28.0,1339,48.0,1771,1091,2236,5146,2038,47,943,2118,5146,1819.0,1161,936.0,-605.0,-319.0,12.0,11377,0.23584387025838371,0.59978009895547,0.07198734288476752,2.210843373493976
1254,TVSMOTOR,2017,12463,11591,871.0,7.0,163,60,317,658,23.0,509,11.0,23.0,1340,48.0,2169,1311,2601,6128,2362,64,1155,2547,6128,2217.0,1162,689.0,-709.0,-59.0,-79.0,12463,0.22958953540820928,0.591339648173207,0.06988686512075744,2.033779373368146
1255,TVSMOTOR,2018,16340,14769,1571.0,10.0,71,338,374,931,29.0,665,14.0,24.0,1341,48.0,2630,6928,3586,13190,3094,313,421,9362,13190,2678.0,1163,354.0,-1095.0,897.0,156.0,16340,0.248319641523525,2.5870052277819267,0.09614443084455325,1.238817285822593
1256,TVSMOTOR,2019,20160,17997,2163.0,11.0,25,663,442,1083,33.0,725,15.0,24.0,1342,48.0,3123,9298,4228,16696,3367,745,440,12145,16696,3171.0,1164,-918.0,-1104.0,2210.0,188.0,20160,0.22863450015767897,2.9321980447808262,0.10729166666666666,1.2074748442740777
1257,TVSMOTOR,2020,18849,16585,2264.0,12.0,12,855,556,865,25.0,647,13.0,27.0,1343,48.0,3235,11591,4399,19272,3811,1006,371,14085,19272,3283.0,1165,373.0,-1090.0,1619.0,902.0,18849,0.19707584526347852,3.5306122448979593,0.12011247281022866,0.9780510585305106
1258,TVSMOTOR,2021,19421,17189,2232.0,11.0,36,881,565,822,26.0,608,13.0,28.0,1344,48.0,3779,12179,5859,21865,4221,1041,468,16135,21865,3827.0,1166,1151.0,-882.0,264.0,532.0,19421,0.1588711784687745,3.182388293702639,0.1149271407239586,0.8882231877429683
1259,TVSMOTOR,2022,24355,21601,2755.0,11.0,-5,940,743,1067,31.0,731,16.0,24.0,1345,48.0,4352,15827,6692,26919,5975,552,605,19788,26919,4400.0,1167,-1575.0,-1471.0,2918.0,532.0,24355,0.16613636363636364,3.5970454545454547,0.11311845616916444,0.9047512909097664
1260,TVSMOTOR,2023,31974,27947,4027.0,13.0,136,1368,859,1936,32.0,1309,28.0,18.0,1346,48.0,5457,22376,7144,35025,5748,743,967,27566,35025,5505.0,1168,-4405.0,-1308.0,6118.0,406.0,31974,0.2377838328792007,4.064668483197093,0.12594608119096767,0.9128907922912206
1261,TVSMOTOR,2024,39145,33645,5500.0,14.0,106,1928,975,2703,34.0,1779,36.0,23.0,1347,48.0,6736,26006,9235,42024,5891,1033,1123,33977,42024,6784.0,1169,-1253.0,-1001.0,2759.0,505.0,39145,0.26223466981132076,3.833431603773585,0.14050325712096054,0.931491528650295
1261,TVSMOTOR,2024,39145,33645,5500.0,14.0,106,1928,975,2703,34.0,1779,36.0,23.0,1348,48.0,7712,14619,22568,44946,6851,417,1166,36512,44946,7760.0,1169,-1253.0,-1001.0,2759.0,505.0,39145,0.22925257731958762,1.8838917525773196,0.14050325712096054,0.8709340097005295
1263,ULTRACEMCO,2013,20514,15674,4839.0,24.0,304,252,1023,3867,30.0,2688,98.0,9.0,1323,274.0,14955,7342,7010,29582,15050,3601,4709,6222,29582,15229.0,1170,3618.0,-4362.0,715.0,-30.0,20514,0.1765053516317552,0.4821065073215576,0.23588768645802866,0.6934622405516868
1264,ULTRACEMCO,2014,20730,16695,4035.0,19.0,322,361,1139,2858,23.0,2213,80.0,11.0,1324,274.0,16908,7332,7671,32185,18100,2186,4862,7037,32185,17182.0,1171,3455.0,-2342.0,-949.0,164.0,20730,0.12879757886159934,0.4267256431148877,0.19464544138929088,0.6440888612707784
1265,ULTRACEMCO,2015,23306,18881,4425.0,19.0,350,587,1203,2986,30.0,2102,76.0,12.0,1325,274.0,18767,9829,9183,38053,23343,2250,4500,7961,38053,19041.0,1172,4190.0,-2144.0,-2110.0,-63.0,23306,0.11039336169318838,0.5162018801533533,0.1898652707457307,0.6124615667621476
1266,ULTRACEMCO,2016,25153,20252,4901.0,19.0,464,566,1377,3421,28.0,2480,90.0,11.0,1326,274.0,21671,10616,8631,41193,25309,1469,5095,9319,41193,21945.0,1173,4526.0,-3673.0,-844.0,8.0,25153,0.11300979722032353,0.4837548416495785,0.19484753309744365,0.6106134537421407
1267,ULTRACEMCO,2017,25375,20162,5212.0,21.0,648,640,1348,3872,30.0,2714,99.0,10.0,1327,275.0,24117,8474,9343,42209,25904,921,6691,8693,42209,24392.0,1174,5005.0,-2501.0,-2535.0,-31.0,25375,0.11126598884880289,0.3474089865529682,0.20539901477832512,0.6011751048354617
1268,ULTRACEMCO,2018,30979,24834,6145.0,20.0,242,1238,1848,3301,33.0,2224,81.0,13.0,1328,275.0,26107,19480,11280,57141,39715,1511,5447,10468,57141,26382.0,1175,3888.0,1866.0,-5735.0,18.0,30979,0.08429990144795695,0.7383822303085437,0.1983601794764195,0.542150119878896
1269,ULTRACEMCO,2019,41462,34115,7347.0,18.0,350,1778,2451,3468,31.0,2400,88.0,13.0,1329,275.0,33476,25337,17438,76525,56645,1153,2921,15806,76525,33751.0,1176,5956.0,1165.0,-6757.0,364.0,41462,0.07110900417765399,0.7507036828538414,0.17719839853359703,0.5418098660568441
1270,ULTRACEMCO,2020,42430,33184,9246.0,22.0,651,1992,2723,5183,-11.0,5751,199.0,7.0,1330,289.0,38755,23019,17151,79214,57151,920,5929,15215,79214,39044.0,1177,8972.0,-4192.0,-5076.0,-295.0,42430,0.14729535908206126,0.5895656182768159,0.21791185481970304,0.5356376398111445
1271,ULTRACEMCO,2021,44726,33158,11568.0,26.0,619,1486,2700,8001,32.0,5462,189.0,20.0,1331,289.0,43886,21719,20282,86176,55412,1687,12178,16900,86176,44175.0,1178,12500.0,-8856.0,-4356.0,-712.0,44726,0.12364459535936616,0.49165817770232034,0.2586415060591155,0.5190076123282584
1272,ULTRACEMCO,2022,52599,41084,11514.0,22.0,669,945,2715,8524,14.0,7334,254.0,15.0,1332,289.0,50147,11299,22077,83811,55488,4785,6336,17203,83811,50436.0,1179,9283.0,2257.0,-12498.0,-958.0,52599,0.1454120072963756,0.22402648901578237,0.21890150002851766,0.6275906503919533
1273,ULTRACEMCO,2023,63240,52620,10620.0,17.0,507,823,2888,7416,32.0,5073,175.0,22.0,1333,289.0,54036,11058,25998,91380,59579,4040,7297,20464,91380,54325.0,1180,9069.0,-7188.0,-1631.0,250.0,63240,0.093382420616659,0.20355269213069488,0.16793168880455409,0.6920551543007223
1274,ULTRACEMCO,2024,70908,57940,12969.0,18.0,567,968,3145,9422,26.0,7004,243.0,29.0,1334,289.0,59939,11403,29167,100797,62878,6811,8249,22859,100797,60228.0,1181,10898.0,-8789.0,-1926.0,183.0,70908,0.11629142591485687,0.1893305439330544,0.1828989676764258,0.7034733176582636
1274,ULTRACEMCO,2024,70908,57940,12969.0,18.0,567,968,3145,9422,26.0,7004,243.0,29.0,1335,289.0,61076,16964,29282,107611,68042,6410,7579,25579,107611,61365.0,1181,10898.0,-8789.0,-1926.0,183.0,70908,0.11413672288763953,0.27644422716532224,0.1828989676764258,0.6589289199059576
1276,UNIONBANK,2013,25169,7268,325.0,1.0,2868,17575,156,3037,30.0,2146,36.0,22.0,1298,597.0,16722,287589,8003,312912,2483,13,81808,228608,312912,17319.0,1182,-4245.0,-343.0,5096.0,507.0,25169,0.12391015647554708,16.605404469080202,0.012912710079860145,0.0804347548192463
1277,UNIONBANK,2014,29394,8829,-902.0,-3.0,3141,21467,198,2040,18.0,1687,27.0,15.0,1299,630.0,18004,327078,9300,355013,2621,2,94636,257753,355013,18634.0,1183,2570.0,-363.0,4902.0,7109.0,29394,0.09053343350864013,17.552753032091875,-0.030686534666938832,0.082796967998355
1278,UNIONBANK,2015,32164,9498,-973.0,-3.0,3957,23640,225,2759,36.0,1771,28.0,22.0,1300,636.0,19263,352618,11048,383566,2690,4,85818,295053,383566,19899.0,1184,-3567.0,-318.0,3168.0,-718.0,32164,0.08899944720840243,17.72038795919393,-0.03025121253575426,0.08385519050176501
1279,UNIONBANK,2016,32316,10349,-1928.0,-6.0,3934,23894,249,1758,24.0,1347,20.0,10.0,1301,687.0,22361,374754,9562,407365,3939,13,90573,312840,407365,23048.0,1185,81.0,-9.0,-2.0,70.0,32316,0.05844324887191947,16.259718847622352,-0.05966084911498948,0.07932934837308066
1280,UNIONBANK,2017,32817,13871,-4830.0,-15.0,5430,23771,241,359,-58.0,573,8.0,0.0,1302,687.0,23406,418420,13167,455681,3896,21,113441,338322,455681,24093.0,1186,-6624.0,-280.0,10194.0,3289.0,32817,0.023782841489229236,17.366870045241356,-0.14717981533961058,0.07201748591668294
1281,UNIONBANK,2018,32952,21181,-11700.0,-36.0,5462,23471,368,-6607,-21.0,-5212,-45.0,0.0,1303,1169.0,24083,455969,9900,491120,3824,34,125485,361777,491120,25252.0,1187,6097.0,-315.0,10792.0,16574.0,32952,-0.20639949310945668,18.05674798035799,-0.35506190823015293,0.0670956181788565
1282,UNIONBANK,2019,34314,19019,-8601.0,-25.0,5042,23896,374,-3933,-25.0,-2922,-17.0,0.0,1304,1763.0,25073,460780,10964,498581,3743,44,128391,366402,498581,26836.0,1188,-7778.0,-297.0,1758.0,-6317.0,34314,-0.10888358920852587,17.17021910866001,-0.250655709040042,0.06882332058381688
1283,UNIONBANK,2020,37479,21166,-9523.0,-25.0,5789,25837,417,-4151,-27.0,-3121,-9.0,0.0,1305,3423.0,30567,505150,16369,555509,4734,54,154251,396470,555509,33990.0,1189,-77.0,-4.0,201.0,121.0,37479,-0.09182112385995882,14.861724036481318,-0.25408895648229674,0.06746785380614896
1284,UNIONBANK,2021,69311,36270,-11071.0,-16.0,14307,44112,908,2327,-22.0,2863,4.0,0.0,1306,6407.0,58331,977576,40063,1082377,7303,63,339059,735952,1082377,64738.0,1190,20527.0,-601.0,-18861.0,1066.0,69311,0.044224412246285025,15.100497389477587,-0.1597293358918498,0.06403591354953034
1285,UNIONBANK,2022,68230,32264,-4213.0,-6.0,13524,40178,745,8566,39.0,5265,8.0,25.0,1307,6835.0,64026,1085613,37292,1193766,7171,37,351839,834718,1193766,70861.0,1191,36339.0,-558.0,-786.0,34995.0,68230,0.07430039090614018,15.32031724079536,-0.0617470320973179,0.05715525488244765
1286,UNIONBANK,2023,81163,36155,-3024.0,-4.0,15915,48033,745,12147,31.0,8512,12.0,24.0,1308,6835.0,71969,1163059,46495,1288357,8826,22,343727,935782,1288357,78804.0,1192,6056.0,-2561.0,-10654.0,-7159.0,81163,0.10801482158266078,14.758882797827521,-0.037258356640341043,0.06299729034731832
1287,UNIONBANK,2024,100376,32422,4590.0,5.0,17813,63364,895,21508,36.0,13797,18.0,20.0,1309,7634.0,89964,1251568,52831,1401996,9224,36,343953,1048783,1401996,97598.0,1193,19930.0,-1394.0,-11489.0,7047.0,100376,0.14136560175413432,12.823705403799257,0.04572806248505619,0.07159506874484663
1289,UNITDSPR,2013,10378,9287,1091.0,11.0,146,985,178,73,99.0,-105,-2.0,-31.0,1285,126.0,4661,8242,3453,16483,7869,131,218,8265,16483,4787.0,1194,1969.0,-1121.0,-992.0,-145.0,10378,-0.02193440568205557,1.721746396490495,0.10512622856041627,0.6296183947097009
1290,UNITDSPR,2014,10508,13876,-3368.0,-32.0,681,1323,203,-4213,7.0,-4489,-62.0,0.0,1286,145.0,2887,8307,3518,14858,5700,110,238,8810,14858,3032.0,1195,-552.0,-252.0,1235.0,431.0,10508,-1.4805408970976253,2.7397757255936677,-0.32051770079939096,0.7072284291290887
1291,UNITDSPR,2015,9254,9619,-366.0,-4.0,-360,687,223,-1635,3.0,-1687,-23.0,0.0,1287,145.0,514,4987,2242,7889,1921,114,216,5637,7889,659.0,1196,-196.0,3855.0,-4002.0,-343.0,9254,-2.559939301972686,7.56752655538695,-0.039550464663929114,1.1730257320319433
1292,UNITDSPR,2016,8495,8162,333.0,4.0,648,457,157,366,61.0,143,2.0,0.0,1288,145.0,1489,4242,2452,8329,1887,282,77,6084,8329,1634.0,1197,283.0,733.0,-1155.0,-139.0,8495,0.08751529987760098,2.5960832313341493,0.039199529134785166,1.0199303637891703
1293,UNITDSPR,2017,8818,7826,991.0,11.0,-265,375,189,163,43.0,93,1.0,0.0,1289,145.0,1640,4144,2967,8896,1917,199,0,6780,8896,1785.0,1198,647.0,-227.0,-475.0,-56.0,8818,0.052100840336134456,2.3215686274509806,0.112383760489907,0.9912320143884892
1294,UNITDSPR,2018,8591,7381,1209.0,14.0,172,278,192,912,28.0,652,9.0,0.0,1290,145.0,2274,3421,3086,8926,1791,102,0,7033,8926,2419.0,1199,925.0,104.0,-966.0,63.0,8591,0.26953286482017363,1.4142207523770154,0.14072866953788848,0.9624691911270445
1295,UNITDSPR,2019,9341,7947,1394.0,15.0,70,237,215,1012,32.0,684,10.0,0.0,1291,145.0,2945,2883,3135,9109,1841,118,25,7124,9109,3090.0,1200,948.0,-66.0,-808.0,74.0,9341,0.22135922330097088,0.933009708737864,0.14923455732790922,1.0254693160610386
1296,UNITDSPR,2020,9325,7756,1569.0,17.0,89,212,285,1160,47.0,621,9.0,0.0,1292,145.0,3583,2570,2546,8844,1956,121,22,6745,8844,3728.0,1201,783.0,-194.0,-740.0,-150.0,9325,0.1665772532188841,0.6893776824034334,0.1682573726541555,1.0543871551334238
1297,UNITDSPR,2021,8131,7080,1051.0,13.0,-25,188,299,540,33.0,362,5.0,0.0,1293,145.0,3974,1037,3354,8511,1893,97,0,6521,8511,4119.0,1202,1818.0,-99.0,-1707.0,12.0,8131,0.08788540907987376,0.251760135955329,0.12925839380150042,0.9553518975443543
1298,UNITDSPR,2022,9712,8117,1595.0,16.0,-117,88,304,1087,25.0,811,11.0,0.0,1294,145.0,4808,605,3304,8863,1855,96,222,6690,8863,4953.0,1203,977.0,-313.0,-688.0,-23.0,9712,0.1637391479911165,0.12214819301433474,0.16422981878088963,1.0957914927225545
1299,UNITDSPR,2023,10612,9195,1417.0,13.0,249,104,283,1279,12.0,1126,16.0,0.0,1295,145.0,5854,183,3534,9716,1534,83,286,7813,9716,5999.0,1204,615.0,-55.0,-500.0,60.0,10612,0.18769794965827638,0.030505084180696782,0.13352808141726347,1.0922190201729107
1300,UNITDSPR,2024,11321,9321,2000.0,18.0,208,76,275,1857,24.0,1408,19.0,46.0,1296,145.0,6976,265,3790,11176,1560,37,645,8934,11176,7121.0,1205,1118.0,226.0,-407.0,937.0,11321,0.19772503861817162,0.03721387445583486,0.17666283897182228,1.0129742304939156
1300,UNITDSPR,2024,11321,9321,2000.0,18.0,208,76,275,1857,24.0,1408,19.0,46.0,1297,145.0,7487,518,3805,11955,1798,66,819,9272,11955,7632.0,1205,1118.0,226.0,-407.0,937.0,11321,0.18448637316561844,0.06787211740041929,0.17666283897182228,0.9469677959012965
1315,VEDL,2013,2749,2283,465.0,17.0,33,475,197,-174,-25.0,2280,26.0,0.0,1247,87.0,17388,4839,723,23037,4136,723,16059,2119,23037,17475.0,1218,22.0,-311.0,238.0,-51.0,2749,0.13047210300429185,0.2769098712446352,0.1691524190614769,0.11932977384208013
1316,VEDL,2014,66152,46557,19595.0,30.0,1874,5094,6882,9493,-9.0,11421,21.0,15.0,1248,296.0,72712,80566,60545,214120,87205,43128,37910,45877,214120,73008.0,1219,15601.0,-2890.0,-5052.0,7659.0,66152,0.15643491124260356,1.1035229015998247,0.2962117547466441,0.30894825331589765
1317,VEDL,2015,73710,51595,22114.0,30.0,-19222,5659,7159,-9925,15.0,-11369,-53.0,-8.0,1249,296.0,53579,77752,58654,190281,70108,38748,39606,41819,190281,53875.0,1220,17805.0,-4133.0,-13956.0,-284.0,73710,-0.21102552204176334,1.4431925754060324,0.3000135666802333,0.38737446197991393
1318,VEDL,2016,64262,82741,-18479.0,-29.0,4290,5778,8572,-28540,-37.0,-17862,-41.0,-8.0,1250,296.0,43743,67778,80163,191980,67231,38461,53386,32903,191980,44039.0,1221,20377.0,-7868.0,-11303.0,1206.0,64262,-0.40559504075932695,1.539044937441813,-0.28755718776259687,0.3347327846650693
1319,VEDL,2017,72225,50849,21376.0,30.0,4423,5855,6292,13652,17.0,11316,23.0,83.0,1251,297.0,60128,71569,64952,196946,76756,27557,46962,45671,196946,60425.0,1222,18083.0,2681.0,-12425.0,8339.0,72225,0.1872734795200662,1.1844269755895738,0.29596400138456214,0.36672488905588335
1320,VEDL,2018,91866,66989,24877.0,27.0,6087,5112,6283,19569,30.0,13692,28.0,76.0,1252,372.0,62940,58159,58896,180367,80279,32055,28700,39333,180367,63312.0,1223,17366.0,15480.0,-39255.0,-6409.0,91866,0.216262319939348,0.9186094263330806,0.2707965950406026,0.5093282030526648
1321,VEDL,2019,92048,68877,23171.0,25.0,4270,5689,8192,13560,28.0,9698,19.0,99.0,1253,372.0,61925,66226,70045,198568,96397,24959,33065,44147,198568,62297.0,1224,23754.0,-10594.0,-10242.0,2918.0,92048,0.15567362794356068,1.0630688476170602,0.2517273596384495,0.4635590830345272
1322,VEDL,2020,84447,63704,20743.0,25.0,-14932,4977,9093,-8259,-43.0,-4744,-18.0,-22.0,1254,372.0,54263,59187,66915,180737,88904,18585,24753,48495,180737,54635.0,1225,19300.0,-5925.0,-15547.0,-2172.0,84447,-0.08683078612610963,1.0833165553216801,0.24563335583265244,0.4672369243707708
1323,VEDL,2021,88021,60703,27318.0,31.0,2743,5210,7638,17213,13.0,15032,31.0,30.0,1255,372.0,61906,57669,63549,183496,90470,16314,16660,60052,183496,62278.0,1226,23980.0,-6678.0,-17565.0,-263.0,88021,0.24136934390956677,0.9259931275891968,0.31035775553561085,0.4796889305488948
1324,VEDL,2022,132732,87908,44824.0,34.0,1832,4797,8895,32964,28.0,23710,51.0,89.0,1256,372.0,65011,53583,74981,193947,93466,15879,17291,67311,193947,65383.0,1227,34963.0,-2243.0,-28903.0,3817.0,132732,0.36263248856736463,0.8195249529694263,0.3377030407136184,0.6843725347646522
1325,VEDL,2023,147308,112877,34431.0,23.0,2625,6225,10555,20276,28.0,14503,28.0,357.0,1257,372.0,39051,80329,69703,189455,95744,19529,13150,61032,189455,39423.0,1228,33065.0,-668.0,-34142.0,-1745.0,147308,0.3678816934276945,2.037617634375872,0.233734759822956,0.7775355625346388
1326,VEDL,2024,143727,108415,35312.0,25.0,5239,9465,10723,20363,63.0,7539,11.0,259.0,1258,372.0,30350,87706,69690,188118,98963,22889,11869,54397,188118,30722.0,1229,35654.0,-13676.0,-26092.0,-4114.0,143727,0.24539418006640193,2.8548271596901245,0.2456880057330912,0.7640257710585909
1326,VEDL,2024,143727,108415,35312.0,25.0,5239,9465,10723,20363,63.0,7539,11.0,259.0,1259,391.0,37097,79808,87879,205175,100699,27719,12823,63934,205175,37488.0,1229,35654.0,-13676.0,-26092.0,-4114.0,143727,0.2011043533930858,2.128894579598805,0.2456880057330912,0.7005093213110759
1328,WIPRO,2013,37430,29773,7657.0,20.0,1440,289,940,7869,21.0,6182,5.0,28.0,1234,492.0,26072,6381,10675,43621,9996,407,6765,26454,43621,26564.0,1230,6394.0,-4536.0,-1140.0,717.0,37430,0.23272097575666315,0.240212317422075,0.20456852791878172,0.858072946516586
1329,WIPRO,2014,43424,33788,9635.0,22.0,1922,383,1060,10114,21.0,7991,6.0,25.0,1235,493.0,31636,5159,12245,49533,10649,369,6146,32368,49533,32129.0,1231,6790.0,-284.0,-3570.0,2936.0,43424,0.24871611316878833,0.16057144635687384,0.2218819086219602,0.876668079865948
1330,WIPRO,2015,46951,36652,10299.0,22.0,2450,350,1175,11224,22.0,8714,7.0,34.0,1236,494.0,36598,7891,13367,58350,10837,395,5532,41586,58350,37092.0,1232,7840.0,-2537.0,-830.0,4474.0,46951,0.23492936482260326,0.2127412919227866,0.21935635023748162,0.8046443873179092
1331,WIPRO,2016,51244,40448,10796.0,21.0,2752,558,1496,11494,22.0,8957,7.0,17.0,1237,494.0,45651,12522,12924,71590,17279,381,20915,33016,71590,46145.0,1233,7887.0,-13761.0,-159.0,-6032.0,51244,0.19410553689457147,0.2713620110521183,0.2106783233159004,0.7157982958513759
1332,WIPRO,2017,55448,44128,11321.0,20.0,2623,594,2310,11039,23.0,8518,7.0,6.0,1238,486.0,51184,14241,12761,78672,19886,738,29913,28135,78672,51670.0,1234,9277.0,-11770.0,-2275.0,-4767.0,55448,0.16485388039481325,0.27561447648538806,0.2041732794690521,0.7047996745983324
1333,WIPRO,2018,54487,44100,10387.0,19.0,2550,583,2112,10242,22.0,8003,7.0,6.0,1239,905.0,47022,13901,13563,75391,18127,1378,25797,30090,75391,47927.0,1235,8423.0,3595.0,-12998.0,-979.0,54487,0.1669831201619129,0.29004527719239676,0.1906326279663039,0.7227255242668224
1334,WIPRO,2019,59019,47406,11613.0,20.0,2614,738,1947,11542,22.0,9018,7.0,7.0,1240,1207.0,55216,9947,16217,82586,17465,2142,22887,40093,82586,56423.0,1236,11632.0,5065.0,-4937.0,11760.0,59019,0.1598284387572444,0.176293355546497,0.196767142784527,0.7146368633908895
1335,WIPRO,2020,61138,48795,12342.0,20.0,2728,733,2086,12252,20.0,9772,9.0,6.0,1241,1143.0,54179,9724,15954,81000,22062,1881,20032,37024,81000,55322.0,1237,10064.0,3593.0,-15100.0,-1442.0,61138,0.17663858862658616,0.17577094103611582,0.20187117668225982,0.7547901234567901
1336,WIPRO,2021,61935,47164,14771.0,24.0,2404,509,2763,13903,22.0,10868,10.0,5.0,1242,1096.0,53805,10451,17213,82566,23040,1853,18775,38898,82566,54901.0,1238,14755.0,685.0,-12884.0,2556.0,61935,0.19795632137848126,0.190360831314548,0.23849196738516187,0.7501271709904803
1337,WIPRO,2022,79312,62628,16684.0,21.0,2067,532,3078,15141,19.0,12243,11.0,27.0,1243,1096.0,64307,17593,24280,107276,37990,1602,26154,41531,107276,65403.0,1239,11080.0,-22321.0,4659.0,-6583.0,79312,0.18719324801614604,0.2689937770438665,0.21035908815816018,0.7393265968156904
1338,WIPRO,2023,90488,73649,16839.0,19.0,2275,1008,3340,14766,23.0,11366,10.0,5.0,1244,1098.0,76570,17467,21789,116924,44757,617,33073,38477,116924,77668.0,1240,13060.0,-8169.0,-6088.0,-1197.0,90488,0.14634083535046608,0.2248931348818046,0.18609097338873662,0.7739044165440799
1339,WIPRO,2024,89760,73008,16752.0,19.0,2631,1255,3407,14721,25.0,11112,11.0,5.0,1245,1045.0,73488,16465,23611,114609,43628,723,33384,36873,114609,74533.0,1241,17622.0,1144.0,-18257.0,509.0,89760,0.14908832329303798,0.2209088591630553,0.18663101604278076,0.7831845666570688
1339,WIPRO,2024,89760,73008,16752.0,19.0,2631,1255,3407,14721,25.0,11112,11.0,5.0,1246,1046.0,80330,19282,24893,125552,43476,846,43970,37260,125552,81376.0,1241,17622.0,1144.0,-18257.0,509.0,89760,0.13655131734172238,0.2369494691309477,0.18663101604278076,0.7149229004715177
1343,ZOMATO,2020,2605,4909,-2305.0,-88.0,16,13,84,-2386,0.0,-2386,-70097.0,0.0,1228,0.0,457,326,2117,2900,1591,1,324,985,2900,457.0,1242,-2144.0,1740.0,359.0,-45.0,2605,-5.2210065645514225,0.7133479212253829,-0.8848368522072937,0.8982758620689655
1344,ZOMATO,2021,1994,2461,-467.0,-23.0,-200,10,138,-815,0.0,-816,-23124.0,0.0,1229,0.0,7644,527,532,8704,1539,0,2205,4959,8704,7644.0,1243,-1018.0,-5245.0,6402.0,139.0,1994,-0.10675039246467818,0.06894296180010466,-0.2342026078234704,0.22909007352941177
1345,ZOMATO,2022,4192,6043,-1851.0,-44.0,793,12,150,-1220,0.0,-1222,-2.0,0.0,1230,764.0,15741,70,751,17327,1404,1,4718,11204,17327,16505.0,1244,-693.0,-7971.0,8750.0,86.0,4192,-0.07403817025143895,0.004241139048773099,-0.44155534351145037,0.24193455300975356
1346,ZOMATO,2023,7079,8290,-1211.0,-17.0,682,49,437,-1015,-4.0,-971,-1.0,0.0,1231,836.0,18624,507,1632,21599,6344,7,6765,8483,21599,19460.0,1245,-844.0,797.0,-127.0,-174.0,7079,-0.04989722507708119,0.02605344295991778,-0.17106936007910722,0.3277466549377286
1347,ZOMATO,2024,12114,12071,43.0,0.0,846,72,526,291,-21.0,351,0.0,0.0,1232,868.0,19545,749,2194,23356,6448,18,11645,5245,23356,20413.0,1246,646.0,-348.0,-207.0,91.0,12114,0.01719492480282173,0.03669230392397002,0.003549612019151395,0.5186675800650796
1347,ZOMATO,2024,12114,12071,43.0,0.0,846,72,526,291,-21.0,351,0.0,0.0,1233,872.0,20446,1159,2728,25205,8390,59,11708,5048,25205,21318.0,1246,646.0,-348.0,-207.0,91.0,12114,0.016464959189417393,0.054367201426024955,0.003549612019151395,0.48061892481650464
1349,ZYDUSLIFE,2013,6358,5228,1130.0,18.0,32,169,185,809,15.0,690,6.0,24.0,1200,102.0,2842,2918,1512,7374,3026,736,114,3498,7374,2944.0,1247,603.0,-682.0,286.0,207.0,6358,0.234375,0.9911684782608695,0.17772884554891474,0.8622186059126661
1350,ZYDUSLIFE,2014,7224,6021,1203.0,17.0,30,90,201,942,11.0,836,8.0,23.0,1201,102.0,3337,2700,1847,7986,3124,892,87,3885,7986,3439.0,1248,903.0,-438.0,-529.0,-64.0,7224,0.2430939226519337,0.7851119511485897,0.1665282392026578,0.9045830202854996
1351,ZYDUSLIFE,2015,8651,6896,1756.0,20.0,45,68,287,1446,18.0,1188,11.0,21.0,1202,102.0,4149,2651,2144,9047,3352,798,154,4743,9047,4251.0,1249,994.0,-465.0,-351.0,178.0,8651,0.2794636556104446,0.6236179722418255,0.2029823141833314,0.9562285840610147
1352,ZYDUSLIFE,2016,9427,7095,2332.0,25.0,112,53,292,2099,8.0,1964,19.0,17.0,1203,102.0,5597,2442,2208,10350,3748,951,416,5235,10350,5699.0,1250,1894.0,-860.0,-935.0,99.0,9427,0.3446218634848219,0.4284962274083173,0.24737456242707118,0.9108212560386474
1353,ZYDUSLIFE,2017,9376,7474,1902.0,20.0,127,45,373,1612,8.0,1517,15.0,22.0,1204,102.0,6858,5207,2937,15104,5755,1543,435,7371,15104,6960.0,1251,1312.0,-2872.0,2316.0,756.0,9376,0.21795977011494252,0.7481321839080459,0.20285836177474403,0.6207627118644068
1354,ZYDUSLIFE,2018,11905,9074,2831.0,24.0,111,91,539,2312,24.0,1810,17.0,20.0,1205,102.0,8642,5407,3632,17783,6483,1527,746,9028,17783,8744.0,1252,919.0,-974.0,52.0,-3.0,11905,0.20699908508691675,0.6183668801463861,0.2377992440151197,0.6694595962436034
1355,ZYDUSLIFE,2019,13166,10174,2991.0,23.0,183,194,599,2382,22.0,1899,18.0,19.0,1206,102.0,10284,7899,4945,23231,12164,837,674,9556,23231,10386.0,1253,1282.0,-3977.0,1885.0,-811.0,13166,0.18284228769497402,0.7605430387059503,0.22717605954731884,0.5667427144763463
1356,ZYDUSLIFE,2020,14253,11455,2798.0,20.0,-264,342,696,1495,21.0,1204,11.0,30.0,1207,102.0,10273,7986,5115,23477,12230,742,765,9740,23477,10375.0,1254,2932.0,-1004.0,-1528.0,399.0,14253,0.11604819277108434,0.7697349397590362,0.19630954886690521,0.6071048259999148
1357,ZYDUSLIFE,2021,14404,11013,3391.0,24.0,-231,159,670,2331,8.0,2185,21.0,17.0,1208,102.0,12890,4608,6165,23765,12133,783,830,10019,23765,12992.0,1255,3294.0,-837.0,-2548.0,-90.0,14404,0.16818041871921183,0.35467980295566504,0.23542071646764787,0.6061014096360193
1358,ZYDUSLIFE,2022,15110,11768,3342.0,22.0,2581,127,713,5084,10.0,4618,44.0,6.0,1209,102.0,16897,4221,6421,27642,12188,726,3288,11439,27642,16999.0,1256,2104.0,-1018.0,-868.0,219.0,15110,0.27166303900229427,0.24830872404259074,0.22117802779616147,0.5466319369076044
1359,ZYDUSLIFE,2023,17237,13378,3860.0,22.0,-422,130,723,2585,23.0,2092,19.0,31.0,1210,101.0,17415,1195,6851,25562,11521,1201,1547,11294,25562,17516.0,1257,2689.0,1542.0,-4400.0,-170.0,17237,0.11943366065311715,0.06822333866179493,0.22393687996751174,0.6743212581175182
1360,ZYDUSLIFE,2024,19547,14163,5384.0,28.0,293,81,764,4832,20.0,3973,38.0,8.0,1211,101.0,19729,804,8201,28834,12368,2423,1220,12822,28834,19830.0,1258,3228.0,-1492.0,-1810.0,-75.0,19547,0.20035300050428642,0.0405446293494705,0.27543868624341333,0.6779149615037803
1360,ZYDUSLIFE,2024,19547,14163,5384.0,28.0,293,81,764,4832,20.0,3973,38.0,8.0,1212,101.0,21724,190,9431,31446,14304,1051,2596,13495,31446,21825.0,1258,3228.0,-1492.0,-1810.0,-75.0,19547,0.1820389461626575,0.00870561282932417,0.27543868624341333,0.6216052916110157
1362,INDIGO,2013,9203,73,8348.0,855.0,9,296,86,993,21.0,787,25647.0,70.0,757,0.4,4,11,11,26,5,0,0,21,26,4.4,633,1741.0,-1890.0,36.0,-113.0,9203,178.86363636363635,2.5,0.907095512332935,353.96153846153845
1363,INDIGO,2014,11117,123,10684.0,433.0,4,391,226,475,0.0,474,15454.0,80.0,758,0.4,4,14,16,35,10,0,0,25,35,4.4,634,1595.0,-2914.0,1285.0,-34.0,11117,107.72727272727272,3.1818181818181817,0.9610506431591257,317.62857142857143
1364,INDIGO,2015,13925,150,12022.0,1904.0,14,395,302,1847,29.0,1304,42481.0,83.0,759,0.4,26,4,30,61,12,1,1,46,61,26.4,635,2384.0,-940.0,-1308.0,136.0,13925,49.3939393939394,0.15151515151515152,0.8633393177737881,228.27868852459017
1365,INDIGO,2016,16140,350,12976.0,3164.0,20,515,505,2824,30.0,1986,55.0,27.0,760,0.4,129,8,58,196,13,0,124,58,196,129.4,636,3116.0,-1337.0,-1220.0,559.0,16140,15.34775888717156,0.061823802163833076,0.8039653035935563,82.34693877551021
1366,INDIGO,2017,18580,406,16362.0,2219.0,12,789,457,2144,23.0,1659,46.0,74.0,761,29.0,69,52,97,246,91,2,16,137,246,98.0,637,3782.0,-3033.0,-1401.0,-652.0,18580,16.928571428571427,0.5306122448979592,0.8806243272335845,75.52845528455285
1367,INDIGO,2018,23021,413,19991.0,3030.0,13,947,437,3127,28.0,2242,58.0,10.0,762,29.0,71,54,125,279,95,2,15,167,279,100.0,638,3903.0,-4152.0,766.0,518.0,23021,22.42,0.54,0.868381043395161,82.51254480286738
1368,INDIGO,2019,28497,563,28648.0,-151.0,-1,1325,760,-149,-99.0,156,4.0,123.0,763,29.0,100,88,156,373,149,4,20,201,373,129.0,639,3160.0,-2526.0,-592.0,42.0,28497,1.2093023255813953,0.6821705426356589,1.0052988033828123,76.39946380697052
1369,INDIGO,2020,35756,1902,31687.0,4069.0,11,1531,3974,-275,-10.0,-248,-6.0,0.0,764,29.0,150,75,169,422,201,1,21,199,422,179.0,640,6943.0,-4573.0,-2407.0,-37.0,35756,-1.3854748603351956,0.41899441340782123,0.8862009173285602,84.72985781990522
1370,INDIGO,2021,14641,2170,14638.0,2.0,0,1036,4699,-5830,0.0,-6171,-151.0,0.0,765,48.0,516,9,239,811,249,3,50,509,811,564.0,641,-1620.0,3228.0,-1775.0,-168.0,14641,-10.941489361702128,0.015957446808510637,0.9997950959633904,18.053020961775587
1371,INDIGO,2022,25931,2386,25373.0,558.0,2,725,5068,-6171,0.0,-317,-160.0,0.0,766,48.0,602,12,258,920,253,51,173,442,920,650.0,642,2064.0,1527.0,-3088.0,503.0,25931,-0.4876923076923077,0.018461538461538463,0.9784813543635031,28.18586956521739
1372,INDIGO,2023,54446,3168,47926.0,6521.0,12,1431,5101,-317,0.0,-317,-8.0,0.0,767,48.0,729,12,274,1062,265,251,132,414,1062,777.0,643,12703.0,-4039.0,-8432.0,232.0,54446,-0.40797940797940796,0.015444015444015444,0.8802483194357712,51.26741996233522
1373,INDIGO,2024,68904,4805,52573.0,16331.0,24,2326,6406,8043,-2.0,8167,212.0,0.0,768,48.0,867,17,290,1222,548,15,188,471,1222,915.0,644,21183.0,-11759.0,-9979.0,-555.0,68904,8.92568306010929,0.018579234972677595,0.7629890862649483,56.38625204582652
1373,INDIGO,2024,68904,4805,52573.0,16331.0,24,2326,6406,8043,-2.0,8167,212.0,0.0,769,48.0,905,20,266,1239,570,64,178,427,1239,953.0,644,21183.0,-11759.0,-9979.0,-555.0,68904,8.569779643231898,0.02098635886673662,0.7629890862649483,55.61259079903148
