company_id,year,sales,expenses,operating_profit,opm_percentage,other_income,interest,depreciation,profit_before_tax,tax_percentage,net_profit,eps,dividend_payout,equity_capital,reserves,borrowings,other_liabilities,total_liabilities,fixed_assets,cwip,investments,other_asset,total_assets,operating_activity,investing_activity,financing_activity,net_cash_flow,revenue,total_equity,roe,debt_to_equity,operating_profit_margin,asset_turnover
ABB,Dec 2012,1653,1451,202.0,12.0,33,0,19,215,33.0,145,68.0,25.0,21.0,626.0,0.0,260.0,907.0,109.0,1.0,0.0,798.0,907.0,101.0,-59.0,-42.0,1.0,1653,647.0,0.2241112828438949,0.0,0.12220205686630368,1.822491730981257
ABB,Mar 2014,2276,2009,267.0,12.0,49,0,22,295,33.0,198,93.0,25.0,21.0,767.0,0.0,351.0,1139.0,98.0,1.0,0.0,1040.0,1139.0,155.0,-144.0,-42.0,-31.0,2276,788.0,0.2512690355329949,0.0,0.11731107205623902,1.9982440737489024
ABB,Mar 2014,2276,2009,267.0,12.0,49,0,22,295,33.0,198,93.0,25.0,21.0,767.0,0.0,351.0,1139.0,98.0,1.0,0.0,1040.0,1139.0,0.0,0.0,0.0,0.0,2276,788.0,0.2512690355329949,0.0,0.11731107205623902,1.9982440737489024
ABB,Mar 2015,2289,1977,312.0,14.0,48,0,15,344,34.0,229,108.0,29.0,21.0,916.0,0.0,436.0,1374.0,96.0,4.0,0.0,1274.0,1374.0,215.0,-187.0,-58.0,-30.0,2289,937.0,0.24439701173959444,0.0,0.1363040629095675,1.665938864628821
ABB,Mar 2015,2289,1977,312.0,14.0,48,0,15,344,34.0,229,108.0,29.0,21.0,916.0,0.0,436.0,1374.0,96.0,4.0,0.0,1274.0,1374.0,-35.0,-1864.0,1902.0,3.0,2289,937.0,0.24439701173959444,0.0,0.1363040629095675,1.665938864628821
ABB,Mar 2016,2614,2250,365.0,14.0,50,3,14,398,36.0,255,120.0,29.0,21.0,1174.0,0.0,421.0,1616.0,108.0,3.0,0.0,1505.0,1616.0,249.0,-77.0,-80.0,91.0,2614,1195.0,0.21338912133891214,0.0,0.1396327467482785,1.6175742574257426
ABB,Mar 2016,2614,2250,365.0,14.0,50,3,14,398,36.0,255,120.0,29.0,21.0,1174.0,0.0,421.0,1616.0,108.0,3.0,0.0,1505.0,1616.0,1544.0,-816.0,-722.0,6.0,2614,1195.0,0.21338912133891214,0.0,0.1396327467482785,1.6175742574257426
ABB,Mar 2017,2903,2505,398.0,14.0,57,2,16,436,37.0,277,130.0,31.0,21.0,1366.0,0.0,679.0,2066.0,110.0,6.0,0.0,1950.0,2066.0,307.0,-155.0,-90.0,62.0,2903,1387.0,0.19971160778658975,0.0,0.13709955218739237,1.40513068731849
ABB,Mar 2017,2903,2505,398.0,14.0,57,2,16,436,37.0,277,130.0,31.0,21.0,1366.0,0.0,679.0,2066.0,110.0,6.0,0.0,1950.0,2066.0,2189.0,-1730.0,-455.0,4.0,2903,1387.0,0.19971160778658975,0.0,0.13709955218739237,1.40513068731849
ABB,Mar 2018,3298,2774,525.0,16.0,117,4,16,621,35.0,401,189.0,29.0,21.0,1672.0,0.0,723.0,2416.0,81.0,2.0,0.0,2333.0,2416.0,153.0,-215.0,-102.0,-165.0,3298,1693.0,0.2368576491435322,0.0,0.15918738629472406,1.365066225165563
ABB,Mar 2018,3298,2774,525.0,16.0,117,4,16,621,35.0,401,189.0,29.0,21.0,1672.0,0.0,723.0,2416.0,81.0,2.0,0.0,2333.0,2416.0,2198.0,-3192.0,1589.0,596.0,3298,1693.0,0.2368576491435322,0.0,0.15918738629472406,1.365066225165563
ABB,Mar 2019,3679,3074,605.0,16.0,113,2,17,699,36.0,450,212.0,31.0,21.0,1987.0,0.0,932.0,2941.0,105.0,1.0,0.0,2835.0,2941.0,499.0,-257.0,-143.0,99.0,3679,2008.0,0.2241035856573705,0.0,0.16444686055993477,1.2509350561033663
ABB,Mar 2019,3679,3074,605.0,16.0,113,2,17,699,36.0,450,212.0,31.0,21.0,1987.0,0.0,932.0,2941.0,105.0,1.0,0.0,2835.0,2941.0,2591.0,-3050.0,38.0,-421.0,3679,2008.0,0.2241035856573705,0.0,0.16444686055993477,1.2509350561033663
ABB,Mar 2020,4093,3336,757.0,18.0,114,9,60,803,26.0,593,279.0,90.0,21.0,2410.0,175.0,940.0,3547.0,270.0,2.0,0.0,3275.0,3547.0,626.0,-401.0,-217.0,8.0,4093,2431.0,0.2439325380501851,0.07198683669271905,0.1849499144881505,1.153932901043135
ABB,Mar 2020,4093,3336,757.0,18.0,114,9,60,803,26.0,593,279.0,90.0,21.0,2410.0,175.0,940.0,3547.0,270.0,2.0,0.0,3275.0,3547.0,5437.0,-5643.0,1250.0,1045.0,4093,2431.0,0.2439325380501851,0.07198683669271905,0.1849499144881505,1.153932901043135
ABB,Mar 2021,4310,3388,922.0,21.0,81,18,58,926,25.0,691,325.0,85.0,21.0,2581.0,153.0,1086.0,3840.0,251.0,1.0,0.0,3589.0,3840.0,727.0,-72.0,-582.0,73.0,4310,2602.0,0.265564950038432,0.058800922367409685,0.21392111368909514,1.1223958333333333
ABB,Mar 2021,4310,3388,922.0,21.0,81,18,58,926,25.0,691,325.0,85.0,21.0,2581.0,153.0,1086.0,3840.0,251.0,1.0,0.0,3589.0,3840.0,3784.0,-4009.0,-745.0,-969.0,4310,2602.0,0.265564950038432,0.058800922367409685,0.21392111368909514,1.1223958333333333
ABB,Mar 2022,4913,3832,1082.0,22.0,83,19,66,1080,26.0,799,376.0,73.0,21.0,2799.0,152.0,1253.0,4224.0,271.0,1.0,0.0,3952.0,4224.0,948.0,-396.0,-637.0,-86.0,4913,2820.0,0.2833333333333333,0.05390070921985816,0.22023203745165887,1.1631155303030303
ABB,Mar 2022,4913,3832,1082.0,22.0,83,19,66,1080,26.0,799,376.0,73.0,21.0,2799.0,152.0,1253.0,4224.0,271.0,1.0,0.0,3952.0,4224.0,4097.0,-3936.0,-235.0,-75.0,4913,2820.0,0.2833333333333333,0.05390070921985816,0.22023203745165887,1.1631155303030303
ABB,Mar 2023,5349,4143,1206.0,23.0,154,16,70,1274,25.0,949,447.0,73.0,21.0,3167.0,113.0,1254.0,4556.0,237.0,4.0,0.0,4315.0,4556.0,893.0,-148.0,-639.0,107.0,5349,3188.0,0.2976787954830615,0.03544542032622334,0.22546270330902973,1.1740561896400352
ABB,Mar 2023,5349,4143,1206.0,23.0,154,16,70,1274,25.0,949,447.0,73.0,21.0,3167.0,113.0,1254.0,4556.0,237.0,4.0,0.0,4315.0,4556.0,3777.0,-4699.0,923.0,2.0,5349,3188.0,0.2976787954830615,0.03544542032622334,0.22546270330902973,1.1740561896400352
ABB,Mar 2024,5849,4396,1453.0,25.0,248,12,71,1618,26.0,1201,565.0,73.0,21.0,3678.0,83.0,1411.0,5193.0,225.0,10.0,0.0,4958.0,5193.0,1213.0,-416.0,-745.0,52.0,5849,3699.0,0.3246823465801568,0.022438496891051634,0.24841853308257822,1.1263238975544
ABB,Mar 2024,5849,4396,1453.0,25.0,248,12,71,1618,26.0,1201,565.0,73.0,21.0,3678.0,83.0,1411.0,5193.0,225.0,10.0,0.0,4958.0,5193.0,6038.0,-4943.0,-543.0,551.0,5849,3699.0,0.3246823465801568,0.022438496891051634,0.24841853308257822,1.1263238975544
ABB,TTM,6066,4519,1547.0,26.0,265,11,72,1728,0.0,1285,605.0,0.0,0.0,0.0,0.0,0.0,0.0,0.0,0.0,0.0,0.0,0.0,0.0,0.0,0.0,0.0,6066,0.0,0.0,0.0,0.25502802505769867,0.0
ADANIENSOL,Mar 2014,0,0,0.0,0.0,0,0,0,0,0.0,0,0.0,0.0,0.1,0.0,0.0,0.0,0.0,0.0,0.0,0.0,0.0,0.0,0.0,0.0,0.0,0.0,0,0.1,0.0,0.0,0.0,0.0
ADANIENSOL,Mar 2015,131,29,101.0,78.0,3,73,37,-5,34.0,-7,0.0,0.0,1090.0,-7.0,9701.0,708.0,11492.0,10573.0,10.0,0.0,909.0,11492.0,-35.0,-1864.0,1902.0,3.0,131,1083.0,-0.006463527239150508,8.95752539242844,0.7709923664122137,0.011399234249912982
ADANIENSOL,Mar 2016,2194,267,1927.0,88.0,70,957,560,480,23.0,368,3.0,0.0,1100.0,1572.0,8585.0,489.0,11746.0,10060.0,258.0,20.0,1407.0,11746.0,1544.0,-816.0,-722.0,6.0,2194,2672.0,0.1377245508982036,3.2129491017964074,0.8783044667274384,0.18678699131619275
ADANIENSOL,Mar 2017,2876,893,1983.0,69.0,22,904,569,532,22.0,416,4.0,0.0,1100.0,1847.0,8975.0,890.0,12811.0,9853.0,1343.0,105.0,1510.0,12811.0,2189.0,-1730.0,-455.0,4.0,2876,2947.0,0.14116050220563284,3.045469969460468,0.6894993045897079,0.22449457497463118
ADANIENSOL,Mar 2018,3944,1118,2826.0,72.0,111,886,579,1472,22.0,1143,10.0,0.0,1100.0,4957.0,10428.0,781.0,17265.0,9291.0,2353.0,0.0,5621.0,17265.0,2198.0,-3192.0,1589.0,596.0,3944,6057.0,0.1887072808320951,1.7216443784051512,0.7165314401622718,0.22843903851723138
ADANIENSOL,Mar 2019,7305,4528,2778.0,38.0,336,1391,882,840,33.0,559,5.0,0.0,1100.0,6943.0,20137.0,4379.0,32558.0,24412.0,694.0,336.0,7117.0,32558.0,2591.0,-3050.0,38.0,-421.0,7305,8043.0,0.06950142981474575,2.50366778565212,0.38028747433264887,0.2243688187235088
ADANIENSOL,Mar 2020,11416,7158,4258.0,37.0,261,2238,1174,1107,36.0,706,7.0,0.0,1100.0,7399.0,24246.0,6966.0,39711.0,24924.0,2212.0,313.0,12262.0,39711.0,5437.0,-5643.0,1250.0,1045.0,11416,8499.0,0.0830685963054477,2.8528062124955875,0.3729852838121934,0.2874770214801944
ADANIENSOL,Mar 2021,9926,5976,3950.0,40.0,1115,2117,1329,1620,20.0,1290,11.0,0.0,1100.0,7819.0,27095.0,7219.0,43234.0,26987.0,5255.0,442.0,10550.0,43234.0,3784.0,-4009.0,-745.0,-969.0,9926,8919.0,0.1446350487722839,3.0378966251821953,0.3979447914567802,0.22958782439746495
ADANIENSOL,Mar 2022,11258,7051,4206.0,37.0,1286,2365,1427,1700,27.0,1236,11.0,0.0,1100.0,8813.0,29902.0,7650.0,47464.0,30272.0,5060.0,561.0,11572.0,47464.0,4097.0,-3936.0,-235.0,-75.0,11258,9913.0,0.12468475738928679,3.016443054574801,0.373600994848108,0.23719029158941513
ADANIENSOL,Mar 2023,13293,8775,4518.0,34.0,1583,2781,1608,1712,25.0,1281,11.0,0.0,1115.0,10634.0,34270.0,7913.0,53932.0,32645.0,6200.0,1370.0,13716.0,53932.0,3777.0,-4699.0,923.0,2.0,13293,11749.0,0.1090305557919823,2.916843986722274,0.33987813134732564,0.24647704516798932
ADANIENSOL,Mar 2024,16607,10896,5711.0,30.0,611,2767,1776,1780,33.0,1196,10.0,0.0,1115.0,11526.0,37070.0,8827.0,58538.0,38920.0,3003.0,766.0,15849.0,58538.0,6038.0,-4943.0,-543.0,551.0,16607,12641.0,0.09461276797721699,2.93252116130053,0.3438911302462817,0.2836960606785336
ADANIENSOL,TTM,22099,15507,6592.0,0.0,-844,3183,1912,653,0.0,589,6.0,0.0,0.0,0.0,0.0,0.0,0.0,0.0,0.0,0.0,0.0,0.0,0.0,0.0,0.0,0.0,22099,0.0,0.0,0.0,0.2982940404543192,0.0
ADANIENT,Mar 2013,46375,40354,6021.0,13.0,1775,3492,2298,2005,39.0,1218,15.0,10.0,110.0,21286.0,69332.0,21143.0,111871.0,48770.0,29248.0,323.0,33529.0,111871.0,7666.0,-14790.0,7199.0,75.0,46375,21396.0,0.056926528323051034,3.240418769863526,0.12983288409703503,0.41453996120531683
ADANIENT,Mar 2014,54947,45564,9383.0,17.0,1157,5703,3223,1614,-64.0,2646,20.0,7.0,110.0,23647.0,71980.0,22365.0,118102.0,70579.0,13574.0,288.0,33661.0,118102.0,8228.0,-8007.0,-1109.0,-888.0,54947,23757.0,0.111377699204445,3.0298438355011155,0.1707645549347553,0.4652503767929417
ADANIENT,Mar 2015,64465,52015,12450.0,19.0,792,7056,3522,2663,14.0,2298,18.0,8.0,110.0,25618.0,83571.0,21420.0,130718.0,83834.0,6733.0,744.0,39407.0,130718.0,8532.0,-11465.0,3445.0,512.0,64465,25728.0,0.08931902985074627,3.248250932835821,0.19312805398278135,0.4931608500742055
ADANIENT,Mar 2016,34008,32325,1684.0,5.0,1044,1357,314,1056,7.0,1000,9.0,4.0,110.0,13268.0,19169.0,9132.0,41679.0,10473.0,7705.0,805.0,22696.0,41679.0,5112.0,-1825.0,-3448.0,-161.0,34008,13378.0,0.07474958887726117,1.4328748691882194,0.04951776052693484,0.8159504786583172
ADANIENT,Mar 2017,36533,34631,1902.0,5.0,749,1257,315,1079,25.0,925,9.0,4.0,110.0,14026.0,20846.0,12630.0,47611.0,13668.0,7731.0,1042.0,25170.0,47611.0,774.0,-1460.0,716.0,30.0,36533,14136.0,0.06543576683644596,1.4746745897000566,0.05206251881860236,0.7673226775325029
ADANIENT,Mar 2018,35924,33886,2038.0,6.0,363,1250,664,487,23.0,594,7.0,6.0,110.0,14979.0,17637.0,23679.0,56405.0,10555.0,5526.0,1461.0,38864.0,56405.0,2942.0,-7649.0,5120.0,413.0,35924,15089.0,0.03936642587315263,1.1688647359003248,0.05673087629439929,0.6368938923854268
ADANIENT,Mar 2019,40379,38409,1969.0,5.0,504,1625,390,459,32.0,506,7.0,6.0,110.0,14646.0,11243.0,16537.0,42536.0,9020.0,5765.0,1511.0,26240.0,42536.0,3236.0,2487.0,-6158.0,-436.0,40379,14756.0,0.034291135809162376,0.7619273515857956,0.04876297085118502,0.9492900131653188
ADANIENT,Mar 2020,43403,41108,2294.0,5.0,872,1572,472,1122,29.0,1040,10.0,10.0,110.0,16837.0,12419.0,17509.0,46875.0,10476.0,7347.0,1952.0,27099.0,46875.0,2454.0,-1082.0,-221.0,1151.0,43403,16947.0,0.061367793709801145,0.7328140673865581,0.052853489390134324,0.9259306666666667
ADANIENT,Mar 2021,39537,37031,2506.0,6.0,494,1377,537,1086,31.0,1046,8.0,12.0,110.0,17049.0,16227.0,18231.0,51617.0,10838.0,8825.0,5503.0,26451.0,51617.0,4043.0,-8611.0,3109.0,-1459.0,39537,17159.0,0.060959263360335685,0.9456844804475786,0.06338366593317651,0.7659685762442606
ADANIENT,Mar 2022,69420,65707,3714.0,5.0,1012,2526,1248,952,50.0,788,7.0,14.0,110.0,22147.0,41604.0,37726.0,101586.0,30123.0,23544.0,4292.0,43627.0,101586.0,1385.0,-17041.0,15901.0,246.0,69420,22257.0,0.035404591813811385,1.8692546165251382,0.05350043215211755,0.6833618805740949
ADANIENT,Mar 2023,127540,118722,8818.0,7.0,834,3969,2436,3247,32.0,2422,22.0,6.0,114.0,32937.0,53200.0,55027.0,141278.0,56881.0,24025.0,6310.0,54062.0,141278.0,17626.0,-15459.0,-1198.0,970.0,127540,33051.0,0.07328068742246831,1.6096335965628876,0.06913909361768857,0.9027590990812441
ADANIENT,Mar 2024,96421,85044,11377.0,12.0,1146,4555,3042,4926,33.0,3335,28.0,5.0,114.0,38962.0,65310.0,56200.0,160586.0,65978.0,35180.0,8701.0,50728.0,160586.0,10312.0,-18767.0,8879.0,424.0,96421,39076.0,0.08534650424813185,1.671358378544375,0.11799296833677311,0.6004321671876751
ADANIENT,TTM,102311,88418,13893.0,14.0,1489,4150,3541,7691,0.0,6086,49.0,0.0,0.0,0.0,0.0,0.0,0.0,0.0,0.0,0.0,0.0,0.0,0.0,0.0,0.0,0.0,102311,0.0,0.0,0.0,0.13579185033867325,0.0
ADANIGREEN,Mar 2017,502,98,403.0,80.0,80,334,333,-184,-75.0,-47,0.0,0.0,1274.0,-71.0,4347.0,610.0,6160.0,4341.0,267.0,26.0,1525.0,6160.0,28.0,-1511.0,1559.0,76.0,502,1203.0,-0.03906899418121363,3.6134663341645887,0.8027888446215139,0.08149350649350649
ADANIGREEN,Mar 2018,1480,637,843.0,57.0,42,552,543,-210,-35.0,-138,-1.0,0.0,1564.0,-223.0,9864.0,4503.0,15709.0,9120.0,1725.0,87.0,4777.0,15709.0,649.0,-4428.0,3942.0,162.0,1480,1341.0,-0.1029082774049217,7.355704697986577,0.5695945945945946,0.09421350818002419
ADANIGREEN,Mar 2019,2058,532,1526.0,74.0,73,1121,1062,-585,-19.0,-475,-3.0,0.0,1564.0,369.0,11142.0,1582.0,14658.0,10388.0,743.0,77.0,3449.0,14658.0,1625.0,-2666.0,1045.0,3.0,2058,1933.0,-0.24573202276254527,5.764097258147957,0.7414965986394558,0.14040114613180515
ADANIGREEN,Mar 2020,2549,1098,1450.0,57.0,-111,995,394,-50,23.0,-68,0.0,0.0,1564.0,793.0,14866.0,1201.0,18424.0,12554.0,1208.0,476.0,4186.0,18424.0,1965.0,-3743.0,2161.0,383.0,2549,2357.0,-0.028850233347475603,6.307170131523122,0.5688505296194586,0.13835214937038645
ADANIGREEN,Mar 2021,3124,883,2241.0,72.0,391,1953,486,193,6.0,182,1.0,0.0,1564.0,636.0,24209.0,2283.0,28692.0,16429.0,4452.0,502.0,7309.0,28692.0,1601.0,-9137.0,7083.0,-453.0,3124,2200.0,0.08272727272727273,11.004090909090909,0.7173495518565941,0.10888052418792694
ADANIGREEN,Mar 2022,5133,1621,3512.0,68.0,507,2617,849,553,12.0,489,3.0,0.0,1564.0,1050.0,52832.0,3508.0,58954.0,28452.0,19999.0,574.0,10029.0,58954.0,3127.0,-18730.0,15986.0,383.0,5133,2614.0,0.18706962509563888,20.211170619739864,0.6842002727449834,0.08706788343454218
ADANIGREEN,Mar 2023,7776,2806,4970.0,64.0,667,2911,1300,1426,32.0,973,6.0,0.0,1584.0,5720.0,54223.0,5382.0,66909.0,48336.0,5291.0,1149.0,12133.0,66909.0,7265.0,-3857.0,-2973.0,435.0,7776,7304.0,0.1332146768893757,7.423740416210296,0.6391460905349794,0.11621754920862665
ADANIGREEN,Mar 2024,9220,1902,7318.0,79.0,1262,5006,1903,1671,25.0,1260,7.0,0.0,1584.0,8250.0,64858.0,13394.0,88086.0,62284.0,6427.0,1515.0,17860.0,88086.0,7713.0,-21060.0,13953.0,606.0,9220,9834.0,0.12812690665039658,6.595281675818589,0.793709327548807,0.10467043571055559
ADANIGREEN,TTM,10782,2682,8100.0,75.0,891,4959,2323,1709,0.0,1928,9.0,0.0,0.0,0.0,0.0,0.0,0.0,0.0,0.0,0.0,0.0,0.0,0.0,0.0,0.0,0.0,10782,0.0,0.0,0.0,0.7512520868113522,0.0
ADANIPORTS,Mar 2013,3577,1195,2382.0,67.0,344,542,422,1762,7.0,1639,8.0,12.0,401.0,5993.0,11620.0,3022.0,21035.0,11382.0,2951.0,222.0,6480.0,21035.0,1379.0,-5136.0,4138.0,381.0,3577,6394.0,0.25633406318423524,1.817328745699093,0.6659211629857422,0.17004991680532447
ADANIPORTS,Mar 2014,4830,1910,2919.0,60.0,685,977,649,1978,12.0,1741,8.0,12.0,414.0,8351.0,12979.0,2933.0,24677.0,13163.0,2025.0,63.0,9426.0,24677.0,1132.0,-2510.0,772.0,-606.0,4830,8765.0,0.1986309184255562,1.4807758128921849,0.6043478260869565,0.19572881630668235
ADANIPORTS,Mar 2015,6152,2250,3902.0,63.0,686,1175,912,2501,7.0,2324,11.0,10.0,414.0,10351.0,17776.0,3541.0,32082.0,20527.0,1276.0,260.0,10020.0,32082.0,3057.0,-2485.0,-237.0,335.0,6152,10765.0,0.2158848118903855,1.651277287505806,0.6342652795838751,0.19175861853999127
ADANIPORTS,Mar 2016,7109,2532,4577.0,64.0,730,1124,1063,3119,9.0,2856,14.0,8.0,414.0,13091.0,22342.0,2538.0,38385.0,20883.0,1967.0,545.0,14990.0,38385.0,2381.0,-4153.0,2170.0,398.0,7109,13505.0,0.21147723065531285,1.6543502406516104,0.6438317625545084,0.18520255308063047
ADANIPORTS,Mar 2017,8439,3021,5418.0,64.0,1037,1116,1160,4179,7.0,3902,19.0,7.0,414.0,17112.0,22214.0,3629.0,43369.0,21054.0,4514.0,1161.0,16641.0,43369.0,4063.0,-2629.0,-1325.0,109.0,8439,17526.0,0.22264064817984708,1.2674883030925481,0.6420191965872734,0.19458599460444095
ADANIPORTS,Mar 2018,11323,4166,7157.0,63.0,844,1579,1188,5234,30.0,3690,18.0,11.0,414.0,20489.0,22370.0,3960.0,47233.0,22670.0,4545.0,1079.0,18938.0,47233.0,5608.0,-3846.0,-1889.0,-127.0,11323,20903.0,0.17652968473424868,1.0701813136870306,0.6320763048662016,0.23972646243092752
ADANIPORTS,Mar 2019,10925,4330,6596.0,60.0,1289,1385,1373,5126,21.0,4045,19.0,1.0,414.0,23958.0,27712.0,4228.0,56311.0,28121.0,4483.0,782.0,22924.0,56311.0,6029.0,-4368.0,2313.0,3975.0,10925,24372.0,0.16596914492040046,1.1370425077958313,0.6037528604118994,0.19401182717408677
ADANIPORTS,Mar 2020,11873,5926,5947.0,50.0,1928,1951,1680,4244,11.0,3785,19.0,17.0,406.0,25051.0,30242.0,6217.0,61917.0,32715.0,3216.0,1178.0,24808.0,61917.0,7402.0,-749.0,-4256.0,2397.0,11873,25457.0,0.14868209136976077,1.1879640177554307,0.5008843594710688,0.1917567065587803
ADANIPORTS,Mar 2021,12550,3862,8688.0,69.0,1967,2255,2107,6292,20.0,5049,25.0,20.0,406.0,30035.0,35855.0,8285.0,74582.0,48291.0,3697.0,2236.0,20358.0,74582.0,7556.0,-14064.0,3514.0,-2994.0,12550,30441.0,0.16586183108307875,1.1778522387569397,0.6922709163346613,0.16827116462417205
ADANIPORTS,Mar 2022,17119,7591,9528.0,56.0,1832,2544,3099,5717,13.0,4953,23.0,22.0,422.0,41399.0,47935.0,8572.0,98328.0,62553.0,4023.0,3161.0,28591.0,98328.0,10420.0,-5493.0,-586.0,4341.0,17119,41821.0,0.11843332297171277,1.1461944955883407,0.5565745662713943,0.1741009681881051
ADANIPORTS,Mar 2023,20852,9905,10947.0,52.0,327,2363,3425,5487,2.0,5391,25.0,20.0,432.0,44957.0,53434.0,13740.0,112563.0,72224.0,6637.0,7432.0,26271.0,112563.0,11900.0,-16716.0,-2734.0,-7550.0,20852,45389.0,0.118773271056864,1.1772455881380952,0.5249856128908498,0.18524737258246493
ADANIPORTS,Mar 2024,26711,11121,15589.0,58.0,671,2733,3888,9639,16.0,8104,38.0,16.0,432.0,52346.0,49470.0,14751.0,116999.0,75148.0,10936.0,4289.0,26627.0,116999.0,15018.0,-6768.0,-7800.0,450.0,26711,52778.0,0.153548827162833,0.9373223691689719,0.5836172363445772,0.22830109659056916
ADANIPORTS,TTM,28443,11278,17165.0,60.0,1039,2591,4053,11560,0.0,9743,45.0,0.0,0.0,0.0,0.0,0.0,0.0,0.0,0.0,0.0,0.0,0.0,0.0,0.0,0.0,0.0,28443,0.0,0.0,0.0,0.6034876771086032,0.0
ADANIPORTS,Mar 2013,3577,1195,2382.0,67.0,344,542,422,1762,7.0,1639,8.0,12.0,401.0,5993.0,11620.0,3022.0,21035.0,11382.0,2951.0,222.0,6480.0,21035.0,1379.0,-5136.0,4138.0,381.0,3577,6394.0,0.25633406318423524,1.817328745699093,0.6659211629857422,0.17004991680532447
ADANIPORTS,Mar 2014,4830,1910,2919.0,60.0,685,977,649,1978,12.0,1741,8.0,12.0,414.0,8351.0,12979.0,2933.0,24677.0,13163.0,2025.0,63.0,9426.0,24677.0,1132.0,-2510.0,772.0,-606.0,4830,8765.0,0.1986309184255562,1.4807758128921849,0.6043478260869565,0.19572881630668235
ADANIPORTS,Mar 2015,6152,2250,3902.0,63.0,686,1175,912,2501,7.0,2324,11.0,10.0,414.0,10351.0,17776.0,3541.0,32082.0,20527.0,1276.0,260.0,10020.0,32082.0,3057.0,-2485.0,-237.0,335.0,6152,10765.0,0.2158848118903855,1.651277287505806,0.6342652795838751,0.19175861853999127
ADANIPORTS,Mar 2016,7109,2532,4577.0,64.0,730,1124,1063,3119,9.0,2856,14.0,8.0,414.0,13091.0,22342.0,2538.0,38385.0,20883.0,1967.0,545.0,14990.0,38385.0,2381.0,-4153.0,2170.0,398.0,7109,13505.0,0.21147723065531285,1.6543502406516104,0.6438317625545084,0.18520255308063047
ADANIPORTS,Mar 2017,8439,3021,5418.0,64.0,1037,1116,1160,4179,7.0,3902,19.0,7.0,414.0,17112.0,22214.0,3629.0,43369.0,21054.0,4514.0,1161.0,16641.0,43369.0,4063.0,-2629.0,-1325.0,109.0,8439,17526.0,0.22264064817984708,1.2674883030925481,0.6420191965872734,0.19458599460444095
ADANIPORTS,Mar 2018,11323,4166,7157.0,63.0,844,1579,1188,5234,30.0,3690,18.0,11.0,414.0,20489.0,22370.0,3960.0,47233.0,22670.0,4545.0,1079.0,18938.0,47233.0,5608.0,-3846.0,-1889.0,-127.0,11323,20903.0,0.17652968473424868,1.0701813136870306,0.6320763048662016,0.23972646243092752
ADANIPORTS,Mar 2019,10925,4330,6596.0,60.0,1289,1385,1373,5126,21.0,4045,19.0,1.0,414.0,23958.0,27712.0,4228.0,56311.0,28121.0,4483.0,782.0,22924.0,56311.0,6029.0,-4368.0,2313.0,3975.0,10925,24372.0,0.16596914492040046,1.1370425077958313,0.6037528604118994,0.19401182717408677
ADANIPORTS,Mar 2020,11873,5926,5947.0,50.0,1928,1951,1680,4244,11.0,3785,19.0,17.0,406.0,25051.0,30242.0,6217.0,61917.0,32715.0,3216.0,1178.0,24808.0,61917.0,7402.0,-749.0,-4256.0,2397.0,11873,25457.0,0.14868209136976077,1.1879640177554307,0.5008843594710688,0.1917567065587803
ADANIPORTS,Mar 2021,12550,3862,8688.0,69.0,1967,2255,2107,6292,20.0,5049,25.0,20.0,406.0,30035.0,35855.0,8285.0,74582.0,48291.0,3697.0,2236.0,20358.0,74582.0,7556.0,-14064.0,3514.0,-2994.0,12550,30441.0,0.16586183108307875,1.1778522387569397,0.6922709163346613,0.16827116462417205
ADANIPORTS,Mar 2022,17119,7591,9528.0,56.0,1832,2544,3099,5717,13.0,4953,23.0,22.0,422.0,41399.0,47935.0,8572.0,98328.0,62553.0,4023.0,3161.0,28591.0,98328.0,10420.0,-5493.0,-586.0,4341.0,17119,41821.0,0.11843332297171277,1.1461944955883407,0.5565745662713943,0.1741009681881051
ADANIPORTS,Mar 2023,20852,9905,10947.0,52.0,327,2363,3425,5487,2.0,5391,25.0,20.0,432.0,44957.0,53434.0,13740.0,112563.0,72224.0,6637.0,7432.0,26271.0,112563.0,11900.0,-16716.0,-2734.0,-7550.0,20852,45389.0,0.118773271056864,1.1772455881380952,0.5249856128908498,0.18524737258246493
ADANIPORTS,Mar 2024,26711,11121,15589.0,58.0,671,2733,3888,9639,16.0,8104,38.0,16.0,432.0,52346.0,49470.0,14751.0,116999.0,75148.0,10936.0,4289.0,26627.0,116999.0,15018.0,-6768.0,-7800.0,450.0,26711,52778.0,0.153548827162833,0.9373223691689719,0.5836172363445772,0.22830109659056916
ADANIPORTS,TTM,28443,11278,17165.0,60.0,1039,2591,4053,11560,0.0,9743,45.0,0.0,0.0,0.0,0.0,0.0,0.0,0.0,0.0,0.0,0.0,0.0,0.0,0.0,0.0,0.0,28443,0.0,0.0,0.0,0.6034876771086032,0.0
ADANIPOWER,Mar 2013,6692,5732,960.0,14.0,215,1703,1290,-1818,26.0,-2295,-10.0,0.0,2393.0,1900.0,41795.0,8599.0,54688.0,29089.0,18976.0,22.0,6600.0,54688.0,3001.0,-4064.0,861.0,-203.0,6692,4293.0,-0.5345911949685535,9.735616119263918,0.1434548714883443,0.12236688121708601
ADANIPOWER,Mar 2014,15328,10735,4593.0,30.0,137,4162,1937,-1370,-79.0,-291,-1.0,0.0,2872.0,3671.0,44150.0,8045.0,58739.0,46365.0,3660.0,115.0,8599.0,58739.0,3238.0,-4700.0,1631.0,169.0,15328,6543.0,-0.044475011462631824,6.747669264863212,0.29964770354906056,0.2609509865676978
ADANIPOWER,Mar 2015,18683,14005,4678.0,25.0,1188,4864,1818,-816,0.0,-816,-3.0,0.0,2872.0,2853.0,44742.0,8008.0,58474.0,45080.0,191.0,357.0,12846.0,58474.0,5824.0,-4737.0,-1144.0,-58.0,18683,5725.0,-0.14253275109170305,7.815196506550218,0.2503880533104962,0.3195095256011219
ADANIPOWER,Mar 2016,25377,16575,8802.0,35.0,-201,5560,2666,375,-47.0,551,2.0,0.0,3334.0,4134.0,52729.0,15597.0,75794.0,56941.0,88.0,0.0,18765.0,75794.0,5257.0,-2692.0,-2713.0,-148.0,25377,7468.0,0.07378146759507231,7.06065881092662,0.346849509398274,0.33481542074570547
ADANIPOWER,Mar 2017,22616,16635,5980.0,26.0,-3666,5902,2672,-6260,-1.0,-6174,-16.0,0.0,3857.0,-857.0,52484.0,16027.0,71511.0,54391.0,125.0,164.0,16831.0,71511.0,4725.0,-1212.0,-3539.0,-26.0,22616,3000.0,-2.058,17.494666666666667,0.26441457375309513,0.31625903707121983
ADANIPOWER,Mar 2018,20304,14868,5436.0,27.0,754,5570,2699,-2079,0.0,-2103,-5.0,0.0,3857.0,-2968.0,52835.0,15804.0,69528.0,52137.0,120.0,0.0,17271.0,69528.0,5101.0,-520.0,-4600.0,-19.0,20304,889.0,-2.3655793025871765,59.43194600674916,0.26773049645390073,0.29202623403520883
ADANIPOWER,Mar 2019,23884,18901,4983.0,21.0,2448,5657,2751,-976,1.0,-984,-3.0,0.0,3857.0,3855.0,46980.0,13293.0,67985.0,50419.0,350.0,3.0,17213.0,67985.0,5610.0,-984.0,-4663.0,-37.0,23884,7712.0,-0.1275933609958506,6.091804979253112,0.20863339474124937,0.3513127895859381
ADANIPOWER,Mar 2020,26468,20734,5734.0,22.0,323,5315,3006,-2265,0.0,-2275,-6.0,0.0,3857.0,2624.0,55199.0,13346.0,75025.0,55846.0,2347.0,3.0,16830.0,75025.0,5598.0,-2304.0,-2377.0,917.0,26468,6481.0,-0.35102607622280513,8.517049837987965,0.21663896025389148,0.3527890703098967
ADANIPOWER,Mar 2021,26221,17533,8688.0,33.0,1909,5106,3202,2289,45.0,1270,3.0,0.0,3857.0,9256.0,52519.0,13175.0,78806.0,52851.0,6439.0,20.0,19495.0,78806.0,7014.0,-2188.0,-5655.0,-828.0,26221,13113.0,0.09685045374818882,4.005109433386716,0.33133747759429466,0.3327284724513362
ADANIPOWER,Mar 2022,27711,17830,9881.0,36.0,3908,4095,3118,6577,25.0,4912,13.0,0.0,3857.0,14600.0,49145.0,14379.0,81981.0,53274.0,10270.0,183.0,18254.0,81981.0,10233.0,774.0,-10338.0,669.0,27711,18457.0,0.26613209080565636,2.662675407704394,0.35657320197755404,0.33801734548248985
ADANIPOWER,Mar 2023,38773,28677,10096.0,26.0,4216,3334,3304,7675,-40.0,10727,28.0,0.0,3857.0,26019.0,42350.0,13596.0,85821.0,51451.0,12880.0,654.0,20836.0,85821.0,8431.0,1545.0,-10408.0,-433.0,38773,29876.0,0.35905074307136164,1.4175257731958764,0.26038738297268715,0.4517891891262045
ADANIPOWER,Mar 2024,50351,32124,18228.0,36.0,9883,3388,3931,20792,0.0,20829,54.0,0.0,3857.0,39288.0,34616.0,14248.0,92009.0,63016.0,925.0,374.0,27694.0,92009.0,14170.0,3481.0,-16864.0,787.0,50351,43145.0,0.4827674122146251,0.8023177656738903,0.36201862922285555,0.5472399439185297
ADANIPOWER,TTM,54650,33685,20965.0,38.0,2124,3235,4046,15808,0.0,12686,33.0,0.0,0.0,0.0,0.0,0.0,0.0,0.0,0.0,0.0,0.0,0.0,0.0,0.0,0.0,0.0,54650,0.0,0.0,0.0,0.3836230558096981,0.0
AMBUJACEM,Dec 2012,9749,7276,2473.0,25.0,69,78,569,1896,32.0,1292,8.0,43.0,308.0,8489.0,60.0,3487.0,12345.0,5951.0,524.0,1581.0,4289.0,12345.0,1860.0,-388.0,-509.0,962.0,9749,8797.0,0.1468682505399568,0.006820506991019666,0.2536670427736178,0.7897124341838802
AMBUJACEM,Dec 2013,9161,7492,1669.0,18.0,390,67,494,1498,15.0,1278,8.0,44.0,309.0,9153.0,48.0,3446.0,12956.0,6147.0,698.0,1714.0,4399.0,12956.0,1267.0,-496.0,-672.0,99.0,9161,9462.0,0.13506658211794548,0.0050729232720355105,0.18218535094422006,0.7070855202222909
AMBUJACEM,Dec 2014,9955,8022,1934.0,19.0,419,66,513,1774,16.0,1487,10.0,46.0,310.0,9760.0,34.0,3774.0,13878.0,6310.0,692.0,2097.0,4780.0,13878.0,1675.0,-456.0,-721.0,498.0,9955,10070.0,0.14766633565044687,0.0033763654419066533,0.19427423405323957,0.7173223807465052
AMBUJACEM,Dec 2015,9437,7895,1542.0,16.0,353,92,630,1173,31.0,808,5.0,54.0,310.0,9961.0,35.0,3827.0,14133.0,6170.0,416.0,2149.0,5398.0,14133.0,1557.0,-83.0,-900.0,574.0,9437,10271.0,0.07866809463538117,0.0034076526141563626,0.1633993853979019,0.6677280124531239
AMBUJACEM,Dec 2016,20094,16913,3181.0,16.0,441,153,1461,2008,29.0,1434,6.0,50.0,397.0,19424.0,29.0,12974.0,32824.0,21410.0,582.0,175.0,10657.0,32824.0,2810.0,-4165.0,-958.0,-2312.0,20094,19821.0,0.07234751021643711,0.00146309469754301,0.15830596197870012,0.6121740190104802
AMBUJACEM,Dec 2017,23609,19751,3858.0,16.0,335,206,1219,2768,30.0,1945,8.0,47.0,397.0,20275.0,24.0,14813.0,35509.0,20898.0,667.0,153.0,13791.0,35509.0,3416.0,-738.0,-1015.0,1663.0,23609,20672.0,0.09408862229102168,0.0011609907120743034,0.1634122580371892,0.6648736939930722
AMBUJACEM,Dec 2018,26041,22030,4011.0,15.0,232,170,1154,2919,-2.0,2973,11.0,14.0,397.0,21973.0,40.0,14981.0,37391.0,20636.0,1008.0,133.0,15613.0,37391.0,1703.0,-765.0,-719.0,220.0,26041,22370.0,0.1329012069736254,0.001788109074653554,0.1540263430743827,0.6964510176245621
AMBUJACEM,Dec 2019,27104,22507,4597.0,17.0,601,170,1153,3875,28.0,2783,11.0,14.0,397.0,23681.0,41.0,16059.0,40178.0,20701.0,1554.0,150.0,17773.0,40178.0,4739.0,-1191.0,-629.0,2919.0,27104,24078.0,0.11558268959215881,0.0017027992358169283,0.1696059622195986,0.6745980387276619
AMBUJACEM,Dec 2020,24516,19511,5006.0,20.0,288,140,1162,3992,22.0,3107,12.0,151.0,397.0,22360.0,471.0,16490.0,39718.0,20486.0,2422.0,167.0,16643.0,39718.0,4832.0,-1317.0,-3956.0,-441.0,24516,22757.0,0.1365294195192688,0.02069692841762974,0.20419317996410508,0.6172516239488394
AMBUJACEM,Dec 2021,28965,22755,6210.0,21.0,252,146,1152,5164,28.0,3711,14.0,45.0,397.0,24957.0,477.0,19374.0,45205.0,22254.0,2168.0,198.0,20585.0,45205.0,5309.0,-2007.0,-516.0,2786.0,28965,25354.0,0.14636743709079436,0.01881359943204228,0.21439668565510098,0.6407477048999004
AMBUJACEM,Mar 2023 15,38937,33815,5122.0,13.0,447,195,1645,3729,19.0,3024,13.0,19.0,0.0,0.0,0.0,0.0,0.0,0.0,0.0,0.0,0.0,0.0,0.0,0.0,0.0,0.0,38937,0.0,0.0,0.0,0.13154583044405063,0.0
AMBUJACEM,Mar 2024,33160,26760,6400.0,19.0,1401,276,1623,5901,20.0,4738,16.0,12.0,440.0,41016.0,699.0,23107.0,65261.0,32388.0,2658.0,849.0,29365.0,65261.0,5646.0,-8941.0,5689.0,2394.0,33160,41456.0,0.11428984947896564,0.01686125048243921,0.19300361881785283,0.5081135747230352
AMBUJACEM,TTM,32850,27028,5822.0,18.0,1230,298,1899,4856,0.0,3871,13.0,0.0,0.0,0.0,0.0,0.0,0.0,0.0,0.0,0.0,0.0,0.0,0.0,0.0,0.0,0.0,32850,0.0,0.0,0.0,0.17722983257229832,0.0
APOLLOHOSP,Mar 2013,3769,3157,612.0,16.0,33,103,142,399,26.0,303,22.0,25.0,70.0,2677.0,1213.0,854.0,4814.0,2341.0,403.0,527.0,1543.0,4814.0,443.0,-733.0,373.0,83.0,3769,2747.0,0.11030214779759738,0.4415726246814707,0.16237728840541257,0.7829248026589115
APOLLOHOSP,Mar 2014,4357,3681,676.0,16.0,18,119,168,407,25.0,315,23.0,25.0,70.0,2907.0,1344.0,1029.0,5350.0,2681.0,491.0,322.0,1855.0,5350.0,373.0,-356.0,-63.0,-46.0,4357,2977.0,0.10581121934833725,0.4514612025529056,0.15515262795501492,0.814392523364486
APOLLOHOSP,Mar 2015,5129,4392,737.0,14.0,47,118,212,455,29.0,335,24.0,24.0,70.0,3102.0,1992.0,1296.0,6459.0,3244.0,533.0,311.0,2372.0,6459.0,470.0,-759.0,392.0,103.0,5129,3172.0,0.10561160151324085,0.6279949558638083,0.14369272762721777,0.7940857717912989
APOLLOHOSP,Mar 2016,6150,5465,684.0,11.0,92,180,264,332,29.0,235,17.0,35.0,70.0,3262.0,2834.0,1195.0,7360.0,3997.0,562.0,352.0,2448.0,7360.0,597.0,-888.0,330.0,39.0,6150,3332.0,0.07052821128451381,0.8505402160864346,0.11121951219512195,0.8355978260869565
APOLLOHOSP,Mar 2017,7256,6522,734.0,10.0,60,257,314,222,41.0,131,16.0,38.0,70.0,3244.0,3125.0,1665.0,8103.0,4591.0,347.0,406.0,2759.0,8103.0,623.0,-1152.0,477.0,-52.0,7256,3314.0,0.03952926976463488,0.9429692214846107,0.10115766262403528,0.8954708132790324
APOLLOHOSP,Mar 2018,8243,7442,801.0,10.0,24,295,359,171,65.0,60,8.0,59.0,70.0,3182.0,3427.0,1917.0,8596.0,4773.0,712.0,352.0,2759.0,8596.0,537.0,-405.0,-108.0,24.0,8243,3252.0,0.01845018450184502,1.0538130381303814,0.09717335921387844,0.9589343880874825
APOLLOHOSP,Mar 2019,9617,8548,1070.0,11.0,26,327,396,373,47.0,200,17.0,35.0,70.0,3264.0,3673.0,2159.0,9166.0,4982.0,822.0,462.0,2901.0,9166.0,905.0,-711.0,-215.0,-20.0,9617,3334.0,0.059988002399520096,1.1016796640671866,0.11126130810023915,1.0492035784420686
APOLLOHOSP,Mar 2020,11247,9656,1591.0,14.0,222,533,620,660,34.0,432,33.0,18.0,70.0,3270.0,3596.0,4354.0,11289.0,7432.0,236.0,434.0,3187.0,11289.0,1293.0,-289.0,-910.0,94.0,11247,3340.0,0.12934131736526946,1.0766467065868264,0.14145994487418867,0.996279564177518
APOLLOHOSP,Mar 2021,10560,9420,1140.0,11.0,103,449,573,221,38.0,137,10.0,29.0,72.0,4531.0,4160.0,2629.0,11392.0,6778.0,234.0,1343.0,3037.0,11392.0,1265.0,-880.0,-340.0,44.0,10560,4603.0,0.029763197914403648,0.9037584184227677,0.10795454545454546,0.9269662921348315
APOLLOHOSP,Mar 2022,14663,12474,2189.0,15.0,368,379,601,1578,30.0,1108,73.0,16.0,72.0,5551.0,4068.0,3570.0,13261.0,8296.0,46.0,816.0,4104.0,13261.0,1696.0,-747.0,-792.0,158.0,14663,5623.0,0.19704783923172683,0.723457229237062,0.14928732183045762,1.1057235502601614
APOLLOHOSP,Mar 2023,16612,14548,2065.0,12.0,75,381,615,1144,22.0,844,57.0,26.0,72.0,6126.0,4332.0,3886.0,14416.0,8520.0,610.0,574.0,4712.0,14416.0,1377.0,-857.0,-633.0,-113.0,16612,6198.0,0.1361729590190384,0.6989351403678606,0.12430772935227546,1.152330743618202
APOLLOHOSP,Mar 2024,19059,16665,2394.0,13.0,105,449,687,1362,33.0,935,63.0,26.0,72.0,6864.0,5333.0,4474.0,16742.0,9664.0,873.0,986.0,5219.0,16742.0,1920.0,-1537.0,-311.0,72.0,19059,6936.0,0.13480392156862744,0.7688869665513264,0.1256099480560365,1.1383944570541153
APOLLOHOSP,TTM,20469,17725,2745.0,13.0,158,466,719,1719,0.0,1224,82.0,0.0,0.0,0.0,0.0,0.0,0.0,0.0,0.0,0.0,0.0,0.0,0.0,0.0,0.0,0.0,20469,0.0,0.0,0.0,0.13410523230250623,0.0
ASIANPAINT,Mar 2013,10504,8767,1737.0,17.0,114,42,155,1655,30.0,1160,12.0,40.0,96.0,3288.0,251.0,3149.0,6784.0,2441.0,59.0,296.0,3989.0,6784.0,1187.0,-463.0,-601.0,123.0,10504,3384.0,0.34278959810874704,0.0741725768321513,0.16536557501904037,1.5483490566037736
ASIANPAINT,Mar 2013,10504,8767,1737.0,17.0,114,42,155,1655,30.0,1160,12.0,40.0,96.0,3288.0,251.0,3149.0,6784.0,2441.0,59.0,296.0,3989.0,6784.0,1187.0,-463.0,-601.0,123.0,10504,3384.0,0.34278959810874704,0.0741725768321513,0.16536557501904037,1.5483490566037736
ASIANPAINT,Mar 2014,12220,10217,2004.0,16.0,124,48,246,1834,31.0,1263,13.0,42.0,96.0,3943.0,249.0,3787.0,8075.0,2562.0,72.0,1424.0,4019.0,8075.0,1402.0,-586.0,-626.0,190.0,12220,4039.0,0.3127011636543699,0.06164892300074276,0.16399345335515547,1.513312693498452
ASIANPAINT,Mar 2014,12220,10217,2004.0,16.0,124,48,246,1834,31.0,1263,13.0,42.0,96.0,3943.0,249.0,3787.0,8075.0,2562.0,72.0,1424.0,4019.0,8075.0,1402.0,-586.0,-626.0,190.0,12220,4039.0,0.3127011636543699,0.06164892300074276,0.16399345335515547,1.513312693498452
ASIANPAINT,Mar 2015,13615,11372,2243.0,16.0,142,42,266,2077,31.0,1427,15.0,42.0,96.0,4646.0,418.0,3754.0,8914.0,2660.0,196.0,1588.0,4471.0,8914.0,1188.0,-465.0,-576.0,147.0,13615,4742.0,0.3009278785322649,0.08814846056516237,0.16474476680132208,1.5273726722010321
ASIANPAINT,Mar 2015,13615,11372,2243.0,16.0,142,42,266,2077,31.0,1427,15.0,42.0,96.0,4646.0,418.0,3754.0,8914.0,2660.0,196.0,1588.0,4471.0,8914.0,1188.0,-465.0,-576.0,147.0,13615,4742.0,0.3009278785322649,0.08814846056516237,0.16474476680132208,1.5273726722010321
ASIANPAINT,Mar 2016,14271,11546,2725.0,19.0,213,49,276,2614,32.0,1803,18.0,41.0,96.0,6429.0,323.0,3711.0,10559.0,3416.0,107.0,2712.0,4324.0,10559.0,2243.0,-866.0,-849.0,528.0,14271,6525.0,0.27632183908045976,0.04950191570881226,0.1909466750753276,1.351548442087319
ASIANPAINT,Mar 2016,14271,11546,2725.0,19.0,213,49,276,2614,32.0,1803,18.0,41.0,96.0,6429.0,323.0,3711.0,10559.0,3416.0,107.0,2712.0,4324.0,10559.0,2243.0,-866.0,-849.0,528.0,14271,6525.0,0.27632183908045976,0.04950191570881226,0.1909466750753276,1.351548442087319
ASIANPAINT,Mar 2017,15062,12068,2994.0,20.0,338,37,335,2960,32.0,2016,20.0,51.0,96.0,7508.0,560.0,4241.0,12405.0,3304.0,258.0,2652.0,6192.0,12405.0,1527.0,-681.0,-756.0,90.0,15062,7604.0,0.26512361914781696,0.07364544976328248,0.19877838268490242,1.2141878274889157
ASIANPAINT,Mar 2017,15062,12068,2994.0,20.0,338,37,335,2960,32.0,2016,20.0,51.0,96.0,7508.0,560.0,4241.0,12405.0,3304.0,258.0,2652.0,6192.0,12405.0,1527.0,-681.0,-756.0,90.0,15062,7604.0,0.26512361914781696,0.07364544976328248,0.19877838268490242,1.2141878274889157
ASIANPAINT,Mar 2018,16825,13621,3204.0,19.0,336,41,360,3138,33.0,2098,21.0,41.0,96.0,8314.0,533.0,4820.0,13763.0,3732.0,1405.0,2141.0,6485.0,13763.0,2113.0,-1556.0,-1379.0,-822.0,16825,8410.0,0.24946492271105827,0.0633769322235434,0.19043090638930163,1.2224805638305603
ASIANPAINT,Mar 2018,16825,13621,3204.0,19.0,336,41,360,3138,33.0,2098,21.0,41.0,96.0,8314.0,533.0,4820.0,13763.0,3732.0,1405.0,2141.0,6485.0,13763.0,2113.0,-1556.0,-1379.0,-822.0,16825,8410.0,0.24946492271105827,0.0633769322235434,0.19043090638930163,1.2224805638305603
ASIANPAINT,Mar 2019,19240,15475,3765.0,20.0,274,110,622,3306,33.0,2208,22.0,47.0,96.0,9375.0,1320.0,5459.0,16249.0,6497.0,210.0,2569.0,6974.0,16249.0,2470.0,-918.0,-1117.0,434.0,19240,9471.0,0.233132720937599,0.13937282229965156,0.1956860706860707,1.1840728660225244
ASIANPAINT,Mar 2019,19240,15475,3765.0,20.0,274,110,622,3306,33.0,2208,22.0,47.0,96.0,9375.0,1320.0,5459.0,16249.0,6497.0,210.0,2569.0,6974.0,16249.0,2470.0,-918.0,-1117.0,434.0,19240,9471.0,0.233132720937599,0.13937282229965156,0.1956860706860707,1.1840728660225244
ASIANPAINT,Mar 2020,20211,16054,4157.0,21.0,355,102,780,3629,24.0,2774,28.0,43.0,96.0,10034.0,1118.0,4889.0,16138.0,6272.0,140.0,2019.0,7707.0,16138.0,3038.0,-518.0,-2871.0,-351.0,20211,10130.0,0.2738400789733465,0.11036525172754195,0.20568007520657067,1.2523856735654977
ASIANPAINT,Mar 2020,20211,16054,4157.0,21.0,355,102,780,3629,24.0,2774,28.0,43.0,96.0,10034.0,1118.0,4889.0,16138.0,6272.0,140.0,2019.0,7707.0,16138.0,3038.0,-518.0,-2871.0,-351.0,20211,10130.0,0.2738400789733465,0.11036525172754195,0.20568007520657067,1.2523856735654977
ASIANPAINT,Mar 2021,21713,16857,4856.0,22.0,332,92,791,4304,26.0,3207,33.0,55.0,96.0,12710.0,1093.0,6456.0,20355.0,5859.0,183.0,4737.0,9577.0,20355.0,3683.0,-541.0,-650.0,2492.0,21713,12806.0,0.2504294861783539,0.0853506168983289,0.22364482107493208,1.0667157946450503
ASIANPAINT,Mar 2021,21713,16857,4856.0,22.0,332,92,791,4304,26.0,3207,33.0,55.0,96.0,12710.0,1093.0,6456.0,20355.0,5859.0,183.0,4737.0,9577.0,20355.0,3683.0,-541.0,-650.0,2492.0,21713,12806.0,0.2504294861783539,0.0853506168983289,0.22364482107493208,1.0667157946450503
ASIANPAINT,Mar 2022,29101,24298,4804.0,17.0,296,95,816,4188,26.0,3085,32.0,61.0,96.0,13716.0,1587.0,7560.0,22958.0,5519.0,426.0,3248.0,13765.0,22958.0,986.0,-317.0,-1808.0,-1138.0,29101,13812.0,0.22335650159281784,0.11490008688097307,0.1650802377925157,1.2675755727850857
ASIANPAINT,Mar 2022,29101,24298,4804.0,17.0,296,95,816,4188,26.0,3085,32.0,61.0,96.0,13716.0,1587.0,7560.0,22958.0,5519.0,426.0,3248.0,13765.0,22958.0,986.0,-317.0,-1808.0,-1138.0,29101,13812.0,0.22335650159281784,0.11490008688097307,0.1650802377925157,1.2675755727850857
ASIANPAINT,Mar 2023,34489,28229,6260.0,18.0,431,144,858,5689,26.0,4195,43.0,60.0,96.0,15896.0,1933.0,7854.0,25779.0,5770.0,1020.0,4262.0,14728.0,25779.0,4193.0,-1282.0,-2140.0,771.0,34489,15992.0,0.2623186593296648,0.12087293646823412,0.18150714720635566,1.3378719112455875
ASIANPAINT,Mar 2023,34489,28229,6260.0,18.0,431,144,858,5689,26.0,4195,43.0,60.0,96.0,15896.0,1933.0,7854.0,25779.0,5770.0,1020.0,4262.0,14728.0,25779.0,4193.0,-1282.0,-2140.0,771.0,34489,15992.0,0.2623186593296648,0.12087293646823412,0.18150714720635566,1.3378719112455875
ASIANPAINT,Mar 2024,35495,27910,7585.0,21.0,821,205,853,7348,24.0,5558,57.0,58.0,96.0,18632.0,2474.0,8698.0,29901.0,7147.0,2698.0,4588.0,15468.0,29901.0,6104.0,-2548.0,-2982.0,573.0,35495,18728.0,0.2967748825288338,0.1321016659547202,0.213692069305536,1.187084044011906
ASIANPAINT,Mar 2024,35495,27910,7585.0,21.0,821,205,853,7348,24.0,5558,57.0,58.0,96.0,18632.0,2474.0,8698.0,29901.0,7147.0,2698.0,4588.0,15468.0,29901.0,6104.0,-2548.0,-2982.0,573.0,35495,18728.0,0.2967748825288338,0.1321016659547202,0.213692069305536,1.187084044011906
ASIANPAINT,TTM,34831,28150,6681.0,19.0,616,227,916,6155,0.0,4631,48.0,0.0,0.0,0.0,0.0,0.0,0.0,0.0,0.0,0.0,0.0,0.0,0.0,0.0,0.0,0.0,34831,0.0,0.0,0.0,0.19181189170566448,0.0
ATGL,Mar 2018,1374,1008,366.0,27.0,80,125,61,259,36.0,162,6.0,0.0,257.0,759.0,1345.0,442.0,2803.0,897.0,102.0,180.0,1624.0,2803.0,0.0,0.0,0.0,0.0,1374,1016.0,0.1594488188976378,1.3238188976377954,0.2663755458515284,0.49018908312522297
ATGL,Mar 2019,1719,1264,455.0,26.0,59,90,67,357,36.0,229,2.0,12.0,110.0,992.0,394.0,552.0,2048.0,980.0,190.0,176.0,701.0,2048.0,0.0,0.0,0.0,0.0,1719,1102.0,0.20780399274047187,0.35753176043557167,0.2646887725421757,0.83935546875
ATGL,Mar 2020,1875,1280,595.0,32.0,44,41,51,547,20.0,436,4.0,6.0,110.0,1361.0,428.0,577.0,2476.0,1198.0,342.0,282.0,655.0,2476.0,0.0,0.0,0.0,0.0,1875,1471.0,0.2963970088375255,0.2909585316111489,0.31733333333333336,0.7572697899838449
ATGL,Mar 2021,1696,991,704.0,42.0,30,40,63,631,25.0,463,4.0,6.0,110.0,1824.0,529.0,741.0,3204.0,1379.0,696.0,417.0,711.0,3204.0,0.0,0.0,0.0,0.0,1696,1934.0,0.2394002068252327,0.27352637021716647,0.41509433962264153,0.529338327091136
ATGL,Mar 2022,3038,2265,773.0,25.0,46,53,83,684,26.0,509,5.0,5.0,110.0,2306.0,1035.0,964.0,4415.0,1733.0,1171.0,634.0,878.0,4415.0,0.0,0.0,0.0,0.0,3038,2416.0,0.21067880794701987,0.4283940397350993,0.2544437129690586,0.6881087202718007
ATGL,Mar 2023,4378,3508,870.0,20.0,54,78,113,733,25.0,546,5.0,5.0,110.0,2831.0,1422.0,1282.0,5645.0,2335.0,1619.0,682.0,1010.0,5645.0,0.0,0.0,0.0,0.0,4378,2941.0,0.1856511390683441,0.48350901054063244,0.19872087711283692,0.7755535872453498
ATGL,Mar 2024,4475,3371,1104.0,25.0,62,111,158,896,26.0,668,6.0,4.0,110.0,3470.0,1557.0,1454.0,6592.0,3174.0,1502.0,706.0,1209.0,6592.0,0.0,0.0,0.0,0.0,4475,3580.0,0.18659217877094972,0.43491620111731844,0.24670391061452515,0.6788531553398058
ATGL,TTM,4826,3672,1153.0,24.0,52,106,199,900,0.0,668,6.0,0.0,0.0,0.0,0.0,0.0,0.0,0.0,0.0,0.0,0.0,0.0,0.0,0.0,0.0,0.0,4826,0.0,0.0,0.0,0.2389142146705346,0.0
BAJAJ-AUTO,Mar 2013,20025,16370,3656.0,18.0,790,1,168,4277,29.0,3133,108.0,42.0,289.0,7776.0,116.0,4461.0,12642.0,2355.0,294.0,6059.0,3934.0,12642.0,2218.0,-1394.0,-1445.0,-621.0,20025,8065.0,0.3884686918784873,0.014383137011779294,0.18257178526841447,1.5840056953013764
BAJAJ-AUTO,Mar 2013,20025,16370,3656.0,18.0,790,1,168,4277,29.0,3133,108.0,42.0,289.0,7776.0,116.0,4461.0,12642.0,2355.0,294.0,6059.0,3934.0,12642.0,2218.0,-1394.0,-1445.0,-621.0,20025,8065.0,0.3884686918784873,0.014383137011779294,0.18257178526841447,1.5840056953013764
BAJAJ-AUTO,Mar 2014,20137,15974,4163.0,21.0,674,1,181,4655,31.0,3380,117.0,43.0,289.0,9878.0,59.0,5081.0,15308.0,2660.0,144.0,8448.0,4056.0,15308.0,3502.0,-2072.0,-1496.0,-66.0,20137,10167.0,0.3324481164551982,0.0058030884233303826,0.20673387297015444,1.3154559707342566
BAJAJ-AUTO,Mar 2014,20137,15974,4163.0,21.0,674,1,181,4655,31.0,3380,117.0,43.0,289.0,9878.0,59.0,5081.0,15308.0,2660.0,144.0,8448.0,4056.0,15308.0,3502.0,-2072.0,-1496.0,-66.0,20137,10167.0,0.3324481164551982,0.0058030884233303826,0.20673387297015444,1.3154559707342566
BAJAJ-AUTO,Mar 2015,21595,17467,4128.0,19.0,228,6,267,4083,31.0,3026,105.0,48.0,289.0,10806.0,112.0,4758.0,15966.0,2448.0,255.0,8985.0,4277.0,15966.0,2114.0,-380.0,-1644.0,90.0,21595,11095.0,0.2727354664263182,0.010094637223974764,0.1911553600370456,1.3525616935988976
BAJAJ-AUTO,Mar 2015,21595,17467,4128.0,19.0,228,6,267,4083,31.0,3026,105.0,48.0,289.0,10806.0,112.0,4758.0,15966.0,2448.0,255.0,8985.0,4277.0,15966.0,2114.0,-380.0,-1644.0,90.0,21595,11095.0,0.2727354664263182,0.010094637223974764,0.1911553600370456,1.3525616935988976
BAJAJ-AUTO,Mar 2016,22574,17781,4793.0,21.0,1194,1,307,5679,28.0,4061,140.0,39.0,289.0,13731.0,118.0,3102.0,17240.0,2026.0,52.0,11067.0,4095.0,17240.0,3690.0,-68.0,-3384.0,238.0,22574,14020.0,0.2896576319543509,0.008416547788873038,0.21232391246566848,1.3093967517401393
BAJAJ-AUTO,Mar 2016,22574,17781,4793.0,21.0,1194,1,307,5679,28.0,4061,140.0,39.0,289.0,13731.0,118.0,3102.0,17240.0,2026.0,52.0,11067.0,4095.0,17240.0,3690.0,-68.0,-3384.0,238.0,22574,14020.0,0.2896576319543509,0.008416547788873038,0.21232391246566848,1.3093967517401393
BAJAJ-AUTO,Mar 2017,21755,17326,4429.0,20.0,1468,1,307,5588,27.0,4079,141.0,39.0,289.0,17567.0,120.0,3661.0,21638.0,2002.0,42.0,15477.0,4117.0,21638.0,3267.0,-3610.0,-190.0,-532.0,21755,17856.0,0.22843862007168458,0.006720430107526882,0.20358538267065043,1.0054071540807838
BAJAJ-AUTO,Mar 2017,21755,17326,4429.0,20.0,1468,1,307,5588,27.0,4079,141.0,39.0,289.0,17567.0,120.0,3661.0,21638.0,2002.0,42.0,15477.0,4117.0,21638.0,3267.0,-3610.0,-190.0,-532.0,21755,17856.0,0.22843862007168458,0.006720430107526882,0.20358538267065043,1.0054071540807838
BAJAJ-AUTO,Mar 2018,25210,20364,4846.0,19.0,1404,1,315,5933,29.0,4219,146.0,41.0,289.0,20136.0,121.0,4595.0,25141.0,1878.0,56.0,18895.0,4312.0,25141.0,4328.0,-1954.0,-1885.0,488.0,25210,20425.0,0.20656058751529988,0.005924112607099143,0.1922253074176914,1.0027445209021122
BAJAJ-AUTO,Mar 2018,25210,20364,4846.0,19.0,1404,1,315,5933,29.0,4219,146.0,41.0,289.0,20136.0,121.0,4595.0,25141.0,1878.0,56.0,18895.0,4312.0,25141.0,4328.0,-1954.0,-1885.0,488.0,25210,20425.0,0.20656058751529988,0.005924112607099143,0.1922253074176914,1.0027445209021122
BAJAJ-AUTO,Mar 2019,30358,25160,5198.0,17.0,2028,4,266,6956,29.0,4928,170.0,35.0,289.0,22944.0,125.0,5476.0,28834.0,1764.0,48.0,20603.0,6420.0,28834.0,2487.0,-273.0,-2074.0,140.0,30358,23233.0,0.2121120819523953,0.005380278052769767,0.17122340075103762,1.0528542692654506
BAJAJ-AUTO,Mar 2019,30358,25160,5198.0,17.0,2028,4,266,6956,29.0,4928,170.0,35.0,289.0,22944.0,125.0,5476.0,28834.0,1764.0,48.0,20603.0,6420.0,28834.0,2487.0,-273.0,-2074.0,140.0,30358,23233.0,0.2121120819523953,0.005380278052769767,0.17122340075103762,1.0528542692654506
BAJAJ-AUTO,Mar 2020,29919,24809,5109.0,17.0,1832,3,246,6692,22.0,5212,180.0,67.0,289.0,21373.0,126.0,4722.0,26510.0,1699.0,60.0,19914.0,4837.0,26510.0,3850.0,1766.0,-6247.0,-630.0,29919,21662.0,0.2406056689133044,0.005816637429600221,0.17076105484808984,1.1285929837797057
BAJAJ-AUTO,Mar 2020,29919,24809,5109.0,17.0,1832,3,246,6692,22.0,5212,180.0,67.0,289.0,21373.0,126.0,4722.0,26510.0,1699.0,60.0,19914.0,4837.0,26510.0,3850.0,1766.0,-6247.0,-630.0,29919,21662.0,0.2406056689133044,0.005816637429600221,0.17076105484808984,1.1285929837797057
BAJAJ-AUTO,Mar 2021,27741,22803,4938.0,18.0,1570,7,259,6241,22.0,4857,168.0,83.0,289.0,26984.0,121.0,6207.0,33602.0,1668.0,16.0,24687.0,7232.0,33602.0,3120.0,-2869.0,-20.0,231.0,27741,27273.0,0.1780882191178088,0.0044366223004436624,0.17800367686817345,0.8255758585798464
BAJAJ-AUTO,Mar 2021,27741,22803,4938.0,18.0,1570,7,259,6241,22.0,4857,168.0,83.0,289.0,26984.0,121.0,6207.0,33602.0,1668.0,16.0,24687.0,7232.0,33602.0,3120.0,-2869.0,-20.0,231.0,27741,27273.0,0.1780882191178088,0.0044366223004436624,0.17800367686817345,0.8255758585798464
BAJAJ-AUTO,Mar 2022,33145,27886,5259.0,16.0,2671,9,270,7652,19.0,6166,213.0,66.0,289.0,29570.0,123.0,5129.0,35111.0,1836.0,77.0,26634.0,6564.0,35111.0,4197.0,276.0,-4056.0,417.0,33145,29859.0,0.20650390167118793,0.004119360996684417,0.15866646553024588,0.9440061519182023
BAJAJ-AUTO,Mar 2022,33145,27886,5259.0,16.0,2671,9,270,7652,19.0,6166,213.0,66.0,289.0,29570.0,123.0,5129.0,35111.0,1836.0,77.0,26634.0,6564.0,35111.0,4197.0,276.0,-4056.0,417.0,33145,29859.0,0.20650390167118793,0.004119360996684417,0.15866646553024588,0.9440061519182023
BAJAJ-AUTO,Mar 2023,36455,29991,6465.0,18.0,1703,40,286,7842,23.0,6060,214.0,65.0,283.0,29079.0,124.0,5651.0,35136.0,2842.0,85.0,26183.0,6026.0,35136.0,5277.0,1211.0,-7181.0,-692.0,36455,29362.0,0.20638921054424086,0.004223145562291397,0.17734192840488272,1.037539845173042
BAJAJ-AUTO,Mar 2023,36455,29991,6465.0,18.0,1703,40,286,7842,23.0,6060,214.0,65.0,283.0,29079.0,124.0,5651.0,35136.0,2842.0,85.0,26183.0,6026.0,35136.0,5277.0,1211.0,-7181.0,-692.0,36455,29362.0,0.20638921054424086,0.004223145562291397,0.17734192840488272,1.037539845173042
BAJAJ-AUTO,Mar 2024,44870,36106,8765.0,20.0,1700,60,365,10040,23.0,7708,276.0,29.0,279.0,28683.0,1912.0,8470.0,39344.0,3217.0,35.0,28087.0,8005.0,39344.0,6558.0,-72.0,-6167.0,319.0,44870,28962.0,0.2661418410330778,0.06601754022512257,0.19534209939826164,1.1404534363562424
BAJAJ-AUTO,Mar 2024,44870,36106,8765.0,20.0,1700,60,365,10040,23.0,7708,276.0,29.0,279.0,28683.0,1912.0,8470.0,39344.0,3217.0,35.0,28087.0,8005.0,39344.0,6558.0,-72.0,-6167.0,319.0,44870,28962.0,0.2661418410330778,0.06601754022512257,0.19534209939826164,1.1404534363562424
BAJAJ-AUTO,TTM,48900,39757,9143.0,19.0,1535,164,379,10135,0.0,7371,263.0,0.0,0.0,0.0,0.0,0.0,0.0,0.0,0.0,0.0,0.0,0.0,0.0,0.0,0.0,0.0,48900,0.0,0.0,0.0,0.18697341513292434,0.0
AXISBANK,Mar 2013,27183,17516,8313.0,1353.0,5,6551,352,7553,31.0,5179,22.0,16.0,468.0,32690.0,296254.0,11145.0,340558.0,2245.0,142.0,113378.0,224792.0,340558.0,2573.0,-10939.0,14931.0,6566.0,27183,33158.0,0.156191567645817,8.93461608058387,0.3058161350844278,0.07981900293048468
AXISBANK,Mar 2014,30641,18690,9644.0,2307.0,8,7405,364,9349,33.0,6218,26.0,15.0,470.0,37926.0,333280.0,14674.0,386350.0,2346.0,102.0,113093.0,270810.0,386350.0,14464.0,-14166.0,7785.0,8082.0,30641,38396.0,0.16194395249505156,8.680070840712574,0.31474168597630625,0.0793089167852983
AXISBANK,Mar 2015,35479,21254,11127.0,3097.0,9,8365,406,11057,33.0,7358,31.0,15.0,474.0,44475.0,406638.0,15656.0,467243.0,2447.0,105.0,118527.0,346164.0,467243.0,-15162.0,-7972.0,31045.0,7910.0,35479,44949.0,0.16369663396293577,9.046652873256358,0.3136221426759492,0.07593265174652161
AXISBANK,Mar 2016,40988,24155,13367.0,3466.0,8,9371,444,12394,34.0,8224,35.0,14.0,477.0,53082.0,472150.0,20678.0,546387.0,3358.0,216.0,131399.0,411414.0,546387.0,-34495.0,9211.0,22495.0,-2789.0,40988,53559.0,0.15355029033402415,8.815511865419444,0.326119839953157,0.07501642608627218
AXISBANK,Mar 2017,44542,26449,23808.0,-5715.0,-13,11691,509,5468,33.0,3679,15.0,33.0,479.0,55901.0,527437.0,27644.0,611462.0,3518.0,292.0,129018.0,478633.0,611462.0,32209.0,-12458.0,-2487.0,17263.0,44542,56380.0,0.06525363604114934,9.355037247250799,0.5345067576669211,0.07284508276883928
AXISBANK,Mar 2018,45780,27163,28895.0,-10277.0,-22,10967,568,122,-99.0,276,1.0,0.0,513.0,63694.0,611425.0,28071.0,703703.0,3697.0,352.0,153037.0,546618.0,703703.0,-38390.0,-10007.0,41342.0,-7055.0,45780,64207.0,0.004298596726213653,9.522715591757908,0.6311708169506335,0.06505585452953874
AXISBANK,Mar 2019,54986,33278,27155.0,-5447.0,-10,13130,710,6974,33.0,4677,18.0,6.0,514.0,67288.0,711996.0,34248.0,814046.0,3842.0,288.0,174056.0,635860.0,814046.0,37125.0,-18674.0,5643.0,24094.0,54986,67802.0,0.06898026606884752,10.501106162060116,0.49385298075873857,0.06754655142338394
AXISBANK,Mar 2020,62635,37429,35066.0,-9859.0,-16,15537,773,4904,67.0,1627,6.0,0.0,564.0,85776.0,797337.0,44194.0,927872.0,3912.0,483.0,155282.0,768196.0,927872.0,30416.0,-9485.0,8865.0,29795.0,62635,86340.0,0.018844104702339586,9.234850590687978,0.5598467310609084,0.06750392295489033
AXISBANK,Mar 2021,63346,34107,31749.0,-2510.0,-4,12264,948,8806,25.0,6588,22.0,0.0,613.0,102981.0,850551.0,46859.0,1001005.0,4501.0,118.0,225336.0,771050.0,1001005.0,12633.0,-54288.0,7279.0,-34375.0,63346,103594.0,0.06359441666505782,8.210427244821128,0.5011997600479904,0.06328240118680725
AXISBANK,Mar 2022,67377,34245,29962.0,3170.0,5,15221,1008,17383,25.0,13025,42.0,2.0,614.0,117647.0,1020943.0,56576.0,1195779.0,4753.0,215.0,274608.0,916203.0,1195779.0,28137.0,-27112.0,47894.0,48919.0,67377,118261.0,0.11013774617160349,8.632964375406939,0.444691808777476,0.056345695985629454
AXISBANK,Mar 2023,85164,42218,29089.0,13857.0,16,16143,13094,16906,43.0,9580,31.0,3.0,615.0,129166.0,1152038.0,62598.0,1344418.0,5000.0,142.0,288095.0,1051181.0,1344418.0,22075.0,-32351.0,6641.0,-3636.0,85164,129781.0,0.07381666037401469,8.876784737365254,0.3415645108261707,0.06334636995339248
AXISBANK,Mar 2024,109369,59474,37943.0,11952.0,11,22442,1334,33060,25.0,24861,81.0,1.0,617.0,156406.0,1295302.0,65913.0,1518239.0,5860.0,267.0,332354.0,1179758.0,1518239.0,-5555.0,-9001.0,22341.0,7785.0,109369,157023.0,0.15832712405189048,8.249122739980766,0.34692645996580385,0.0720367478374617
AXISBANK,TTM,120659,67033,44566.0,9061.0,8,25243,0,34304,0.0,26386,85.0,0.0,0.0,0.0,0.0,0.0,0.0,0.0,0.0,0.0,0.0,0.0,0.0,0.0,0.0,0.0,120659,0.0,0.0,0.0,0.3693549590167331,0.0
BAJAJFINSV,Mar 2013,8055,4124,3931.0,49.0,2,1204,22,2708,18.0,2214,10.0,2.0,80.0,7722.0,12991.0,44578.0,65370.0,1208.0,2.0,43251.0,20910.0,65370.0,-6922.0,2953.0,4592.0,623.0,8055,7802.0,0.28377339143809277,1.6650858754165598,0.48801986343885784,0.12322166131252868
BAJAJFINSV,Mar 2014,6023,1531,4491.0,75.0,3,1562,31,2902,24.0,2191,10.0,2.0,80.0,9232.0,19507.0,45565.0,74383.0,1262.0,1.0,45314.0,27805.0,74383.0,-9807.0,3764.0,6521.0,478.0,6023,9312.0,0.23528780068728522,2.0948238831615122,0.7456417067906359,0.08097280292539961
BAJAJFINSV,Mar 2015,11335,5823,5511.0,49.0,8,2230,38,3251,26.0,2409,11.0,2.0,80.0,11009.0,26312.0,50827.0,88228.0,1261.0,3.0,51367.0,35598.0,88228.0,-10731.0,3709.0,6839.0,-183.0,11335,11089.0,0.21724231220128054,2.372801875732708,0.486193206881341,0.12847395384685134
BAJAJFINSV,Mar 2016,20533,13795,6739.0,33.0,0,2877,58,3804,27.0,2775,12.0,1.0,80.0,13519.0,36062.0,54290.0,103951.0,1274.0,11.0,53698.0,48969.0,103951.0,-9795.0,-886.0,11602.0,921.0,20533,13599.0,0.2040591219942643,2.651812633281859,0.32820337992499876,0.19752575732797184
BAJAJFINSV,Mar 2017,24507,15794,8713.0,36.0,0,3716,73,4925,30.0,3450,14.0,1.0,80.0,16071.0,48282.0,64181.0,128614.0,1645.0,4.0,62658.0,64306.0,128614.0,-10922.0,151.0,12513.0,1742.0,24507,16151.0,0.21360906445421335,2.989412420283574,0.3555310727547231,0.19054690780163902
BAJAJFINSV,Mar 2018,32862,22074,10788.0,33.0,1,4531,160,6099,32.0,4176,17.0,1.0,80.0,20403.0,65695.0,75337.0,161514.0,1792.0,28.0,69428.0,90266.0,161514.0,-19580.0,-922.0,19590.0,-911.0,32862,20483.0,0.20387638529512278,3.2072938534394377,0.32828190615300346,0.20346223856755452
BAJAJFINSV,Mar 2019,42605,27569,15037.0,35.0,2,6657,226,8155,34.0,5374,20.0,1.0,80.0,23660.0,99754.0,84934.0,208428.0,2097.0,66.0,81679.0,124587.0,208428.0,-27076.0,-6903.0,34535.0,555.0,42605,23740.0,0.22636899747262004,4.201937657961246,0.3529397957986152,0.20441111558907632
BAJAJFINSV,Mar 2020,54351,36094,18258.0,34.0,0,9500,457,8302,28.0,5994,21.0,2.0,80.0,31222.0,127212.0,92791.0,251304.0,3216.0,45.0,91821.0,156223.0,251304.0,-23369.0,-9948.0,34479.0,1162.0,54351,31302.0,0.19148936170212766,4.0640214682767875,0.33592758182922117,0.21627590488014517
BAJAJFINSV,Mar 2021,60592,40950,19641.0,32.0,-7,9274,498,9862,25.0,7367,28.0,1.0,80.0,35750.0,128461.0,115554.0,279845.0,3182.0,129.0,113654.0,162879.0,279845.0,4547.0,-3684.0,1687.0,2551.0,60592,35830.0,0.2056098241696902,3.585291655037678,0.32415170319514125,0.21651985920777572
BAJAJFINSV,Mar 2022,68406,46951,21455.0,31.0,8,9629,563,11271,26.0,8314,29.0,1.0,80.0,40167.0,161179.0,131987.0,333413.0,3586.0,113.0,119222.0,210493.0,333413.0,-33670.0,1445.0,32326.0,101.0,68406,40247.0,0.20657440306109773,4.004745695331329,0.31364207818027656,0.20516896461745643
BAJAJFINSV,Mar 2023,82072,52204,29868.0,36.0,1,12380,678,16811,27.0,12210,40.0,2.0,159.0,46248.0,212265.0,146729.0,405401.0,4336.0,191.0,136176.0,264698.0,405401.0,-39480.0,-13945.0,51016.0,-2409.0,82072,46407.0,0.26310685887904844,4.573986683043507,0.3639243590993274,0.2024464665849369
BAJAJFINSV,Mar 2024,110382,69497,40886.0,37.0,-4,18607,900,21375,27.0,15595,51.0,2.0,159.0,60169.0,288933.0,188154.0,537415.0,5455.0,220.0,168385.0,363355.0,537415.0,-68674.0,-10960.0,82709.0,3075.0,110382,60328.0,0.2585035141227954,4.789368120938867,0.3704045949520755,0.2053943414307379
BAJAJFINSV,TTM,126263,80784,45479.0,36.0,12,21568,1031,22892,0.0,16520,53.0,0.0,0.0,0.0,0.0,0.0,0.0,0.0,0.0,0.0,0.0,0.0,0.0,0.0,0.0,0.0,126263,0.0,0.0,0.0,0.36019261382986306,0.0
BAJAJHLDNG,Mar 2013,337,15,322.0,95.0,3,0,2,322,21.0,1856,167.0,15.0,111.0,10234.0,0.0,430.0,10775.0,532.0,0.0,9577.0,666.0,10775.0,473.0,-369.0,-332.0,-228.0,337,10345.0,0.1794103431609473,0.0,0.9554896142433235,0.03127610208816705
BAJAJHLDNG,Mar 2014,423,23,400.0,94.0,5,0,5,400,20.0,1988,179.0,17.0,111.0,11888.0,0.0,449.0,12448.0,532.0,0.0,11325.0,592.0,12448.0,872.0,-519.0,-326.0,27.0,423,11999.0,0.16568047337278108,0.0,0.9456264775413712,0.03398136246786632
BAJAJHLDNG,Mar 2015,524,40,484.0,92.0,35,0,6,513,19.0,2029,182.0,19.0,111.0,13282.0,0.0,500.0,13893.0,544.0,0.0,13078.0,271.0,13893.0,796.0,-464.0,-391.0,-59.0,524,13393.0,0.15149705069812588,0.0,0.9236641221374046,0.037716835816598286
BAJAJHLDNG,Mar 2016,470,42,429.0,91.0,7,0,5,430,21.0,2265,204.0,16.0,111.0,15182.0,0.0,178.0,15472.0,544.0,0.0,13276.0,1651.0,15472.0,1147.0,1019.0,-761.0,1406.0,470,15293.0,0.14810697704832276,0.0,0.9127659574468086,0.030377456049638055
BAJAJHLDNG,Mar 2017,842,215,628.0,75.0,8,0,5,630,21.0,2473,222.0,15.0,111.0,17707.0,0.0,71.0,17889.0,222.0,0.0,17364.0,302.0,17889.0,-923.0,-372.0,-110.0,-1406.0,842,17818.0,0.13879223257380177,0.0,0.7458432304038005,0.047068030633350105
BAJAJHLDNG,Mar 2018,420,65,355.0,85.0,2390,0,5,2739,3.0,2655,239.0,17.0,111.0,25090.0,0.0,68.0,25269.0,215.0,0.0,24575.0,478.0,25269.0,1631.0,-1123.0,-434.0,74.0,420,25201.0,0.10535296218404032,0.0,0.8452380952380952,0.016621156357592308
BAJAJHLDNG,Mar 2019,431,85,347.0,80.0,2827,0,4,3170,4.0,3048,274.0,12.0,111.0,26841.0,0.0,56.0,27008.0,193.0,0.0,26257.0,558.0,27008.0,628.0,-163.0,-536.0,-72.0,431,26952.0,0.11308993766696349,0.0,0.8051044083526682,0.0159582345971564
BAJAJHLDNG,Mar 2020,435,134,301.0,69.0,3058,13,33,3314,7.0,3080,269.0,15.0,111.0,27652.0,168.0,4797.0,32729.0,374.0,0.0,32068.0,287.0,32729.0,1920.0,-800.0,-1028.0,92.0,435,27763.0,0.11093901955840507,0.006051219248640277,0.6919540229885057,0.013290965199058938
BAJAJHLDNG,Mar 2021,457,106,352.0,77.0,3451,4,34,3766,3.0,3654,328.0,12.0,111.0,37056.0,136.0,8186.0,45490.0,342.0,0.0,44914.0,234.0,45490.0,272.0,-308.0,-37.0,-73.0,457,37167.0,0.09831301961417387,0.0036591600075335648,0.7702407002188184,0.010046163992086172
BAJAJHLDNG,Mar 2022,484,117,367.0,76.0,3896,3,34,4226,2.0,4126,364.0,32.0,111.0,42731.0,114.0,10632.0,53588.0,310.0,0.0,52964.0,314.0,53588.0,1610.0,-151.0,-1460.0,-1.0,484,42842.0,0.09630736193455021,0.0026609401988702676,0.7582644628099173,0.009031872807344929
BAJAJHLDNG,Mar 2023,522,142,380.0,73.0,4673,7,34,5012,1.0,4946,436.0,28.0,111.0,44071.0,93.0,8913.0,53188.0,278.0,0.0,52555.0,355.0,53188.0,1728.0,-137.0,-1587.0,4.0,522,44182.0,0.11194604137431534,0.0021049296093431716,0.7279693486590039,0.009814243814394224
BAJAJHLDNG,Mar 2024,1702,140,1562.0,92.0,5967,2,34,7493,2.0,7365,653.0,20.0,111.0,54136.0,63.0,10851.0,65161.0,244.0,0.0,64715.0,203.0,65161.0,1941.0,-472.0,-1455.0,14.0,1702,54247.0,0.13576787656460265,0.0011613545449517945,0.917743830787309,0.026119918356071883
BAJAJHLDNG,TTM,1733,178,1554.0,90.0,6055,2,34,7574,0.0,7486,666.0,0.0,0.0,0.0,0.0,0.0,0.0,0.0,0.0,0.0,0.0,0.0,0.0,0.0,0.0,0.0,1733,0.0,0.0,0.0,0.8967109059434507,0.0
BAJFINANCE,Mar 2015,5392,2274,1752.0,1367.0,25,26,36,1357,34.0,898,18.0,10.0,50.0,4750.0,26655.0,1325.0,32780.0,252.0,0.0,326.0,32201.0,32780.0,-7064.0,-360.0,6867.0,-557.0,5392,4800.0,0.18708333333333332,5.553125,0.3249258160237389,0.16449054301403296
BAJFINANCE,Mar 2016,7299,2959,2354.0,1986.0,27,35,56,1965,35.0,1279,24.0,10.0,54.0,7373.0,37025.0,2522.0,46973.0,290.0,0.0,1029.0,45654.0,46973.0,-9870.0,-687.0,11656.0,1100.0,7299,7427.0,0.17220950585700823,4.985189174633096,0.3225099328675161,0.1553871372916356
BAJFINANCE,Mar 2017,9970,3853,3250.0,2867.0,29,22,71,2817,35.0,1836,33.0,11.0,109.0,9491.0,49250.0,4881.0,63731.0,366.0,0.0,4070.0,59295.0,63731.0,-10439.0,-3047.0,12513.0,-972.0,9970,9600.0,0.19125,5.130208333333333,0.3259779338014042,0.15643878175456213
BAJFINANCE,Mar 2018,12746,4696,4115.0,3935.0,31,10,102,3843,35.0,2496,43.0,9.0,115.0,15733.0,66557.0,2393.0,84798.0,470.0,0.0,3139.0,81189.0,84798.0,-20566.0,1075.0,19503.0,13.0,12746,15848.0,0.1574962140333165,4.1997097425542655,0.3228463831790366,0.15031014882426472
BAJFINANCE,Mar 2019,18487,6723,5454.0,6310.0,34,13,144,6179,35.0,3995,69.0,9.0,115.0,19582.0,101588.0,2948.0,124233.0,695.0,0.0,8599.0,114939.0,124233.0,-29062.0,-5379.0,34449.0,9.0,18487,19697.0,0.202822764888054,5.1575366807127985,0.2950181208416725,0.1488090925921454
BAJFINANCE,Mar 2020,26374,9608,9159.0,7608.0,29,9,295,7322,28.0,5264,87.0,11.0,120.0,32208.0,129806.0,2257.0,164391.0,1321.0,0.0,17544.0,145526.0,164391.0,-24412.0,-8758.0,34167.0,998.0,26374,32328.0,0.16283098243009156,4.015280871071517,0.3472738302874043,0.1604345736688748
BAJFINANCE,Mar 2021,26673,9519,10839.0,6314.0,24,3,325,5992,26.0,4420,73.0,14.0,120.0,36798.0,131634.0,2918.0,171470.0,1316.0,51.0,18397.0,151707.0,171470.0,-807.0,-429.0,1741.0,505.0,26673,36918.0,0.11972479549271359,3.5655777669429547,0.40636598807783153,0.15555490756400536
BAJFINANCE,Mar 2022,31641,9855,11880.0,9906.0,31,-17,385,9504,26.0,7028,116.0,17.0,121.0,43592.0,165232.0,3562.0,212506.0,1716.0,34.0,12246.0,198510.0,212506.0,-37090.0,6347.0,32275.0,1532.0,31641,43713.0,0.1607759705350811,3.779928167821929,0.37546221674409785,0.14889461944603918
BAJFINANCE,Mar 2023,41411,12701,12693.0,16018.0,39,-5,485,15528,26.0,11508,190.0,16.0,121.0,54251.0,216690.0,4164.0,275226.0,2308.0,80.0,22752.0,250087.0,275226.0,-42112.0,-10394.0,50675.0,-1831.0,41411,54372.0,0.21165305672037077,3.985323328183624,0.3065127623095313,0.15046180230065473
BAJFINANCE,Mar 2024,54972,18886,16099.0,19987.0,36,6,683,19310,25.0,14451,233.0,15.0,124.0,76572.0,293346.0,5700.0,375742.0,3250.0,43.0,30881.0,341568.0,375742.0,-72760.0,-7171.0,82415.0,2484.0,54972,76696.0,0.18841921351830604,3.824788776468134,0.29285818234737687,0.14630251608816688
BAJFINANCE,TTM,62279,21918,18943.0,21417.0,34,29,779,20667,0.0,15389,248.0,0.0,0.0,0.0,0.0,0.0,0.0,0.0,0.0,0.0,0.0,0.0,0.0,0.0,0.0,0.0,62279,0.0,0.0,0.0,0.3041635222145507,0.0
BANKBARODA,Mar 2013,36442,24486,10950.0,1006.0,3,4511,322,5195,9.0,4829,23.0,19.0,423.0,32859.0,509192.0,16914.0,559387.0,2550.0,0.0,125617.0,431220.0,559387.0,23196.0,-514.0,-790.0,21892.0,36442,33282.0,0.14509344390361156,15.299320954269575,0.3004774710498875,0.06514631194503984
BANKBARODA,Mar 2014,40463,27604,12049.0,809.0,2,5555,368,5996,18.0,5036,23.0,19.0,431.0,37416.0,616973.0,21284.0,676104.0,2849.0,0.0,122113.0,551142.0,676104.0,42233.0,-730.0,5151.0,46654.0,40463,37847.0,0.13306206568552328,16.301767643406347,0.2977782171366434,0.059847301598570636
BANKBARODA,Mar 2015,44915,30547,13466.0,902.0,2,5449,368,5983,36.0,3950,18.0,18.0,444.0,41574.0,665483.0,26465.0,733966.0,2978.0,0.0,124739.0,606248.0,733966.0,17838.0,-556.0,-6.0,17276.0,44915,42018.0,0.09400733019182256,15.838045599504975,0.29981075364577536,0.06119493273530382
BANKBARODA,Mar 2016,45799,32107,25391.0,-11700.0,-26,5992,525,-6233,-19.0,-5033,-22.0,0.0,462.0,42041.0,620536.0,28134.0,691173.0,6359.0,0.0,128894.0,555920.0,691173.0,-10011.0,-4005.0,-616.0,-14632.0,45799,42503.0,-0.11841517069383338,14.599816483542337,0.5544007511081028,0.06626271570214692
BANKBARODA,Mar 2017,44473,29596,19250.0,-4372.0,-10,7937,540,3024,41.0,1855,8.0,15.0,462.0,42605.0,648499.0,27649.0,719216.0,5930.0,0.0,140716.0,572570.0,719216.0,17865.0,-551.0,-198.0,17116.0,44473,43067.0,0.04307242204007709,15.057909768500243,0.4328468958694039,0.06183538742185936
BANKBARODA,Mar 2018,46056,29160,26093.0,-9197.0,-20,7992,901,-2106,-9.0,-1836,-7.0,0.0,530.0,46036.0,672311.0,28919.0,747796.0,5532.0,0.0,175137.0,567126.0,747796.0,-59692.0,-414.0,3413.0,-56692.0,46056,46566.0,-0.039427908774642445,14.437808701627796,0.5665494180997047,0.061588989510508216
BANKBARODA,Mar 2019,52906,32506,25815.0,-5414.0,-10,7887,948,1525,29.0,1166,4.0,0.0,530.0,54466.0,734456.0,30217.0,819670.0,7368.0,0.0,195716.0,616586.0,819670.0,-1449.0,-2537.0,4449.0,462.0,52906,54996.0,0.021201541930322206,13.354716706669576,0.48794087627112237,0.06454548781826833
BANKBARODA,Mar 2020,78895,50040,40583.0,-11728.0,-15,12191,1697,-1234,-99.0,981,2.0,0.0,925.0,75179.0,1068981.0,54850.0,1199935.0,9268.0,0.0,289727.0,900941.0,1199935.0,18531.0,-139.0,14729.0,33120.0,78895,76104.0,0.012890255439924314,14.046318196152633,0.514392547056214,0.06574939475888278
BANKBARODA,Mar 2021,74314,43201,38070.0,-6957.0,-9,14687,1357,6373,77.0,1620,3.0,0.0,1036.0,81354.0,1067173.0,53104.0,1202667.0,8441.0,0.0,281859.0,912367.0,1202667.0,-887.0,-471.0,-986.0,-2344.0,74314,82390.0,0.019662580410243963,12.95270057045758,0.5122857065963344,0.061791002829544674
BANKBARODA,Mar 2022,73385,38815,37518.0,-2948.0,-4,14395,1438,10008,23.0,7933,15.0,19.0,1036.0,90833.0,1185331.0,62922.0,1340121.0,11098.0,1.0,347587.0,981435.0,1340121.0,6210.0,-3645.0,-998.0,1567.0,73385,91869.0,0.08635121749447583,12.902404510770772,0.5112488928255093,0.05475998062861488
BANKBARODA,Mar 2023,94503,49942,38231.0,6329.0,7,16275,2040,20565,29.0,15005,29.0,19.0,1036.0,104019.0,1342592.0,78224.0,1525871.0,9865.0,3.0,397487.0,1118516.0,1525871.0,-21354.0,-1096.0,-5405.0,-27855.0,94503,105055.0,0.14282994621864736,12.77989624482414,0.40454800376707617,0.06193380698630487
BANKBARODA,Mar 2024,118379,69899,44379.0,4102.0,3,23399,1702,25799,29.0,18869,36.0,21.0,1036.0,118677.0,1453761.0,81302.0,1654775.0,9054.0,6.0,407136.0,1238579.0,1654775.0,-6274.0,-1285.0,5476.0,-2084.0,118379,119713.0,0.15761863790899902,12.143718727289434,0.37488912729453705,0.07153782236255685
BANKBARODA,TTM,124144,74160,46459.0,3526.0,3,23807,0,27332,0.0,20144,39.0,0.0,0.0,0.0,0.0,0.0,0.0,0.0,0.0,0.0,0.0,0.0,0.0,0.0,0.0,0.0,124144,0.0,0.0,0.0,0.37423475963397346,0.0
BHARTIARTL,Mar 2013,76947,53987,22960.0,30.0,1159,4519,14815,4785,53.0,2267,4.0,17.0,1899.0,48423.0,66736.0,40912.0,157970.0,125674.0,2992.0,7710.0,21594.0,157970.0,22608.0,-18676.0,-4566.0,-634.0,76947,50322.0,0.0450498787806526,1.326179404634156,0.2983872015803085,0.48709881623092993
BHARTIARTL,Mar 2014,85864,59352,26512.0,31.0,2881,5879,15650,7864,62.0,3019,5.0,26.0,1999.0,57757.0,75896.0,45840.0,181492.0,140614.0,0.0,15531.0,25347.0,181492.0,26233.0,-25181.0,2774.0,3826.0,85864,59756.0,0.050522123301425796,1.2700984001606532,0.3087673530233858,0.47310074273246205
BHARTIARTL,Mar 2015,96101,62499,33602.0,35.0,1243,4446,19858,10540,52.0,5048,8.0,33.0,1999.0,37778.0,83415.0,58747.0,181939.0,124279.0,17415.0,10752.0,29494.0,181939.0,28059.0,-22301.0,-9672.0,-3914.0,96101,39777.0,0.12690750936470824,2.097066143751414,0.34965296927191186,0.5282045081043647
BHARTIARTL,Mar 2016,96532,62548,33984.0,35.0,4858,8546,17450,12846,46.0,6893,11.0,9.0,1999.0,64771.0,100646.0,57056.0,224472.0,172293.0,5702.0,11977.0,34500.0,224472.0,27942.0,-14091.0,-11946.0,1905.0,96532,66770.0,0.10323498577205331,1.5073536019170286,0.352049061451125,0.4300402722834028
BHARTIARTL,Mar 2017,95468,60138,35330.0,37.0,1713,9547,19773,7723,45.0,4241,7.0,11.0,1999.0,65458.0,107288.0,57578.0,232322.0,178235.0,10838.0,14339.0,28910.0,232322.0,28280.0,-30680.0,-351.0,-2752.0,95468,67457.0,0.06286967994426079,1.5904650369865247,0.3700716470440357,0.41092965797470754
BHARTIARTL,Mar 2018,82639,52560,30079.0,36.0,1756,9326,19243,3267,33.0,2184,2.0,194.0,1999.0,67536.0,111334.0,68653.0,249521.0,187200.0,9751.0,16159.0,36411.0,249521.0,29854.0,-27940.0,1920.0,3835.0,82639,69535.0,0.031408643129359315,1.60112173725462,0.3639806870847905,0.33119056111509654
BHARTIARTL,Mar 2019,80780,55016,25764.0,32.0,4474,10622,21348,-1732,-99.0,1688,1.0,244.0,1999.0,69424.0,125428.0,77176.0,274026.0,200832.0,9634.0,15711.0,47850.0,274026.0,20070.0,-28286.0,9464.0,1248.0,80780,71423.0,0.023633843439788305,1.7561289780602887,0.31894033176528847,0.29478954551757863
BHARTIARTL,Mar 2020,87539,50930,36610.0,42.0,-37775,13992,27690,-42846,-28.0,-30664,-55.0,-3.0,2728.0,74417.0,148228.0,133718.0,359091.0,229256.0,4282.0,25476.0,100077.0,359091.0,18129.0,-29598.0,19144.0,7675.0,87539,77145.0,-0.3974852550392119,1.9214207012768163,0.41821359622568227,0.2437794319545742
BHARTIARTL,Mar 2021,100616,55337,45279.0,45.0,-4215,15091,29404,-3432,99.0,-12364,-26.0,0.0,2746.0,56207.0,162785.0,122679.0,344417.0,223480.0,5726.0,27550.0,87661.0,344417.0,48205.0,-27286.0,-24910.0,-3991.0,100616,58953.0,-0.20972639221074416,2.7612674503417978,0.45001788979883917,0.2921342442446221
BHARTIARTL,Mar 2022,116547,59013,57534.0,49.0,4656,16616,33091,12483,33.0,8305,7.0,39.0,2795.0,63759.0,169678.0,124975.0,361207.0,244083.0,5955.0,29349.0,81820.0,361207.0,55017.0,-41478.0,-15203.0,-1664.0,116547,66554.0,0.12478588815097515,2.5494786188658836,0.4936549203325697,0.32265985985875134
BHARTIARTL,Mar 2023,139145,67871,71274.0,51.0,1019,19300,36432,16561,26.0,12287,15.0,27.0,2837.0,74726.0,226020.0,140974.0,444557.0,277394.0,49425.0,32954.0,84784.0,444557.0,65325.0,-39232.0,-24470.0,1623.0,139145,77563.0,0.1584131609143535,2.914018281912768,0.5122282511049624,0.3129969835139251
BHARTIARTL,Mar 2024,149982,71691,78292.0,52.0,-3428,22648,39538,12679,32.0,8558,13.0,62.0,2877.0,79742.0,215592.0,144408.0,442019.0,303303.0,16904.0,31602.0,90210.0,442019.0,78898.0,-51089.0,-27778.0,31.0,149982,82619.0,0.10358392137401809,2.6094723973904306,0.5220093077836007,0.3393112060793767
BHARTIARTL,TTM,155478,74745,80733.0,52.0,2190,22424,41690,18809,0.0,13816,22.0,0.0,0.0,0.0,0.0,0.0,0.0,0.0,0.0,0.0,0.0,0.0,0.0,0.0,0.0,0.0,155478,0.0,0.0,0.0,0.5192567437193687,0.0
BEL,Mar 2013,6273,5604,669.0,11.0,622,7,136,1147,21.0,911,1.0,20.0,2.0,4.0,24.0,15.0,45.0,12.0,0.0,0.0,33.0,45.0,-1539.0,1753.0,-158.0,56.0,6273,6.0,151.83333333333334,4.0,0.10664753706360593,139.4
BEL,Mar 2014,6518,5593,925.0,14.0,438,7,150,1206,21.0,952,1.0,20.0,2.0,5.0,21.0,18.0,46.0,7.0,0.0,0.0,39.0,46.0,-569.0,759.0,-213.0,-23.0,6518,7.0,136.0,3.0,0.14191469776004909,141.69565217391303
BEL,Mar 2015,7093,5913,1179.0,17.0,507,7,166,1513,21.0,1197,2.0,20.0,2.0,5.0,26.0,16.0,49.0,6.0,0.0,0.0,43.0,49.0,1434.0,-839.0,-209.0,386.0,7093,7.0,171.0,3.7142857142857144,0.16622021711546595,144.75510204081633
BEL,Mar 2016,7354,5961,1393.0,19.0,573,10,192,1764,24.0,1337,2.0,31.0,9.0,3.0,25.0,15.0,52.0,6.0,0.0,0.0,46.0,52.0,2260.0,-1470.0,-318.0,472.0,7354,12.0,111.41666666666667,2.0833333333333335,0.1894207234158281,141.42307692307693
BEL,Mar 2017,8656,6864,1792.0,21.0,420,18,212,1983,24.0,1523,2.0,33.0,9.0,6.0,29.0,32.0,77.0,6.0,0.0,0.0,71.0,77.0,-61.0,3115.0,-2857.0,197.0,8656,15.0,101.53333333333333,1.9333333333333333,0.20702402957486138,112.41558441558442
BEL,Mar 2018,10401,8361,2039.0,20.0,196,6,272,1957,28.0,1431,2.0,34.0,10.0,21.0,48.0,42.0,121.0,11.0,0.0,0.0,110.0,121.0,-687.0,-6.0,-1202.0,-1895.0,10401,31.0,46.16129032258065,1.5483870967741935,0.19603884241899816,85.95867768595042
BEL,Mar 2019,12164,9255,2909.0,24.0,73,16,338,2628,30.0,1887,3.0,44.0,11.0,38.0,47.0,30.0,126.0,11.0,0.0,0.0,114.0,126.0,1514.0,-896.0,-663.0,-45.0,12164,49.0,38.51020408163265,0.9591836734693877,0.2391483064781322,96.53968253968254
BEL,Mar 2020,12968,10209,2759.0,21.0,99,8,372,2478,28.0,1825,3.0,37.0,11.0,44.0,44.0,23.0,122.0,14.0,0.0,0.0,108.0,122.0,2570.0,-649.0,-1061.0,861.0,12968,55.0,33.18181818181818,0.8,0.21275447254781,106.29508196721312
BEL,Mar 2021,14109,10895,3214.0,23.0,125,10,387,2942,30.0,2100,3.0,46.0,11.0,48.0,49.0,43.0,152.0,15.0,1.0,0.0,136.0,152.0,5093.0,-2595.0,-1076.0,1422.0,14109,59.0,35.59322033898305,0.8305084745762712,0.22779785952229073,92.82236842105263
BEL,Mar 2022,15368,12024,3344.0,22.0,232,9,401,3166,26.0,2400,3.0,46.0,11.0,58.0,58.0,35.0,163.0,17.0,0.0,0.0,145.0,163.0,4207.0,-4872.0,-1078.0,-1742.0,15368,69.0,34.78260869565217,0.8405797101449275,0.21759500260281103,94.28220858895706
BEL,Mar 2023,17734,13645,4090.0,23.0,281,19,429,3923,25.0,2986,4.0,44.0,11.0,64.0,39.0,29.0,144.0,17.0,0.0,0.0,126.0,144.0,1199.0,2708.0,-1262.0,2645.0,17734,75.0,39.81333333333333,0.52,0.2306304274275403,123.15277777777777
BEL,Mar 2024,20268,15217,5051.0,25.0,670,12,443,5266,25.0,3985,5.0,40.0,11.0,73.0,43.0,33.0,161.0,18.0,0.0,1.0,142.0,161.0,4659.0,-5924.0,-1475.0,-2739.0,20268,84.0,47.44047619047619,0.5119047619047619,0.24921057825143084,125.88819875776397
BEL,TTM,21575,15867,5708.0,26.0,754,7,445,6010,0.0,4541,6.0,0.0,0.0,0.0,0.0,0.0,0.0,0.0,0.0,0.0,0.0,0.0,0.0,0.0,0.0,0.0,21575,0.0,0.0,0.0,0.2645654692931634,0.0
BHEL,Mar 2013,48903,39420,9483.0,19.0,1132,128,957,9531,30.0,6693,18.0,20.0,490.0,30059.0,2698.0,38572.0,71818.0,4667.0,2467.0,6.0,64679.0,71818.0,1759.0,-1113.0,472.0,1118.0,48903,30549.0,0.2190906412648532,0.08831712985695113,0.19391448377400158,0.6809295719735999
BHEL,Mar 2014,39561,34982,4579.0,12.0,1617,133,985,5078,31.0,3502,10.0,20.0,490.0,32681.0,4693.0,37468.0,75331.0,4729.0,2931.0,6.0,67665.0,75331.0,4512.0,-868.0,523.0,4167.0,39561,33171.0,0.10557414609146544,0.14147900274336017,0.11574530471929426,0.5251622837875509
BHEL,Mar 2015,31323,29183,2141.0,7.0,1221,92,1082,2187,34.0,1450,4.0,20.0,490.0,33717.0,1889.0,34887.0,70983.0,4230.0,2614.0,6.0,64134.0,70983.0,821.0,650.0,-3543.0,-2071.0,31323,34207.0,0.04238898471073172,0.055222615254187736,0.06835232895955048,0.44127467140019444
BHEL,Mar 2016,25505,26862,-1357.0,-5.0,1492,360,937,-1161,-39.0,-706,-2.0,-14.0,490.0,31825.0,211.0,33051.0,65577.0,3969.0,318.0,796.0,60494.0,65577.0,374.0,23.0,-122.0,275.0,25505,32315.0,-0.021847439269689,0.006529475475785239,-0.05320525387178984,0.3889320950943166
BHEL,Mar 2017,28465,27370,1095.0,4.0,753,413,850,586,22.0,455,1.0,85.0,490.0,31899.0,156.0,29153.0,61698.0,3601.0,168.0,757.0,57171.0,61698.0,560.0,-565.0,-468.0,-473.0,28465,32389.0,0.014047979252215258,0.0048164500293309456,0.03846829439662744,0.4613601737495543
BHEL,Mar 2018,28827,27174,1653.0,6.0,679,330,787,1215,64.0,438,1.0,151.0,734.0,31601.0,110.0,31495.0,63940.0,3073.0,203.0,429.0,60235.0,63940.0,989.0,961.0,-667.0,1283.0,28827,32335.0,0.013545693520952529,0.0034018865006958405,0.05734207513789156,0.450844541757898
BHEL,Mar 2019,30441,28409,2032.0,7.0,662,378,476,1840,46.0,1002,3.0,69.0,696.0,30208.0,2598.0,30987.0,64490.0,2970.0,235.0,152.0,61132.0,64490.0,-3860.0,1919.0,-32.0,-1973.0,30441,30904.0,0.03242298731555786,0.08406678747087756,0.06675207778982294,0.47202667080167465
BHEL,Mar 2020,21463,21596,-133.0,-1.0,590,613,503,-659,99.0,-1468,-4.0,0.0,696.0,27964.0,5080.0,26550.0,60291.0,2817.0,314.0,162.0,56998.0,60291.0,-2892.0,1877.0,1622.0,608.0,21463,28660.0,-0.051221214235868805,0.17725052337752967,-0.006196710618273308,0.35599011461080426
BHEL,Mar 2021,17309,20357,-3049.0,-18.0,393,467,473,-3596,-25.0,-2700,-8.0,0.0,696.0,25287.0,4951.0,25025.0,55960.0,2491.0,420.0,185.0,52864.0,55960.0,560.0,-42.0,-394.0,123.0,17309,25983.0,-0.10391409767925182,0.1905476657814725,-0.17615113524755907,0.30931022158684773
BHEL,Mar 2022,21211,20383,828.0,4.0,405,448,314,470,5.0,445,1.0,31.0,696.0,25810.0,4830.0,25654.0,56991.0,2398.0,431.0,205.0,53956.0,56991.0,660.0,-1118.0,-329.0,-787.0,21211,26506.0,0.01678865162604693,0.18222289292990265,0.03903634906416482,0.3721815725289958
BHEL,Mar 2023,23365,22321,1044.0,4.0,544,612,260,716,9.0,654,2.0,21.0,696.0,23682.0,5454.0,27832.0,57664.0,2476.0,354.0,235.0,54599.0,57664.0,-741.0,1480.0,89.0,829.0,23365,24378.0,0.02682746738862909,0.22372631060792517,0.044682216991226195,0.4051921476137625
BHEL,Mar 2024,23893,23182,711.0,3.0,608,828,249,243,-16.0,282,1.0,31.0,696.0,23742.0,8856.0,26493.0,59788.0,2574.0,308.0,256.0,56650.0,59788.0,-3713.0,1331.0,2656.0,274.0,23893,24438.0,0.011539405843358703,0.36238644733611586,0.029757669610346125,0.399628688031043
BHEL,TTM,25833,24783,1050.0,4.0,527,746,248,583,0.0,445,1.0,0.0,0.0,0.0,0.0,0.0,0.0,0.0,0.0,0.0,0.0,0.0,0.0,0.0,0.0,0.0,25833,0.0,0.0,0.0,0.04064568575078388,0.0
BOSCHLTD,Dec 2012,8659,7310,1350.0,16.0,369,6,367,1346,29.0,958,305.0,20.0,31.0,5542.0,230.0,2098.0,7902.0,863.0,408.0,1529.0,5102.0,7902.0,871.0,-824.0,-156.0,-108.0,8659,5573.0,0.17190023326753992,0.041270410909743406,0.1559071486314817,1.0957985320172108
BOSCHLTD,Dec 2013,8757,7468,1289.0,15.0,353,0,384,1257,30.0,885,282.0,20.0,31.0,6263.0,183.0,2414.0,8891.0,938.0,440.0,2202.0,5311.0,8891.0,1057.0,-846.0,-238.0,-27.0,8757,6294.0,0.1406101048617731,0.029075309818875118,0.1471965284914925,0.9849285794623777
BOSCHLTD,Mar 2015,12086,10104,1981.0,16.0,537,14,548,1956,32.0,1338,426.0,20.0,31.0,7316.0,111.0,2973.0,10431.0,968.0,276.0,2890.0,6298.0,10431.0,1396.0,-1183.0,-237.0,-24.0,12086,7347.0,0.18211514904042467,0.015108207431604737,0.16390865464173424,1.1586616815262198
BOSCHLTD,Mar 2016,9701,7823,1878.0,19.0,623,13,386,2102,27.0,1531,488.0,17.0,31.0,9504.0,50.0,2848.0,12433.0,1149.0,151.0,4628.0,6505.0,12433.0,1318.0,-995.0,-356.0,-33.0,9701,9535.0,0.16056633455689565,0.005243838489774515,0.193588289867024,0.7802622054210568
BOSCHLTD,Mar 2017,10435,8473,1963.0,19.0,912,27,456,2391,27.0,1741,570.0,29.0,30.0,8769.0,0.0,3000.0,11800.0,1514.0,129.0,3927.0,6231.0,11800.0,1457.0,1246.0,-2670.0,33.0,10435,8799.0,0.19786339356745083,0.0,0.18811691423095353,0.8843220338983051
BOSCHLTD,Mar 2018,11690,9597,2093.0,18.0,418,3,467,2041,33.0,1371,449.0,22.0,30.0,9951.0,0.0,3946.0,13927.0,1318.0,313.0,5240.0,7056.0,13927.0,1729.0,-1170.0,-325.0,234.0,11690,9981.0,0.137360985873159,0.0,0.17904191616766468,0.8393767501974582
BOSCHLTD,Mar 2019,12085,9931,2154.0,18.0,600,13,402,2339,32.0,1598,542.0,19.0,30.0,9097.0,0.0,3583.0,12710.0,1176.0,644.0,4054.0,6836.0,12710.0,593.0,1766.0,-2531.0,-172.0,12085,9127.0,0.17508491289580366,0.0,0.17823748448489862,0.9508261211644374
BOSCHLTD,Mar 2020,9842,8358,1483.0,15.0,-105,10,383,985,34.0,650,220.0,48.0,30.0,9240.0,74.0,3977.0,13320.0,1342.0,487.0,4042.0,7450.0,13320.0,1336.0,-873.0,-399.0,64.0,9842,9270.0,0.07011866235167206,0.007982740021574973,0.15068075594391384,0.7388888888888889
BOSCHLTD,Mar 2021,9718,8555,1163.0,12.0,-241,14,341,567,15.0,482,164.0,70.0,30.0,9793.0,54.0,4898.0,14774.0,1241.0,488.0,5157.0,7888.0,14774.0,835.0,-463.0,-338.0,34.0,9718,9823.0,0.04906851267433574,0.005497302249821846,0.11967483021197778,0.6577771761202111
BOSCHLTD,Mar 2022,11782,10319,1462.0,12.0,391,29,324,1500,19.0,1217,413.0,51.0,30.0,10658.0,73.0,4650.0,15410.0,1211.0,606.0,5528.0,8066.0,15410.0,271.0,-33.0,-383.0,-146.0,11782,10688.0,0.11386601796407185,0.0068300898203592815,0.12408759124087591,0.764568462037638
BOSCHLTD,Mar 2023,14929,13120,1810.0,13.0,471,12,386,1882,24.0,1424,483.0,99.0,30.0,10983.0,53.0,5194.0,16259.0,1731.0,366.0,5023.0,9140.0,16259.0,1214.0,262.0,-1239.0,236.0,14929,11013.0,0.12930173431399256,0.004812494324888767,0.12124053854913257,0.9181991512393136
BOSCHLTD,Mar 2024,16727,14632,2095.0,13.0,1566,51,430,3181,22.0,2490,844.0,44.0,30.0,12034.0,39.0,5252.0,17355.0,1770.0,224.0,5125.0,10236.0,17355.0,1253.0,283.0,-1452.0,84.0,16727,12064.0,0.20639920424403183,0.003232758620689655,0.12524660728164047,0.9638144626908672
BOSCHLTD,TTM,17150,14934,2216.0,13.0,876,13,412,2668,0.0,2084,707.0,0.0,0.0,0.0,0.0,0.0,0.0,0.0,0.0,0.0,0.0,0.0,0.0,0.0,0.0,0.0,17150,0.0,0.0,0.0,0.1292128279883382,0.0
BPCL,Mar 2013,242181,235472,6709.0,3.0,1492,2518,2463,3220,40.0,1936,4.0,42.0,723.0,16052.0,33157.0,29696.0,79628.0,24721.0,7463.0,7470.0,39974.0,79628.0,5926.0,-3604.0,-846.0,1476.0,242181,16775.0,0.11540983606557377,1.9765722801788375,0.02770242091658718,3.0414050334053346
BPCL,Mar 2014,264421,255007,9414.0,4.0,1344,1982,2611,6166,34.0,4053,9.0,31.0,723.0,18717.0,33152.0,35868.0,88460.0,27580.0,9372.0,6985.0,44523.0,88460.0,9588.0,-6881.0,-3736.0,-1029.0,264421,19440.0,0.20848765432098765,1.705349794238683,0.035602316003645704,2.9891589418946416
BPCL,Mar 2015,242598,232818,9780.0,4.0,2117,1180,3027,7690,34.0,5082,11.0,34.0,723.0,21839.0,25492.0,38268.0,86322.0,29109.0,15787.0,7712.0,33714.0,86322.0,20742.0,-10536.0,-9792.0,414.0,242598,22562.0,0.22524598883077743,1.1298643737257335,0.04031360522345609,2.81038437478279
BPCL,Mar 2016,187815,174844,12971.0,7.0,1913,680,2072,12132,33.0,8089,19.0,25.0,656.0,27138.0,23388.0,35241.0,86422.0,25358.0,17459.0,9401.0,34203.0,86422.0,11119.0,-9233.0,-1332.0,555.0,187815,27794.0,0.29103403612290424,0.8414765776786357,0.06906264142906583,2.173231353127676
BPCL,Mar 2017,201251,187468,13783.0,7.0,2721,696,2108,13700,31.0,9507,20.0,49.0,1311.0,29508.0,35725.0,42541.0,109086.0,33684.0,16834.0,21327.0,37241.0,109086.0,9041.0,-15274.0,4804.0,-1429.0,201251,30819.0,0.3084785359680716,1.1591875141957884,0.0684866162155716,1.844883853106723
BPCL,Mar 2018,235895,220578,15317.0,6.0,2927,1186,2885,14174,31.0,9792,21.0,46.0,1967.0,34652.0,37659.0,46078.0,120356.0,45539.0,9875.0,23725.0,41217.0,120356.0,11068.0,-7066.0,-4218.0,-215.0,235895,36619.0,0.26740216827330077,1.0284005570878505,0.06493143135717162,1.9599770680315065
BPCL,Mar 2019,298226,283113,15112.0,5.0,2975,1764,3418,12905,34.0,8528,18.0,48.0,1967.0,36798.0,44839.0,53322.0,136926.0,49315.0,13654.0,24907.0,49050.0,136926.0,10157.0,-10451.0,207.0,-87.0,298226,38765.0,0.21999226106023476,1.1566877337804722,0.05067297955241998,2.1780085593678336
BPCL,Mar 2020,284572,275597,8975.0,3.0,1393,2637,4080,3652,0.0,3666,7.0,106.0,1967.0,34565.0,65476.0,48852.0,150860.0,60175.0,17757.0,27029.0,45900.0,150860.0,7881.0,-11135.0,3583.0,329.0,284572,36532.0,0.10035037775101281,1.792291689477718,0.0315385912879693,1.8863316982632905
BPCL,Mar 2021,230171,209170,21001.0,9.0,7489,1723,4334,22432,23.0,17320,37.0,102.0,2093.0,51462.0,54532.0,52891.0,160978.0,64098.0,17037.0,26768.0,53075.0,160978.0,23455.0,-2474.0,-13981.0,7000.0,230171,53555.0,0.3234058444589674,1.0182429278312015,0.09124086005621908,1.4298289207220862
BPCL,Mar 2022,346791,327654,19137.0,6.0,4939,2606,5434,16037,27.0,11682,27.0,29.0,2129.0,49776.0,64534.0,71089.0,187529.0,83901.0,15433.0,23616.0,64578.0,187529.0,20336.0,-8138.0,-17672.0,-5474.0,346791,51905.0,0.22506502263751083,1.243309893073885,0.05518309298684222,1.849265980195063
BPCL,Mar 2023,473187,462288,10899.0,2.0,2036,3745,6369,2821,24.0,2131,5.0,40.0,2129.0,51393.0,69376.0,65210.0,188109.0,86675.0,16249.0,26778.0,58406.0,188109.0,12466.0,-7806.0,-4402.0,257.0,473187,53522.0,0.03981540301184559,1.2962146407084938,0.023033177158290487,2.5154936765386027
BPCL,Mar 2024,448083,404001,44082.0,10.0,3032,4149,6771,36194,26.0,26859,62.0,33.0,2136.0,73499.0,54599.0,72184.0,202418.0,86798.0,20204.0,26631.0,68785.0,202418.0,35936.0,-10521.0,-25427.0,-12.0,448083,75635.0,0.355113373438223,0.7218747934157467,0.09837909494446341,2.213651947949293
BPCL,TTM,445601,419046,26554.0,6.0,3037,3640,6996,18955,0.0,13734,32.0,0.0,0.0,0.0,0.0,0.0,0.0,0.0,0.0,0.0,0.0,0.0,0.0,0.0,0.0,0.0,445601,0.0,0.0,0.0,0.059591428205951064,0.0
BRITANNIA,Mar 2013,6185,5765,421.0,7.0,52,41,73,358,27.0,260,11.0,39.0,24.0,534.0,380.0,946.0,1883.0,737.0,147.0,108.0,891.0,1883.0,320.0,28.0,-378.0,-30.0,6185,558.0,0.4659498207885305,0.6810035842293907,0.06806790622473727,3.2846521508231548
BRITANNIA,Mar 2014,6913,6286,627.0,9.0,34,8,83,569,30.0,395,16.0,36.0,24.0,774.0,150.0,1159.0,2107.0,848.0,107.0,198.0,954.0,2107.0,671.0,-246.0,-357.0,68.0,6913,798.0,0.4949874686716792,0.18796992481203006,0.09069868363951974,3.280968201233982
BRITANNIA,Mar 2015,7858,6988,870.0,11.0,228,4,144,950,28.0,689,29.0,28.0,24.0,1221.0,145.0,1403.0,2793.0,844.0,48.0,518.0,1383.0,2793.0,584.0,-450.0,-181.0,-47.0,7858,1245.0,0.5534136546184739,0.11646586345381527,0.11071519470603207,2.8134622269960614
BRITANNIA,Mar 2016,8397,7174,1224.0,15.0,115,5,113,1220,32.0,825,34.0,29.0,24.0,2068.0,131.0,1271.0,3494.0,950.0,90.0,788.0,1665.0,3494.0,959.0,-705.0,-246.0,8.0,8397,2092.0,0.39435946462715105,0.06261950286806883,0.1457663451232583,2.403262736119061
BRITANNIA,Mar 2017,9054,7776,1278.0,14.0,151,5,119,1304,32.0,885,37.0,30.0,24.0,2672.0,125.0,1288.0,4109.0,1160.0,30.0,487.0,2432.0,4109.0,441.0,-150.0,-295.0,-4.0,9054,2696.0,0.32826409495548964,0.046364985163204746,0.1411530815109344,2.2034558286687758
BRITANNIA,Mar 2018,9914,8413,1501.0,15.0,166,8,142,1518,34.0,1004,42.0,30.0,24.0,3382.0,201.0,1581.0,5188.0,1346.0,203.0,1079.0,2560.0,5188.0,1249.0,-957.0,-232.0,60.0,9914,3406.0,0.2947739283617146,0.05901350557839107,0.1514020576961872,1.9109483423284503
BRITANNIA,Mar 2019,11055,9322,1732.0,16.0,206,9,162,1768,35.0,1155,48.0,31.0,24.0,4229.0,156.0,1829.0,6238.0,1688.0,101.0,1476.0,2972.0,6238.0,1156.0,-852.0,-353.0,-49.0,11055,4253.0,0.2715730072889725,0.03667999059487421,0.1566711895070104,1.7722026290477717
BRITANNIA,Mar 2020,11600,9756,1843.0,16.0,263,77,185,1844,24.0,1394,58.0,60.0,24.0,4379.0,1538.0,1889.0,7830.0,1878.0,40.0,2893.0,3019.0,7830.0,1485.0,-1526.0,58.0,17.0,11600,4403.0,0.3166023166023166,0.3493072904837611,0.15887931034482758,1.4814814814814814
BRITANNIA,Mar 2021,13136,10627,2509.0,19.0,313,111,198,2514,26.0,1851,77.0,204.0,24.0,3524.0,2122.0,2331.0,8000.0,1793.0,117.0,2781.0,3310.0,8000.0,1876.0,433.0,-2242.0,66.0,13136,3548.0,0.5217023675310034,0.5980834272829764,0.1910018270401949,1.642
BRITANNIA,Mar 2022,14136,11935,2201.0,16.0,222,144,201,2078,27.0,1516,63.0,89.0,24.0,2534.0,2481.0,2487.0,7527.0,1753.0,536.0,1762.0,3475.0,7527.0,1300.0,914.0,-2246.0,-32.0,14136,2558.0,0.5926505082095387,0.9698983580922595,0.15570175438596492,1.8780390593862097
BRITANNIA,Mar 2023,16301,13470,2831.0,17.0,597,169,226,3033,24.0,2316,96.0,75.0,24.0,3510.0,2997.0,2819.0,9351.0,2655.0,105.0,3324.0,3266.0,9351.0,2526.0,-1507.0,-1028.0,-9.0,16301,3534.0,0.6553480475382003,0.8480475382003395,0.1736703269738053,1.743236017538231
BRITANNIA,Mar 2024,16769,13603,3167.0,19.0,211,164,300,2913,27.0,2134,89.0,83.0,24.0,3917.0,2065.0,3065.0,9072.0,2771.0,188.0,2767.0,3346.0,9072.0,2573.0,477.0,-2830.0,219.0,16769,3941.0,0.5414869322506978,0.5239786856127886,0.18886039716142883,1.8484347442680775
BRITANNIA,TTM,17244,14107,3136.0,18.0,182,121,308,2889,0.0,2129,89.0,0.0,0.0,0.0,0.0,0.0,0.0,0.0,0.0,0.0,0.0,0.0,0.0,0.0,0.0,0.0,17244,0.0,0.0,0.0,0.18186035722570168,0.0
CANBK,Mar 2013,34070,26198,7217.0,655.0,2,3308,191,3771,22.0,2995,12.0,19.0,443.0,24733.0,376040.0,18108.0,419324.0,2883.0,1.0,127534.0,288907.0,419324.0,8010.0,-435.0,-1043.0,6532.0,34070,25176.0,0.11896250397203686,14.936447410231967,0.21182858820076314,0.08124982114069311
CANBK,Mar 2014,39570,30606,9636.0,-672.0,-2,4144,230,3242,20.0,2672,10.0,19.0,461.0,29715.0,447913.0,23000.0,501090.0,6661.0,1.0,135445.0,358982.0,501090.0,14244.0,-380.0,-3771.0,10092.0,39570,30176.0,0.08854718981972429,14.843352332979851,0.2435178165276725,0.07896785008681076
CANBK,Mar 2015,43813,34133,10302.0,-621.0,-1,4733,429,3683,22.0,2931,11.0,17.0,475.0,32017.0,499488.0,26578.0,558558.0,6969.0,1.0,152122.0,399466.0,558558.0,6344.0,-1104.0,-1464.0,3776.0,43813,32492.0,0.09020682014034224,15.37264557429521,0.23513569032022458,0.07843948166528812
CANBK,Mar 2016,44039,34263,17785.0,-8008.0,-18,5266,172,-2914,-13.0,-2535,-9.0,0.0,543.0,31867.0,506712.0,24603.0,563725.0,7206.0,0.0,152470.0,404049.0,563725.0,9346.0,-443.0,-806.0,8096.0,44039,32410.0,-0.07821659981487196,15.634433816723234,0.4038465905220373,0.07812142445341257
CANBK,Mar 2017,41457,31540,15691.0,-5775.0,-14,7852,331,1746,29.0,1411,5.0,4.0,597.0,34088.0,534858.0,26615.0,596159.0,7185.0,0.0,162073.0,426901.0,596159.0,2575.0,-476.0,124.0,2224.0,41457,34685.0,0.04068040939887559,15.420441112873,0.37848855440576984,0.06954017300753658
CANBK,Mar 2018,41345,29113,25582.0,-13350.0,-32,7398,456,-6408,-36.0,-3873,-11.0,0.0,733.0,36164.0,563756.0,30781.0,631435.0,8335.0,0.0,157444.0,465657.0,631435.0,-11120.0,-487.0,2865.0,-8743.0,41345,36897.0,-0.10496788356776973,15.279182589370409,0.618744709154674,0.06547784015773594
CANBK,Mar 2019,47951,32339,27202.0,-11590.0,-24,9907,429,-2111,-99.0,696,2.0,0.0,753.0,36936.0,640166.0,33928.0,711783.0,8433.0,0.0,168678.0,534672.0,711783.0,18237.0,-745.0,-1185.0,16307.0,47951,37689.0,0.018466926689484995,16.98548648146674,0.5672874392609122,0.06736744204343177
CANBK,Mar 2020,49759,35817,26809.0,-12867.0,-26,11799,446,-1514,34.0,-1921,-4.0,0.0,1030.0,40176.0,668170.0,32064.0,741440.0,8323.0,0.0,192645.0,540472.0,741440.0,-5289.0,-445.0,7792.0,2059.0,49759,41206.0,-0.046619424355676356,16.215356986846576,0.5387769046805603,0.0671112969356927
CANBK,Mar 2021,70253,45182,43437.0,-18367.0,-26,23086,838,3882,30.0,2957,4.0,0.0,1647.0,60763.0,1060998.0,56132.0,1179540.0,11269.0,2.0,286191.0,882077.0,1179540.0,59118.0,-1116.0,290.0,58291.0,70253,62410.0,0.047380227527639804,17.000448646050312,0.6182938806883692,0.05955965885006019
CANBK,Mar 2022,70614,43035,41235.0,-13657.0,-19,23643,841,9145,37.0,6158,7.0,19.0,1814.0,68147.0,1132626.0,56202.0,1258789.0,11447.0,2.0,311347.0,935992.0,1258789.0,919.0,-1429.0,4035.0,3525.0,70614,69961.0,0.08802046854676177,16.18939123225797,0.5839493584841533,0.056096772374083344
CANBK,Mar 2023,85885,52990,42772.0,-9877.0,-12,25325,1021,14427,25.0,11345,12.0,19.0,1814.0,76240.0,1237160.0,65816.0,1381030.0,10334.0,0.0,352893.0,1017803.0,1381030.0,-39978.0,-1156.0,445.0,-40689.0,85885,78054.0,0.14534809234632434,15.850052527737208,0.49801478721546255,0.06218909075110606
CANBK,Mar 2024,110519,72118,46146.0,-7745.0,-7,28646,902,20000,26.0,15401,17.0,19.0,1814.0,90319.0,1369780.0,73104.0,1535018.0,12331.0,0.0,399207.0,1123480.0,1535018.0,15046.0,-1750.0,-3834.0,9462.0,110519,92133.0,0.16716051794688114,14.867419925542423,0.4175390656810141,0.0719985042520674
CANBK,TTM,119392,80351,48026.0,-8985.0,-8,30394,0,21409,0.0,16571,18.0,0.0,0.0,0.0,0.0,0.0,0.0,0.0,0.0,0.0,0.0,0.0,0.0,0.0,0.0,0.0,119392,0.0,0.0,0.0,0.40225475743768424,0.0
CHOLAFIN,Mar 2013,2570,1410,688.0,472.0,18,1,22,452,32.0,308,4.0,16.0,143.0,1809.0,15269.0,1007.0,18228.0,73.0,0.0,172.0,17984.0,18228.0,-3754.0,5.0,4067.0,317.0,2570,1952.0,0.15778688524590165,7.822233606557377,0.267704280155642,0.14099188062321702
CHOLAFIN,Mar 2014,3279,1769,932.0,578.0,18,1,25,554,34.0,368,5.0,14.0,143.0,2144.0,18075.0,1182.0,21544.0,74.0,0.0,39.0,21431.0,21544.0,-2447.0,-83.0,2749.0,219.0,3279,2287.0,0.1609094884127678,7.903366856143419,0.2842329978652028,0.1522001485332343
CHOLAFIN,Mar 2015,3715,1958,1061.0,696.0,19,0,30,666,33.0,444,6.0,11.0,144.0,2531.0,19950.0,1243.0,23868.0,69.0,0.0,25.0,23775.0,23868.0,-2264.0,-40.0,1819.0,-485.0,3715,2675.0,0.16598130841121495,7.457943925233645,0.28559892328398384,0.15564772917714095
CHOLAFIN,Mar 2016,4214,2048,1266.0,899.0,21,2,22,879,35.0,575,7.0,12.0,156.0,3514.0,22546.0,1673.0,27889.0,120.0,0.0,16.0,27753.0,27889.0,-2809.0,-137.0,3031.0,85.0,4214,3670.0,0.1566757493188011,6.143324250681199,0.30042714760322736,0.15109899960557927
CHOLAFIN,Mar 2017,4694,2228,1322.0,1143.0,24,3,39,1107,35.0,718,9.0,12.0,156.0,4142.0,24071.0,2230.0,30598.0,150.0,0.0,182.0,30266.0,30598.0,-1468.0,-222.0,1692.0,2.0,4694,4298.0,0.1670544439274081,5.600511865984179,0.28163613123135917,0.15340871952415192
CHOLAFIN,Mar 2018,5559,2657,1451.0,1451.0,26,0,51,1401,34.0,918,12.0,11.0,156.0,4969.0,38330.0,711.0,44167.0,170.0,4.0,23.0,43970.0,44167.0,-7926.0,-60.0,8009.0,22.0,5559,5125.0,0.1791219512195122,7.479024390243903,0.2610181687353841,0.12586320103244503
CHOLAFIN,Mar 2019,7108,3588,1632.0,1888.0,27,1,57,1832,35.0,1197,15.0,8.0,156.0,6052.0,50567.0,715.0,57490.0,167.0,14.0,42.0,57267.0,57490.0,-9317.0,-11.0,12191.0,2862.0,7108,6208.0,0.19281572164948454,8.145457474226804,0.22960045019696118,0.12363889372064707
CHOLAFIN,Mar 2020,8712,4592,2421.0,1699.0,20,0,111,1588,34.0,1054,13.0,13.0,164.0,8036.0,55005.0,853.0,64058.0,283.0,11.0,33.0,63732.0,64058.0,-2075.0,-54.0,2452.0,323.0,8712,8200.0,0.12853658536585366,6.707926829268293,0.27789256198347106,0.13600174841549845
CHOLAFIN,Mar 2021,9583,4576,2913.0,2094.0,22,56,102,2048,26.0,1521,19.0,11.0,164.0,9436.0,63730.0,1314.0,74644.0,228.0,10.0,1583.0,72823.0,74644.0,-8848.0,-1746.0,8707.0,-1888.0,9583,9600.0,0.1584375,6.638541666666667,0.30397579046227696,0.12838272332672418
CHOLAFIN,Mar 2022,10148,4298,2926.0,2924.0,29,84,101,2908,26.0,2154,26.0,8.0,164.0,11605.0,69174.0,1536.0,82478.0,259.0,37.0,2055.0,80127.0,82478.0,-5571.0,1640.0,5150.0,1218.0,10148,11769.0,0.18302319653326535,5.87764465969921,0.2883326763894363,0.12303887097165304
CHOLAFIN,Mar 2023,12884,5748,3621.0,3515.0,27,220,121,3615,26.0,2665,32.0,6.0,164.0,14182.0,97358.0,1923.0,113627.0,403.0,60.0,3562.0,109602.0,113627.0,-27105.0,-2148.0,27466.0,-1787.0,12884,14346.0,0.18576606719643107,6.786421302105117,0.28104625892579943,0.113388543215961
CHOLAFIN,Mar 2024,19163,9231,5385.0,4548.0,24,255,198,4605,26.0,3420,41.0,5.0,168.0,19425.0,134475.0,2618.0,156686.0,1563.0,13.0,4036.0,151075.0,156686.0,-35683.0,-2855.0,38471.0,-66.0,19163,19593.0,0.17455213596692695,6.863420609401317,0.2810102802275218,0.12230192869816066
CHOLAFIN,TTM,22502,10875,6452.0,5175.0,23,248,243,5180,0.0,3852,46.0,0.0,0.0,0.0,0.0,0.0,0.0,0.0,0.0,0.0,0.0,0.0,0.0,0.0,0.0,0.0,22502,0.0,0.0,0.0,0.286730068438361,0.0
CIPLA,Mar 2013,8279,34,6065.0,2214.0,27,245,330,2095,26.0,1545,19.0,10.0,161.0,8858.0,967.0,1672.0,11658.0,3610.0,378.0,2532.0,5138.0,11658.0,1398.0,-2063.0,718.0,53.0,8279,9019.0,0.17130502272979267,0.10721809513249805,0.7325763981157145,0.7101561159718648
CIPLA,Mar 2014,10173,146,8026.0,2147.0,21,251,373,1880,25.0,1404,17.0,12.0,161.0,9890.0,1248.0,2102.0,13400.0,6496.0,442.0,709.0,5753.0,13400.0,1563.0,-1265.0,-266.0,33.0,10173,10051.0,0.13968759327430105,0.1241667495771565,0.7889511451882434,0.7591791044776119
CIPLA,Mar 2015,11345,168,9183.0,2163.0,19,164,505,1654,24.0,1229,15.0,14.0,161.0,10641.0,1703.0,3166.0,15670.0,6830.0,581.0,640.0,7620.0,15670.0,1173.0,-950.0,165.0,388.0,11345,10802.0,0.11377522680985003,0.15765598963154973,0.8094314676068752,0.7239948947032546
CIPLA,Mar 2016,13790,207,11310.0,2480.0,18,208,754,1727,19.0,1383,17.0,12.0,161.0,11356.0,5202.0,4331.0,21049.0,9368.0,2061.0,759.0,8862.0,21049.0,1741.0,-4533.0,3104.0,312.0,13790,11517.0,0.1200833550403751,0.45168012503256055,0.8201595358955766,0.6551380113069505
CIPLA,Mar 2017,14394,159,11898.0,2496.0,17,208,1323,1222,15.0,1035,13.0,16.0,161.0,12383.0,4113.0,4213.0,20869.0,9492.0,1683.0,973.0,8721.0,20869.0,2382.0,-1304.0,-1326.0,-248.0,14394,12544.0,0.08250956632653061,0.3278858418367347,0.826594414339308,0.6897311802194642
CIPLA,Mar 2018,15156,114,12329.0,2826.0,19,280,1323,1669,15.0,1417,18.0,17.0,161.0,14068.0,4098.0,4346.0,22673.0,9950.0,981.0,1259.0,10483.0,22673.0,1463.0,-834.0,-385.0,243.0,15156,14229.0,0.09958535385480358,0.2880033733923677,0.8134732119292689,0.668460283156177
CIPLA,Mar 2019,16362,168,13265.0,3097.0,19,477,1326,2079,27.0,1492,19.0,16.0,161.0,14851.0,4316.0,4433.0,23762.0,9608.0,676.0,2554.0,10923.0,23762.0,1691.0,-1688.0,-349.0,-345.0,16362,15012.0,0.09938715694111377,0.2875033306687983,0.8107199608849774,0.6885784024913728
CIPLA,Mar 2020,17132,197,13926.0,3206.0,19,344,1175,2178,29.0,1500,19.0,21.0,161.0,15602.0,2816.0,4843.0,23423.0,9683.0,825.0,1471.0,11444.0,23423.0,3068.0,114.0,-2949.0,234.0,17132,15763.0,0.09515955084692,0.17864619678995114,0.8128648143824422,0.731417837168595
CIPLA,Mar 2021,19160,161,14907.0,4252.0,22,266,1068,3290,27.0,2389,30.0,17.0,161.0,18165.0,2014.0,4514.0,24855.0,9516.0,969.0,2710.0,11661.0,24855.0,3755.0,-2374.0,-1240.0,141.0,19160,18326.0,0.1303612354032522,0.10989850485648806,0.778027139874739,0.7708710521021928
CIPLA,Mar 2022,21763,106,17211.0,4553.0,21,99,1052,3493,27.0,2547,31.0,16.0,161.0,20680.0,1056.0,4960.0,26857.0,9683.0,766.0,2551.0,13857.0,26857.0,3326.0,-1858.0,-1600.0,-132.0,21763,20841.0,0.12221102634230603,0.05066935367784655,0.7908376602490466,0.8103287783445656
CIPLA,Mar 2023,22753,110,17726.0,5027.0,22,293,1172,4038,30.0,2833,35.0,24.0,161.0,23246.0,803.0,5089.0,29300.0,9160.0,1093.0,3662.0,15384.0,29300.0,3238.0,-2376.0,-958.0,-97.0,22753,23407.0,0.12103216986371598,0.03430597684453369,0.7790621017008746,0.7765529010238907
CIPLA,Mar 2024,25774,90,19483.0,6291.0,24,552,1051,5702,27.0,4154,51.0,25.0,161.0,26545.0,559.0,5267.0,32533.0,9607.0,1153.0,5449.0,16323.0,32533.0,4134.0,-2982.0,-1200.0,-49.0,25774,26706.0,0.15554557028383134,0.020931625851868495,0.7559168153953597,0.7922417237881536
CIPLA,TTM,26981,66,20075.0,6906.0,26,822,1087,6576,0.0,4987,62.0,0.0,0.0,0.0,0.0,0.0,0.0,0.0,0.0,0.0,0.0,0.0,0.0,0.0,0.0,0.0,26981,0.0,0.0,0.0,0.7440421037026055,0.0
COALINDIA,Mar 2013,68303,46,50216.0,18087.0,26,8752,1813,24979,31.0,17356,27.0,51.0,6316.0,42156.0,1305.0,61206.0,110983.0,13466.0,3496.0,2395.0,91626.0,110983.0,9109.0,-1833.0,-7852.0,-575.0,68303,48472.0,0.3580623865324311,0.026922759531275788,0.7351946473800565,0.6154365983979528
COALINDIA,Mar 2014,70608,59,52842.0,17766.0,25,7169,1996,22880,34.0,15112,24.0,121.0,6316.0,36088.0,178.0,62356.0,104938.0,14784.0,4316.0,3775.0,82063.0,104938.0,14525.0,8580.0,-25350.0,-2246.0,70608,42404.0,0.3563814734459013,0.0041977171964908975,0.7483854520734194,0.6728544473879815
COALINDIA,Mar 2015,74120,9,56777.0,17343.0,23,6570,2320,21584,36.0,13727,22.0,95.0,6316.0,34037.0,408.0,70505.0,111267.0,16115.0,5159.0,2813.0,87179.0,111267.0,14382.0,894.0,-15026.0,250.0,74120,40353.0,0.34017297350878495,0.010110772433276337,0.7660145709660011,0.6661453980065968
COALINDIA,Mar 2016,77861,388,59147.0,18714.0,24,5939,2826,21440,33.0,14267,23.0,121.0,6316.0,28517.0,1199.0,77528.0,113560.0,22082.0,4553.0,2906.0,84018.0,113560.0,13154.0,8154.0,-19587.0,1721.0,77861,34833.0,0.4095828668216921,0.034421382022794475,0.7596486045645445,0.6856375484325467
COALINDIA,Mar 2017,78164,410,65716.0,12448.0,16,5316,2907,14446,36.0,9280,15.0,133.0,6207.0,18311.0,3014.0,91054.0,118587.0,23811.0,8585.0,1483.0,84708.0,118587.0,16461.0,455.0,-17598.0,-682.0,78164,24518.0,0.37849743045925444,0.12293009217717596,0.840745100046057,0.6591278976616324
COALINDIA,Mar 2018,85244,430,75956.0,9288.0,11,4975,3063,10770,35.0,7038,11.0,146.0,6207.0,13971.0,1538.0,103754.0,125471.0,27574.0,10273.0,1704.0,85920.0,125471.0,21115.0,-7747.0,-13564.0,-196.0,85244,20178.0,0.3487957181088314,0.07622162751511548,0.8910421847871991,0.6793920507527635
COALINDIA,Mar 2019,99586,264,74579.0,25007.0,25,5834,3450,27127,36.0,17464,28.0,46.0,6163.0,20292.0,2210.0,104356.0,133021.0,32618.0,9658.0,3170.0,87576.0,133021.0,16356.0,-7896.0,-10885.0,-2426.0,99586,26455.0,0.6601398601398601,0.08353808353808354,0.7488904062820075,0.7486487096022433
COALINDIA,Mar 2020,96080,503,74500.0,21581.0,22,6444,3451,24071,31.0,16700,27.0,44.0,6163.0,25994.0,6434.0,111430.0,150020.0,36784.0,8328.0,1973.0,102936.0,150020.0,4977.0,1033.0,-4791.0,1219.0,96080,32157.0,0.5193270516528283,0.20008085331343098,0.7753955037468776,0.64044794027463
COALINDIA,Mar 2021,90026,642,71398.0,18628.0,21,3742,3718,18009,29.0,12702,21.0,78.0,6163.0,30355.0,5884.0,118649.0,161051.0,42405.0,10490.0,5950.0,102206.0,161051.0,10592.0,182.0,-8453.0,2321.0,90026,36518.0,0.3478284681526918,0.16112602004490936,0.7930819985337569,0.5589906302972351
COALINDIA,Mar 2022,109715,541,84995.0,24721.0,23,3866,4429,23616,26.0,17378,28.0,60.0,6163.0,36980.0,3514.0,132780.0,179436.0,46677.0,12897.0,8921.0,110942.0,179436.0,41107.0,-25715.0,-13441.0,1951.0,109715,43143.0,0.40279999072850753,0.08145006142363767,0.7746889668687053,0.6114436344992086
COALINDIA,Mar 2023,138252,684,94020.0,44232.0,32,6560,6833,43275,27.0,31723,52.0,47.0,6163.0,54680.0,4331.0,156222.0,221396.0,64547.0,17622.0,7139.0,132087.0,221396.0,35734.0,-23465.0,-13704.0,-1436.0,138252,60843.0,0.5213911214108443,0.07118320924346268,0.6800624945751237,0.6244557263907207
COALINDIA,Mar 2024,142324,819,94352.0,47971.0,34,8396,6735,48813,23.0,37369,61.0,42.0,6163.0,76567.0,6523.0,147217.0,236470.0,75668.0,18960.0,7110.0,134731.0,236470.0,18103.0,-4486.0,-13899.0,-282.0,142324,82730.0,0.4516982956605826,0.0788468512027076,0.6629380849329698,0.6018691588785047
COALINDIA,TTM,140328,875,93717.0,46610.0,33,8145,8357,45523,0.0,34350,56.0,0.0,0.0,0.0,0.0,0.0,0.0,0.0,0.0,0.0,0.0,0.0,0.0,0.0,0.0,0.0,140328,0.0,0.0,0.0,0.6678424833247819,0.0
DABUR,Mar 2013,6140,5148,992.0,16.0,100,59,85,948,19.0,766,4.0,34.0,174.0,1921.0,1151.0,1462.0,4709.0,1582.0,93.0,929.0,2105.0,4709.0,870.0,-622.0,-234.0,13.0,6140,2095.0,0.36563245823389023,0.5494033412887828,0.16156351791530946,1.3038861754087916
DABUR,Mar 2014,7058,5897,1162.0,16.0,126,54,97,1136,19.0,916,5.0,33.0,174.0,2482.0,708.0,1948.0,5312.0,1767.0,22.0,1076.0,2447.0,5312.0,1098.0,-104.0,-804.0,190.0,7058,2656.0,0.34487951807228917,0.26656626506024095,0.16463587418532163,1.3286897590361446
DABUR,Mar 2015,7795,6475,1320.0,17.0,154,40,115,1319,19.0,1068,6.0,33.0,176.0,3178.0,734.0,2019.0,6106.0,1877.0,50.0,1813.0,2365.0,6106.0,1047.0,-876.0,-417.0,-245.0,7795,3354.0,0.3184257602862254,0.21884317233154443,0.16933932007697242,1.2766131673763512
DABUR,Mar 2016,7780,6261,1518.0,20.0,217,48,133,1554,19.0,1254,7.0,32.0,176.0,3995.0,805.0,1956.0,6932.0,1667.0,45.0,2691.0,2529.0,6932.0,1187.0,-730.0,-374.0,82.0,7780,4171.0,0.30064732678014866,0.19299928074802206,0.19511568123393316,1.122331217541835
DABUR,Mar 2017,7614,6102,1512.0,20.0,296,54,143,1611,21.0,1280,7.0,31.0,176.0,4671.0,975.0,1910.0,7732.0,1958.0,42.0,3240.0,2492.0,7732.0,1227.0,-807.0,-339.0,81.0,7614,4847.0,0.26408087476789766,0.20115535382710956,0.19858156028368795,0.9847387480600104
DABUR,Mar 2018,7722,6104,1617.0,21.0,291,53,162,1693,20.0,1358,8.0,81.0,176.0,5530.0,938.0,2058.0,8702.0,2028.0,42.0,3805.0,2827.0,8702.0,1092.0,-541.0,-577.0,-27.0,7722,5706.0,0.2379950928846828,0.16438836312653346,0.2094017094017094,0.8873822109859802
DABUR,Mar 2019,8515,6775,1740.0,20.0,222,60,177,1725,16.0,1446,8.0,34.0,177.0,5455.0,699.0,2106.0,8437.0,1969.0,64.0,3359.0,3045.0,8437.0,1499.0,338.0,-1888.0,-51.0,8515,5632.0,0.2567471590909091,0.12411221590909091,0.20434527304756311,1.0092449922958397
DABUR,Mar 2020,8685,6892,1792.0,21.0,205,50,220,1728,16.0,1448,8.0,37.0,177.0,6429.0,522.0,2209.0,9337.0,2253.0,147.0,2800.0,4137.0,9337.0,1614.0,-517.0,-1043.0,54.0,8685,6606.0,0.2191946715107478,0.07901907356948229,0.20633275762809442,0.9301702902431188
DABUR,Mar 2021,9562,7560,2002.0,21.0,325,31,240,2056,18.0,1695,10.0,50.0,177.0,7487.0,509.0,2661.0,10833.0,2243.0,147.0,4160.0,4283.0,10833.0,2115.0,-1404.0,-613.0,97.0,9562,7664.0,0.22116388308977036,0.06641440501043841,0.20937042459736457,0.8826733130250162
DABUR,Mar 2022,10889,8637,2252.0,21.0,308,39,253,2269,23.0,1742,10.0,53.0,177.0,8205.0,1030.0,2872.0,12284.0,2308.0,168.0,6220.0,3589.0,12284.0,1802.0,-1273.0,-490.0,38.0,10889,8382.0,0.20782629444046766,0.12288236697685516,0.20681421618146753,0.8864376424617388
DABUR,Mar 2023,11530,9367,2162.0,19.0,445,78,311,2219,23.0,1701,10.0,54.0,177.0,8796.0,1174.0,3505.0,13652.0,3579.0,175.0,6265.0,3633.0,13652.0,1488.0,-583.0,-1035.0,-130.0,11530,8973.0,0.18956870611835505,0.13083695531037556,0.18751084128360798,0.8445648989159098
DABUR,Mar 2024,12404,10004,2400.0,19.0,482,124,399,2359,23.0,1811,10.0,53.0,177.0,9689.0,1365.0,3885.0,15116.0,3815.0,232.0,6933.0,4136.0,15116.0,2013.0,-971.0,-1161.0,-119.0,12404,9866.0,0.18355969997972835,0.13835394283397526,0.19348597226701064,0.8205874569992061
DABUR,TTM,12447,10106,2341.0,19.0,537,152,424,2302,0.0,1760,10.0,0.0,0.0,0.0,0.0,0.0,0.0,0.0,0.0,0.0,0.0,0.0,0.0,0.0,0.0,0.0,12447,0.0,0.0,0.0,0.18807744838113602,0.0
DIVISLAB,Mar 2013,2145,1329,816.0,38.0,45,3,77,781,23.0,602,23.0,33.0,27.0,2474.0,33.0,605.0,3139.0,909.0,303.0,408.0,1519.0,3139.0,480.0,-255.0,-231.0,-5.0,2145,2501.0,0.24070371851259495,0.013194722111155539,0.3804195804195804,0.6833386428798981
DIVISLAB,Mar 2014,2532,1514,1018.0,40.0,68,3,92,991,22.0,773,29.0,34.0,27.0,2937.0,18.0,729.0,3710.0,1222.0,144.0,502.0,1842.0,3710.0,557.0,-305.0,-248.0,3.0,2532,2964.0,0.2607962213225371,0.006072874493927126,0.4020537124802528,0.6824797843665769
DIVISLAB,Mar 2015,3115,1942,1173.0,38.0,38,3,136,1072,21.0,852,32.0,31.0,27.0,3469.0,27.0,883.0,4405.0,1309.0,218.0,733.0,2145.0,4405.0,826.0,-521.0,-303.0,3.0,3115,3496.0,0.2437070938215103,0.007723112128146453,0.37656500802568216,0.7071509648127128
DIVISLAB,Mar 2016,3776,2354,1423.0,38.0,93,5,118,1393,19.0,1126,42.0,24.0,53.0,4240.0,42.0,562.0,4898.0,1439.0,264.0,803.0,2392.0,4898.0,1038.0,-406.0,-631.0,0.0,3776,4293.0,0.2622874446773818,0.009783368273934312,0.376853813559322,0.7709269089424254
DIVISLAB,Mar 2017,4064,2615,1450.0,36.0,72,3,123,1395,24.0,1060,40.0,25.0,53.0,5304.0,36.0,762.0,6155.0,1559.0,444.0,1631.0,2521.0,6155.0,1150.0,-1140.0,2.0,13.0,4064,5357.0,0.19787194325182006,0.006720179204778794,0.35679133858267714,0.6602761982128351
DIVISLAB,Mar 2018,3891,2622,1269.0,33.0,107,2,142,1231,29.0,877,33.0,30.0,53.0,5872.0,63.0,797.0,6785.0,1996.0,120.0,1889.0,2780.0,6785.0,776.0,-478.0,-314.0,-17.0,3891,5925.0,0.1480168776371308,0.010632911392405063,0.3261372397841172,0.5734708916728076
DIVISLAB,Mar 2019,4946,3072,1874.0,38.0,154,5,169,1855,27.0,1353,51.0,31.0,53.0,6904.0,106.0,973.0,8036.0,2088.0,492.0,1946.0,3511.0,8036.0,954.0,-685.0,-246.0,23.0,4946,6957.0,0.19448037947391117,0.015236452493891045,0.3788920339668419,0.6154803384768541
DIVISLAB,Mar 2020,5394,3568,1826.0,34.0,186,7,186,1819,24.0,1377,52.0,31.0,53.0,7257.0,39.0,1183.0,8531.0,2782.0,920.0,971.0,3858.0,8531.0,1216.0,-83.0,-1091.0,41.0,5394,7310.0,0.1883720930232558,0.00533515731874145,0.3385242862439748,0.6322822646817489
DIVISLAB,Mar 2021,6969,4102,2867.0,41.0,57,2,256,2666,26.0,1984,75.0,27.0,53.0,9242.0,5.0,1471.0,10771.0,3704.0,711.0,0.0,6356.0,10771.0,1947.0,75.0,-35.0,1987.0,6969,9295.0,0.2134480903711673,0.0005379236148466917,0.4113933132443679,0.6470151332281125
DIVISLAB,Mar 2022,8960,5075,3885.0,43.0,112,2,312,3684,20.0,2960,112.0,27.0,53.0,11675.0,4.0,1628.0,13360.0,4325.0,470.0,72.0,8493.0,13360.0,1912.0,-2195.0,-532.0,-816.0,8960,11728.0,0.252387448840382,0.00034106412005457026,0.43359375,0.6706586826347305
DIVISLAB,Mar 2023,7767,5397,2370.0,31.0,344,2,343,2369,23.0,1824,69.0,44.0,53.0,12714.0,4.0,1654.0,14425.0,4722.0,212.0,77.0,9414.0,14425.0,2459.0,-2707.0,-797.0,-1045.0,7767,12767.0,0.14286833241951907,0.0003133077465340331,0.30513711857860176,0.5384402079722703
DIVISLAB,Mar 2024,7845,5635,2210.0,28.0,335,4,378,2163,26.0,1600,60.0,50.0,53.0,13518.0,3.0,1886.0,15460.0,4739.0,778.0,82.0,9861.0,15460.0,1261.0,-269.0,-799.0,193.0,7845,13571.0,0.11789845995136689,0.0002210596124088129,0.2817080943275972,0.5074385510996119
DIVISLAB,TTM,8614,6056,2558.0,30.0,359,3,386,2528,0.0,1836,69.0,0.0,0.0,0.0,0.0,0.0,0.0,0.0,0.0,0.0,0.0,0.0,0.0,0.0,0.0,0.0,8614,0.0,0.0,0.0,0.2969584397492454,0.0
DLF,Mar 2013,7773,5140,2633.0,34.0,1279,2314,796,802,17.0,667,4.0,48.0,340.0,25389.0,26600.0,12318.0,64647.0,19849.0,7834.0,1334.0,35630.0,64647.0,2009.0,1995.0,-3951.0,52.0,7773,25729.0,0.025924054568774533,1.0338528508686695,0.3387366525151164,0.1202375980323913
DLF,Mar 2014,8298,5805,2493.0,30.0,1133,2463,663,500,-16.0,590,4.0,55.0,356.0,27039.0,24133.0,12997.0,64525.0,18835.0,5979.0,891.0,38820.0,64525.0,1468.0,3924.0,-4532.0,860.0,8298,27395.0,0.021536776784084687,0.8809271764920606,0.3004338394793926,0.12860131731886865
DLF,Mar 2015,7649,4635,3014.0,39.0,503,2304,545,668,24.0,507,3.0,66.0,356.0,27013.0,24495.0,14398.0,66262.0,19619.0,5901.0,623.0,40119.0,66262.0,2037.0,98.0,-1547.0,588.0,7649,27369.0,0.01852460813328949,0.8949906828894004,0.3940384363969146,0.11543569466662643
DLF,Mar 2016,9926,5960,3966.0,40.0,506,2680,766,1026,55.0,305,2.0,117.0,357.0,23712.0,25264.0,12396.0,61729.0,3943.0,1779.0,21310.0,34697.0,61729.0,2957.0,-818.0,-1929.0,210.0,9926,24069.0,0.012671901616186797,1.049648926004404,0.3995567197259722,0.1607996241636832
DLF,Mar 2017,8221,4775,3446.0,42.0,1135,2980,572,1030,22.0,708,4.0,50.0,357.0,24216.0,29202.0,10179.0,63954.0,24640.0,153.0,1209.0,37952.0,63954.0,-898.0,872.0,787.0,761.0,8221,24573.0,0.028812110853375657,1.1883774874862654,0.41917041722418197,0.12854551709040873
DLF,Mar 2018,6707,4329,2378.0,35.0,9722,2951,534,8615,50.0,4477,25.0,8.0,357.0,34954.0,17491.0,7783.0,60585.0,8082.0,137.0,20832.0,31533.0,60585.0,270.0,-2102.0,-232.0,-2064.0,6707,35311.0,0.12678768655659708,0.49534139503270935,0.3545549425972864,0.11070396962944623
DLF,Mar 2019,8366,6218,2148.0,26.0,784,2062,225,646,43.0,1314,6.0,33.0,441.0,33135.0,17222.0,15684.0,66483.0,6322.0,103.0,21005.0,39053.0,66483.0,2043.0,3.0,875.0,2921.0,8366,33576.0,0.03913509649749821,0.5129258994519895,0.25675352617738467,0.12583668005354753
DLF,Mar 2020,6083,4937,1146.0,19.0,1135,1427,200,653,99.0,-590,-2.0,-85.0,495.0,33952.0,8103.0,13341.0,55890.0,5187.0,89.0,18566.0,32049.0,55890.0,356.0,6508.0,-9522.0,-2658.0,6083,34447.0,-0.017127761488663743,0.23523093447905477,0.18839388459641623,0.10883879048130256
DLF,Mar 2021,5414,3945,1469.0,27.0,383,853,159,840,43.0,1083,4.0,45.0,495.0,34849.0,6886.0,11258.0,53488.0,4856.0,95.0,19746.0,28791.0,53488.0,1460.0,150.0,-2184.0,-573.0,5414,35344.0,0.030641693073789045,0.19482797645993663,0.2713335796084226,0.10121896500149566
DLF,Mar 2022,5717,3974,1743.0,30.0,195,625,149,1165,28.0,1500,6.0,49.0,495.0,35867.0,4182.0,10623.0,51167.0,4862.0,81.0,19779.0,26444.0,51167.0,2832.0,267.0,-3828.0,-729.0,5717,36362.0,0.04125185633353501,0.1150101754578956,0.30488018191359106,0.111732171125921
DLF,Mar 2023,5695,3969,1726.0,30.0,317,392,149,1502,27.0,2034,8.0,49.0,495.0,37192.0,3334.0,11551.0,52572.0,4785.0,61.0,19481.0,28245.0,52572.0,2375.0,-461.0,-2013.0,-98.0,5695,37687.0,0.05397086528511158,0.08846551861384562,0.30307287093942054,0.10832762687362094
DLF,Mar 2024,6427,4303,2124.0,33.0,531,356,148,2151,24.0,2724,11.0,45.0,495.0,38936.0,4834.0,14804.0,59069.0,3880.0,71.0,20138.0,34981.0,59069.0,2539.0,-1529.0,177.0,1186.0,6427,39431.0,0.0690827014278106,0.12259389820192235,0.3304807841916913,0.10880495691479457
DLF,TTM,7001,5116,1885.0,27.0,662,386,150,2010,0.0,4004,16.0,0.0,0.0,0.0,0.0,0.0,0.0,0.0,0.0,0.0,0.0,0.0,0.0,0.0,0.0,0.0,7001,0.0,0.0,0.0,0.269247250392801,0.0
DMART,Mar 2013,3341,3126,215.0,6.0,15,43,46,141,34.0,94,2.0,0.0,544.0,245.0,526.0,176.0,1492.0,925.0,118.0,16.0,433.0,1492.0,127.0,-231.0,118.0,14.0,3341,789.0,0.11913814955640051,0.6666666666666666,0.06435199042202933,2.2392761394101877
DMART,Mar 2014,4686,4345,341.0,7.0,16,56,57,245,34.0,161,3.0,0.0,547.0,409.0,641.0,211.0,1808.0,1172.0,89.0,16.0,532.0,1808.0,198.0,-270.0,65.0,-7.0,4686,956.0,0.1684100418410042,0.6705020920502092,0.07276995305164319,2.5918141592920354
DMART,Mar 2015,6439,5983,456.0,7.0,20,72,82,323,34.0,212,4.0,0.0,562.0,638.0,904.0,251.0,2355.0,1528.0,98.0,15.0,713.0,2355.0,222.0,-474.0,234.0,-17.0,6439,1200.0,0.17666666666666667,0.7533333333333333,0.07081845006988663,2.7341825902335457
DMART,Mar 2016,8584,7919,664.0,8.0,17,91,98,492,35.0,320,6.0,0.0,562.0,959.0,1192.0,389.0,3102.0,2094.0,82.0,29.0,897.0,3102.0,433.0,-633.0,196.0,-3.0,8584,1521.0,0.210387902695595,0.7836949375410914,0.07735321528424977,2.7672469374597033
DMART,Mar 2017,11898,10929,969.0,8.0,28,122,128,747,36.0,479,8.0,0.0,624.0,3218.0,1497.0,480.0,5819.0,2578.0,153.0,26.0,3063.0,5819.0,455.0,-2482.0,2025.0,-1.0,11898,3842.0,0.12467464862051016,0.3896408120770432,0.08144225920322744,2.044681216703901
DMART,Mar 2018,15033,13680,1353.0,9.0,88,60,159,1222,34.0,806,13.0,0.0,624.0,4045.0,439.0,540.0,5648.0,3400.0,147.0,68.0,2033.0,5648.0,730.0,464.0,-1159.0,34.0,15033,4669.0,0.1726279717284215,0.09402441636324695,0.09000199560965876,2.6616501416430594
DMART,Mar 2019,20005,18371,1633.0,8.0,48,47,212,1422,37.0,902,14.0,0.0,624.0,4963.0,700.0,718.0,7006.0,4400.0,377.0,17.0,2212.0,7006.0,807.0,-958.0,209.0,57.0,20005,5587.0,0.16144621442634688,0.12529085376767496,0.08162959260184954,2.8554096488723952
DMART,Mar 2020,24870,22742,2128.0,9.0,60,69,374,1745,25.0,1301,20.0,0.0,648.0,10432.0,333.0,663.0,12076.0,5948.0,364.0,15.0,5749.0,12076.0,1280.0,-4657.0,3357.0,-19.0,24870,11080.0,0.1174187725631769,0.030054151624548737,0.08556493767591476,2.0594567737661476
DMART,Mar 2021,24143,22398,1745.0,7.0,194,42,414,1483,26.0,1099,17.0,0.0,648.0,11536.0,393.0,1079.0,13655.0,7009.0,1020.0,3.0,5624.0,13655.0,1375.0,-1110.0,-180.0,86.0,24143,12184.0,0.09020026263952725,0.032255416940249505,0.07227767883030278,1.7680703039179788
DMART,Mar 2022,30976,28474,2502.0,8.0,114,54,498,2064,28.0,1492,23.0,0.0,648.0,13030.0,647.0,1146.0,15471.0,9260.0,1129.0,6.0,5076.0,15471.0,1372.0,-1289.0,-179.0,-96.0,30976,13678.0,0.10908027489399034,0.04730223716917678,0.08077221074380166,2.0021976601383233
DMART,Mar 2023,42840,39201,3639.0,8.0,128,67,639,3060,22.0,2378,37.0,0.0,648.0,15430.0,643.0,1383.0,18105.0,11340.0,829.0,202.0,5733.0,18105.0,2630.0,-2313.0,-205.0,112.0,42840,16078.0,0.14790396815524318,0.039992536385122526,0.08494397759103642,2.3661971830985915
DMART,Mar 2024,50789,46683,4106.0,8.0,145,58,731,3461,27.0,2536,39.0,0.0,651.0,18047.0,592.0,1882.0,21172.0,13415.0,935.0,107.0,6716.0,21172.0,2746.0,-2468.0,-148.0,130.0,50789,18698.0,0.1356294790886726,0.031661140228901485,0.08084427730414066,2.398875873795579
DMART,TTM,57213,52737,4476.0,8.0,137,64,834,3716,0.0,2720,42.0,0.0,0.0,0.0,0.0,0.0,0.0,0.0,0.0,0.0,0.0,0.0,0.0,0.0,0.0,0.0,57213,0.0,0.0,0.0,0.07823396780451995,0.0
DRREDDY,Mar 2013,11833,9164,2669.0,23.0,146,100,550,2165,29.0,1527,18.0,17.0,85.0,6284.0,3682.0,3329.0,13380.0,4051.0,565.0,197.0,8567.0,13380.0,1378.0,-1437.0,-157.0,-216.0,11833,6369.0,0.2397550635892605,0.5781127335531481,0.22555564945491421,0.8843796711509716
DRREDDY,Mar 2014,13415,10164,3251.0,24.0,170,127,648,2646,26.0,1963,23.0,16.0,85.0,7780.0,4477.0,3563.0,15906.0,4641.0,639.0,1067.0,9559.0,15906.0,1970.0,-1604.0,-24.0,342.0,13415,7865.0,0.24958677685950414,0.5692307692307692,0.24234066343645172,0.84339243052936
DRREDDY,Mar 2015,15023,11515,3508.0,23.0,260,108,760,2900,19.0,2336,27.0,15.0,85.0,9768.0,4314.0,4290.0,18457.0,5377.0,529.0,2248.0,10303.0,18457.0,2524.0,-2370.0,-433.0,-280.0,15023,9853.0,0.23708515173043743,0.4378361920227342,0.2335086201158224,0.8139459283740587
DRREDDY,Mar 2016,15568,11983,3585.0,23.0,295,83,939,2859,26.0,2131,25.0,16.0,85.0,12484.0,3352.0,4408.0,20330.0,6563.0,772.0,3833.0,9162.0,20330.0,3263.0,-1610.0,-1700.0,-47.0,15568,12569.0,0.1695441164770467,0.2666878828864667,0.23028006166495374,0.7657648794884407
DRREDDY,Mar 2017,14196,11724,2472.0,17.0,172,79,1027,1554,19.0,1292,16.0,26.0,83.0,12179.0,4918.0,4474.0,21654.0,6931.0,3324.0,2110.0,9290.0,21654.0,2144.0,-1890.0,-369.0,-114.0,14196,12262.0,0.10536617191322786,0.4010764964932311,0.17413355874894337,0.655583264062067
DRREDDY,Mar 2018,14281,11930,2351.0,16.0,155,79,1077,1350,32.0,947,11.0,35.0,83.0,12489.0,5071.0,4706.0,22349.0,6968.0,3470.0,2298.0,9612.0,22349.0,1803.0,-1483.0,-444.0,-124.0,14281,12572.0,0.07532612153993,0.40335666560610883,0.1646243260275891,0.6389995078079556
DRREDDY,Mar 2019,15448,12270,3178.0,21.0,381,89,1135,2336,17.0,1950,23.0,17.0,83.0,13941.0,3838.0,4557.0,22418.0,7191.0,2934.0,2587.0,9707.0,22418.0,2870.0,-769.0,-2133.0,-31.0,15448,14024.0,0.13904734740444952,0.27367370222475756,0.2057224236147074,0.6890891248104202
DRREDDY,Mar 2020,17517,15040,2477.0,14.0,670,98,1163,1886,-7.0,2026,24.0,21.0,83.0,15516.0,2210.0,5414.0,23223.0,6850.0,1535.0,2678.0,12160.0,23223.0,2984.0,-495.0,-2516.0,-27.0,17517,15599.0,0.12988012052054618,0.14167574844541317,0.14140549180795797,0.7542953106833742
DRREDDY,Mar 2021,19048,15173,3874.0,20.0,335,97,1229,2884,32.0,1952,23.0,21.0,83.0,17558.0,3031.0,5915.0,26588.0,8206.0,1565.0,2212.0,14605.0,26588.0,3570.0,-2255.0,-30.0,1286.0,19048,17641.0,0.11065132362110991,0.17181565670880336,0.20338093238135238,0.7164134195877839
DRREDDY,Mar 2022,21545,17778,3768.0,17.0,555,96,1165,3061,29.0,2182,26.0,23.0,83.0,19129.0,3384.0,7149.0,29746.0,8122.0,1293.0,2616.0,17715.0,29746.0,2811.0,-2565.0,-242.0,3.0,21545,19212.0,0.11357484905267541,0.17613991255465333,0.17488976560686934,0.7242990654205608
DRREDDY,Mar 2023,24670,18200,6470.0,26.0,971,143,1250,6048,25.0,4507,54.0,15.0,83.0,23203.0,1347.0,7576.0,32209.0,9219.0,1030.0,4986.0,16974.0,32209.0,5888.0,-4109.0,-2686.0,-907.0,24670,23286.0,0.19354977239543072,0.05784591600103066,0.2622618565058776,0.7659349871154025
DRREDDY,Mar 2024,28011,20078,7933.0,28.0,909,171,1470,7201,23.0,5578,67.0,12.0,83.0,28171.0,2002.0,8523.0,38780.0,10426.0,1419.0,4930.0,22004.0,38780.0,4543.0,-4034.0,-376.0,133.0,28011,28254.0,0.1974233736816026,0.07085722375592836,0.2832101674342223,0.7223053120165034
DRREDDY,TTM,31229,22919,8311.0,27.0,862,276,1617,7280,0.0,5448,64.0,0.0,0.0,0.0,0.0,0.0,0.0,0.0,0.0,0.0,0.0,0.0,0.0,0.0,0.0,0.0,31229,0.0,0.0,0.0,0.2661308399244292,0.0
EICHERMOT,Dec 2012,6390,5840,550.0,9.0,136,4,82,600,21.0,475,12.0,17.0,27.0,1728.0,23.0,2694.0,4471.0,992.0,504.0,638.0,2337.0,4471.0,496.0,-773.0,-111.0,-388.0,6390,1755.0,0.2706552706552707,0.013105413105413105,0.08607198748043818,1.4292104674569448
EICHERMOT,Dec 2013,6810,6094,715.0,11.0,93,8,130,671,22.0,525,15.0,21.0,27.0,2028.0,84.0,3197.0,5337.0,1656.0,464.0,825.0,2391.0,5337.0,716.0,-790.0,-47.0,-121.0,6810,2055.0,0.25547445255474455,0.040875912408759124,0.10499265785609398,1.2759977515458123
EICHERMOT,Dec 2014,8738,7621,1118.0,13.0,105,10,220,993,29.0,702,23.0,22.0,27.0,2489.0,58.0,3829.0,6403.0,2309.0,419.0,1078.0,2597.0,6403.0,1047.0,-1214.0,-162.0,-329.0,8738,2516.0,0.2790143084260731,0.023052464228934817,0.12794689860379949,1.3646728096204903
EICHERMOT,Mar 2016,6173,4484,1690.0,27.0,326,2,137,1877,29.0,1338,49.0,20.0,27.0,3626.0,23.0,1263.0,4939.0,790.0,94.0,3388.0,667.0,4939.0,1463.0,-1001.0,-466.0,-4.0,6173,3653.0,0.3662742950999179,0.006296194908294552,0.2737728819050705,1.2498481473982588
EICHERMOT,Mar 2017,7033,4859,2174.0,31.0,416,4,154,2433,30.0,1667,61.0,16.0,27.0,5318.0,112.0,1552.0,7009.0,873.0,374.0,4987.0,775.0,7009.0,1708.0,-1744.0,25.0,-10.0,7033,5345.0,0.3118802619270346,0.02095416276894294,0.30911417602729985,1.003424168925667
EICHERMOT,Mar 2018,8965,6156,2809.0,31.0,536,5,223,3116,30.0,1960,72.0,15.0,27.0,7003.0,151.0,2341.0,9522.0,1502.0,333.0,5581.0,2106.0,9522.0,2482.0,-2145.0,-262.0,75.0,8965,7030.0,0.27880512091038406,0.021479374110953058,0.313329615170106,0.9415038857382902
EICHERMOT,Mar 2019,9797,6893,2904.0,30.0,701,7,300,3297,33.0,2203,81.0,15.0,27.0,8891.0,187.0,2281.0,11387.0,1875.0,450.0,4923.0,4140.0,11387.0,1575.0,-660.0,-292.0,623.0,9797,8918.0,0.24702848172235928,0.020968827091276072,0.2964172705930387,0.8603670852726794
EICHERMOT,Mar 2020,9154,6971,2183.0,24.0,572,19,382,2355,22.0,1827,67.0,19.0,27.0,9954.0,249.0,2220.0,12450.0,2378.0,312.0,5749.0,4011.0,12450.0,1694.0,-1508.0,-858.0,-673.0,9154,9981.0,0.18304779080252478,0.024947400060114217,0.23847498361372077,0.7352610441767068
EICHERMOT,Mar 2021,8720,6937,1783.0,20.0,482,16,451,2203,25.0,1347,49.0,34.0,27.0,11411.0,219.0,2901.0,14559.0,2433.0,314.0,3902.0,7909.0,14559.0,1691.0,-1625.0,-15.0,51.0,8720,11438.0,0.11776534359153698,0.01914670396922539,0.20447247706422017,0.5989422350436157
EICHERMOT,Mar 2022,10298,8120,2178.0,21.0,496,19,452,2203,24.0,1677,61.0,34.0,27.0,12581.0,108.0,3424.0,16140.0,2424.0,505.0,7721.0,5490.0,16140.0,1527.0,-983.0,-593.0,-50.0,10298,12608.0,0.13301078680203046,0.008565989847715736,0.21149737813167604,0.6380421313506816
EICHERMOT,Mar 2023,14442,10996,3446.0,24.0,908,28,526,3800,23.0,2914,107.0,35.0,27.0,14963.0,288.0,3919.0,19198.0,2690.0,472.0,12321.0,3715.0,19198.0,2823.0,-2397.0,-417.0,8.0,14442,14990.0,0.1943962641761174,0.019212808539026016,0.238609610857222,0.7522658610271903
EICHERMOT,Mar 2024,16536,12206,4329.0,26.0,1521,51,598,5202,23.0,4001,146.0,35.0,27.0,18018.0,419.0,4650.0,23115.0,2914.0,555.0,13527.0,6119.0,23115.0,3724.0,-2834.0,-844.0,45.0,16536,18045.0,0.22172346910501525,0.023219728456636186,0.2617924528301887,0.7153796236210254
EICHERMOT,TTM,17091,12619,4472.0,26.0,1729,53,661,5486,0.0,4268,156.0,0.0,0.0,0.0,0.0,0.0,0.0,0.0,0.0,0.0,0.0,0.0,0.0,0.0,0.0,0.0,17091,0.0,0.0,0.0,0.2616581826692411,0.0
GAIL,Mar 2013,50974,43547,7427.0,15.0,887,437,1319,6558,34.0,4367,6.0,28.0,1268.0,27526.0,16472.0,14542.0,59809.0,24303.0,18376.0,1254.0,15876.0,59809.0,6603.0,-8626.0,3642.0,1618.0,50974,28794.0,0.15166354101548934,0.5720636243661874,0.14570173029387531,0.8522797572271732
GAIL,Mar 2014,61765,53777,7988.0,13.0,1247,669,1644,6922,32.0,4786,7.0,28.0,1268.0,31188.0,18537.0,15872.0,66865.0,27779.0,18490.0,1282.0,19314.0,66865.0,4615.0,-4466.0,-3.0,146.0,61765,32456.0,0.14746117821050037,0.5711424698052748,0.12932890795758115,0.9237269124355044
GAIL,Mar 2015,60557,54926,5631.0,9.0,945,652,1433,4492,32.0,3160,5.0,24.0,1268.0,32754.0,18291.0,17355.0,69669.0,33976.0,13806.0,1272.0,20615.0,69669.0,4214.0,-2809.0,-3058.0,-1653.0,60557,34022.0,0.09288107695020868,0.5376227147140086,0.09298677279257558,0.8692101221490189
GAIL,Mar 2016,52053,47517,4536.0,9.0,731,822,1496,2949,37.0,1874,3.0,37.0,1268.0,35135.0,9052.0,13608.0,59063.0,29946.0,3688.0,9844.0,15584.0,59063.0,3960.0,-904.0,-3028.0,29.0,52053,36403.0,0.05147927368623465,0.24866082465730846,0.0871419514725376,0.8813131740683676
GAIL,Mar 2017,48552,42531,6021.0,12.0,1212,509,1541,5183,35.0,3374,5.0,56.0,1691.0,37614.0,6553.0,12433.0,58291.0,30092.0,4126.0,10125.0,13948.0,58291.0,6024.0,-334.0,-5275.0,415.0,48552,39305.0,0.08584149599287623,0.16672179112072255,0.12401136925358379,0.8329244651833044
GAIL,Mar 2018,54496,46695,7802.0,14.0,948,295,1527,6928,31.0,4805,7.0,43.0,2255.0,39424.0,3876.0,15798.0,61353.0,30480.0,5938.0,10452.0,14482.0,61353.0,8769.0,-2660.0,-5252.0,858.0,54496,41679.0,0.11528587538088726,0.09299647304397898,0.1431664709336465,0.8882369240297948
GAIL,Mar 2019,76190,66252,9938.0,13.0,1719,159,1667,9831,33.0,6553,10.0,25.0,2255.0,43749.0,2224.0,20199.0,68426.0,32700.0,9738.0,10722.0,15267.0,68426.0,7984.0,-5701.0,-3364.0,-1081.0,76190,46004.0,0.14244413529258326,0.04834362229371359,0.1304370652316577,1.1134656417151376
GAIL,Mar 2020,72518,63495,9022.0,12.0,3796,309,2080,10429,9.0,9515,14.0,31.0,4510.0,44758.0,6912.0,18754.0,74934.0,38230.0,11666.0,9893.0,15145.0,74934.0,8345.0,-8299.0,281.0,328.0,72518,49268.0,0.1931273849151579,0.14029390273605585,0.1244104911883946,0.9677582939653562
GAIL,Mar 2021,57372,50127,7245.0,13.0,2833,179,2174,7725,20.0,6143,9.0,36.0,4440.0,48742.0,7873.0,19975.0,81030.0,41160.0,13400.0,13058.0,13413.0,81030.0,8993.0,-4640.0,-3471.0,882.0,57372,53182.0,0.11550900680681433,0.14803881012372608,0.12628111273792095,0.7080340614587189
GAIL,Mar 2022,92770,77608,15161.0,16.0,2925,202,2420,15464,20.0,12304,18.0,36.0,4440.0,59674.0,9216.0,23254.0,96584.0,44572.0,15490.0,16408.0,20114.0,96584.0,9420.0,-5490.0,-3917.0,13.0,92770,64114.0,0.19190816358361668,0.14374395607823565,0.16342567640400993,0.9605110577321295
GAIL,Mar 2023,145668,138168,7500.0,5.0,2822,365,2702,7256,23.0,5596,9.0,59.0,6575.0,58352.0,17816.0,25062.0,107805.0,49697.0,16646.0,17248.0,24214.0,107805.0,3205.0,-7453.0,2972.0,-1276.0,145668,64927.0,0.0861891046868021,0.274400480539683,0.0514869429112777,1.3512174759983304
GAIL,Mar 2024,133228,118914,14314.0,11.0,2672,719,3672,12595,21.0,9903,15.0,37.0,6575.0,70422.0,21794.0,25944.0,124735.0,55188.0,23627.0,21910.0,24010.0,124735.0,12586.0,-8226.0,-3457.0,902.0,133228,76997.0,0.12861540060002338,0.28304998896060884,0.10743987750322755,1.0680883472962681
GAIL,TTM,136081,119297,16784.0,12.0,2893,733,4187,14758,0.0,11541,18.0,0.0,0.0,0.0,0.0,0.0,0.0,0.0,0.0,0.0,0.0,0.0,0.0,0.0,0.0,0.0,136081,0.0,0.0,0.0,0.12333830586194987,0.0
GODREJCP,Mar 2013,6412,5417,995.0,16.0,194,87,77,1025,17.0,845,8.0,22.0,34.0,3279.0,2456.0,1926.0,7695.0,4496.0,141.0,121.0,2937.0,7695.0,820.0,-865.0,282.0,237.0,6412,3313.0,0.25505584062782977,0.7413220645940235,0.15517779164067375,0.8332683560753736
GODREJCP,Mar 2014,7599,6430,1169.0,15.0,62,120,82,1030,20.0,819,7.0,24.0,34.0,3741.0,2373.0,2171.0,8320.0,5121.0,167.0,136.0,2895.0,8320.0,1116.0,-494.0,-620.0,1.0,7599,3775.0,0.21695364238410597,0.6286092715231788,0.15383603105671798,0.9133413461538461
GODREJCP,Mar 2015,8273,6894,1379.0,17.0,73,112,91,1249,22.0,976,9.0,21.0,34.0,4277.0,2717.0,2097.0,9125.0,5551.0,225.0,186.0,3164.0,9125.0,1027.0,-1236.0,-12.0,-221.0,8273,4311.0,0.22639758756668987,0.6302482022732545,0.1666868125226641,0.9066301369863013
GODREJCP,Mar 2016,8424,6766,1657.0,20.0,-262,128,101,1167,29.0,831,8.0,24.0,34.0,4233.0,2891.0,2521.0,9679.0,5931.0,44.0,190.0,3514.0,9679.0,847.0,-622.0,-202.0,23.0,8424,4267.0,0.19475041012420904,0.67752519334427,0.19669990503323836,0.8703378448186796
GODREJCP,Mar 2017,9268,7361,1907.0,21.0,76,154,142,1687,22.0,1308,13.0,39.0,34.0,5268.0,4001.0,3637.0,12940.0,8083.0,97.0,934.0,3826.0,12940.0,1860.0,-2243.0,665.0,282.0,9268,5302.0,0.24669935873255375,0.7546208977744248,0.20576176089771256,0.7162287480680062
GODREJCP,Mar 2018,9847,7763,2084.0,21.0,283,173,156,2039,20.0,1634,16.0,42.0,68.0,6190.0,3508.0,4098.0,13864.0,8315.0,84.0,997.0,4468.0,13864.0,1723.0,-336.0,-1384.0,3.0,9847,6258.0,0.2611057845957175,0.5605624800255673,0.21163806235401644,0.7102567801500288
GODREJCP,Mar 2019,10314,8183,2132.0,21.0,362,238,170,2085,-12.0,2342,23.0,44.0,102.0,7165.0,3382.0,3445.0,14094.0,8670.0,52.0,516.0,4855.0,14094.0,1729.0,274.0,-2039.0,-36.0,10314,7267.0,0.3222787945507087,0.4653914958029448,0.2067093271281753,0.7318007662835249
GODREJCP,Mar 2020,9911,7757,2154.0,22.0,32,228,197,1760,15.0,1497,15.0,55.0,102.0,7796.0,3575.0,3407.0,14880.0,9231.0,57.0,672.0,4920.0,14880.0,1588.0,-552.0,-1295.0,-259.0,9911,7898.0,0.18954165611547227,0.45264623955431754,0.21733427504792655,0.6660618279569892
GODREJCP,Mar 2021,11029,8629,2399.0,22.0,23,138,204,2080,17.0,1721,17.0,0.0,102.0,9337.0,1864.0,2941.0,14244.0,8905.0,57.0,679.0,4602.0,14244.0,2030.0,-292.0,-1816.0,-79.0,11029,9439.0,0.18232863650810469,0.1974785464561924,0.21751745398494876,0.7742909295141814
GODREJCP,Mar 2022,12276,9867,2409.0,20.0,78,122,210,2155,17.0,1783,17.0,0.0,102.0,11454.0,1704.0,2822.0,16082.0,9219.0,116.0,1015.0,5731.0,16082.0,1451.0,-844.0,-380.0,227.0,12276,11556.0,0.15429214260989962,0.1474558670820353,0.19623655913978494,0.7633378932968536
GODREJCP,Mar 2023,13316,10873,2443.0,18.0,114,188,236,2133,20.0,1702,17.0,0.0,102.0,13692.0,1130.0,2513.0,17437.0,9934.0,45.0,3029.0,4429.0,17437.0,2151.0,-1754.0,-794.0,-398.0,13316,13794.0,0.12338697984630999,0.08191967522111063,0.1834635025533193,0.7636634742214831
GODREJCP,Mar 2024,14096,11139,2957.0,21.0,-2209,310,241,198,99.0,-561,-5.0,0.0,102.0,12496.0,3222.0,2571.0,18392.0,10440.0,83.0,3504.0,4365.0,18392.0,2070.0,-3435.0,1406.0,41.0,14096,12598.0,-0.0445308779171297,0.2557548817272583,0.20977582292849034,0.7664201826881253
GODREJCP,TTM,14152,11156,2996.0,21.0,-2097,339,211,348,0.0,-453,-4.0,0.0,0.0,0.0,0.0,0.0,0.0,0.0,0.0,0.0,0.0,0.0,0.0,0.0,0.0,0.0,14152,0.0,0.0,0.0,0.2117015262860373,0.0
GRASIM,Mar 2013,27909,21986,5924.0,21.0,824,324,1252,5171,28.0,3778,57.0,8.0,92.0,19565.0,9550.0,14916.0,44123.0,20561.0,6084.0,8011.0,9467.0,44123.0,4242.0,-5687.0,1348.0,-97.0,27909,19657.0,0.19219616421630972,0.48583201912804597,0.21226127772403167,0.6325272533599257
GRASIM,Mar 2014,28331,23416,4915.0,17.0,576,447,1457,3586,20.0,2954,44.0,9.0,92.0,21523.0,9681.0,16441.0,47736.0,25209.0,4045.0,7611.0,10872.0,47736.0,3549.0,-2336.0,-1046.0,168.0,28331,21615.0,0.1366643534582466,0.44788341429562806,0.17348487522501854,0.5934933802580862
GRASIM,Mar 2015,31734,26590,5144.0,16.0,530,667,1563,3443,30.0,2582,37.0,9.0,92.0,23048.0,11930.0,18963.0,54033.0,31828.0,2755.0,7255.0,12194.0,54033.0,4594.0,-2359.0,-2278.0,-42.0,31734,23140.0,0.11158167675021607,0.5155574762316335,0.16209743492783765,0.5873077563711065
GRASIM,Mar 2016,34487,28576,5911.0,17.0,1320,718,1834,4679,26.0,3455,51.0,9.0,93.0,27336.0,12505.0,19642.0,59576.0,34271.0,1788.0,10601.0,12916.0,59576.0,5868.0,-4515.0,-1365.0,-11.0,34487,27429.0,0.12596157351708046,0.45590433482810166,0.1713979180560791,0.5788740432388881
GRASIM,Mar 2017,36068,28682,7387.0,20.0,1076,702,1808,5952,29.0,4246,66.0,8.0,93.0,31294.0,9213.0,22147.0,62747.0,34786.0,1297.0,14200.0,12464.0,62747.0,7288.0,-3509.0,-3799.0,-20.0,36068,31387.0,0.13527893713958009,0.29352916812693153,0.20480758567150936,0.5748163258801218
GRASIM,Mar 2018,55894,44281,11612.0,21.0,410,3663,2724,5635,35.0,3688,39.0,15.0,131.0,57230.0,67070.0,83467.0,207899.0,69257.0,2290.0,65995.0,70356.0,207899.0,-4140.0,1546.0,3449.0,856.0,55894,57361.0,0.06429455553424801,1.1692613448161644,0.20775038465667156,0.26885170202838876
GRASIM,Mar 2019,77200,60560,16640.0,22.0,-1846,6060,3571,5163,47.0,2745,25.0,27.0,132.0,57888.0,84487.0,98620.0,241127.0,87129.0,2766.0,62747.0,88484.0,241127.0,-1659.0,-2212.0,4158.0,287.0,77200,58020.0,0.04731127197518097,1.4561702861082386,0.2155440414507772,0.3201632334827705
GRASIM,Mar 2020,68252,57880,10373.0,15.0,7076,6890,4004,6554,-1.0,6639,65.0,6.0,132.0,56501.0,84777.0,102772.0,244181.0,87736.0,3904.0,66337.0,86204.0,244181.0,16620.0,-11364.0,-3418.0,1838.0,68252,56633.0,0.11722847103279006,1.4969540727137889,0.1519808943327668,0.27951396709817716
GRASIM,Mar 2021,76404,57769,18635.0,24.0,1130,5723,4033,10009,30.0,6987,63.0,14.0,132.0,65362.0,79078.0,122777.0,267349.0,85023.0,5769.0,88017.0,88540.0,267349.0,15075.0,-7146.0,-8003.0,-75.0,76404,65494.0,0.10668152807890799,1.2074083122118056,0.24390084288780692,0.28578375082756996
GRASIM,Mar 2022,95701,75270,20431.0,21.0,1648,4776,4161,13143,15.0,11206,111.0,9.0,132.0,75567.0,74744.0,138706.0,289149.0,88996.0,6615.0,96766.0,96771.0,289149.0,7038.0,-1053.0,-6733.0,-748.0,95701,75699.0,0.14803365962562254,0.9873842454986196,0.2134878423422953,0.3309746877907238
GRASIM,Mar 2023,117627,96038,21589.0,18.0,3733,6044,4552,14727,25.0,11078,100.0,10.0,132.0,78610.0,103039.0,155042.0,336823.0,94896.0,7778.0,105355.0,128793.0,336823.0,-12685.0,-13712.0,26469.0,72.0,117627,78742.0,0.14068730791699474,1.3085646795864976,0.18353779319373953,0.34922496385341856
GRASIM,Mar 2024,130978,103783,27195.0,21.0,783,9277,5001,13700,28.0,9926,85.0,12.0,133.0,88520.0,137155.0,186309.0,412116.0,100494.0,18358.0,129306.0,163959.0,412116.0,-10719.0,-23114.0,33908.0,75.0,130978,88653.0,0.11196462612658342,1.5470993649397087,0.20763028905617736,0.3178182841724175
GRASIM,TTM,137116,109610,27506.0,20.0,971,10696,5437,12344,0.0,8693,67.0,0.0,0.0,0.0,0.0,0.0,0.0,0.0,0.0,0.0,0.0,0.0,0.0,0.0,0.0,0.0,137116,0.0,0.0,0.0,0.20060386825753376,0.0
HAL,Mar 2013,14328,13560,768.0,5.0,3335,5,601,3497,14.0,2997,124.0,28.0,0.0,0.0,0.0,0.0,0.0,0.0,0.0,0.0,0.0,0.0,0.0,0.0,0.0,0.0,14328,0.0,0.0,0.0,0.05360134003350084,0.0
HAL,Mar 2014,15135,13565,1570.0,10.0,2618,8,603,3578,25.0,2693,28.0,33.0,0.0,0.0,0.0,0.0,0.0,0.0,0.0,0.0,0.0,0.0,0.0,0.0,0.0,0.0,15135,0.0,0.0,0.0,0.10373306904525934,0.0
HAL,Mar 2015,15730,13379,2351.0,15.0,1642,15,806,3173,25.0,2388,25.0,20.0,0.0,0.0,0.0,0.0,0.0,0.0,0.0,0.0,0.0,0.0,0.0,0.0,0.0,0.0,15730,0.0,0.0,0.0,0.1494596312778131,0.0
HAL,Mar 2016,16758,14281,2478.0,15.0,1598,6,863,3207,38.0,1998,28.0,31.0,5.0,115.0,18.0,38.0,176.0,84.0,21.0,0.0,71.0,176.0,0.0,0.0,0.0,0.0,16758,120.0,16.65,0.15,0.14786967418546365,95.2159090909091
HAL,Mar 2017,17950,14714,3236.0,18.0,1044,16,681,3583,27.0,2616,36.0,31.0,5.0,128.0,2.0,34.0,170.0,75.0,1.0,22.0,72.0,170.0,-423.0,3021.0,-164.0,2433.0,17950,133.0,19.669172932330827,0.015037593984962405,0.18027855153203343,105.58823529411765
HAL,Mar 2018,18519,15059,3460.0,19.0,761,35,947,3240,39.0,1987,30.0,54.0,5.0,125.0,3.0,33.0,166.0,66.0,1.0,24.0,74.0,166.0,-734.0,594.0,-2540.0,-2680.0,18519,130.0,15.284615384615385,0.023076923076923078,0.18683514228630055,111.56024096385542
HAL,Mar 2019,20008,15440,4569.0,23.0,376,177,1024,3742,37.0,2346,35.0,28.0,5.0,128.0,8.0,33.0,175.0,59.0,0.0,22.0,93.0,175.0,-7694.0,5292.0,2321.0,-80.0,20008,133.0,17.639097744360903,0.06015037593984962,0.22835865653738505,114.33142857142857
HAL,Mar 2020,21445,16565,4880.0,23.0,415,359,998,3938,28.0,2842,42.0,39.0,5.0,133.0,2.0,33.0,173.0,50.0,0.0,18.0,104.0,173.0,1537.0,-1334.0,64.0,266.0,21445,138.0,20.594202898550726,0.014492753623188406,0.2275588715318256,123.95953757225433
HAL,Mar 2021,22882,17541,5341.0,23.0,360,267,1157,4277,24.0,3239,48.0,31.0,5.0,139.0,6.0,36.0,186.0,45.0,0.0,17.0,124.0,186.0,15124.0,-1190.0,-7070.0,6864.0,22882,144.0,22.493055555555557,0.041666666666666664,0.23341491128397868,123.02150537634408
HAL,Mar 2022,24620,19200,5420.0,22.0,986,65,1110,5231,3.0,5086,76.0,26.0,5.0,148.0,12.0,36.0,202.0,45.0,1.0,29.0,127.0,202.0,10180.0,-12789.0,-1464.0,-4072.0,24620,153.0,33.24183006535948,0.0784313725490196,0.22014622258326563,121.88118811881188
HAL,Mar 2023,26928,20258,6669.0,25.0,1672,64,1784,6493,10.0,5811,87.0,32.0,5.0,172.0,47.0,47.0,271.0,57.0,23.0,35.0,156.0,271.0,8836.0,-5734.0,-1731.0,1370.0,26928,177.0,32.83050847457627,0.2655367231638418,0.24766042780748662,99.36531365313652
HAL,Mar 2024,30381,20631,9749.0,32.0,1899,43,1406,10199,26.0,7595,114.0,31.0,5.0,194.0,123.0,127.0,450.0,240.0,9.0,43.0,158.0,450.0,8226.0,-6412.0,-1999.0,-185.0,30381,199.0,38.165829145728644,0.6180904522613065,0.3208913465652875,67.51333333333334
HAL,TTM,31154,21199,9954.0,32.0,2304,32,1182,11045,0.0,8472,127.0,0.0,0.0,0.0,0.0,0.0,0.0,0.0,0.0,0.0,0.0,0.0,0.0,0.0,0.0,0.0,31154,0.0,0.0,0.0,0.31950953328625536,0.0
HAVELLS,Mar 2013,7135,6461,674.0,9.0,222,123,110,664,12.0,581,9.0,16.0,62.0,1380.0,982.0,2034.0,4458.0,1500.0,25.0,0.0,2933.0,4458.0,638.0,-144.0,-252.0,242.0,7135,1442.0,0.4029126213592233,0.680998613037448,0.09446391030133146,1.6004934948407357
HAVELLS,Mar 2014,8051,7274,777.0,10.0,35,102,116,594,25.0,446,7.0,42.0,62.0,1604.0,1054.0,2613.0,5332.0,1600.0,44.0,0.0,3688.0,5332.0,868.0,-376.0,-310.0,183.0,8051,1666.0,0.26770708283313327,0.6326530612244898,0.09650975034157247,1.5099399849962492
HAVELLS,Mar 2015,8468,7713,755.0,9.0,48,96,139,569,32.0,385,6.0,49.0,62.0,1756.0,424.0,2546.0,4788.0,1541.0,38.0,0.0,3209.0,4788.0,963.0,-485.0,-754.0,-277.0,8468,1818.0,0.21177117711771176,0.23322332233223322,0.08915918752952291,1.7685881370091896
HAVELLS,Mar 2016,7594,6798,796.0,10.0,949,91,134,1520,14.0,1300,21.0,29.0,62.0,2965.0,134.0,1225.0,4387.0,1224.0,20.0,189.0,2954.0,4387.0,513.0,-121.0,-621.0,-229.0,7594,3027.0,0.42946812025107367,0.04426825239511067,0.10481959441664472,1.7310234784590837
HAVELLS,Mar 2017,6130,5315,815.0,13.0,42,13,121,723,32.0,494,8.0,44.0,62.0,3214.0,208.0,1683.0,5168.0,1300.0,12.0,162.0,3694.0,5168.0,767.0,-220.0,-98.0,450.0,6130,3276.0,0.15079365079365079,0.06349206349206349,0.132952691680261,1.1861455108359134
HAVELLS,Mar 2018,8116,7083,1033.0,13.0,97,25,140,965,31.0,661,11.0,4.0,63.0,3667.0,115.0,2763.0,6608.0,2819.0,24.0,0.0,3765.0,6608.0,1100.0,-946.0,-409.0,-255.0,8116,3730.0,0.1772117962466488,0.030831099195710455,0.12727944800394284,1.2282082324455206
HAVELLS,Mar 2019,10073,8885,1189.0,12.0,124,16,149,1147,31.0,788,13.0,36.0,63.0,4135.0,94.0,2856.0,7148.0,2904.0,233.0,0.0,4012.0,7148.0,501.0,185.0,-318.0,368.0,10073,4198.0,0.18770843258694617,0.022391615054787994,0.11803832026208677,1.409205372132065
HAVELLS,Mar 2020,9440,8374,1067.0,11.0,107,51,218,904,19.0,735,12.0,34.0,63.0,4249.0,72.0,2690.0,7073.0,3350.0,86.0,0.0,3638.0,7073.0,827.0,-548.0,-716.0,-437.0,9440,4312.0,0.17045454545454544,0.016697588126159554,0.11302966101694915,1.3346529054149583
HAVELLS,Mar 2021,10457,8868,1589.0,15.0,187,90,249,1438,27.0,1044,17.0,39.0,63.0,5114.0,521.0,3155.0,8852.0,3290.0,90.0,306.0,5166.0,8852.0,660.0,-763.0,190.0,87.0,10457,5177.0,0.20166119374154917,0.10063743480780375,0.15195562780912308,1.1813149570718482
HAVELLS,Mar 2022,13938,12163,1775.0,13.0,159,67,261,1607,26.0,1196,19.0,39.0,63.0,5940.0,616.0,3904.0,10523.0,3434.0,57.0,426.0,6606.0,10523.0,1728.0,-759.0,-547.0,421.0,13938,6003.0,0.19923371647509577,0.10261535898717308,0.1273496914908882,1.324527226076214
HAVELLS,Mar 2023,16911,15290,1621.0,10.0,178,55,296,1447,26.0,1072,17.0,44.0,63.0,6563.0,223.0,4309.0,11157.0,3621.0,166.0,201.0,7170.0,11157.0,565.0,31.0,-907.0,-311.0,16911,6626.0,0.16178690009055238,0.03365529731361304,0.0958547690852108,1.5157300349556333
HAVELLS,Mar 2024,18590,16709,1881.0,10.0,249,84,338,1707,26.0,1271,20.0,44.0,63.0,7384.0,303.0,4683.0,12433.0,3988.0,299.0,20.0,8126.0,12433.0,1953.0,-1618.0,-534.0,-199.0,18590,7447.0,0.17067275412917954,0.040687525177924,0.10118343195266272,1.4952143489101584
HAVELLS,TTM,20677,18668,2008.0,10.0,310,46,384,1889,0.0,1400,22.0,0.0,0.0,0.0,0.0,0.0,0.0,0.0,0.0,0.0,0.0,0.0,0.0,0.0,0.0,0.0,20677,0.0,0.0,0.0,0.09711273395560284,0.0
HCLTECH,Jun 2013,25581,19901,5680.0,22.0,332,106,637,5270,23.0,4040,14.0,21.0,139.0,13025.0,1044.0,8191.0,22399.0,6753.0,494.0,713.0,14440.0,22399.0,4492.0,-2361.0,-2086.0,44.0,25581,13164.0,0.30689759951382556,0.07930720145852324,0.22203979516047065,1.1420599133889906
HCLTECH,Jun 2014,32144,24108,8035.0,25.0,677,114,681,7917,18.0,6528,23.0,11.0,140.0,19410.0,1018.0,9412.0,29980.0,7444.0,531.0,662.0,21343.0,29980.0,6457.0,-4842.0,-1308.0,307.0,32144,19550.0,0.3339130434782609,0.05207161125319693,0.2499688899950224,1.0721814543028685
HCLTECH,Jun 2015,36701,28215,8486.0,23.0,1126,91,404,9117,20.0,7342,26.0,58.0,281.0,23943.0,648.0,10372.0,35245.0,8275.0,552.0,869.0,25548.0,35245.0,5539.0,-2088.0,-3140.0,311.0,36701,24224.0,0.3030878467635403,0.026750330250990752,0.23121985776954307,1.0413108242303872
HCLTECH,Mar 2016 9m,31136,24482,6654.0,21.0,871,74,410,7041,20.0,5602,20.0,40.0,0.0,0.0,0.0,0.0,0.0,0.0,0.0,0.0,0.0,0.0,0.0,0.0,0.0,0.0,31136,0.0,0.0,0.0,0.213707605344296,0.0
HCLTECH,Mar 2017,47568,37178,10390.0,22.0,1069,89,828,10542,18.0,8606,30.0,40.0,285.0,32664.0,582.0,12231.0,45762.0,15235.0,448.0,1306.0,28773.0,45762.0,8995.0,-3890.0,-4517.0,588.0,47568,32949.0,0.26119153843819237,0.01766366202312665,0.2184241506895392,1.039465058345352
HCLTECH,Mar 2018,50569,39323,11246.0,22.0,1230,69,1383,11024,21.0,8722,31.0,19.0,278.0,36108.0,557.0,11046.0,47989.0,18753.0,320.0,2660.0,26256.0,47989.0,8328.0,-2236.0,-5714.0,378.0,50569,36386.0,0.23970757983839938,0.015308085527400648,0.22238921078130872,1.0537623205317885
HCLTECH,Mar 2019,60427,46501,13926.0,23.0,943,174,2073,12622,20.0,10120,37.0,11.0,271.0,41095.0,4195.0,12788.0,58349.0,22888.0,235.0,2305.0,32921.0,58349.0,8971.0,-3256.0,-1471.0,4244.0,60427,41366.0,0.2446453609244307,0.10141178745829908,0.2304598937561024,1.035613292430033
HCLTECH,Mar 2020,70676,53360,17316.0,24.0,589,505,3420,13980,21.0,11057,41.0,25.0,543.0,50724.0,7986.0,23566.0,82819.0,37490.0,400.0,7066.0,37863.0,82819.0,13359.0,-12332.0,-3168.0,-2141.0,70676,51267.0,0.2156748005539626,0.15577271929311254,0.2450053766483672,0.8533790555307357
HCLTECH,Mar 2021,75379,55331,20048.0,27.0,927,511,4611,15853,30.0,11169,41.0,24.0,543.0,59370.0,6864.0,19270.0,86047.0,37145.0,312.0,6862.0,41728.0,86047.0,19618.0,-5665.0,-11192.0,2761.0,75379,59913.0,0.1864203094487006,0.11456612087526914,0.26596266864776663,0.8760212442037492
HCLTECH,Mar 2022,85651,65122,20529.0,24.0,1067,319,4326,16951,20.0,13523,50.0,84.0,543.0,61371.0,6343.0,20664.0,88921.0,35077.0,129.0,6351.0,47364.0,88921.0,16900.0,1597.0,-14508.0,3989.0,85651,61914.0,0.21841586717059147,0.10244855767677746,0.2396819651842944,0.9632257846852824
HCLTECH,Mar 2023,101456,78828,22628.0,22.0,1358,353,4145,19488,24.0,14845,55.0,88.0,543.0,64862.0,4794.0,23051.0,93250.0,34619.0,40.0,5495.0,53096.0,93250.0,18009.0,-3573.0,-15881.0,-1445.0,101456,65405.0,0.22697041510587876,0.07329714853604465,0.22303264469326606,1.088
HCLTECH,Mar 2024,109913,85715,24198.0,22.0,1495,553,4173,20967,25.0,15710,58.0,90.0,543.0,67720.0,5758.0,24985.0,99006.0,35063.0,108.0,7137.0,56698.0,99006.0,22448.0,-6608.0,-15464.0,376.0,109913,68263.0,0.23013931412331717,0.08435023365512796,0.22015594151738194,1.1101650405025958
HCLTECH,TTM,115308,90169,25139.0,22.0,2452,659,4137,22795,0.0,17085,63.0,0.0,0.0,0.0,0.0,0.0,0.0,0.0,0.0,0.0,0.0,0.0,0.0,0.0,0.0,0.0,115308,0.0,0.0,0.0,0.21801609602109134,0.0
HDFCBANK,Mar 2013,35861,19695,12631.0,3534.0,10,7133,663,10004,31.0,6903,14.0,19.0,476.0,36167.0,335588.0,35492.0,407723.0,2773.0,0.0,110960.0,293989.0,407723.0,-5847.0,-902.0,13105.0,6356.0,35861,36643.0,0.18838523046693775,9.158311273640258,0.35222107582052925,0.08795432192934909
HDFCBANK,Mar 2014,42555,23445,13508.0,5602.0,13,8298,689,13211,34.0,8768,18.0,19.0,480.0,43687.0,416677.0,42776.0,503620.0,3026.0,0.0,119571.0,381023.0,503620.0,4211.0,-1099.0,9270.0,12382.0,42555,44167.0,0.19851925645844182,9.434125025471506,0.31742450945834805,0.08449823279456734
HDFCBANK,Mar 2015,50666,27288,16164.0,7214.0,14,9546,680,16079,33.0,10703,21.0,19.0,501.0,62653.0,509762.0,34181.0,607097.0,3225.0,0.0,149454.0,454417.0,607097.0,-21281.0,-800.0,18694.0,-3387.0,50666,63154.0,0.16947461760141874,8.071729423314437,0.31903051355938894,0.08345618574955897
HDFCBANK,Mar 2016,63162,34070,20055.0,9037.0,14,11212,738,19511,34.0,12821,25.0,19.0,506.0,73798.0,649587.0,38321.0,762212.0,3667.0,0.0,193634.0,564912.0,762212.0,-34435.0,-837.0,37815.0,2542.0,63162,74304.0,0.1725479112833764,8.742288436692506,0.31751686140400875,0.08286670899959592
HDFCBANK,Mar 2017,73271,38042,23856.0,11374.0,16,12905,886,23393,35.0,15317,30.0,18.0,513.0,91281.0,741550.0,59000.0,892344.0,4000.0,0.0,210777.0,677567.0,892344.0,17282.0,-1146.0,-5893.0,10242.0,73271,91794.0,0.16686275791446065,8.078414711201168,0.3255858388721322,0.08211071066763491
HDFCBANK,Mar 2018,85288,42381,29532.0,13374.0,16,16057,967,28464,35.0,18561,36.0,18.0,519.0,109080.0,944817.0,48770.0,1103186.0,4008.0,0.0,238461.0,860717.0,1103186.0,17214.0,-842.0,57378.0,73750.0,85288,109599.0,0.16935373497933376,8.620671721457313,0.34626207672826187,0.07731062576936255
HDFCBANK,Mar 2019,105161,53713,34856.0,16592.0,16,18947,1221,34318,35.0,22446,41.0,18.0,545.0,153128.0,1080235.0,58898.0,1292806.0,4369.0,0.0,289446.0,998991.0,1292806.0,-62872.0,-1503.0,23131.0,-41244.0,105161,153673.0,0.1460633943503413,7.02943913374503,0.33145367579235646,0.0813432177759076
HDFCBANK,Mar 2020,122189,62137,45459.0,14593.0,12,24879,1277,38195,29.0,27296,50.0,5.0,548.0,175810.0,1333041.0,71430.0,1580830.0,4776.0,0.0,389305.0,1186750.0,1580830.0,-16869.0,-1403.0,24394.0,6122.0,122189,176358.0,0.1547760804726749,7.558721464294219,0.37203839952859913,0.07729420620813117
HDFCBANK,Mar 2021,128552,59248,52457.0,16848.0,13,27333,1385,42796,26.0,31857,58.0,11.0,551.0,209259.0,1511418.0,78279.0,1799507.0,5248.0,0.0,438823.0,1355435.0,1799507.0,42476.0,-1823.0,-7321.0,33332.0,128552,209810.0,0.15183737667413374,7.20374624660407,0.40806055137220737,0.0714373436724614
HDFCBANK,Mar 2022,135936,58584,56557.0,20795.0,15,31759,1681,50873,25.0,38151,69.0,23.0,555.0,246772.0,1784970.0,90639.0,2122934.0,6432.0,0.0,449264.0,1667238.0,2122934.0,-11960.0,-2051.0,48124.0,34113.0,135936,247327.0,0.15425327602728373,7.217044641304831,0.4160560852165725,0.06403213665615605
HDFCBANK,Mar 2023,170754,77780,63042.0,29932.0,18,33912,2345,61498,25.0,46149,82.0,23.0,558.0,288880.0,2139212.0,101783.0,2530432.0,8431.0,0.0,511582.0,2010419.0,2530432.0,20814.0,-2992.0,23941.0,41762.0,170754,289438.0,0.15944347321360705,7.39091618930479,0.3691977933167012,0.06748017729778946
HDFCBANK,Mar 2024,283649,154139,174196.0,-44685.0,-16,124346,3092,76569,15.0,65446,84.0,23.0,760.0,455636.0,3107503.0,466296.0,4030194.0,12604.0,0.0,1005682.0,3011909.0,4030194.0,19069.0,16600.0,-3983.0,31687.0,283649,456396.0,0.1433974005030719,6.808786667718385,0.6141252040373842,0.07038097917866981
HDFCBANK,TTM,329022,180600,206009.0,-57587.0,-18,146017,0,88430,0.0,72168,91.0,0.0,0.0,0.0,0.0,0.0,0.0,0.0,0.0,0.0,0.0,0.0,0.0,0.0,0.0,0.0,329022,0.0,0.0,0.0,0.6261253046908717,0.0
HDFCLIFE,Mar 2013,14060,15,13535.0,525.0,4,28,35,502,11.0,447,2.0,0.0,1995.0,-658.0,0.0,40581.0,41918.0,252.0,29.0,40404.0,1232.0,41918.0,0.0,0.0,0.0,0.0,14060,1337.0,0.3343305908750935,0.0,0.9626600284495022,0.33541676606708337
HDFCLIFE,Mar 2014,17166,11,16561.0,605.0,4,241,41,794,9.0,725,4.0,14.0,1995.0,-67.0,0.0,50347.0,52275.0,279.0,10.0,50527.0,1458.0,52275.0,0.0,0.0,0.0,0.0,17166,1928.0,0.37603734439834025,0.0,0.9647559128509845,0.3283787661406026
HDFCLIFE,Mar 2015,27215,-14,26341.0,874.0,3,79,43,924,15.0,786,4.0,18.0,1995.0,546.0,0.0,66767.0,69309.0,346.0,6.0,67024.0,1932.0,69309.0,4459.0,-3514.0,-168.0,777.0,27215,2541.0,0.30932703659976385,0.0,0.9678853573397024,0.3926618476676911
HDFCLIFE,Mar 2016,18141,8,17187.0,953.0,5,108,45,1008,19.0,817,4.0,22.0,1995.0,1108.0,0.0,73441.0,76544.0,335.0,12.0,74144.0,2053.0,76544.0,5687.0,-3962.0,-212.0,1513.0,18141,3103.0,0.2632935868514341,0.0,0.9474119398048619,0.23700094063545152
HDFCLIFE,Mar 2017,30647,9,29674.0,972.0,3,139,41,1061,16.0,887,4.0,25.0,1998.0,1828.0,0.0,91270.0,95097.0,337.0,16.0,91723.0,3020.0,95097.0,6230.0,-5177.0,-236.0,817.0,30647,3826.0,0.23183481442760062,0.0,0.9682513786014945,0.32227094440413473
HDFCLIFE,Mar 2018,32260,11,31186.0,1074.0,3,282,44,1300,15.0,1107,6.0,25.0,2012.0,2693.0,0.0,105778.0,110483.0,336.0,5.0,106590.0,3551.0,110483.0,6739.0,-4421.0,-196.0,2122.0,32260,4705.0,0.23528161530286928,0.0,0.9667079975201488,0.2919906229917725
HDFCLIFE,Mar 2019,38855,14,37640.0,1215.0,3,136,45,1291,1.0,1278,6.0,26.0,2017.0,3625.0,0.0,124378.0,130020.0,370.0,10.0,124958.0,4682.0,130020.0,9868.0,-10182.0,-337.0,-651.0,38855,5642.0,0.22651542006380715,0.0,0.9687298931926392,0.2988386402091986
HDFCLIFE,Mar 2020,29380,0,28239.0,1141.0,4,369,47,1463,11.0,1297,6.0,0.0,2019.0,4788.0,0.0,125417.0,132224.0,322.0,8.0,127256.0,4637.0,132224.0,7388.0,-7789.0,38.0,-364.0,29380,6807.0,0.1905391508741002,0.0,0.9611640571817563,0.2221986931268151
HDFCLIFE,Mar 2021,71528,0,70294.0,1235.0,2,445,51,1629,16.0,1361,7.0,30.0,2021.0,6619.0,600.0,170415.0,179655.0,585.0,14.0,173564.0,5493.0,179655.0,9703.0,-8952.0,678.0,1429.0,71528,8640.0,0.15752314814814813,0.06944444444444445,0.9827480147634493,0.3981408811332832
HDFCLIFE,Mar 2022,67126,0,66348.0,778.0,1,766,56,1487,11.0,1327,6.0,27.0,2113.0,13501.0,600.0,214521.0,230734.0,6605.0,20.0,216551.0,7559.0,230734.0,5943.0,-801.0,-238.0,4904.0,67126,15614.0,0.08498783143332907,0.038427052645062125,0.9884098560915293,0.2909237476921477
HDFCLIFE,Mar 2023,70207,0,70127.0,80.0,0,1437,76,1441,5.0,1368,6.0,30.0,2149.0,10844.0,950.0,234126.0,248069.0,997.0,31.0,238197.0,8844.0,248069.0,6883.0,-10071.0,1985.0,-1203.0,70207,12993.0,0.10528746247979681,0.07311629338874778,0.9988605124845101,0.28301400013705863
HDFCLIFE,Mar 2024,101482,0,100951.0,531.0,1,525,79,977,-61.0,1574,7.0,27.0,2151.0,12515.0,950.0,287071.0,302687.0,1549.0,28.0,291128.0,9982.0,302687.0,10721.0,-13614.0,-403.0,-3296.0,101482,14666.0,0.10732306013909723,0.06477567162143734,0.9947675449833469,0.33527042786773137
HDFCLIFE,TTM,100772,0,100048.0,725.0,1,514,0,1239,0.0,1747,8.0,0.0,0.0,0.0,0.0,0.0,0.0,0.0,0.0,0.0,0.0,0.0,0.0,0.0,0.0,0.0,100772,0.0,0.0,0.0,0.9928154646131861,0.0
HEROMOTOCO,Mar 2014,25275,12,21722.0,3553.0,14,430,1107,2864,26.0,2102,105.0,62.0,40.0,5583.0,284.0,4215.0,10122.0,2247.0,855.0,4106.0,2914.0,10122.0,2963.0,-1616.0,-1414.0,-66.0,25275,5623.0,0.3738218033078428,0.050506846878890274,0.8594263105835807,2.497036158861885
HEROMOTOCO,Mar 2015,27538,12,24018.0,3520.0,13,325,540,3292,29.0,2364,118.0,51.0,40.0,6500.0,100.0,4014.0,10654.0,2952.0,719.0,3118.0,3864.0,10654.0,2186.0,31.0,-2131.0,86.0,27538,6540.0,0.3614678899082569,0.01529051987767584,0.8721766286585809,2.5847568988173455
HEROMOTOCO,Mar 2016,28457,15,24033.0,4424.0,16,421,443,4387,29.0,3112,157.0,46.0,40.0,8794.0,232.0,3829.0,12896.0,3784.0,653.0,4501.0,3958.0,12896.0,3722.0,-2300.0,-1475.0,-53.0,28457,8834.0,0.3522752999773602,0.026262168892913742,0.8445373721755631,2.2066532258064515
HEROMOTOCO,Mar 2017,28610,27,24025.0,4585.0,16,830,502,4885,27.0,3546,179.0,47.0,40.0,10276.0,261.0,4736.0,15312.0,4599.0,581.0,6066.0,4066.0,15312.0,4007.0,-1972.0,-2036.0,-1.0,28610,10316.0,0.34373788290034896,0.025300504071345483,0.8397413491786089,1.8684691745036572
HEROMOTOCO,Mar 2018,32458,31,27124.0,5334.0,16,564,575,5292,30.0,3722,186.0,51.0,40.0,11932.0,228.0,5197.0,17397.0,4961.0,355.0,7669.0,4411.0,17397.0,4017.0,-1858.0,-2102.0,57.0,32458,11972.0,0.31089208152355496,0.019044437019712663,0.8356645511122065,1.8657239753980572
HEROMOTOCO,Mar 2019,33971,37,28946.0,5025.0,15,741,624,5104,32.0,3466,172.0,50.0,40.0,13080.0,312.0,5072.0,18504.0,4952.0,573.0,6114.0,6865.0,18504.0,1032.0,1298.0,-2252.0,78.0,33971,13120.0,0.26417682926829267,0.02378048780487805,0.8520797150510729,1.8358733246865542
HEROMOTOCO,Mar 2020,29254,47,25184.0,4070.0,14,1434,846,4611,21.0,3659,182.0,49.0,40.0,14366.0,453.0,4815.0,19674.0,6473.0,391.0,8359.0,4451.0,19674.0,5518.0,-2819.0,-2602.0,97.0,29254,14406.0,0.2539913924753575,0.031445231153685964,0.8608737266698571,1.4869370743112738
HEROMOTOCO,Mar 2021,30959,46,26902.0,4058.0,13,553,715,3849,24.0,2936,146.0,72.0,40.0,15376.0,584.0,7096.0,23096.0,6380.0,495.0,10582.0,5639.0,23096.0,4110.0,-2289.0,-1852.0,-31.0,30959,15416.0,0.19045147898287493,0.03788271925272444,0.8689557156238896,1.3404485625216487
HEROMOTOCO,Mar 2022,29551,53,26295.0,3256.0,11,545,690,3058,24.0,2329,116.0,82.0,40.0,15807.0,605.0,6027.0,22478.0,6194.0,517.0,10528.0,5240.0,22478.0,2104.0,-222.0,-1975.0,-94.0,29551,15847.0,0.14696788035590333,0.038177573042216195,0.8898176034651958,1.314663226265682
HEROMOTOCO,Mar 2023,34158,105,30060.0,4099.0,12,567,697,3864,28.0,2800,141.0,71.0,40.0,16616.0,568.0,6694.0,23917.0,6159.0,454.0,10891.0,6413.0,23917.0,2614.0,-421.0,-2147.0,45.0,34158,16656.0,0.16810758885686838,0.034101825168107586,0.8800281046899702,1.4281891541581302
HEROMOTOCO,Mar 2024,37789,76,32554.0,5235.0,14,689,757,5090,26.0,3742,187.0,75.0,40.0,17659.0,606.0,7847.0,26153.0,6232.0,484.0,12751.0,6685.0,26153.0,4923.0,-1828.0,-2717.0,379.0,37789,17699.0,0.2114243742584327,0.03423922255494661,0.8614676228532112,1.4449202768324858
HEROMOTOCO,TTM,40098,68,34537.0,5561.0,14,929,802,5620,0.0,4133,207.0,0.0,0.0,0.0,0.0,0.0,0.0,0.0,0.0,0.0,0.0,0.0,0.0,0.0,0.0,0.0,40098,0.0,0.0,0.0,0.8613147787919597,0.0
HINDALCO,Mar 2013,80193,2079,72494.0,7699.0,10,1111,2822,3909,23.0,3007,16.0,6.0,191.0,35139.0,56951.0,28309.0,120590.0,37929.0,33834.0,12601.0,36226.0,120590.0,2977.0,-13801.0,10278.0,-545.0,80193,35330.0,0.08511180300028305,1.6119728276252476,0.9039941141994937,0.665005390165022
HINDALCO,Mar 2014,87695,2702,79671.0,8024.0,9,677,3347,2653,20.0,2195,11.0,9.0,206.0,40398.0,64756.0,32621.0,137982.0,61163.0,23059.0,12961.0,40798.0,137982.0,7956.0,-8095.0,1493.0,1353.0,87695,40604.0,0.05405871342724855,1.5948182445079302,0.9085010547921775,0.6355539128292096
HINDALCO,Mar 2015,104281,4178,95437.0,8844.0,8,-832,3493,340,75.0,259,4.0,24.0,207.0,38122.0,68468.0,34950.0,141746.0,71959.0,14111.0,12346.0,43330.0,141746.0,7143.0,-3873.0,-2437.0,833.0,104281,38329.0,0.006757285606198962,1.7863236713715462,0.9151906867022755,0.7356891905238948
HINDALCO,Mar 2016,98759,5134,90981.0,7778.0,8,1500,4347,-203,99.0,-702,-1.0,-82.0,207.0,40402.0,67552.0,32986.0,141146.0,85648.0,4214.0,12463.0,38821.0,141146.0,11688.0,-3220.0,-8862.0,-394.0,98759,40609.0,-0.017286808342978157,1.663473614223448,0.9212426209256878,0.6996939339407422
HINDALCO,Mar 2017,100184,5742,87867.0,12317.0,12,1198,4457,3315,43.0,1882,8.0,13.0,223.0,45836.0,63817.0,36268.0,146144.0,84687.0,1814.0,15157.0,44486.0,146144.0,12687.0,-2876.0,-5552.0,4259.0,100184,46059.0,0.04086063527215094,1.3855489697996048,0.8770562165615268,0.685515655791548
HINDALCO,Mar 2018,115183,3911,101488.0,13695.0,12,2879,4506,8157,25.0,6083,27.0,4.0,223.0,54629.0,52074.0,40088.0,147014.0,85088.0,2063.0,10781.0,49081.0,147014.0,10898.0,5333.0,-16412.0,-181.0,115183,54852.0,0.11089841755997958,0.9493546269962809,0.8811022459911619,0.7834832056810916
HINDALCO,Mar 2019,130542,3778,115031.0,15511.0,12,1127,4777,8083,32.0,5495,24.0,5.0,222.0,57279.0,52415.0,42056.0,151972.0,85860.0,4097.0,9012.0,53003.0,151972.0,11977.0,-5456.0,-5466.0,1055.0,130542,57501.0,0.09556355541642754,0.9115493643588807,0.8811800033705627,0.858987181849288
HINDALCO,Mar 2020,118144,4197,103838.0,14306.0,12,906,5091,5924,36.0,3767,17.0,6.0,222.0,58095.0,68399.0,41902.0,168618.0,89195.0,7721.0,9411.0,62291.0,168618.0,12745.0,-7227.0,6656.0,12174.0,118144,58317.0,0.06459522952140885,1.172882692868289,0.8789104821235103,0.7006606649349417
HINDALCO,Mar 2021,132008,3738,114449.0,17559.0,13,-987,6628,6206,44.0,3483,16.0,19.0,222.0,66311.0,67206.0,55083.0,188822.0,100269.0,10202.0,17133.0,61218.0,188822.0,17232.0,-25280.0,-4882.0,-12930.0,132008,66533.0,0.05234996167315468,1.010115281138683,0.8669853342221684,0.6991134507631526
HINDALCO,Mar 2022,195059,3768,166712.0,28347.0,15,1253,6729,19103,28.0,13730,61.0,6.0,222.0,77969.0,64486.0,79178.0,221855.0,106874.0,4945.0,14119.0,95917.0,221855.0,16838.0,-6773.0,-6765.0,3300.0,195059,78191.0,0.17559565678914454,0.8247240731030425,0.8546747394378111,0.8792184084199139
HINDALCO,Mar 2023,223202,3646,200536.0,22666.0,10,1307,7086,13241,24.0,10097,45.0,7.0,222.0,94584.0,60291.0,68392.0,223489.0,110626.0,7700.0,14116.0,91047.0,223489.0,19208.0,-7559.0,-10450.0,1199.0,223202,94806.0,0.10650169820475497,0.6359407632428328,0.8984507307282192,0.9987158204654368
HINDALCO,Mar 2024,215962,3858,192090.0,23872.0,11,1519,7521,14012,28.0,10155,45.0,8.0,222.0,105924.0,56356.0,68221.0,230723.0,111810.0,14867.0,15444.0,88602.0,230723.0,24056.0,-14267.0,-10817.0,-1028.0,215962,106146.0,0.09567011474761178,0.5309290976579428,0.8894620349876368,0.9360228499109322
HINDALCO,TTM,224018,3560,196087.0,27931.0,12,1300,7716,17955,0.0,12488,56.0,0.0,0.0,0.0,0.0,0.0,0.0,0.0,0.0,0.0,0.0,0.0,0.0,0.0,0.0,0.0,224018,0.0,0.0,0.0,0.8753180547991679,0.0
HINDUNILVR,Mar 2013,27004,26,22784.0,4220.0,16,1123,251,5066,24.0,3839,18.0,104.0,216.0,2649.0,25.0,9202.0,12092.0,2431.0,222.0,2252.0,7186.0,12092.0,3605.0,63.0,-4147.0,-480.0,27004,2865.0,1.3399650959860383,0.008726003490401396,0.8437268552806991,2.2332120410188554
HINDUNILVR,Mar 2014,29234,41,24475.0,4759.0,16,792,296,5215,24.0,3956,18.0,71.0,216.0,3321.0,46.0,10171.0,13754.0,2746.0,373.0,2838.0,7797.0,13754.0,3818.0,-475.0,-2960.0,383.0,29234,3537.0,1.1184619734238055,0.013005371783997738,0.8372100978312923,2.125490766322524
HINDUNILVR,Mar 2015,31972,18,26560.0,5412.0,17,1247,322,6320,31.0,4376,20.0,74.0,216.0,3811.0,43.0,10359.0,14430.0,2821.0,516.0,3025.0,8067.0,14430.0,3292.0,138.0,-3462.0,-33.0,31972,4027.0,1.0866650111745717,0.010677924012912838,0.8307268860252721,2.2156618156618157
HINDUNILVR,Mar 2016,32186,17,26276.0,5910.0,18,486,353,6026,31.0,4151,19.0,83.0,216.0,6357.0,177.0,8043.0,14793.0,3258.0,408.0,2592.0,8535.0,14793.0,4171.0,-282.0,-3864.0,25.0,32186,6573.0,0.6315228966986155,0.026928343222272933,0.8163797924563475,2.175758804840127
HINDUNILVR,Mar 2017,33162,35,26834.0,6328.0,19,606,432,6467,31.0,4490,21.0,82.0,216.0,6528.0,277.0,8685.0,15706.0,4419.0,229.0,3794.0,7264.0,15706.0,5185.0,-1173.0,-4214.0,-202.0,33162,6744.0,0.6657769869513642,0.041073546856465006,0.8091791809902901,2.111422386349166
HINDUNILVR,Mar 2018,35545,26,28046.0,7499.0,21,353,520,7306,28.0,5227,24.0,83.0,216.0,7065.0,0.0,10581.0,17862.0,4528.0,461.0,2873.0,10000.0,17862.0,6059.0,-1063.0,-4975.0,21.0,35545,7281.0,0.7178958934212334,0.0,0.7890279926853284,1.989978725786586
HINDUNILVR,Mar 2019,39310,33,30430.0,8880.0,23,322,565,8604,30.0,6060,28.0,78.0,216.0,7651.0,99.0,10663.0,18629.0,4715.0,406.0,2716.0,10792.0,18629.0,5800.0,-438.0,-5390.0,-28.0,39310,7867.0,0.7703063429515699,0.01258421253336723,0.7741032816077335,2.1101508400880347
HINDUNILVR,Mar 2020,39783,118,29922.0,9861.0,25,424,1002,9165,26.0,6756,31.0,80.0,216.0,8013.0,0.0,11924.0,20153.0,5479.0,597.0,1255.0,12822.0,20153.0,7623.0,1791.0,-6819.0,2595.0,39783,8229.0,0.8209989063069631,0.0,0.7521303069150139,1.974048528755024
HINDUNILVR,Mar 2021,47028,117,35402.0,11626.0,25,170,1074,10605,25.0,7999,34.0,119.0,235.0,47439.0,0.0,21066.0,68740.0,51443.0,745.0,2709.0,13843.0,68740.0,9163.0,-1228.0,-9309.0,-1374.0,47028,47674.0,0.16778537567646937,0.0,0.7527855745513311,0.6841431480942682
HINDUNILVR,Mar 2022,52446,106,39589.0,12857.0,25,219,1091,11879,25.0,8892,38.0,90.0,235.0,48826.0,1043.0,20402.0,70506.0,51473.0,1313.0,3521.0,14199.0,70506.0,9048.0,-1728.0,-8015.0,-695.0,52446,49061.0,0.1812437577709382,0.02125924869040582,0.7548526103039317,0.7438515870989703
HINDUNILVR,Mar 2023,60580,114,46433.0,14147.0,23,448,1137,13344,24.0,10143,43.0,91.0,235.0,50069.0,1219.0,21554.0,73077.0,52678.0,1132.0,2882.0,16385.0,73077.0,9991.0,-1484.0,-8953.0,-446.0,60580,50304.0,0.20163406488549618,0.024232665394402036,0.7664740838560581,0.8289886010646305
HINDUNILVR,Mar 2024,61896,334,47237.0,14659.0,24,817,1216,13926,26.0,10282,44.0,96.0,235.0,50983.0,1484.0,25787.0,78489.0,53744.0,1025.0,4625.0,19095.0,78489.0,15469.0,-5324.0,-10034.0,111.0,61896,51218.0,0.20074973642078955,0.028974188761763442,0.7631672482874499,0.7885945801322478
HINDUNILVR,TTM,62661,420,47902.0,14759.0,24,1461,1328,14472,0.0,10757,46.0,0.0,0.0,0.0,0.0,0.0,0.0,0.0,0.0,0.0,0.0,0.0,0.0,0.0,0.0,0.0,62661,0.0,0.0,0.0,0.7644627439715294,0.0
ICICIBANK,Mar 2013,44885,28285,31684.0,-15085.0,-34,29320,625,13610,26.0,10130,15.0,24.0,1154.0,67609.0,487659.0,118401.0,674822.0,5473.0,0.0,255667.0,413682.0,674822.0,17494.0,-18563.0,9283.0,8215.0,44885,68763.0,0.14731759812689965,7.091880807992671,0.7058928372507519,0.06651383624126066
ICICIBANK,Mar 2014,49479,29711,32852.0,-13084.0,-26,30085,719,16282,28.0,11677,17.0,24.0,1155.0,75275.0,543055.0,128278.0,747762.0,5507.0,0.0,267609.0,474646.0,747762.0,6765.0,-15750.0,7872.0,-1113.0,49479,76430.0,0.15278032186314275,7.1052597147716865,0.6639584470179268,0.06616944963771895
ICICIBANK,Mar 2015,54964,32318,38766.0,-16120.0,-29,35252,798,18334,29.0,12942,19.0,24.0,1160.0,83545.0,597207.0,144167.0,826079.0,5871.0,0.0,274311.0,545897.0,826079.0,-12273.0,-13175.0,24827.0,-621.0,54964,84705.0,0.15278909155303702,7.050433858686028,0.7052980132450332,0.06653600926787874
ICICIBANK,Mar 2016,59294,33996,52252.0,-26955.0,-45,42102,843,14304,24.0,10927,16.0,29.0,1163.0,92948.0,671455.0,153190.0,918756.0,8713.0,0.0,286044.0,623999.0,918756.0,23645.0,-12060.0,5814.0,17399.0,59294,94111.0,0.11610757509749126,7.1347132641242785,0.8812358754680069,0.06453726560697291
ICICIBANK,Mar 2017,60940,34836,63841.0,-37737.0,-62,52458,912,13809,18.0,11340,16.0,14.0,1165.0,103467.0,700874.0,180219.0,985725.0,9338.0,0.0,304373.0,672013.0,985725.0,52636.0,-1711.0,-35470.0,15455.0,60940,104632.0,0.10837984555394144,6.698467008181054,1.0476042008532984,0.06182251642192295
ICICIBANK,Mar 2018,62162,34262,72806.0,-44906.0,-72,56807,922,10978,17.0,9100,12.0,12.0,1286.0,109344.0,815198.0,198453.0,1124281.0,9465.0,0.0,372208.0,742608.0,1124281.0,19383.0,-50551.0,39676.0,8508.0,62162,110630.0,0.08225616921269095,7.368688420862334,1.1712300119043788,0.05529044785067078
ICICIBANK,Mar 2019,71982,39178,83775.0,-50971.0,-71,59325,946,7408,23.0,5689,7.0,15.0,1289.0,112964.0,891641.0,232899.0,1238794.0,9660.0,0.0,398201.0,830933.0,1238794.0,48671.0,-30282.0,-19997.0,-1608.0,71982,114253.0,0.04979300324717951,7.804092671527225,1.1638326248228723,0.05810651327016437
ICICIBANK,Mar 2020,84836,44666,85361.0,-45190.0,-53,64950,1171,18589,40.0,11225,15.0,0.0,1295.0,121665.0,1014636.0,239696.0,1377292.0,10409.0,0.0,443473.0,923411.0,1377292.0,79565.0,-42095.0,2992.0,40462.0,84836,122960.0,0.09128985035783994,8.251756668835394,1.006188410580414,0.06159623376887399
ICICIBANK,Mar 2021,89163,42659,91309.0,-44805.0,-50,72174,1340,26028,22.0,20364,27.0,8.0,1383.0,156204.0,1103840.0,312385.0,1573812.0,10809.0,0.0,536579.0,1026424.0,1573812.0,138015.0,-63631.0,-54667.0,19718.0,89163,157587.0,0.12922385729787356,7.004638707507599,1.0240682794432667,0.05665416199647734
ICICIBANK,Mar 2022,95407,41167,80798.0,-26558.0,-28,62129,1330,34241,25.0,26538,36.0,14.0,1390.0,180663.0,1252968.0,317616.0,1752637.0,10707.0,0.0,567098.0,1174833.0,1752637.0,58111.0,-39448.0,17451.0,36114.0,95407,182053.0,0.14577073709304433,6.882435334765151,0.8468770635278334,0.05443625805001264
ICICIBANK,Mar 2023,121067,50543,87864.0,-17341.0,-14,65112,1515,46256,26.0,35461,49.0,16.0,1397.0,213101.0,1399894.0,344099.0,1958490.0,11070.0,0.0,639552.0,1307868.0,1958490.0,-3771.0,-67689.0,24791.0,-46669.0,121067,214498.0,0.1653208887728557,6.526373206276982,0.7257469004765956,0.061816501488391566
ICICIBANK,Mar 2024,159516,74108,99560.0,-14152.0,-9,76522,1935,60434,26.0,46081,63.0,16.0,1405.0,254739.0,1651008.0,456911.0,2364063.0,15714.0,0.0,827163.0,1521186.0,2364063.0,157284.0,-144737.0,13765.0,26312.0,159516,256144.0,0.1799027109750765,6.445624336310825,0.6241380175029464,0.06747535915921023
ICICIBANK,TTM,180551,86404,125722.0,-31575.0,-17,101817,0,70242,0.0,52416,70.0,0.0,0.0,0.0,0.0,0.0,0.0,0.0,0.0,0.0,0.0,0.0,0.0,0.0,0.0,0.0,180551,0.0,0.0,0.0,0.6963240303293806,0.0
ICICIGI,Mar 2013,4012,8,4191.0,-178.0,-4,586,49,351,0.0,353,8.0,0.0,437.0,1433.0,0.0,10767.0,12637.0,390.0,10.0,7800.0,4436.0,12637.0,984.0,-962.0,102.0,124.0,4012,1870.0,0.18877005347593584,0.0,1.0446161515453638,0.3174804146553771
ICICIGI,Mar 2014,4352,9,4578.0,-225.0,-5,817,50,533,3.0,520,12.0,0.0,445.0,1949.0,0.0,12350.0,14744.0,373.0,17.0,9290.0,5064.0,14744.0,595.0,-706.0,4.0,-108.0,4352,2394.0,0.2172096908939014,0.0,1.0519301470588236,0.2951709169831796
ICICIGI,Mar 2015,4234,12,4456.0,-221.0,-5,992,54,705,17.0,585,13.0,15.0,447.0,2439.0,0.0,11760.0,14646.0,381.0,9.0,10200.0,4056.0,14646.0,-98.0,171.0,-93.0,-20.0,4234,2886.0,0.20270270270270271,0.0,1.0524326877657062,0.2890891711047385
ICICIGI,Mar 2016,6033,0,5269.0,764.0,13,0,57,708,28.0,507,11.0,26.0,448.0,2789.0,0.0,12440.0,15676.0,510.0,10.0,11426.0,3730.0,15676.0,511.0,-310.0,-148.0,53.0,6033,3237.0,0.1566265060240964,0.0,0.8733631692358694,0.3848558305690227
ICICIGI,Mar 2017,7520,0,6601.0,919.0,12,-2,7,910,23.0,702,16.0,22.0,451.0,3450.0,485.0,18965.0,23351.0,516.0,11.0,14806.0,8018.0,23351.0,1628.0,-1990.0,361.0,-1.0,7520,3901.0,0.17995385798513203,0.12432709561650859,0.8777925531914894,0.3220418825746221
ICICIGI,Mar 2018,6912,59,7174.0,-262.0,-4,1569,51,1196,28.0,862,19.0,17.0,454.0,4087.0,485.0,24723.0,29750.0,368.0,38.0,18193.0,11151.0,29750.0,2390.0,-1896.0,-96.0,398.0,6912,4541.0,0.18982602950891875,0.1068046685752037,1.0379050925925926,0.2323361344537815
ICICIGI,Mar 2019,11163,70,9494.0,1669.0,15,-2,0,1598,34.0,1049,23.0,26.0,454.0,4946.0,485.0,27517.0,33403.0,1965.0,17.0,20714.0,10707.0,33403.0,2976.0,-2856.0,-310.0,-190.0,11163,5400.0,0.19425925925925927,0.08981481481481482,0.8504882200125414,0.3341915396820645
ICICIGI,Mar 2020,11517,0,9745.0,1772.0,15,15,90,1697,30.0,1194,26.0,13.0,454.0,5680.0,485.0,30423.0,37042.0,664.0,12.0,26327.0,10039.0,37042.0,3433.0,-3382.0,-420.0,-369.0,11517,6134.0,0.19465275513531138,0.07906749266384089,0.8461404879742989,0.3109173370768317
ICICIGI,Mar 2021,12161,0,10090.0,2072.0,17,12,130,1954,25.0,1473,32.0,25.0,455.0,7144.0,485.0,31214.0,39298.0,717.0,14.0,30788.0,7779.0,39298.0,1774.0,-1367.0,-212.0,195.0,12161,7599.0,0.19384129490722463,0.06382418739307803,0.8297015048104597,0.3094559519568426
ICICIGI,Mar 2022,16026,0,15010.0,1016.0,6,809,141,1684,24.0,1271,26.0,35.0,491.0,8702.0,255.0,41401.0,50848.0,941.0,11.0,38412.0,11485.0,50848.0,809.0,135.0,-879.0,65.0,16026,9193.0,0.138257369737844,0.02773849668225824,0.93660302009235,0.3151746381371932
ICICIGI,Mar 2023,17876,0,16612.0,1264.0,7,991,142,2113,18.0,1729,35.0,31.0,491.0,9953.0,35.0,44607.0,55086.0,883.0,25.0,42836.0,11342.0,55086.0,2290.0,-1685.0,-695.0,-90.0,17876,10444.0,0.16554959785522788,0.003351206434316354,0.9292906690534796,0.3245107649856588
ICICIGI,Mar 2024,20487,0,17910.0,2577.0,13,112,134,2555,25.0,1919,39.0,28.0,493.0,11712.0,35.0,51068.0,63308.0,930.0,94.0,48584.0,13700.0,63308.0,2407.0,-1921.0,-355.0,131.0,20487,12205.0,0.157230643179025,0.0028676771814829987,0.8742129155073949,0.3236083907247109
ICICIGI,TTM,23301,0,19938.0,3363.0,14,-12,0,3351,0.0,2518,51.0,0.0,0.0,0.0,0.0,0.0,0.0,0.0,0.0,0.0,0.0,0.0,0.0,0.0,0.0,0.0,23301,0.0,0.0,0.0,0.855671430410712,0.0
ICICIPRULI,Mar 2013,20025,14,19280.0,745.0,4,900,41,1591,5.0,1515,11.0,32.0,1429.0,2532.0,0.0,71260.0,75220.0,165.0,7.0,73716.0,1332.0,75220.0,-2641.0,1564.0,-514.0,-1591.0,20025,3961.0,0.3824791719262812,0.0,0.9627965043695381,0.2662190906673757
ICICIPRULI,Mar 2014,21888,15,20384.0,1504.0,7,129,47,1572,1.0,1561,11.0,70.0,1429.0,2954.0,0.0,77090.0,81474.0,197.0,5.0,80101.0,1171.0,81474.0,-2382.0,6012.0,-1091.0,2539.0,21888,4383.0,0.3561487565594342,0.0,0.9312865497076024,0.2686501215111569
ICICIPRULI,Mar 2015,34453,17,32798.0,1655.0,5,43,40,1642,0.0,1640,11.0,51.0,1432.0,3833.0,0.0,95951.0,101215.0,209.0,6.0,99491.0,1509.0,101215.0,523.0,-1822.0,-966.0,-2264.0,34453,5265.0,0.3114909781576448,0.0,0.9519635445389371,0.34039421034431655
ICICIPRULI,Mar 2016,20849,0,19008.0,1842.0,9,0,0,1842,10.0,1650,12.0,73.0,1432.0,3891.0,1029.0,98413.0,104765.0,212.0,7.0,103024.0,1522.0,104765.0,3634.0,27.0,-1442.0,2219.0,20849,5323.0,0.30997557768175843,0.19331204208153296,0.9116984028010936,0.1990073020569847
ICICIPRULI,Mar 2017,37816,15,36010.0,1806.0,5,130,58,1863,10.0,1682,12.0,63.0,1435.0,4971.0,0.0,118335.0,124741.0,207.0,7.0,121581.0,2946.0,124741.0,4130.0,-696.0,-994.0,2439.0,37816,6406.0,0.26256634405245083,0.0,0.9522424370636767,0.3031561395210877
ICICIPRULI,Mar 2018,38832,20,37062.0,1771.0,5,132,44,1839,12.0,1619,11.0,59.0,1436.0,5138.0,0.0,135245.0,141819.0,404.0,18.0,138537.0,2859.0,141819.0,5690.0,-5389.0,-1188.0,-887.0,38832,6574.0,0.24627319744447826,0.0,0.9544190358467244,0.27381380492035623
ICICIPRULI,Mar 2019,41463,23,40922.0,541.0,1,813,57,1274,11.0,1139,8.0,40.0,1436.0,5435.0,0.0,156215.0,163086.0,463.0,13.0,159003.0,3607.0,163086.0,11377.0,-7559.0,-843.0,2975.0,41463,6871.0,0.1657691747926066,0.0,0.9869522224634011,0.25424009418343696
ICICIPRULI,Mar 2020,21025,0,21344.0,-319.0,-2,1578,61,1198,11.0,1067,7.0,11.0,1436.0,5777.0,0.0,148818.0,156031.0,932.0,20.0,150776.0,4303.0,156031.0,8596.0,-10797.0,-405.0,-2606.0,21025,7213.0,0.14792735338971302,0.0,1.0151724137931035,0.13474886400779332
ICICIPRULI,Mar 2021,83182,0,83572.0,-390.0,0,1669,60,1219,22.0,956,7.0,30.0,1436.0,7673.0,1200.0,206911.0,217220.0,911.0,22.0,211727.0,4560.0,217220.0,7314.0,-5084.0,1205.0,3434.0,83182,9109.0,0.10495114721703809,0.1317378416950269,1.0046885143420452,0.382938955897247
ICICIPRULI,Mar 2022,63564,0,65728.0,-2163.0,-3,3191,67,961,21.0,759,5.0,10.0,1437.0,7721.0,1200.0,234079.0,244437.0,433.0,54.0,238101.0,5848.0,244437.0,1831.0,-816.0,-319.0,696.0,63564,9158.0,0.0828783577200262,0.1310329766324525,1.0340444276634573,0.26004246492961375
ICICIPRULI,Mar 2023,50478,0,52235.0,-1757.0,-3,2925,84,1085,25.0,813,6.0,11.0,1439.0,8651.0,1200.0,244562.0,255851.0,479.0,117.0,248216.0,7039.0,255851.0,89.0,-1145.0,-112.0,-1168.0,50478,10090.0,0.08057482656095144,0.11892963330029732,1.0348072427592219,0.1972945190755557
ICICIPRULI,Mar 2024,90307,0,92136.0,-1829.0,-2,2970,113,1028,17.0,851,6.0,10.0,1441.0,9564.0,1200.0,286796.0,299001.0,670.0,49.0,289728.0,8553.0,299001.0,-7315.0,7420.0,-88.0,17.0,90307,11005.0,0.0773284870513403,0.10904134484325306,1.020253136523193,0.3020290902037117
ICICIPRULI,TTM,77572,0,77251.0,321.0,0,933,0,1254,0.0,974,7.0,0.0,0.0,0.0,0.0,0.0,0.0,0.0,0.0,0.0,0.0,0.0,0.0,0.0,0.0,0.0,77572,0.0,0.0,0.0,0.9958619089362141,0.0
INDUSINDBK,Mar 2013,6983,4750,1947.0,286.0,4,1363,73,1576,33.0,1061,20.0,15.0,523.0,7107.0,63576.0,2100.0,73307.0,741.0,16.0,19654.0,52896.0,73307.0,-486.0,-174.0,1969.0,1309.0,6983,7630.0,0.13905635648754916,8.332372214941023,0.2788199914077044,0.09525693317145702
INDUSINDBK,Mar 2014,8254,5363,2555.0,335.0,4,1891,98,2128,34.0,1408,27.0,13.0,526.0,8517.0,75264.0,2719.0,87026.0,991.0,25.0,21563.0,64447.0,87026.0,-4106.0,-174.0,4200.0,-79.0,8254,9043.0,0.1557005418555789,8.3229016919164,0.3095468863581294,0.09484521867028245
INDUSINDBK,Mar 2015,9692,6272,3133.0,288.0,3,2548,127,2709,34.0,1794,34.0,12.0,529.0,10115.0,94752.0,6390.0,111787.0,1120.0,38.0,22878.0,87751.0,111787.0,-1421.0,-276.0,5707.0,4010.0,9692,10644.0,0.1685456595264938,8.901916572717024,0.32325629385059845,0.08670060024868724
INDUSINDBK,Mar 2016,11872,7355,4188.0,329.0,3,3297,157,3469,34.0,2286,38.0,12.0,595.0,17101.0,117996.0,7205.0,142897.0,1218.0,37.0,34054.0,107587.0,142897.0,-2927.0,-258.0,2517.0,-667.0,11872,17696.0,0.12918173598553345,6.667947558770344,0.3527628032345013,0.08308082045109415
INDUSINDBK,Mar 2017,14406,8343,5684.0,379.0,3,4171,191,4360,34.0,2868,48.0,13.0,598.0,20048.0,149026.0,8976.0,178648.0,1307.0,28.0,36702.0,140611.0,178648.0,11569.0,-285.0,-2768.0,8516.0,14406,20646.0,0.13891310665504214,7.218153637508476,0.3945578231292517,0.08063902198737181
INDUSINDBK,Mar 2018,17281,9783,6555.0,942.0,5,4750,212,5481,34.0,3606,60.0,12.0,600.0,23241.0,189928.0,7856.0,221626.0,1313.0,25.0,50077.0,170211.0,221626.0,-20700.0,-217.0,15505.0,-5412.0,17281,23841.0,0.15125204479677865,7.966444360555346,0.37931832648573577,0.07797370344634655
INDUSINDBK,Mar 2019,22261,13415,9283.0,-437.0,-2,5647,229,4981,34.0,3301,55.0,14.0,603.0,26083.0,242189.0,8944.0,277819.0,1688.0,22.0,59266.0,216843.0,277819.0,-6389.0,-633.0,8590.0,1568.0,22261,26686.0,0.12369781908116616,9.075507756876265,0.41700732222272135,0.08012770904797728
INDUSINDBK,Mar 2020,28783,16724,12611.0,-553.0,-2,6951,278,6121,28.0,4418,64.0,0.0,694.0,34013.0,262793.0,9558.0,307058.0,1742.0,78.0,59980.0,245257.0,307058.0,-12039.0,526.0,12733.0,1220.0,28783,34707.0,0.12729420577981387,7.57175785864523,0.43814056908591875,0.09373799086817475
INDUSINDBK,Mar 2021,29000,15472,15997.0,-2469.0,-9,6559,305,3784,25.0,2836,37.0,14.0,773.0,42592.0,307528.0,12080.0,362973.0,1734.0,75.0,69695.0,291469.0,362973.0,44646.0,-226.0,-4096.0,40324.0,29000,43365.0,0.06539836273492448,7.091617664014758,0.5516206896551724,0.07989574982161207
INDUSINDBK,Mar 2022,30822,15822,15840.0,-839.0,-3,7334,321,6174,25.0,4611,60.0,14.0,775.0,46923.0,341005.0,13273.0,401975.0,1754.0,95.0,70971.0,329155.0,401975.0,16600.0,-351.0,-4302.0,11947.0,30822,47698.0,0.09667071994632899,7.149251540945113,0.5139186295503212,0.07667641022451645
INDUSINDBK,Mar 2023,36368,18776,15525.0,2067.0,6,8166,373,9860,25.0,7390,95.0,15.0,776.0,53846.0,385449.0,17733.0,457804.0,1857.0,135.0,83116.0,372695.0,457804.0,-12438.0,-441.0,1115.0,-11763.0,36368,54622.0,0.135293471495002,7.056662150781737,0.42688627364716236,0.07944010974128667
INDUSINDBK,Mar 2024,45748,25132,17638.0,2978.0,7,9388,425,11942,25.0,8950,115.0,14.0,778.0,62019.0,432404.0,19734.0,514935.0,2001.0,197.0,106527.0,406211.0,514935.0,-16843.0,-625.0,-2242.0,-19710.0,45748,62797.0,0.14252273197764223,6.885742949503957,0.3855469091544986,0.08884228106460039
INDUSINDBK,TTM,49004,27577,20104.0,1323.0,3,9521,0,10844,0.0,8122,104.0,0.0,0.0,0.0,0.0,0.0,0.0,0.0,0.0,0.0,0.0,0.0,0.0,0.0,0.0,0.0,49004,0.0,0.0,0.0,0.4102522243082197,0.0
INFY,Mar 2013,40352,28814,11538.0,29.0,2365,5,1099,12799,26.0,9429,21.0,25.0,286.0,37708.0,0.0,8281.0,46275.0,7139.0,1140.0,2116.0,35880.0,46275.0,7373.0,-2922.0,-3210.0,1241.0,40352,37994.0,0.2481707638048113,0.0,0.2859337827121332,0.8720043219881145
INFY,Mar 2014,50133,36743,13390.0,27.0,2664,9,1317,14728,28.0,10656,23.0,34.0,286.0,44244.0,0.0,12436.0,56966.0,8378.0,961.0,4331.0,43296.0,56966.0,9825.0,-2563.0,-3144.0,4118.0,50133,44530.0,0.23929934875364922,0.0,0.2670895418187621,0.8800512586455078
INFY,Mar 2015,53319,38436,14883.0,28.0,3430,12,1017,17284,28.0,12372,27.0,55.0,572.0,50164.0,0.0,15553.0,66289.0,11346.0,776.0,2270.0,51897.0,66289.0,8353.0,999.0,-4935.0,4417.0,53319,50736.0,0.24385052034058657,0.0,0.27913126652787934,0.804341595136448
INFY,Mar 2016,62441,45362,17079.0,27.0,3120,0,1459,18740,28.0,13489,29.0,41.0,1144.0,60600.0,0.0,13354.0,75098.0,13386.0,960.0,1892.0,58860.0,75098.0,10028.0,-885.0,-6813.0,2330.0,62441,61744.0,0.2184665716506867,0.0,0.27352220496148366,0.8314602253056007
INFY,Mar 2017,68484,49880,18604.0,27.0,3050,0,1703,19951,28.0,14353,31.0,41.0,1144.0,67838.0,0.0,14166.0,83148.0,14179.0,1365.0,16423.0,51181.0,83148.0,11531.0,-14664.0,-6939.0,-10072.0,68484,68982.0,0.2080687715635963,0.0,0.27165469306699375,0.8236397748592871
INFY,Mar 2018,70522,51700,18822.0,27.0,3311,0,1863,20270,21.0,16029,37.0,59.0,1088.0,63835.0,0.0,14426.0,79349.0,12574.0,1606.0,12163.0,53006.0,79349.0,13218.0,4533.0,-20505.0,-2754.0,70522,64923.0,0.24689247262141306,0.0,0.2668954368849437,0.888757262221326
INFY,Mar 2019,82675,62505,20170.0,24.0,2882,0,2011,21041,27.0,15410,35.0,60.0,2170.0,62778.0,0.0,19118.0,84066.0,15710.0,1388.0,11261.0,55707.0,84066.0,14841.0,-632.0,-14512.0,-303.0,82675,64948.0,0.23726673646609595,0.0,0.24396734200181433,0.9834534770299527
INFY,Mar 2020,90791,68524,22267.0,25.0,2803,170,2893,22007,24.0,16639,39.0,45.0,2122.0,63328.0,4633.0,21717.0,91800.0,23789.0,954.0,8792.0,58265.0,91800.0,17003.0,-331.0,-17591.0,-919.0,90791,65450.0,0.25422459893048127,0.0707868601986249,0.24525558700752279,0.98900871459695
INFY,Mar 2021,100472,72583,27889.0,28.0,2201,195,3267,26628,27.0,19423,45.0,59.0,2124.0,74227.0,5325.0,25835.0,107511.0,25505.0,922.0,14205.0,66879.0,107511.0,23224.0,-7373.0,-9786.0,6065.0,100472,76351.0,0.2543909051616875,0.06974368377624393,0.27757982323433394,0.9345276297309113
INFY,Mar 2022,121641,90150,31491.0,26.0,2295,200,3476,30110,26.0,22146,53.0,59.0,2098.0,73252.0,5474.0,35905.0,116729.0,25800.0,416.0,20324.0,70189.0,116729.0,23885.0,-6485.0,-24642.0,-7242.0,121641,75350.0,0.2939084273390843,0.07264764432647644,0.2588847510296693,1.0420803742000702
INFY,Mar 2023,146767,111637,35130.0,24.0,2701,284,4225,33322,28.0,24108,58.0,73.0,2069.0,73338.0,8299.0,40890.0,124596.0,29225.0,288.0,19478.0,75605.0,124596.0,22467.0,-1071.0,-26695.0,-5299.0,146767,75407.0,0.31970506716883046,0.11005609558794277,0.23935898396778568,1.1779431121384314
INFY,Mar 2024,153670,117245,36425.0,24.0,4711,470,4678,35988,27.0,26248,63.0,0.0,2071.0,86045.0,8359.0,39545.0,136020.0,27622.0,293.0,24623.0,83482.0,136020.0,25210.0,-5093.0,-17504.0,2613.0,153670,88116.0,0.2978800671841663,0.09486358890553362,0.23703390381987374,1.129760329363329
INFY,TTM,159988,121843,38145.0,24.0,5138,424,4675,38184,0.0,27687,67.0,0.0,0.0,0.0,0.0,0.0,0.0,0.0,0.0,0.0,0.0,0.0,0.0,0.0,0.0,0.0,159988,0.0,0.0,0.0,0.23842413180988575,0.0
IOC,Mar 2013,461780,447919,13861.0,3.0,3499,7164,5692,4504,19.0,3627,3.0,36.0,2428.0,60609.0,89671.0,89170.0,241878.0,66774.0,27240.0,17351.0,130514.0,241878.0,9340.0,-9294.0,352.0,398.0,461780,63037.0,0.057537636626108474,1.422513761758967,0.030016458053618605,1.9091442793474396
IOC,Mar 2014,488345,471123,17222.0,4.0,5064,5948,6360,9978,30.0,6967,5.0,30.0,2428.0,65485.0,94916.0,103124.0,265953.0,72554.0,38061.0,15895.0,139443.0,265953.0,24195.0,-18594.0,-3116.0,2485.0,488345,67913.0,0.10258713353849779,1.39761165019952,0.03526605166429471,1.8362079013961115
IOC,Mar 2015,449507,438932,10575.0,2.0,5860,4201,5219,7014,31.0,4872,3.0,33.0,2428.0,66404.0,64893.0,100158.0,233883.0,76781.0,40378.0,16069.0,100655.0,233883.0,46092.0,-10215.0,-38283.0,-2406.0,449507,68832.0,0.07078103207810321,0.942773709902371,0.02352577379217676,1.9219310509955834
IOC,Mar 2016,346045,324007,22038.0,6.0,5219,3487,5698,18072,31.0,12413,8.0,28.0,2370.0,87610.0,58552.0,83184.0,231715.0,100033.0,26219.0,31185.0,74278.0,231715.0,25624.0,-13610.0,-11890.0,124.0,346045,89980.0,0.1379528784174261,0.6507223827517226,0.06368535884061322,1.4934078501607577
IOC,Mar 2017,355379,321230,34149.0,10.0,4356,3743,6806,27956,27.0,20385,14.0,45.0,4739.0,97357.0,63271.0,108352.0,273719.0,115958.0,16778.0,43687.0,97295.0,273719.0,28216.0,-17684.0,-10937.0,-405.0,355379,102096.0,0.19966502115655854,0.6197206550697383,0.09609177807354964,1.2983351539352401
IOC,Mar 2018,421492,379834,41658.0,10.0,4331,3875,7664,34450,34.0,22626,15.0,90.0,9479.0,104395.0,65650.0,116336.0,295860.0,124053.0,19130.0,44806.0,107871.0,295860.0,29115.0,-17119.0,-12007.0,-11.0,421492,113874.0,0.19869329258654303,0.5765143931011468,0.09883461607812248,1.424633272493747
IOC,Mar 2019,528158,492896,35262.0,7.0,4097,4925,8506,25927,33.0,17274,12.0,49.0,9181.0,103288.0,96765.0,126128.0,335363.0,132494.0,28281.0,44112.0,130476.0,335363.0,12747.0,-22569.0,10436.0,614.0,528158,112469.0,0.15358898896584836,0.8603704131805209,0.06676411225428754,1.5748845281083483
IOC,Mar 2020,483763,467710,16053.0,3.0,-7165,5792,10273,-7177,-74.0,-1876,-1.0,-437.0,9181.0,86217.0,129790.0,104773.0,329962.0,147022.0,32845.0,35571.0,114524.0,329962.0,7146.0,-29101.0,22456.0,502.0,483763,95398.0,-0.019664982494391917,1.3605107025304515,0.0331836043682547,1.4661173104781762
IOC,Mar 2021,363950,324021,39929.0,11.0,4696,2933,10941,30751,29.0,21762,15.0,51.0,9181.0,102657.0,116649.0,126658.0,355145.0,157085.0,36291.0,44717.0,117053.0,355145.0,49650.0,-22935.0,-27369.0,-653.0,363950,111838.0,0.19458502476796796,1.043017578998194,0.10971012501717269,1.0247926903095919
IOC,Mar 2022,589321,541563,47758.0,8.0,4332,5454,12348,34289,25.0,25727,18.0,46.0,9181.0,124354.0,132020.0,145327.0,410882.0,160514.0,47469.0,52352.0,150546.0,410882.0,25747.0,-21294.0,-4058.0,395.0,589321,133535.0,0.19266110008611975,0.9886546598270116,0.08103902626921491,1.434282835461276
IOC,Mar 2023,841756,811073,30683.0,4.0,5124,7588,13181,15038,22.0,11704,7.0,42.0,13772.0,125949.0,148977.0,153298.0,441995.0,180048.0,51133.0,52190.0,158624.0,441995.0,29644.0,-28030.0,-1794.0,-180.0,841756,139721.0,0.08376693553581781,1.0662463051366653,0.03645118062716512,1.9044468828832906
IOC,Mar 2024,776352,700706,75646.0,10.0,5389,7881,15866,57288,25.0,43161,30.0,40.0,13772.0,169645.0,132628.0,166639.0,482683.0,195998.0,61032.0,65542.0,160111.0,482683.0,71099.0,-31464.0,-39385.0,250.0,776352,183417.0,0.2353162465856491,0.7230954600718581,0.09743776019125346,1.6084096601703395
IOC,TTM,761485,728555,32930.0,4.0,7285,9231,16546,14438,0.0,10909,8.0,0.0,0.0,0.0,0.0,0.0,0.0,0.0,0.0,0.0,0.0,0.0,0.0,0.0,0.0,0.0,761485,0.0,0.0,0.0,0.043244449989165906,0.0
IRCTC,Mar 2015,1059,907,152.0,14.0,82,0,20,214,39.0,131,13.0,20.0,20.0,424.0,0.0,718.0,1162.0,155.0,16.0,0.0,990.0,1162.0,69.0,-46.0,-17.0,6.0,1059,444.0,0.29504504504504503,0.0,0.14353163361661944,0.9113597246127366
IRCTC,Mar 2016,1367,1176,190.0,14.0,139,0,21,309,39.0,189,19.0,40.0,20.0,522.0,0.0,895.0,1437.0,159.0,14.0,0.0,1264.0,1437.0,288.0,7.0,-31.0,263.0,1367,542.0,0.34870848708487084,0.0,0.1389904901243599,0.9512874043145442
IRCTC,Mar 2017,1520,1206,314.0,21.0,67,3,22,355,35.0,229,11.0,49.0,40.0,747.0,0.0,1040.0,1826.0,170.0,17.0,0.0,1639.0,1826.0,338.0,94.0,-136.0,296.0,1520,787.0,0.2909783989834816,0.0,0.20657894736842106,0.8324205914567361
IRCTC,Mar 2018,1466,1192,274.0,19.0,99,3,24,346,36.0,221,11.0,21.0,40.0,915.0,0.0,1365.0,2319.0,190.0,8.0,0.0,2122.0,2319.0,24.0,40.0,-57.0,7.0,1466,955.0,0.23141361256544501,0.0,0.1869031377899045,0.6321690383786115
IRCTC,Mar 2019,1870,1487,383.0,20.0,126,2,29,479,36.0,309,4.0,98.0,160.0,911.0,0.0,1523.0,2594.0,182.0,40.0,0.0,2372.0,2594.0,499.0,-353.0,-179.0,-33.0,1870,1071.0,0.28851540616246496,0.0,0.20481283422459892,0.7208943716268311
IRCTC,Mar 2020,2264,1562,703.0,31.0,77,10,40,730,30.0,513,6.0,39.0,160.0,1154.0,0.0,1928.0,3241.0,285.0,16.0,0.0,2941.0,3241.0,409.0,8.0,-280.0,137.0,2264,1314.0,0.3904109589041096,0.0,0.31051236749116606,0.6985498302992903
IRCTC,Mar 2021,777,589,188.0,24.0,124,8,46,258,27.0,187,2.0,43.0,160.0,1296.0,79.0,1618.0,3153.0,311.0,24.0,0.0,2818.0,3153.0,248.0,-453.0,-47.0,-252.0,777,1456.0,0.12843406593406592,0.05425824175824176,0.24195624195624196,0.24643196955280686
IRCTC,Mar 2022,1879,1005,874.0,47.0,72,11,49,885,26.0,660,8.0,42.0,160.0,1710.0,105.0,1909.0,3884.0,335.0,26.0,0.0,3522.0,3884.0,524.0,-242.0,-258.0,23.0,1879,1870.0,0.35294117647058826,0.05614973262032086,0.4651410324640766,0.4837796086508754
IRCTC,Mar 2023,3541,2265,1276.0,36.0,148,16,54,1354,26.0,1006,13.0,44.0,160.0,2318.0,84.0,2526.0,5089.0,351.0,34.0,0.0,4704.0,5089.0,812.0,-317.0,-434.0,61.0,3541,2478.0,0.4059725585149314,0.03389830508474576,0.360350183563965,0.6958145018667715
IRCTC,Mar 2024,4270,2804,1466.0,34.0,106,19,57,1496,26.0,1111,14.0,47.0,160.0,3070.0,60.0,2801.0,6091.0,343.0,443.0,0.0,5306.0,6091.0,882.0,-215.0,-404.0,262.0,4270,3230.0,0.34396284829721363,0.018575851393188854,0.3433255269320843,0.7010343129207027
IRCTC,TTM,4455,2950,1505.0,34.0,185,16,56,1617,0.0,1200,15.0,0.0,0.0,0.0,0.0,0.0,0.0,0.0,0.0,0.0,0.0,0.0,0.0,0.0,0.0,0.0,4455,0.0,0.0,0.0,0.3378226711560045,0.0
IRFC,Mar 2013,5550,22,5528.0,100.0,2,4075,0,1454,64.0,522,222.0,21.0,2352.0,4042.0,58753.0,5608.0,70755.0,13.0,0.0,13.0,70729.0,70755.0,0.0,0.0,0.0,0.0,5550,6394.0,0.0816390365968095,9.188770722552393,0.9960360360360361,0.07843968624125504
IRFC,Mar 2014,6197,19,6178.0,100.0,1,4607,0,1572,55.0,701,209.0,6.0,3352.0,4210.0,69917.0,6451.0,83930.0,13.0,0.0,11.0,83906.0,83930.0,0.0,0.0,0.0,0.0,6197,7562.0,0.09270034382438508,9.245834435334567,0.9969340003227368,0.07383533897295365
IRFC,Mar 2015,6939,34,6905.0,100.0,1,4992,0,1914,60.0,758,212.0,20.0,3584.0,5098.0,71270.0,7696.0,87647.0,12.0,0.0,9.0,87626.0,87647.0,0.0,0.0,0.0,0.0,6939,8682.0,0.08730707210320203,8.208938032711357,0.995100158524283,0.07916985179184684
IRFC,Mar 2016,7507,38,7468.0,99.0,1,5519,0,1950,56.0,849,188.0,40.0,4526.0,6999.0,87503.0,9372.0,108400.0,12.0,0.0,8.0,108381.0,108400.0,-16378.0,2.0,17582.0,1206.0,7507,11525.0,0.07366594360086767,7.592451193058569,0.9948048488077794,0.06925276752767527
IRFC,Mar 2017,9047,26,9021.0,100.0,0,6888,0,2133,56.0,934,143.0,40.0,6526.0,5483.0,106395.0,11245.0,129650.0,12.0,0.0,8.0,129630.0,129650.0,-19455.0,2.0,18250.0,-1204.0,9047,12009.0,0.077775002081772,8.85960529602798,0.9971261191555212,0.06978017740069417
IRFC,Mar 2018,9267,38,9229.0,100.0,1,6638,0,2592,21.0,2055,3.0,18.0,6526.0,7402.0,134006.0,13534.0,161468.0,11.0,0.0,14.0,161443.0,161468.0,-28076.0,2.0,28075.0,0.0,9267,13928.0,0.14754451464675475,9.621338311315336,0.9958994280781267,0.057392176778061285
IRFC,Mar 2019,11134,48,11085.0,100.0,0,8183,0,2902,22.0,2255,2.0,18.0,9380.0,15648.0,173933.0,7642.0,206604.0,11.0,0.0,13.0,206579.0,206604.0,-41748.0,1.0,41749.0,3.0,11134,25028.0,0.09009908902029727,6.94953651909861,0.9955990659241961,0.05389053454918588
IRFC,Mar 2020,13421,66,13355.0,100.0,0,10163,0,3192,0.0,3192,3.0,0.0,11880.0,18419.0,234377.0,10828.0,275504.0,11.0,0.0,12.0,275482.0,275504.0,-62701.0,1.0,62697.0,-2.0,13421,30299.0,0.10535001155153635,7.7354698174857255,0.9950823336562105,0.04871435623439224
IRFC,Mar 2021,15771,113,15657.0,99.0,0,11237,4,4416,0.0,4416,3.0,31.0,13069.0,22845.0,323145.0,21423.0,380482.0,45.0,0.0,12.0,380424.0,380482.0,-89907.0,0.0,90202.0,296.0,15771,35914.0,0.12296040541293089,8.997744612128974,0.9927715427049648,0.041450055455974265
IRFC,Mar 2022,20299,123,20177.0,99.0,2,14075,14,6090,0.0,6090,5.0,30.0,13069.0,27928.0,388440.0,20544.0,449980.0,38.0,0.0,10.0,449932.0,449980.0,-64412.0,-5.0,64266.0,-151.0,20299,40997.0,0.14854745469180672,9.474839622411396,0.9939898517168333,0.045110893817503
IRFC,Mar 2023,23722,134,23588.0,99.0,41,17447,14,6167,0.0,6167,5.0,32.0,13069.0,31612.0,418935.0,26744.0,490359.0,19.0,0.0,14.0,490326.0,490359.0,-28588.0,0.0,28644.0,56.0,23722,44681.0,0.13802287325708915,9.376133031937513,0.994351235140376,0.048376801486258024
IRFC,Mar 2024,26645,133,26513.0,100.0,10,20101,9,6412,0.0,6412,5.0,31.0,13069.0,36110.0,412039.0,23865.0,485082.0,22.0,4.0,54.0,485003.0,485082.0,7914.0,-8.0,-8046.0,-140.0,26645,49179.0,0.13038085361638097,8.378352548852153,0.9950459748545694,0.05492885738906
IRFC,TTM,26902,144,26758.0,99.0,8,20223,6,6537,0.0,6537,5.0,0.0,0.0,0.0,0.0,0.0,0.0,0.0,0.0,0.0,0.0,0.0,0.0,0.0,0.0,0.0,26902,0.0,0.0,0.0,0.9946472381235596,0.0
ITC,Mar 2013,31618,20398,11221.0,35.0,852,108,859,11106,31.0,7704,6.0,55.0,790.0,22368.0,102.0,12069.0,35329.0,12140.0,2062.0,5981.0,15146.0,35329.0,7102.0,-3881.0,-3310.0,-90.0,31618,23158.0,0.3326712151308403,0.0044045254339753,0.3548927825921943,0.8949588157038127
ITC,Mar 2014,35306,22227,13080.0,37.0,966,29,965,13052,31.0,9001,7.0,54.0,795.0,26442.0,242.0,13369.0,40848.0,12921.0,3117.0,7284.0,17526.0,40848.0,7344.0,-3254.0,-4122.0,-32.0,35306,27237.0,0.33046958181884933,0.00888497264750156,0.37047527332464736,0.8643262828045437
ITC,Mar 2015,38817,24566,14252.0,37.0,1229,91,1028,14362,32.0,9779,8.0,52.0,802.0,30934.0,269.0,13948.0,45952.0,15303.0,2700.0,6943.0,21006.0,45952.0,9843.0,-5275.0,-4661.0,-93.0,38817,31736.0,0.30813587093521555,0.008476178472397277,0.36715871911791226,0.844729282729805
ITC,Mar 2016,39192,24661,14531.0,37.0,1483,78,1077,14859,36.0,9501,8.0,73.0,805.0,41875.0,84.0,8888.0,51651.0,15107.0,2560.0,11748.0,22237.0,51651.0,9799.0,-3921.0,-5613.0,266.0,39192,42680.0,0.22261012183692597,0.0019681349578256793,0.3707644417228006,0.7587849218795377
ITC,Mar 2017,42768,27298,15470.0,36.0,1759,49,1153,16026,35.0,10477,8.0,56.0,1215.0,45198.0,46.0,9440.0,55898.0,15893.0,3730.0,17581.0,18694.0,55898.0,10627.0,-3251.0,-7301.0,75.0,42768,46413.0,0.2257341693060134,0.0009911016310085537,0.36171904227459784,0.7651078750581416
ITC,Mar 2018,43449,26928,16521.0,38.0,2240,115,1236,17409,34.0,11493,9.0,56.0,1220.0,51290.0,36.0,11695.0,64241.0,16524.0,5508.0,22053.0,20156.0,64241.0,13169.0,-7114.0,-6221.0,-166.0,43449,52510.0,0.21887259569605788,0.0006855836983431727,0.3802389007802251,0.6763437679986302
ITC,Mar 2019,48340,29802,18537.0,38.0,2080,71,1397,19150,33.0,12836,10.0,56.0,1226.0,57915.0,13.0,12585.0,71739.0,19374.0,4136.0,25043.0,23185.0,71739.0,12583.0,-5546.0,-6869.0,169.0,48340,59141.0,0.21704063171065757,0.00021981366564650582,0.3834712453454696,0.6738315281785361
ITC,Mar 2020,49388,30044,19344.0,39.0,2417,81,1645,20035,22.0,15593,12.0,82.0,1229.0,64044.0,277.0,11760.0,77311.0,21713.0,3256.0,28663.0,23678.0,77311.0,14690.0,-6174.0,-8181.0,334.0,49388,65273.0,0.2388889740015014,0.004243714859130115,0.39167409087227667,0.6388224185432863
ITC,Mar 2021,49257,32193,17065.0,35.0,2577,58,1646,17938,25.0,13383,11.0,101.0,1231.0,59116.0,271.0,13143.0,73761.0,23298.0,4011.0,24871.0,21580.0,73761.0,12527.0,5740.0,-18634.0,-367.0,49257,60347.0,0.2217674449434106,0.004490695477819941,0.3464482205574842,0.6677919225607029
ITC,Mar 2022,60645,40021,20623.0,34.0,1910,60,1732,20740,25.0,15503,12.0,93.0,1232.0,61223.0,249.0,14491.0,77196.0,24232.0,3226.0,24841.0,24898.0,77196.0,15776.0,-2238.0,-13580.0,-43.0,60645,62455.0,0.24822672324073333,0.003986870546793691,0.3400610108005606,0.7855976993626613
ITC,Mar 2023,70919,45215,25704.0,36.0,2098,78,1809,25915,25.0,19477,15.0,100.0,1243.0,67912.0,306.0,16370.0,85831.0,25851.0,3003.0,29415.0,27561.0,85831.0,18878.0,-5732.0,-13006.0,139.0,70919,69155.0,0.2816426867182416,0.004424842744559323,0.3624416587938352,0.8262632382239518
ITC,Mar 2024,70866,44634,26233.0,37.0,2804,80,1816,27140,24.0,20751,16.0,84.0,1248.0,73259.0,303.0,16944.0,91754.0,27820.0,2861.0,31114.0,29959.0,91754.0,17179.0,1563.0,-18551.0,191.0,70866,74507.0,0.27851074395694364,0.004066731984914169,0.370177518132814,0.7723477995509732
ITC,TTM,75135,48495,26640.0,35.0,2655,54,1940,27302,0.0,20829,16.0,0.0,0.0,0.0,0.0,0.0,0.0,0.0,0.0,0.0,0.0,0.0,0.0,0.0,0.0,0.0,75135,0.0,0.0,0.0,0.3545617887801957,0.0
JINDALSTEL,Mar 2013,19807,13701,6106.0,31.0,333,1067,1539,3833,24.0,2952,31.0,5.0,93.0,21159.0,24618.0,11202.0,57073.0,19429.0,19230.0,809.0,17605.0,57073.0,3522.0,-9591.0,6111.0,43.0,19807,21252.0,0.13890457368718237,1.1583850931677018,0.3082748523249356,0.3470467646698088
JINDALSTEL,Mar 2014,19286,13487,5799.0,30.0,349,1807,1829,2512,25.0,1896,21.0,7.0,91.0,22519.0,36368.0,9935.0,68913.0,34989.0,17811.0,342.0,15771.0,68913.0,4580.0,-12694.0,8879.0,766.0,19286,22610.0,0.08385670057496683,1.6084918177797434,0.30068443430467695,0.27986011347641226
JINDALSTEL,Mar 2015,19401,13937,5464.0,28.0,-1399,2875,2733,-1543,-6.0,-1452,-14.0,0.0,91.0,20951.0,45501.0,8994.0,75537.0,46643.0,9073.0,1785.0,18035.0,75537.0,1182.0,-6717.0,5708.0,173.0,19401,21042.0,-0.06900484744796122,2.162389506700884,0.28163496726972836,0.2568410183089082
JINDALSTEL,Mar 2016,19469,16032,3437.0,18.0,-79,3254,4068,-3964,-22.0,-3087,-32.0,0.0,91.0,32345.0,46797.0,13166.0,92398.0,65038.0,11827.0,392.0,15142.0,92398.0,4333.0,-2262.0,-2672.0,-601.0,19469,32436.0,-0.09517203107658158,1.4427487976322604,0.17653705891417124,0.2107080239832031
JINDALSTEL,Mar 2017,21603,16894,4709.0,22.0,-362,3441,3949,-3043,-17.0,-2538,-25.0,0.0,92.0,29959.0,45850.0,14674.0,90575.0,65932.0,9716.0,368.0,14559.0,90575.0,6850.0,-1998.0,-5108.0,-256.0,21603,30051.0,-0.08445642407906559,1.5257395760540415,0.21797898440031477,0.23850952249516974
JINDALSTEL,Mar 2018,33286,26817,6469.0,19.0,-584,3866,3883,-1864,-13.0,-1616,-15.0,0.0,97.0,30288.0,42962.0,15884.0,89230.0,68450.0,4978.0,146.0,15657.0,89230.0,7724.0,-1431.0,-6276.0,17.0,33286,30385.0,-0.05318413690965937,1.413921342767813,0.1943459712792165,0.3730359744480556
JINDALSTEL,Mar 2019,46966,38553,8412.0,18.0,-1470,4264,5480,-2802,-14.0,-2412,-17.0,0.0,97.0,31988.0,39559.0,17357.0,89001.0,69039.0,4027.0,150.0,15784.0,89001.0,9027.0,-832.0,-8261.0,-67.0,46966,32085.0,-0.07517531556802244,1.2329437431821724,0.17910829110420304,0.5277019359333042
JINDALSTEL,Mar 2020,37923,31092,6831.0,18.0,74,3768,3429,-291,37.0,-400,-1.0,0.0,102.0,32035.0,36824.0,20780.0,89742.0,69381.0,3126.0,181.0,17055.0,89742.0,8814.0,-1476.0,-7016.0,322.0,37923,32137.0,-0.012446712512057753,1.1458443538600367,0.18012815441816313,0.4225780570970114
JINDALSTEL,Mar 2021,34579,23646,10933.0,32.0,313,2753,2414,6078,30.0,4267,36.0,0.0,102.0,31713.0,29910.0,16116.0,77840.0,54349.0,1712.0,1156.0,20624.0,77840.0,11961.0,-1884.0,-4612.0,5465.0,34579,31815.0,0.13411912619833413,0.9401225836869401,0.3161745568119379,0.44423175745118193
JINDALSTEL,Mar 2022,51166,35650,15515.0,30.0,-1840,1888,2097,9690,30.0,6766,56.0,5.0,101.0,35524.0,13502.0,27517.0,76644.0,45488.0,2538.0,470.0,28147.0,76644.0,16048.0,-2331.0,-15120.0,-1403.0,51166,35625.0,0.18992280701754385,0.37900350877192984,0.303228706562952,0.6675799801680496
JINDALSTEL,Mar 2023,53212,43270,9942.0,19.0,-539,1446,2691,5266,25.0,3974,31.0,6.0,100.0,38606.0,13046.0,17674.0,69427.0,43542.0,7870.0,907.0,17108.0,69427.0,7347.0,-4090.0,-2500.0,757.0,53212,38706.0,0.10267142045160957,0.3370536867669095,0.18683755543862288,0.7664453310671641
JINDALSTEL,Mar 2024,50354,40153,10202.0,20.0,156,1294,2822,6241,5.0,5943,58.0,3.0,100.0,44216.0,16472.0,17888.0,78676.0,48384.0,9611.0,819.0,19862.0,78676.0,6008.0,-8344.0,1381.0,-955.0,50354,44316.0,0.13410506363390198,0.3716941962270963,0.20260555268697622,0.6400172860847018
JINDALSTEL,TTM,50019,39693,10327.0,21.0,139,1293,3009,6163,0.0,5060,50.0,0.0,0.0,0.0,0.0,0.0,0.0,0.0,0.0,0.0,0.0,0.0,0.0,0.0,0.0,0.0,50019,0.0,0.0,0.0,0.20646154461304705,0.0
JIOFIN,Mar 2023,45,6,39.0,88.0,10,0,0,49,37.0,31,0.0,0.0,2.0,114118.0,743.0,66.0,114930.0,158.0,38.0,108141.0,6593.0,114930.0,2055.0,-1110.0,-889.0,56.0,45,114120.0,0.00027164388363126534,0.006510690501226779,0.8666666666666667,0.00039154267815191856
JIOFIN,Mar 2024,1855,296,1559.0,84.0,429,10,22,1956,18.0,1605,3.0,0.0,6353.0,132794.0,0.0,5715.0,144863.0,172.0,3.0,133292.0,11395.0,144863.0,-678.0,1441.0,-753.0,11.0,1855,139147.0,0.01153456416595399,0.0,0.8404312668463612,0.012805202156520298
JIOFIN,TTM,1968,437,1531.0,78.0,435,0,22,1944,0.0,1607,3.0,0.0,0.0,0.0,0.0,0.0,0.0,0.0,0.0,0.0,0.0,0.0,0.0,0.0,0.0,0.0,1968,0.0,0.0,0.0,0.7779471544715447,0.0
JSWENERGY,Mar 2013,8870,6069,2801.0,32.0,9,963,662,1186,23.0,901,6.0,36.0,1640.0,4564.0,10377.0,3798.0,20378.0,13925.0,977.0,955.0,4521.0,20378.0,1725.0,-944.0,-684.0,96.0,8870,6204.0,0.14522888459058672,1.6726305609284333,0.31578354002254794,0.43527333398763374
JSWENERGY,Mar 2014,8648,5394,3255.0,38.0,-179,1206,810,1060,27.0,760,5.0,43.0,1640.0,4931.0,10106.0,2567.0,19244.0,13635.0,615.0,888.0,4107.0,19244.0,2269.0,-363.0,-1859.0,48.0,8648,6571.0,0.11565971693806118,1.5379698676000608,0.37638760407030525,0.4493868218665558
JSWENERGY,Mar 2015,9347,5723,3624.0,39.0,196,1137,790,1892,27.0,1358,8.0,24.0,1640.0,5878.0,9294.0,2608.0,19420.0,13191.0,454.0,1619.0,4157.0,19420.0,3394.0,-422.0,-2327.0,645.0,9347,7518.0,0.18063314711359404,1.2362330407023145,0.387717984380015,0.48130792996910404
JSWENERGY,Mar 2016,9824,5796,4029.0,41.0,340,1498,854,2017,28.0,1460,9.0,22.0,1627.0,8077.0,14862.0,3973.0,28539.0,20298.0,321.0,1012.0,6908.0,28539.0,3538.0,-3272.0,-1622.0,-1357.0,9824,9704.0,0.15045342126957956,1.5315333882934872,0.41011807817589574,0.3442307018465959
JSWENERGY,Mar 2017,8263,4939,3324.0,40.0,221,1685,969,892,30.0,623,4.0,13.0,1628.0,8741.0,14349.0,3672.0,28389.0,19491.0,531.0,1579.0,6789.0,28389.0,3853.0,-762.0,-2595.0,496.0,8263,10369.0,0.060082939531295204,1.3838364355289807,0.40227520271087985,0.2910634400648138
JSWENERGY,Mar 2018,8049,5336,2713.0,34.0,47,1456,966,338,75.0,85,0.0,0.0,1640.0,9470.0,11883.0,3728.0,26721.0,18877.0,294.0,2415.0,5135.0,26721.0,3934.0,-215.0,-3968.0,-249.0,8049,11110.0,0.00765076507650765,1.0695769576957697,0.3370605044104858,0.30122375659593575
JSWENERGY,Mar 2019,9138,6283,2855.0,31.0,398,1192,1164,897,24.0,684,4.0,24.0,1641.0,10181.0,10555.0,3549.0,25926.0,17825.0,400.0,2451.0,5251.0,25926.0,2491.0,-55.0,-2523.0,-87.0,9138,11822.0,0.057858230417864996,0.8928269328370834,0.31243160428977895,0.3524647072436936
JSWENERGY,Mar 2020,8273,5316,2957.0,36.0,376,1051,1738,544,6.0,1081,7.0,15.0,1642.0,10004.0,9840.0,3445.0,24931.0,16713.0,391.0,1854.0,5974.0,24931.0,2082.0,301.0,-1962.0,421.0,8273,11646.0,0.09282156963764382,0.844925296239052,0.35742777710624923,0.3318358669929004
JSWENERGY,Mar 2021,6922,4009,2913.0,42.0,248,896,1167,1099,25.0,823,5.0,41.0,1642.0,12865.0,8371.0,3328.0,26207.0,15637.0,473.0,4052.0,6045.0,26207.0,3700.0,-1030.0,-2515.0,155.0,6922,14507.0,0.056731233197766594,0.5770317777624595,0.4208321294423577,0.2641279047582707
JSWENERGY,Mar 2022,8167,4596,3572.0,44.0,575,777,1131,2238,22.0,1743,11.0,19.0,1640.0,15775.0,8943.0,4157.0,30514.0,14831.0,2091.0,6623.0,6970.0,30514.0,2952.0,-1387.0,-781.0,784.0,8167,17415.0,0.10008613264427219,0.5135228251507321,0.4373699032692543,0.2676476371501606
JSWENERGY,Mar 2023,10332,7050,3282.0,32.0,674,844,1169,1943,24.0,1480,9.0,22.0,1641.0,16988.0,25051.0,4737.0,48417.0,25020.0,4788.0,6033.0,12576.0,48417.0,2084.0,-6778.0,7327.0,2634.0,10332,18629.0,0.07944602501476193,1.3447313328681088,0.31765389082462253,0.2133961211971002
JSWENERGY,Mar 2024,11486,6104,5382.0,47.0,472,2053,1633,2167,20.0,1725,10.0,19.0,1641.0,19191.0,31573.0,5362.0,57767.0,28946.0,10285.0,7035.0,11501.0,57767.0,6234.0,-8197.0,1675.0,-289.0,11486,20832.0,0.08280529953917051,1.5156009984639016,0.4685704335713042,0.19883324389357246
JSWENERGY,TTM,11416,6034,5382.0,47.0,648,2083,1594,2352,0.0,1988,11.0,0.0,0.0,0.0,0.0,0.0,0.0,0.0,0.0,0.0,0.0,0.0,0.0,0.0,0.0,0.0,11416,0.0,0.0,0.0,0.4714435879467414,0.0
JSWSTEEL,Mar 2013,38210,31698,6512.0,17.0,-307,1967,2237,1999,42.0,929,4.0,30.0,284.0,16781.0,21625.0,18823.0,57513.0,34717.0,5898.0,1750.0,15148.0,57513.0,5844.0,-5433.0,-791.0,-380.0,38210,17065.0,0.05443891004980955,1.2672135950776442,0.17042658989793247,0.6643715333924504
JSWSTEEL,Mar 2014,51220,42051,9169.0,18.0,-1630,3048,3183,1308,70.0,402,2.0,74.0,303.0,20871.0,35527.0,20939.0,77640.0,47046.0,9400.0,663.0,20531.0,77640.0,2594.0,-5618.0,3300.0,276.0,51220,21174.0,0.018985548313969963,1.6778596391801266,0.1790121046466224,0.6597114889232355
JSWSTEEL,Mar 2015,52972,43608,9364.0,18.0,103,3493,3434,2539,32.0,1722,7.0,19.0,303.0,21987.0,38754.0,24610.0,85654.0,52176.0,8265.0,599.0,24613.0,85654.0,7876.0,-7372.0,-169.0,334.0,52972,22290.0,0.07725437415881561,1.7386271870794079,0.176772634599411,0.6184416372848903
JSWSTEEL,Mar 2016,41546,35124,6422.0,15.0,-1966,3601,3323,-2468,-80.0,-481,-1.0,-67.0,301.0,18665.0,42204.0,20737.0,81907.0,56140.0,7271.0,1195.0,17302.0,81907.0,6897.0,-3857.0,-3151.0,-111.0,41546,18966.0,-0.025361172624696827,2.225245175577349,0.15457565108554375,0.5072338139597348
JSWSTEEL,Mar 2017,55604,43296,12308.0,22.0,18,3768,3430,5128,33.0,3467,15.0,19.0,301.0,22346.0,43334.0,22024.0,88005.0,58730.0,4363.0,1366.0,23546.0,88005.0,7888.0,-5094.0,-2710.0,84.0,55604,22647.0,0.1530887093213229,1.9134543206605732,0.22135098194374506,0.6318277370603943
JSWSTEEL,Mar 2018,71933,57017,14916.0,21.0,-177,3701,3387,7651,20.0,6113,26.0,16.0,302.0,27696.0,39393.0,24579.0,91970.0,57848.0,5950.0,1469.0,26703.0,91970.0,12379.0,-4529.0,-8185.0,-335.0,71933,27998.0,0.2183370240731481,1.4069933566683335,0.20735962631893567,0.7821354789605306
JSWSTEEL,Mar 2019,84757,65827,18930.0,22.0,196,3917,4041,11168,33.0,7524,32.0,16.0,301.0,34494.0,47396.0,32606.0,114797.0,62644.0,11889.0,1894.0,38370.0,114797.0,14633.0,-11387.0,1753.0,4999.0,84757,34795.0,0.21623796522488864,1.3621497341572064,0.22334438453461072,0.7383206878228525
JSWSTEEL,Mar 2020,73326,61513,11813.0,16.0,-289,4265,4246,3013,-30.0,3919,17.0,15.0,301.0,36298.0,61423.0,33798.0,131820.0,62085.0,27191.0,1259.0,41285.0,131820.0,12785.0,-19589.0,5189.0,-1615.0,73326,36599.0,0.10707942839968305,1.678269898084647,0.161102473883752,0.5562585343650432
JSWSTEEL,Mar 2021,79839,59661,20178.0,25.0,473,3957,4679,12015,34.0,7873,33.0,25.0,302.0,46462.0,62392.0,39161.0,148317.0,64917.0,32566.0,8581.0,42253.0,148317.0,18789.0,-7702.0,-3110.0,7977.0,79839,46764.0,0.16835600034214354,1.3341886921563595,0.25273362642317665,0.5382997228908352
JSWSTEEL,Mar 2022,146371,107257,39114.0,27.0,1600,4968,6001,29745,30.0,20938,85.0,25.0,301.0,66996.0,72237.0,56951.0,196485.0,99880.0,16905.0,4940.0,74760.0,196485.0,26270.0,-14748.0,-14657.0,-3135.0,146371,67297.0,0.31112828209281246,1.0734059467732588,0.26722506507436583,0.7449474514593989
JSWSTEEL,Mar 2023,165960,147490,18470.0,11.0,1561,6902,7474,5655,27.0,4139,17.0,25.0,301.0,65394.0,80853.0,63991.0,210539.0,104452.0,22166.0,4806.0,79115.0,210539.0,23323.0,-10730.0,-5977.0,6616.0,165960,65695.0,0.06300327269959662,1.2307329324910572,0.11129187756085804,0.7882625071839422
JSWSTEEL,Mar 2024,175006,146849,28157.0,16.0,1500,8105,8172,13380,33.0,8973,36.0,25.0,305.0,77364.0,87984.0,62245.0,227898.0,112461.0,29676.0,7246.0,78515.0,227898.0,12078.0,-14467.0,-5005.0,-7394.0,175006,77669.0,0.115528718021347,1.1328071688833383,0.16089162657280323,0.7679137157851319
JSWSTEEL,TTM,170274,147796,22478.0,13.0,267,8380,9006,5359,0.0,3312,14.0,0.0,0.0,0.0,0.0,0.0,0.0,0.0,0.0,0.0,0.0,0.0,0.0,0.0,0.0,0.0,170274,0.0,0.0,0.0,0.1320107591294032,0.0
KOTAKBANK,Mar 2013,10838,6024,6603.0,-1789.0,-17,5112,179,3144,30.0,2238,15.0,2.0,373.0,14894.0,85561.0,15006.0,115835.0,620.0,0.0,40907.0,74308.0,115835.0,2878.0,-9035.0,7099.0,942.0,10838,15267.0,0.14659068579288662,5.60430994956442,0.6092452482007751,0.09356412137954849
KOTAKBANK,Mar 2014,11986,6312,7053.0,-1379.0,-12,5282,208,3695,32.0,2527,16.0,2.0,385.0,18699.0,85937.0,17176.0,122197.0,1264.0,0.0,38791.0,82142.0,122197.0,9068.0,-1130.0,-5814.0,2125.0,11986,19084.0,0.132414588136659,4.503091595053448,0.5884365092608043,0.09808751442343101
KOTAKBANK,Mar 2015,13319,6966,9718.0,-3366.0,-25,8152,237,4550,33.0,3105,20.0,2.0,386.0,21770.0,104258.0,22049.0,148464.0,1385.0,0.0,45589.0,101490.0,148464.0,2302.0,-4467.0,2426.0,260.0,13319,22156.0,0.14014262502256725,4.70563278570139,0.7296343569337037,0.08971198405000538
KOTAKBANK,Mar 2016,20402,11123,11541.0,-2263.0,-11,7631,345,5024,32.0,3524,19.0,3.0,917.0,32447.0,179679.0,27761.0,240804.0,1761.0,0.0,70274.0,168769.0,240804.0,5025.0,-2353.0,2024.0,4696.0,20402,33364.0,0.10562282699916077,5.38541541781561,0.5656798353102637,0.08472450623743792
KOTAKBANK,Mar 2017,22324,11458,14832.0,-3965.0,-18,11660,362,7332,32.0,5019,27.0,2.0,920.0,37572.0,205230.0,32465.0,276188.0,1759.0,0.0,68462.0,205967.0,276188.0,13222.0,-5289.0,6055.0,13989.0,22324,38492.0,0.1303907305414112,5.331757248259379,0.66439706145852,0.08082900053586688
KOTAKBANK,Mar 2018,25131,12467,16805.0,-4141.0,-16,13682,383,9158,33.0,6258,33.0,2.0,953.0,49535.0,249840.0,37392.0,337720.0,2543.0,0.0,90977.0,244201.0,337720.0,-10392.0,-5475.0,14679.0,-1188.0,25131,50488.0,0.12395024560291554,4.948502614482649,0.6686960327881899,0.07441371550396779
KOTAKBANK,Mar 2019,29831,15187,19758.0,-5114.0,-17,16148,458,10576,33.0,7204,38.0,2.0,954.0,56827.0,291763.0,45626.0,395171.0,2697.0,0.0,103487.0,288987.0,395171.0,1822.0,-3323.0,8365.0,6864.0,29831,57781.0,0.12467766220729998,5.049462626122774,0.662331132043847,0.07548883900893537
KOTAKBANK,Mar 2020,33474,15901,22578.0,-5005.0,-15,16892,465,11422,25.0,8593,45.0,0.0,957.0,65680.0,326477.0,50059.0,443173.0,2675.0,0.0,111197.0,329301.0,443173.0,46619.0,-13068.0,-735.0,32815.0,33474,66637.0,0.1289523838107958,4.899335204165854,0.6744936368524825,0.07553257982774221
KOTAKBANK,Mar 2021,32820,12967,29812.0,-9958.0,-30,23588,461,13168,25.0,9990,50.0,2.0,991.0,83348.0,327110.0,67405.0,478854.0,2554.0,0.0,156946.0,319355.0,478854.0,4881.0,-11172.0,-10072.0,-16363.0,32820,84339.0,0.11845053889659587,3.878514091938486,0.9083485679463742,0.06853863599343432
KOTAKBANK,Mar 2022,33741,11554,30699.0,-8512.0,-25,24941,480,15948,25.0,12089,61.0,2.0,992.0,95673.0,365747.0,84086.0,546498.0,2723.0,0.0,164529.0,379245.0,546498.0,8308.0,-10903.0,7543.0,4949.0,33741,96665.0,0.1250607769099467,3.783654890601562,0.9098426246999199,0.061740390632719605
KOTAKBANK,Mar 2023,42151,14411,33485.0,-5746.0,-14,25991,599,19646,25.0,14925,75.0,2.0,993.0,110821.0,418807.0,89809.0,620430.0,3075.0,0.0,195338.0,422017.0,620430.0,-1242.0,-10381.0,1883.0,-9740.0,42151,111814.0,0.13348060171356002,3.745568533457349,0.7944058266707789,0.06793836532727301
KOTAKBANK,Mar 2024,56237,22567,47052.0,-13382.0,-24,38037,792,23863,25.0,18213,92.0,2.0,994.0,128978.0,520374.0,117321.0,767667.0,3510.0,0.0,246446.0,517711.0,767667.0,15685.0,-8919.0,15515.0,22281.0,56237,129972.0,0.14013018188532914,4.003739266919029,0.8366733645109092,0.07325702420450533
KOTAKBANK,TTM,64053,27327,50872.0,-14146.0,-22,43559,0,29413,0.0,22530,113.0,0.0,0.0,0.0,0.0,0.0,0.0,0.0,0.0,0.0,0.0,0.0,0.0,0.0,0.0,0.0,64053,0.0,0.0,0.0,0.7942172888077061,0.0
LICI,Mar 2019,571508,565587,5920.0,1.0,2615,0,336,8199,68.0,2627,0.0,2.0,100.0,710.0,269401.0,3157039.0,3427249.0,25194.0,710.0,2900287.0,501059.0,3427249.0,13274.0,9636.0,-13700.0,9210.0,571508,810.0,3.24320987654321,332.59382716049384,0.010358560160137741,0.16675415179930025
LICI,Mar 2020,628043,634989,-6947.0,-1.0,20870,0,379,13544,80.0,2710,0.0,2.0,100.0,902.0,253414.0,3245419.0,3499834.0,28216.0,734.0,2976100.0,494784.0,3499834.0,54367.0,-40415.0,-18664.0,-4712.0,628043,1002.0,2.7045908183632736,252.90818363273453,-0.011061344525772917,0.1794493681700332
LICI,Mar 2021,690914,691166,-252.0,0.0,12820,0,417,12151,76.0,2974,7.0,0.0,100.0,6784.0,4.0,3822637.0,3829524.0,17723.0,148.0,3517445.0,294208.0,3829524.0,80602.0,148447.0,-256125.0,-27077.0,690914,6884.0,0.43201626961069145,0.0005810575246949448,-0.0003647342505724301,0.18041772293371186
LICI,Mar 2022,723606,720280,3326.0,0.0,9248,0,436,12138,66.0,4125,57.0,23.0,6325.0,5013.0,1.0,4242719.0,4254059.0,17770.0,199.0,3926212.0,309878.0,4254059.0,-3783.0,12531.0,0.0,8748.0,723606,11338.0,0.3638207796789557,8.819897689186806e-05,0.004596424020806903,0.17009778190664493
LICI,Mar 2023,784628,750420,34207.0,4.0,7800,77,466,41463,13.0,35997,65.0,5.0,6325.0,39908.0,0.0,4532258.0,4578491.0,20473.0,331.0,4243008.0,314678.0,4578491.0,54519.0,-52848.0,-949.0,722.0,784628,46233.0,0.778599701511907,0.0,0.043596455900120824,0.17137262036771503
LICI,Mar 2024,845966,813188,32779.0,4.0,14829,128,466,47014,13.0,40916,66.0,15.0,6325.0,76422.0,0.0,5233300.0,5316047.0,20667.0,403.0,4976133.0,318844.0,5316047.0,26122.0,-25269.0,-4427.0,-3574.0,845966,82747.0,0.49447109865010214,0.0,0.0387474201090824,0.15913440945875762
LICI,TTM,896106,870255,25851.0,3.0,16250,0,0,42102,0.0,41468,0.0,0.0,0.0,0.0,0.0,0.0,0.0,0.0,0.0,0.0,0.0,0.0,0.0,0.0,0.0,0.0,896106,0.0,0.0,0.0,0.028848149660866015,0.0
LODHA,Mar 2011,2173,1663,510.0,23.0,145,283,17,355,26.0,264,6.0,0.0,108.0,636.0,5596.0,3138.0,9478.0,991.0,159.0,376.0,7951.0,9478.0,0.0,0.0,0.0,0.0,2173,744.0,0.3548387096774194,7.521505376344086,0.23469857340082834,0.22926777801223888
LODHA,Mar 2012,2954,2229,724.0,25.0,124,254,37,556,32.0,381,9.0,0.0,108.0,1018.0,4259.0,3883.0,9268.0,971.0,112.0,181.0,8003.0,9268.0,0.0,0.0,0.0,0.0,2954,1126.0,0.3383658969804618,3.782415630550622,0.24509140148950576,0.3187311178247734
LODHA,Mar 2015,6236,4769,1467.0,24.0,423,492,128,1269,37.0,798,18.0,0.0,108.0,3186.0,11852.0,12752.0,27998.0,2290.0,4.0,595.0,25008.0,27998.0,0.0,0.0,0.0,0.0,6236,3294.0,0.24225865209471767,3.5980570734669097,0.23524695317511224,0.22273019501392957
LODHA,Mar 2016,8249,6123,2126.0,26.0,510,988,450,1198,41.0,703,16.0,0.0,108.0,3865.0,13835.0,13173.0,30981.0,1899.0,176.0,611.0,28295.0,30981.0,387.0,-854.0,330.0,-137.0,8249,3973.0,0.17694437452806444,3.4822552227535866,0.25772820947993696,0.26625996578548144
LODHA,Mar 2017,7926,6313,1614.0,20.0,584,736,460,1001,42.0,584,13.0,0.0,113.0,3920.0,16183.0,13715.0,33931.0,1753.0,109.0,1180.0,30888.0,33931.0,1469.0,-1174.0,-312.0,-16.0,7926,4033.0,0.14480535581453013,4.012645673196132,0.2036336109008327,0.23359170080457398
LODHA,Mar 2018,9677,7995,1682.0,17.0,285,390,395,1182,33.0,794,10.0,0.0,396.0,4756.0,22616.0,12483.0,40251.0,2197.0,6.0,1384.0,36664.0,40251.0,696.0,-651.0,24.0,69.0,9677,5152.0,0.15411490683229814,4.3897515527950315,0.17381419861527334,0.2404163871705051
LODHA,Mar 2019,11907,8728,3179.0,27.0,72,568,194,2489,34.0,1644,21.0,0.0,396.0,3445.0,25641.0,20382.0,49864.0,2139.0,6.0,1405.0,46314.0,49864.0,-463.0,-175.0,736.0,97.0,11907,3841.0,0.4280135381411091,6.675605311116897,0.26698580666834637,0.23878950746029198
LODHA,Mar 2020,12443,10526,1917.0,15.0,119,740,292,1003,26.0,742,9.0,0.0,396.0,4156.0,18423.0,17717.0,40693.0,2021.0,6.0,1553.0,37112.0,40693.0,3772.0,182.0,-4188.0,-234.0,12443,4552.0,0.16300527240773285,4.047231985940246,0.15406252511452223,0.30577740643353896
LODHA,Mar 2021,5449,4066,1383.0,25.0,-140,1136,73,33,-44.0,48,1.0,0.0,396.0,4203.0,18193.0,16516.0,39308.0,1946.0,6.0,1579.0,35776.0,39308.0,2524.0,420.0,-2835.0,109.0,5449,4599.0,0.010437051532941943,3.9558599695586,0.2538080381721417,0.13862318103185103
LODHA,Mar 2022,9233,7047,2186.0,24.0,293,688,75,1716,30.0,1208,12.0,20.0,482.0,11624.0,11537.0,14763.0,38404.0,1923.0,0.0,574.0,35908.0,38404.0,1998.0,1139.0,-2888.0,250.0,9233,12106.0,0.09978523046423261,0.9529985131339831,0.23675944979963176,0.24041766482658056
LODHA,Mar 2023,9470,7406,2064.0,22.0,-1037,482,93,452,-8.0,490,5.0,14.0,482.0,12181.0,9060.0,17399.0,39122.0,1828.0,0.0,246.0,37048.0,39122.0,2750.0,1789.0,-3706.0,834.0,9470,12663.0,0.038695411829740185,0.7154702677090736,0.21795142555438227,0.24206328919789377
LODHA,Mar 2024,10316,7651,2665.0,26.0,48,482,204,2028,23.0,1554,16.0,0.0,994.0,16475.0,7698.0,22031.0,47198.0,1169.0,4.0,2500.0,43524.0,47198.0,2512.0,-2947.0,951.0,516.0,10316,17469.0,0.08895758200240426,0.4406663232010991,0.25833656455990694,0.21856858341455146
LODHA,TTM,13574,9761,3812.0,28.0,260,514,311,3248,0.0,2511,25.0,0.0,0.0,0.0,0.0,0.0,0.0,0.0,0.0,0.0,0.0,0.0,0.0,0.0,0.0,0.0,13574,0.0,0.0,0.0,0.28083100044202153,0.0
LT,Mar 2013,74426,63032,11394.0,15.0,2523,4642,1637,7638,31.0,5291,38.0,22.0,16.0,1323.0,234.0,756.0,2328.0,699.0,142.0,49.0,1438.0,2328.0,-4355.0,-6922.0,11429.0,152.0,74426,1339.0,3.9514563106796117,0.17475728155339806,0.15309166151613685,31.969931271477662
LT,Mar 2014,85054,70968,14086.0,17.0,1337,6494,1446,7483,35.0,4885,35.0,27.0,16.0,1594.0,110.0,945.0,2666.0,649.0,57.0,169.0,1791.0,2666.0,-7143.0,-5510.0,13136.0,483.0,85054,1610.0,3.0341614906832297,0.06832298136645963,0.16561243445340607,31.903225806451612
LT,Mar 2015,91929,76245,15684.0,17.0,1422,7266,2623,7217,31.0,4966,34.0,32.0,16.0,2010.0,218.0,734.0,2978.0,683.0,25.0,104.0,2166.0,2978.0,-1365.0,-4778.0,7903.0,1759.0,91929,2026.0,2.451135241855874,0.10760118460019744,0.1706099272264465,30.869375419744795
LT,Mar 2016,101122,85637,15486.0,15.0,1219,6899,1787,8020,30.0,4592,31.0,40.0,17.0,2108.0,55.0,958.0,3137.0,638.0,20.0,43.0,2437.0,3137.0,-3240.0,-4627.0,7253.0,-613.0,101122,2125.0,2.160941176470588,0.02588235294117647,0.15314174956982654,32.23525661459993
LT,Mar 2017,109312,92691,16620.0,15.0,1466,6829,2370,8887,23.0,6486,43.0,22.0,17.0,3127.0,0.0,1273.0,4417.0,542.0,1.0,941.0,2934.0,4417.0,6655.0,-9796.0,2896.0,-245.0,109312,3144.0,2.062977099236641,0.0,0.1520418618266979,24.748019017432647
LT,Mar 2018,119683,99572,20111.0,17.0,1465,7714,2223,11639,27.0,8004,53.0,30.0,17.0,3843.0,0.0,1477.0,5337.0,681.0,7.0,1264.0,3385.0,5337.0,-10031.0,3914.0,9370.0,3254.0,119683,3860.0,2.073575129533679,0.0,0.168035560605934,22.42514521266629
LT,Mar 2019,135220,112354,22866.0,17.0,2701,9339,1923,14305,28.0,10217,63.0,28.0,17.0,4876.0,0.0,1770.0,6664.0,930.0,12.0,1740.0,3982.0,6664.0,-4756.0,-11023.0,15440.0,-338.0,135220,4893.0,2.0880850194154914,0.0,0.16910220381600355,20.29111644657863
LT,Mar 2020,145452,120899,24553.0,17.0,3015,11021,2462,14086,23.0,10894,68.0,26.0,17.0,5387.0,912.0,2499.0,8815.0,1920.0,59.0,2219.0,4617.0,8815.0,6694.0,-8408.0,6372.0,4658.0,145452,5404.0,2.0159141376757956,0.1687638786084382,0.16880482908450897,16.500510493477027
LT,Mar 2021,135979,112519,23460.0,17.0,8111,11750,2904,16918,24.0,12921,82.0,44.0,18.0,7286.0,798.0,2604.0,10706.0,1906.0,66.0,3730.0,5004.0,10706.0,23074.0,-5750.0,-15274.0,2049.0,135979,7304.0,1.7690306681270536,0.1092552026286966,0.17252664014296326,12.701195591257239
LT,Mar 2022,156521,132207,24314.0,16.0,2364,9235,2948,14495,29.0,10419,62.0,36.0,30.0,14258.0,258.0,6027.0,20572.0,3473.0,503.0,6048.0,10548.0,20572.0,19164.0,-3585.0,-15181.0,397.0,156521,14288.0,0.7292133258678611,0.018057110862262037,0.155340177995285,7.608448376433988
LT,Mar 2023,183341,156175,27166.0,15.0,2891,9445,3502,17109,26.0,12531,75.0,32.0,30.0,16562.0,1541.0,5348.0,23481.0,3679.0,902.0,5458.0,13442.0,23481.0,22777.0,-8048.0,-11572.0,3156.0,183341,16592.0,0.7552434908389586,0.09287608486017358,0.14817198553515035,7.8080575784676975
LT,Mar 2024,221113,191248,29865.0,14.0,3847,9512,3682,20517,24.0,15547,95.0,36.0,30.0,19988.0,2071.0,5456.0,27544.0,4981.0,551.0,8744.0,13269.0,27544.0,18266.0,2179.0,-25413.0,-4968.0,221113,20018.0,0.7766510140873214,0.10345688880007993,0.13506668535997432,8.027628521638107
LT,TTM,238881,208066,30815.0,13.0,3995,9420,3964,21425,0.0,16150,98.0,0.0,0.0,0.0,0.0,0.0,0.0,0.0,0.0,0.0,0.0,0.0,0.0,0.0,0.0,0.0,238881,0.0,0.0,0.0,0.12899728316609524,0.0
LTIM,Mar 2013,3851,2981,870.0,23.0,22,21,123,749,25.0,562,174.0,54.0,16.0,1323.0,234.0,756.0,2328.0,699.0,142.0,49.0,1438.0,2328.0,608.0,-224.0,-396.0,-13.0,3851,1339.0,0.4197162061239731,0.17475728155339806,0.22591534666320437,1.654209621993127
LTIM,Mar 2014,4920,3773,1147.0,23.0,217,31,130,1204,17.0,996,309.0,55.0,16.0,1594.0,110.0,945.0,2666.0,649.0,57.0,169.0,1791.0,2666.0,628.0,180.0,-769.0,40.0,4920,1610.0,0.6186335403726708,0.06832298136645963,0.233130081300813,1.8454613653413354
LTIM,Mar 2015,4978,3973,1005.0,20.0,99,10,158,936,18.0,769,238.0,63.0,16.0,2010.0,218.0,734.0,2978.0,683.0,25.0,104.0,2166.0,2978.0,642.0,-103.0,-497.0,42.0,4978,2026.0,0.37956564659427444,0.10760118460019744,0.2018883085576537,1.671591672263264
LTIM,Mar 2016,5846,4819,1028.0,18.0,187,6,174,1035,19.0,836,49.0,72.0,17.0,2108.0,55.0,958.0,3137.0,638.0,20.0,43.0,2437.0,3137.0,858.0,-40.0,-817.0,2.0,5846,2125.0,0.39341176470588235,0.02588235294117647,0.17584673280875812,1.8635639145680587
LTIM,Mar 2017,6501,5271,1230.0,19.0,187,3,178,1236,21.0,971,57.0,29.0,17.0,3127.0,0.0,1273.0,4417.0,542.0,1.0,941.0,2934.0,4417.0,1170.0,-961.0,-33.0,176.0,6501,3144.0,0.30884223918575066,0.0,0.18920166128287955,1.4718134480416571
LTIM,Mar 2018,7306,6119,1187.0,16.0,426,16,156,1442,23.0,1112,65.0,33.0,17.0,3843.0,0.0,1477.0,5337.0,681.0,7.0,1264.0,3385.0,5337.0,844.0,-452.0,-408.0,-16.0,7306,3860.0,0.28808290155440414,0.0,0.1624692033944703,1.3689338579726438
LTIM,Mar 2019,9446,7562,1883.0,20.0,302,11,147,2028,25.0,1516,87.0,32.0,17.0,4876.0,0.0,1770.0,6664.0,930.0,12.0,1740.0,3982.0,6664.0,1395.0,-749.0,-594.0,52.0,9446,4893.0,0.3098303699162068,0.0,0.19934363751852635,1.4174669867947178
LTIM,Mar 2020,10879,8849,2029.0,19.0,329,83,273,2003,24.0,1520,87.0,32.0,17.0,5387.0,912.0,2499.0,8815.0,1920.0,59.0,2219.0,4617.0,8815.0,1644.0,-643.0,-890.0,110.0,10879,5404.0,0.28127313101406365,0.1687638786084382,0.18650611269418146,1.2341463414634146
LTIM,Mar 2021,12370,9645,2725.0,22.0,274,79,332,2588,25.0,1938,111.0,36.0,18.0,7286.0,798.0,2604.0,10706.0,1906.0,66.0,3730.0,5004.0,10706.0,2400.0,-1657.0,-509.0,234.0,12370,7304.0,0.2653340635268346,0.1092552026286966,0.22029102667744543,1.1554268634410612
LTIM,Mar 2022,26109,20860,5249.0,20.0,766,123,597,5294,25.0,3950,225.0,41.0,30.0,14258.0,258.0,6027.0,20572.0,3473.0,503.0,6048.0,10548.0,20572.0,3251.0,-1643.0,-1680.0,-73.0,26109,14288.0,0.27645576707726766,0.018057110862262037,0.20104178635719483,1.2691522457709508
LTIM,Mar 2023,33183,27075,6108.0,18.0,557,150,723,5792,24.0,4410,149.0,40.0,30.0,16562.0,1541.0,5348.0,23481.0,3679.0,902.0,5458.0,13442.0,23481.0,3095.0,-271.0,-1932.0,892.0,33183,16592.0,0.2657907425265188,0.09287608486017358,0.1840701564053883,1.4131851284016865
LTIM,Mar 2024,35517,29130,6387.0,18.0,702,222,819,6049,24.0,4585,155.0,42.0,30.0,19988.0,2071.0,5456.0,27544.0,4981.0,551.0,8744.0,13269.0,27544.0,5670.0,-3918.0,-2269.0,-518.0,35517,20018.0,0.22904386052552703,0.10345688880007993,0.17982937748120617,1.2894641301190821
LTIM,TTM,37129,30695,6434.0,17.0,946,280,968,6133,0.0,4574,154.0,0.0,0.0,0.0,0.0,0.0,0.0,0.0,0.0,0.0,0.0,0.0,0.0,0.0,0.0,0.0,37129,0.0,0.0,0.0,0.17328772657491448,0.0
M&M,Mar 2013,68693,59578,9116.0,13.0,841,2297,2080,5580,35.0,4129,33.0,19.0,295.0,19666.0,28711.0,27460.0,76131.0,18307.0,1631.0,6440.0,49752.0,76131.0,-922.0,-2903.0,4508.0,684.0,68693,19961.0,0.20685336405991683,1.438354791844096,0.13270638929730832,0.9022999829241701
M&M,Mar 2014,74001,63830,10170.0,14.0,773,2954,2170,5820,26.0,5154,38.0,18.0,295.0,23012.0,35167.0,29415.0,87889.0,18381.0,2191.0,8082.0,59234.0,87889.0,-244.0,-4524.0,5577.0,810.0,74001,23307.0,0.22113528124597762,1.5088599991418887,0.13743057526249644,0.8419825006542343
M&M,Mar 2015,71448,62655,8793.0,12.0,800,3157,2124,4313,40.0,3381,25.0,23.0,296.0,25561.0,37911.0,30608.0,94376.0,19047.0,3032.0,10027.0,62270.0,94376.0,1055.0,-4357.0,1669.0,-1633.0,71448,25857.0,0.13075762849518505,1.4661793711567468,0.12306852536110179,0.7570568788675087
M&M,Mar 2016,75841,65759,10082.0,13.0,1399,3368,2442,5672,37.0,3554,25.0,21.0,270.0,26222.0,41553.0,31806.0,99852.0,20585.0,2371.0,11603.0,65293.0,99852.0,2385.0,-5506.0,2967.0,-154.0,75841,26492.0,0.1341537067794051,1.5685112486788464,0.13293601086483564,0.7595341104835156
M&M,Mar 2017,83773,73038,10735.0,13.0,2077,3647,2813,6350,36.0,4051,30.0,22.0,311.0,29467.0,48762.0,35296.0,113835.0,20989.0,4279.0,14662.0,73905.0,113835.0,183.0,-5875.0,6108.0,416.0,83773,29778.0,0.13604002955201827,1.6375176304654442,0.1281439127165077,0.7359160187991391
M&M,Mar 2018,92094,78868,13226.0,14.0,4366,3987,3280,10326,23.0,7958,60.0,11.0,543.0,36232.0,55898.0,43696.0,136369.0,26182.0,4269.0,16018.0,89900.0,136369.0,682.0,-5467.0,6314.0,1529.0,92094,36775.0,0.2163970088375255,1.52,0.14361413338545398,0.675329437042143
M&M,Mar 2019,104721,89514,15207.0,15.0,2676,5021,3991,8871,32.0,6017,43.0,17.0,544.0,39439.0,70848.0,51057.0,161889.0,28983.0,4760.0,18268.0,109878.0,161889.0,-4347.0,-7174.0,13194.0,1672.0,104721,39983.0,0.150488957807068,1.771953080059025,0.1452144269057782,0.6468691510850026
M&M,Mar 2020,75382,65224,10158.0,13.0,885,6021,3367,1655,99.0,-321,1.0,205.0,554.0,39415.0,82092.0,43655.0,165716.0,29689.0,6856.0,19210.0,109960.0,165716.0,-1457.0,-6870.0,6933.0,-1394.0,75382,39969.0,-0.008031224198754034,2.053891766118742,0.1347536547186331,0.4548866735861353
M&M,Mar 2021,74278,62791,11487.0,15.0,1152,6102,3378,3158,52.0,1512,15.0,54.0,555.0,41027.0,80625.0,42762.0,164968.0,21380.0,7873.0,28778.0,106938.0,164968.0,17909.0,-19686.0,406.0,-1370.0,74278,41582.0,0.03636188735510557,1.9389399259294888,0.15464875198578315,0.45025701954318414
M&M,Mar 2022,90171,75488,14683.0,16.0,3204,5018,3508,9362,23.0,7253,53.0,20.0,556.0,46567.0,77605.0,47661.0,172388.0,26018.0,6703.0,30060.0,109607.0,172388.0,9248.0,-3252.0,-5883.0,113.0,90171,47123.0,0.15391634658234832,1.6468603442055896,0.1628350578345588,0.5230700512796714
M&M,Mar 2023,121269,100983,20285.0,17.0,3961,5830,4357,14060,19.0,11374,83.0,18.0,557.0,55809.0,92247.0,55670.0,204283.0,27140.0,3969.0,35272.0,137902.0,204283.0,-7074.0,-8866.0,15946.0,6.0,121269,56366.0,0.20178831210304085,1.6365716921548452,0.16727275725865637,0.5936323629474797
M&M,Mar 2024,139078,114186,24892.0,18.0,3298,7488,4724,15978,23.0,12270,91.0,21.0,557.0,65633.0,108647.0,59884.0,234722.0,28129.0,8039.0,35208.0,163345.0,234722.0,-5630.0,-5615.0,12281.0,1037.0,139078,66190.0,0.18537543435564285,1.6414413053331318,0.17897870259854182,0.5925222177725139
M&M,TTM,145893,118688,27204.0,19.0,3365,8259,5007,17303,0.0,13009,95.0,0.0,0.0,0.0,0.0,0.0,0.0,0.0,0.0,0.0,0.0,0.0,0.0,0.0,0.0,0.0,145893,0.0,0.0,0.0,0.1864654232896712,0.0
MARUTI,Mar 2013,44304,39944,4361.0,10.0,797,198,1890,3070,20.0,2470,82.0,10.0,151.0,18877.0,1569.0,6920.0,27517.0,10022.0,1966.0,7421.0,8107.0,27517.0,4059.0,-3119.0,-979.0,-39.0,44304,19028.0,0.12980870296405297,0.08245743115408871,0.09843355001805706,1.6100592361085875
MARUTI,Mar 2014,44542,39232,5310.0,12.0,724,184,2116,3734,24.0,2854,94.0,13.0,151.0,21345.0,2004.0,7975.0,31476.0,11034.0,2640.0,10527.0,7275.0,31476.0,4995.0,-4997.0,-74.0,-76.0,44542,21496.0,0.13276888723483438,0.09322664681801265,0.1192133267477886,1.4151099250222392
MARUTI,Mar 2015,50801,43909,6892.0,14.0,817,218,2515,4976,24.0,3809,126.0,20.0,151.0,24167.0,666.0,9492.0,34477.0,12490.0,1890.0,13298.0,6800.0,34477.0,6449.0,-4491.0,-2004.0,-45.0,50801,24318.0,0.1566329467883872,0.027387120651369355,0.1356666207358123,1.4734750703367463
MARUTI,Mar 2016,57589,48565,9024.0,16.0,1464,82,2822,7585,28.0,5497,182.0,19.0,151.0,30465.0,231.0,11879.0,42726.0,12530.0,1007.0,20676.0,8513.0,42726.0,8482.0,-7230.0,-1237.0,16.0,57589,30616.0,0.17954664227854716,0.0075450744708649075,0.1566965913629339,1.347867808828348
MARUTI,Mar 2017,68085,57664,10421.0,15.0,2399,89,2604,10127,26.0,7511,249.0,30.0,151.0,36924.0,484.0,14402.0,51960.0,13311.0,1252.0,29151.0,8247.0,51960.0,10282.0,-9173.0,-1129.0,-20.0,68085,37075.0,0.20258934592043157,0.013054619015509103,0.15305867665418227,1.3103348729792148
MARUTI,Mar 2018,79809,67692,12118.0,15.0,2155,346,2760,11167,29.0,7881,261.0,31.0,151.0,42408.0,121.0,17568.0,60248.0,13389.0,2132.0,36123.0,8604.0,60248.0,11788.0,-8302.0,-3436.0,50.0,79809,42559.0,0.18517822317253696,0.002843111915223572,0.15183751206004337,1.32467467799761
MARUTI,Mar 2019,86068,75012,11056.0,13.0,2664,76,3021,10624,28.0,7651,253.0,32.0,151.0,46941.0,160.0,16717.0,63969.0,15437.0,1607.0,37504.0,9421.0,63969.0,6601.0,-3540.0,-2948.0,113.0,86068,47092.0,0.1624692092075087,0.00339760468869447,0.12845656922433424,1.345464209226344
MARUTI,Mar 2020,75660,68305,7355.0,10.0,3410,134,3528,7103,20.0,5678,188.0,32.0,151.0,49262.0,184.0,14031.0,63628.0,15744.0,1415.0,37488.0,8980.0,63628.0,3496.0,-557.0,-3104.0,-165.0,75660,49413.0,0.11490903203610386,0.0037237164308987513,0.0972112080359503,1.1890991387439491
MARUTI,Mar 2021,70372,64961,5411.0,8.0,3046,102,3034,5321,18.0,4389,145.0,31.0,151.0,52350.0,541.0,18335.0,71376.0,14989.0,1497.0,42945.0,11946.0,71376.0,8856.0,-7291.0,-1545.0,20.0,70372,52501.0,0.0835984076493781,0.010304565627321384,0.07689137725231626,0.985933647164313
MARUTI,Mar 2022,88330,82578,5752.0,7.0,1861,127,2789,4697,17.0,3880,128.0,47.0,151.0,55182.0,426.0,18896.0,74656.0,13747.0,2936.0,42035.0,15937.0,74656.0,1840.0,-239.0,-1607.0,-6.0,88330,55333.0,0.07012090434279725,0.007698841559286501,0.0651194384693762,1.1831600942991856
MARUTI,Mar 2023,118410,105288,13122.0,11.0,2415,252,4846,10438,21.0,8264,274.0,34.0,157.0,74443.0,1248.0,24258.0,100106.0,27941.0,4143.0,49184.0,18837.0,100106.0,10815.0,-8820.0,-1214.0,780.0,118410,74600.0,0.11077747989276139,0.016729222520107237,0.1108183430453509,1.1828461830459713
MARUTI,Mar 2024,141858,123232,18626.0,13.0,4248,194,5256,17424,23.0,13488,429.0,29.0,157.0,85479.0,119.0,29550.0,115304.0,27865.0,7735.0,57296.0,22408.0,115304.0,16801.0,-11865.0,-4062.0,874.0,141858,85636.0,0.15750385351954785,0.001389602503619973,0.13130031439890594,1.230295566502463
MARUTI,TTM,145213,125446,19766.0,14.0,5002,212,5317,19240,0.0,14021,446.0,0.0,0.0,0.0,0.0,0.0,0.0,0.0,0.0,0.0,0.0,0.0,0.0,0.0,0.0,0.0,145213,0.0,0.0,0.0,0.1361172897743315,0.0
MOTHERSON,Mar 2013,25298,23819,1480.0,6.0,318,250,714,834,46.0,452,1.0,26.0,59.0,2230.0,4904.0,5546.0,12739.0,5277.0,386.0,72.0,7005.0,12739.0,1486.0,-1089.0,-256.0,142.0,25298,2289.0,0.19746614242027086,2.142420270860638,0.05850264843070598,1.9858701624931314
MOTHERSON,Mar 2014,30414,28017,2397.0,8.0,311,294,817,1596,31.0,1097,2.0,29.0,88.0,2871.0,4840.0,7445.0,15244.0,5919.0,647.0,75.0,8603.0,15244.0,2695.0,-1372.0,-1080.0,243.0,30414,2959.0,0.3707333558634674,1.6356877323420074,0.07881238903136713,1.9951456310679612
MOTHERSON,Mar 2015,34661,31817,2844.0,8.0,212,318,921,1817,29.0,1292,2.0,31.0,88.0,3236.0,5131.0,8971.0,17425.0,6129.0,956.0,65.0,10276.0,17425.0,3390.0,-2844.0,494.0,1040.0,34661,3324.0,0.38868832731648617,1.5436221419975933,0.082051873863997,1.9891535150645625
MOTHERSON,Mar 2016,37216,33668,3548.0,10.0,177,345,1087,2293,23.0,1774,3.0,26.0,132.0,4265.0,6069.0,9199.0,19665.0,7147.0,1397.0,590.0,10531.0,19665.0,2188.0,-1906.0,-263.0,19.0,37216,4397.0,0.40345690243347737,1.3802592676825107,0.09533533963886501,1.8924993643529113
MOTHERSON,Mar 2017,42376,38204,4171.0,10.0,346,375,1059,3083,30.0,2172,3.0,18.0,140.0,8132.0,10349.0,13322.0,31944.0,12193.0,1935.0,474.0,17343.0,31944.0,3800.0,-6145.0,5518.0,3172.0,42376,8272.0,0.2625725338491296,1.251088007736944,0.09842835567302247,1.3265715001252192
MOTHERSON,Mar 2018,56303,51174,5128.0,9.0,125,411,1575,3267,31.0,2260,3.0,30.0,210.0,9674.0,10374.0,16716.0,36974.0,14712.0,2585.0,792.0,18885.0,36974.0,3264.0,-3194.0,-2221.0,-2152.0,56303,9884.0,0.22865236746256576,1.0495750708215297,0.0910786281370442,1.5227727592362201
MOTHERSON,Mar 2019,63523,58174,5348.0,8.0,333,423,2058,3200,34.0,2098,3.0,29.0,316.0,10647.0,11534.0,20257.0,42754.0,18423.0,1067.0,855.0,22409.0,42754.0,4312.0,-3318.0,-225.0,769.0,63523,10963.0,0.1913709750980571,1.0520842834990423,0.08418997843300852,1.4857791083875194
MOTHERSON,Mar 2020,60729,56075,4654.0,8.0,642,593,2721,1983,-5.0,1294,2.0,40.0,316.0,10945.0,13136.0,20636.0,45033.0,20750.0,852.0,796.0,22635.0,45033.0,6352.0,-2220.0,-2803.0,1329.0,60729,11261.0,0.11490986590888909,1.166503862889619,0.07663554479737852,1.3485444007727667
MOTHERSON,Mar 2021,57370,53000,4370.0,8.0,568,512,2926,1500,34.0,1569,2.0,46.0,316.0,12245.0,11930.0,23258.0,47749.0,20099.0,877.0,846.0,25926.0,47749.0,5051.0,-1886.0,-2098.0,1068.0,57370,12561.0,0.1249104370671125,0.949765146087095,0.07617221544361165,1.201491130704308
MOTHERSON,Mar 2022,63774,59060,4714.0,7.0,575,543,2958,1788,31.0,1182,1.0,34.0,452.0,20136.0,14130.0,21008.0,55726.0,21411.0,1310.0,6462.0,26543.0,55726.0,2463.0,-2304.0,-1217.0,-1059.0,63774,20588.0,0.05741208470953954,0.6863221293957645,0.07391727036096214,1.144420916627786
MOTHERSON,Mar 2023,78788,72537,6251.0,8.0,70,781,3136,2405,31.0,1670,2.0,29.0,678.0,21774.0,13792.0,25086.0,61330.0,23147.0,1478.0,6290.0,30415.0,61330.0,4643.0,-2248.0,-2734.0,-339.0,78788,22452.0,0.07438090147871014,0.6142882593978265,0.07933949332385642,1.2846567748247186
MOTHERSON,Mar 2024,98692,89370,9322.0,9.0,140,1811,3810,3840,21.0,3020,4.0,20.0,678.0,25477.0,19922.0,38101.0,84178.0,30122.0,2498.0,6521.0,45037.0,84178.0,7569.0,-6644.0,1281.0,2205.0,98692,26155.0,0.11546549416937488,0.7616899254444657,0.09445547764763101,1.1724203473591674
MOTHERSON,TTM,109382,98908,10474.0,10.0,955,2061,4272,5095,0.0,4123,6.0,0.0,0.0,0.0,0.0,0.0,0.0,0.0,0.0,0.0,0.0,0.0,0.0,0.0,0.0,0.0,109382,0.0,0.0,0.0,0.09575615732021722,0.0
NAUKRI,Mar 2013,472,351,121.0,26.0,24,3,12,130,41.0,76,8.0,12.0,109.0,499.0,1.0,216.0,825.0,152.0,10.0,261.0,402.0,825.0,75.0,-46.0,-12.0,16.0,472,608.0,0.125,0.001644736842105263,0.2563559322033898,0.5721212121212121
NAUKRI,Mar 2014,567,471,97.0,17.0,48,3,21,120,49.0,60,8.0,30.0,109.0,563.0,1.0,387.0,1060.0,149.0,10.0,538.0,363.0,1060.0,81.0,-204.0,130.0,7.0,567,672.0,0.08928571428571429,0.001488095238095238,0.1710758377425044,0.5349056603773585
NAUKRI,Mar 2015,732,711,21.0,3.0,89,4,47,60,99.0,-14,2.0,150.0,120.0,1295.0,1.0,801.0,2217.0,576.0,12.0,1175.0,455.0,2217.0,51.0,-1051.0,1025.0,25.0,732,1415.0,-0.009893992932862191,0.0007067137809187279,0.028688524590163935,0.3301759133964817
NAUKRI,Mar 2016,748,656,91.0,12.0,111,3,24,175,33.0,118,11.0,27.0,121.0,1422.0,1.0,382.0,1925.0,82.0,0.0,568.0,1276.0,1925.0,78.0,-2.0,-66.0,11.0,748,1543.0,0.07647440051847051,0.0006480881399870382,0.12165775401069519,0.38857142857142857
NAUKRI,Mar 2017,888,896,-9.0,-1.0,50,4,33,5,99.0,-43,-2.0,-230.0,121.0,1471.0,1.0,459.0,2053.0,157.0,1.0,551.0,1343.0,2053.0,213.0,-165.0,-42.0,7.0,888,1592.0,-0.02701005025125628,0.000628140703517588,-0.010135135135135136,0.43253774963468095
NAUKRI,Mar 2018,988,769,219.0,22.0,401,5,30,585,14.0,501,42.0,13.0,122.0,1923.0,1.0,550.0,2596.0,88.0,0.0,1565.0,943.0,2596.0,253.0,-149.0,-75.0,29.0,988,2045.0,0.2449877750611247,0.0004889975550122249,0.2216599190283401,0.38058551617873654
NAUKRI,Mar 2019,1151,1142,9.0,1.0,737,7,22,716,17.0,592,49.0,12.0,122.0,2421.0,1.0,646.0,3189.0,88.0,2.0,1204.0,1895.0,3189.0,276.0,-59.0,-78.0,138.0,1151,2543.0,0.2327959103421156,0.00039323633503735744,0.007819287576020852,0.36092819065537785
NAUKRI,Mar 2020,1312,1662,-350.0,-27.0,286,14,48,-126,95.0,-246,-19.0,-31.0,122.0,2073.0,77.0,621.0,2893.0,242.0,0.0,1133.0,1518.0,2893.0,350.0,97.0,-143.0,304.0,1312,2195.0,-0.11207289293849658,0.03507972665148064,-0.26676829268292684,0.4535084687175942
NAUKRI,Mar 2021,1128,1054,74.0,7.0,1584,11,45,1602,12.0,1418,110.0,7.0,129.0,5267.0,65.0,831.0,6292.0,134.0,0.0,2324.0,3834.0,6292.0,276.0,-2043.0,1880.0,113.0,1128,5396.0,0.26278724981467755,0.012045959970348406,0.06560283687943262,0.1792752701843611
NAUKRI,Mar 2022,1589,1143,446.0,28.0,13810,11,73,14200,9.0,12882,991.0,1.0,129.0,17113.0,64.0,3177.0,20483.0,1033.0,0.0,15614.0,3836.0,20483.0,707.0,-1177.0,35.0,-435.0,1589,17242.0,0.7471291033522793,0.0037118663728105787,0.2806796727501573,0.0775765268759459
NAUKRI,Mar 2023,2346,1997,348.0,15.0,-116,18,73,141,99.0,-70,-8.0,-228.0,129.0,13269.0,108.0,3153.0,16658.0,801.0,4.0,12403.0,3450.0,16658.0,512.0,-358.0,2.0,156.0,2346,13398.0,-0.00522466039707419,0.00806090461262875,0.1483375959079284,0.14083323328130629
NAUKRI,Mar 2024,2536,1825,711.0,28.0,303,35,101,878,32.0,595,44.0,49.0,129.0,30133.0,246.0,5581.0,36089.0,810.0,0.0,31203.0,4077.0,36089.0,702.0,-852.0,120.0,-29.0,2536,30262.0,0.019661621835965898,0.008129006675038002,0.28036277602523657,0.07027071960985341
NAUKRI,TTM,2662,1911,751.0,28.0,560,22,104,1185,0.0,551,36.0,0.0,0.0,0.0,0.0,0.0,0.0,0.0,0.0,0.0,0.0,0.0,0.0,0.0,0.0,0.0,2662,0.0,0.0,0.0,0.2821187077385425,0.0
NESTLEIND,Dec 2013,9101,7153,1948.0,21.0,97,37,330,1678,33.0,1117,12.0,42.0,96.0,2272.0,1189.0,2756.0,6314.0,3369.0,295.0,851.0,1799.0,6314.0,1796.0,-441.0,-580.0,775.0,9101,2368.0,0.4717060810810811,0.5021114864864865,0.21404241292165696,1.441400063351283
NESTLEIND,Dec 2014,9855,7816,2039.0,21.0,87,14,338,1774,33.0,1185,12.0,51.0,96.0,2741.0,20.0,2963.0,5820.0,3177.0,245.0,812.0,1586.0,5820.0,1644.0,-432.0,-1635.0,-423.0,9855,2837.0,0.41769474797321116,0.007049700387733521,0.20690005073566717,1.693298969072165
NESTLEIND,Dec 2015,8175,6620,1555.0,19.0,-391,3,347,814,31.0,563,6.0,83.0,96.0,2721.0,18.0,3251.0,6086.0,2898.0,231.0,1325.0,1633.0,6086.0,1098.0,-70.0,-498.0,529.0,8175,2817.0,0.19985800496982606,0.006389776357827476,0.19021406727828746,1.343246795925074
NESTLEIND,Dec 2016,9141,7292,1850.0,20.0,140,91,354,1545,35.0,1001,10.0,61.0,96.0,3186.0,33.0,3495.0,6810.0,2730.0,188.0,1756.0,2136.0,6810.0,1466.0,-126.0,-666.0,674.0,9141,3282.0,0.30499695307739183,0.010054844606946984,0.20238485942457063,1.3422907488986784
NESTLEIND,Dec 2017,10010,7913,2097.0,21.0,177,92,342,1839,33.0,1225,13.0,68.0,96.0,3324.0,35.0,3907.0,7363.0,2616.0,94.0,1979.0,2673.0,7363.0,1818.0,-131.0,-997.0,691.0,10010,3420.0,0.358187134502924,0.01023391812865497,0.20949050949050949,1.3595002037213093
NESTLEIND,Dec 2018,11292,8675,2618.0,23.0,259,112,336,2429,34.0,1607,17.0,69.0,96.0,3577.0,35.0,4379.0,8088.0,2401.0,105.0,2658.0,2924.0,8088.0,2052.0,-52.0,-1317.0,683.0,11292,3673.0,0.4375170160631636,0.00952899537163082,0.2318455543747786,1.3961424332344214
NESTLEIND,Dec 2019,12369,9443,2926.0,24.0,247,129,370,2673,26.0,1968,20.0,168.0,96.0,1822.0,189.0,5065.0,7173.0,2341.0,143.0,1751.0,2937.0,7173.0,2295.0,83.0,-3602.0,-1223.0,12369,1918.0,1.0260688216892597,0.09854014598540146,0.23655913978494625,1.7243831033040569
NESTLEIND,Dec 2020,13350,10149,3202.0,24.0,146,164,370,2813,26.0,2082,22.0,93.0,96.0,1923.0,147.0,5733.0,7900.0,2179.0,639.0,1464.0,3618.0,7900.0,2454.0,-321.0,-1956.0,177.0,13350,2019.0,1.0312035661218424,0.07280832095096583,0.2398501872659176,1.6898734177215189
NESTLEIND,Dec 2021,14741,11178,3562.0,24.0,-112,202,391,2857,26.0,2118,22.0,91.0,96.0,1850.0,266.0,6021.0,8234.0,2995.0,246.0,774.0,4219.0,8234.0,2236.0,-1920.0,-2020.0,-1704.0,14741,1946.0,1.0883864337101747,0.1366906474820144,0.24163896614883656,1.790259897983969
NESTLEIND,Dec 2022,16897,13191,3706.0,22.0,107,155,403,3256,27.0,2391,25.0,89.0,96.0,2363.0,271.0,6249.0,8979.0,3044.0,358.0,778.0,4799.0,8979.0,2737.0,-392.0,-2123.0,223.0,16897,2459.0,0.9723464823098821,0.11020740138267589,0.21932887494821565,1.8818353936964027
NESTLEIND,Dec 2023,19126,14655,4471.0,23.0,116,119,429,4038,26.0,2999,31.0,56.0,96.0,2363.0,271.0,6249.0,8979.0,3044.0,358.0,778.0,4799.0,8979.0,3392.0,-927.0,-2436.0,29.0,19126,2459.0,1.21960146400976,0.11020740138267589,0.2337655547422357,2.130081300813008
NESTLEIND,Mar 2024,24394,18581,5813.0,24.0,159,145,538,5289,26.0,3933,41.0,79.0,96.0,3244.0,345.0,6838.0,10523.0,3460.0,1742.0,464.0,4857.0,10523.0,4175.0,-1237.0,-3135.0,-198.0,24394,3340.0,1.1775449101796407,0.10329341317365269,0.2382963023694351,2.318160220469448
NESTLEIND,TTM,19786,15060,4726.0,24.0,297,113,452,4458,26.0,3323,34.0,0.0,0.0,0.0,0.0,0.0,0.0,0.0,0.0,0.0,0.0,0.0,0.0,0.0,0.0,0.0,19786,0.0,0.0,0.0,0.23885575659557262,0.0
NHPC,Mar 2013,6381,2229,4152.0,65.0,1595,611,1241,3895,26.0,2873,2.0,28.0,12301.0,17494.0,20340.0,12226.0,62361.0,23537.0,19962.0,1447.0,17415.0,62361.0,2846.0,-1330.0,-1344.0,172.0,6381,29795.0,0.09642557476086591,0.6826648766571572,0.6506817113305124,0.10232356761437437
NHPC,Mar 2014,7389,3047,4342.0,59.0,889,1203,1499,2529,35.0,1633,1.0,27.0,11071.0,17175.0,20819.0,12362.0,61427.0,29587.0,14924.0,1273.0,15643.0,61427.0,3824.0,-1122.0,-4536.0,-1834.0,7389,28246.0,0.05781349571620761,0.7370601147065071,0.5876302611990797,0.1202891236752568
NHPC,Mar 2015,8221,3087,5134.0,62.0,1597,1296,1715,3718,25.0,2798,2.0,27.0,11071.0,19687.0,20584.0,10094.0,61436.0,27916.0,16378.0,1020.0,16123.0,61436.0,4061.0,-768.0,-2494.0,798.0,8221,30758.0,0.0909682033942389,0.669224266857403,0.6244982362243036,0.13381405039390584
NHPC,Mar 2016,8354,3571,4783.0,57.0,1174,1160,1432,3365,30.0,2365,2.0,81.0,11071.0,20572.0,19938.0,11242.0,62823.0,22610.0,16742.0,606.0,22866.0,62823.0,5971.0,-746.0,-4000.0,1224.0,8354,31643.0,0.07474006889359416,0.6300919634674336,0.5725401005506344,0.13297677602152078
NHPC,Mar 2017,8623,3739,4884.0,57.0,2245,1133,1462,4535,23.0,3480,3.0,61.0,10259.0,18756.0,19227.0,11946.0,60187.0,22227.0,17588.0,1020.0,19352.0,60187.0,8329.0,-1864.0,-7812.0,-1347.0,8623,29015.0,0.11993796312252283,0.6626572462519387,0.5663922068885539,0.14327014139265953
NHPC,Mar 2018,7755,3508,4248.0,55.0,1185,924,1469,3040,8.0,2785,2.0,57.0,10259.0,19782.0,18602.0,14290.0,62933.0,21201.0,19087.0,1125.0,21520.0,62933.0,4696.0,-886.0,-3863.0,-53.0,7755,30041.0,0.09270663426650244,0.6192203987883226,0.5477756286266925,0.12322628827483197
NHPC,Mar 2019,8983,4002,4981.0,55.0,1733,896,1658,4159,32.0,2836,3.0,56.0,10045.0,20753.0,19066.0,16870.0,66734.0,24977.0,15037.0,1283.0,25437.0,66734.0,3824.0,-1182.0,-2637.0,5.0,8983,30798.0,0.09208390155204883,0.6190661731281252,0.5544918178782144,0.13460904486468667
NHPC,Mar 2020,10008,4562,5446.0,54.0,311,877,1614,3266,-2.0,3345,3.0,52.0,10045.0,21336.0,23226.0,16669.0,71277.0,24402.0,17180.0,1398.0,28297.0,71277.0,2993.0,-2987.0,12.0,17.0,10008,31381.0,0.10659316146712979,0.7401293776488959,0.5441646682653877,0.1404099499137169
NHPC,Mar 2021,9648,4371,5277.0,55.0,1087,577,1292,4495,20.0,3600,3.0,49.0,10045.0,23008.0,23365.0,16717.0,73136.0,21993.0,19167.0,1842.0,30133.0,73136.0,5070.0,-1607.0,-3058.0,405.0,9648,33053.0,0.10891598342056696,0.7068949868393186,0.5469527363184079,0.13191861737037847
NHPC,Mar 2022,9144,5131,4013.0,44.0,981,586,1190,3217,-17.0,3774,4.0,52.0,10045.0,24876.0,26096.0,16271.0,77288.0,21825.0,22522.0,2386.0,30554.0,77288.0,4590.0,-3084.0,-638.0,867.0,9144,34921.0,0.10807250651470462,0.7472867329114287,0.43886701662292216,0.11831073387848048
NHPC,Mar 2023,10607,4423,6184.0,58.0,743,475,1215,5237,19.0,4261,4.0,48.0,10045.0,26916.0,29540.0,19710.0,86211.0,22137.0,31357.0,499.0,32218.0,86211.0,4705.0,-4191.0,-795.0,-281.0,10607,36961.0,0.11528367738968101,0.7992208003030221,0.5830112190063166,0.12303534351764855
NHPC,Mar 2024,9632,4825,4807.0,50.0,2029,608,1184,5043,20.0,4028,4.0,53.0,10045.0,28657.0,32561.0,22034.0,93297.0,21474.0,39831.0,479.0,31513.0,93297.0,6938.0,-5968.0,-581.0,388.0,9632,38702.0,0.1040773086662188,0.8413260296625498,0.4990656146179402,0.10324018993108032
NHPC,TTM,9690,4675,5015.0,52.0,2094,718,1177,5213,20.0,3417,3.0,0.0,0.0,0.0,0.0,0.0,0.0,0.0,0.0,0.0,0.0,0.0,0.0,0.0,0.0,0.0,9690,0.0,0.0,0.0,0.5175438596491229,0.0
NTPC,Mar 2013,71518,53370,18149.0,25.0,4777,2491,3823,16611,24.0,12586,13.0,38.0,8245.0,72995.0,70419.0,27116.0,178776.0,71833.0,46555.0,4923.0,55465.0,178776.0,16508.0,-16845.0,988.0,651.0,71518,81240.0,0.15492368291482028,0.8668020679468242,0.25376828211079727,0.4000425112990558
NTPC,Mar 2014,78330,58603,19727.0,25.0,2792,3263,4770,14486,21.0,11403,12.0,42.0,8245.0,79084.0,81455.0,31334.0,200118.0,84208.0,53825.0,3300.0,58785.0,200118.0,16531.0,-15509.0,-2709.0,-1687.0,78330,87329.0,0.13057518121128148,0.9327371205441491,0.2518447593514618,0.3914190627529757
NTPC,Mar 2015,79957,62605,17352.0,22.0,2338,3669,5565,10456,4.0,9992,10.0,21.0,8245.0,73849.0,102252.0,35366.0,219712.0,91853.0,67555.0,1902.0,58403.0,219712.0,14889.0,-15977.0,-1474.0,-2563.0,79957,82094.0,0.12171413257972569,1.2455477866835578,0.21701664644746552,0.3639173099330032
NTPC,Mar 2016,73396,54829,18568.0,25.0,1188,3366,5771,10618,-2.0,10781,11.0,26.0,8245.0,83330.0,99424.0,33666.0,224665.0,92929.0,75046.0,6473.0,50217.0,224665.0,24125.0,-19162.0,-3899.0,1064.0,73396,91575.0,0.11772863772863773,1.0857111657111658,0.25298381383181645,0.32669085082233545
NTPC,Mar 2017,82042,60445,21598.0,26.0,1592,3753,6010,13426,20.0,10714,11.0,37.0,8245.0,89593.0,113773.0,36990.0,248601.0,104532.0,86896.0,7614.0,49560.0,248601.0,20167.0,-24480.0,3138.0,-1176.0,82042,97838.0,0.10950755330239784,1.1628712770089331,0.2632554057677775,0.33001476261157436
NTPC,Mar 2018,88083,65598,22485.0,26.0,5576,4447,7460,16154,35.0,10502,11.0,40.0,8245.0,95318.0,130049.0,48880.0,282492.0,128245.0,83386.0,8876.0,61985.0,282492.0,19670.0,-20678.0,1028.0,19.0,88083,103563.0,0.10140687311105318,1.2557477091239149,0.2552705970505092,0.3118070600229387
NTPC,Mar 2019,100287,77576,22710.0,23.0,2818,5605,8669,11255,-25.0,14034,14.0,44.0,9895.0,101462.0,173058.0,62509.0,346923.0,150985.0,118397.0,8132.0,69409.0,346923.0,18686.0,-24063.0,4927.0,-451.0,100287,111357.0,0.12602710202322262,1.5540828147310004,0.22645008824673188,0.2890756738526993
NTPC,Mar 2020,109464,77878,31586.0,29.0,8209,8189,10356,21250,44.0,11902,12.0,27.0,9895.0,108945.0,202984.0,55746.0,377569.0,187803.0,98508.0,9307.0,81951.0,377569.0,23890.0,-29628.0,6004.0,266.0,109464,118840.0,0.10015146415348368,1.7080444294850219,0.2885514872469488,0.28991786931660174
NTPC,Mar 2021,111531,77487,34044.0,31.0,5021,9224,12450,17390,14.0,14969,15.0,41.0,9697.0,116042.0,210208.0,62075.0,398022.0,203245.0,97506.0,10589.0,86681.0,398022.0,32444.0,-21034.0,-11049.0,360.0,111531,125739.0,0.1190481871177598,1.6717804340737559,0.3052424886354467,0.2802131540467612
NTPC,Mar 2022,132669,92307,40362.0,30.0,4809,9376,13788,22007,23.0,16960,17.0,41.0,9697.0,125677.0,210707.0,69751.0,415831.0,224923.0,91126.0,10626.0,89156.0,415831.0,41788.0,-22891.0,-19172.0,-274.0,132669,135374.0,0.12528255056362375,1.5564805649533884,0.3042308301110282,0.3190454776098944
NTPC,Mar 2023,176207,128611,47596.0,27.0,2561,11447,14792,23917,28.0,17121,17.0,42.0,9697.0,137326.0,222913.0,77253.0,447189.0,240424.0,89179.0,13935.0,103651.0,447189.0,47152.0,-26145.0,-21217.0,-210.0,176207,147023.0,0.11645116750440407,1.5161777408976826,0.27011412713456334,0.39403250079943825
NTPC,Mar 2024,178501,127045,51456.0,29.0,5190,12301,16204,28142,24.0,21332,21.0,36.0,9697.0,151013.0,237131.0,81437.0,479278.0,258934.0,87664.0,15885.0,116795.0,479278.0,40785.0,-32141.0,-8246.0,398.0,178501,160710.0,0.13273598407068632,1.475521125007778,0.2882672926202094,0.37243729109201756
NTPC,TTM,185892,133499,52392.0,28.0,6831,12475,17009,29739,24.0,22546,23.0,0.0,0.0,0.0,0.0,0.0,0.0,0.0,0.0,0.0,0.0,0.0,0.0,0.0,0.0,0.0,185892,0.0,0.0,0.0,0.281841069007811,0.0
ONGC,Mar 2013,161984,118482,43501.0,27.0,5488,484,11763,36742,35.0,23994,19.0,34.0,4278.0,148250.0,20686.0,80211.0,253424.0,119644.0,53385.0,2128.0,78267.0,253424.0,39874.0,-41220.0,-6927.0,-8273.0,161984,152528.0,0.15730882198678275,0.1356210007342914,0.2685512149348084,0.6391817665256645
ONGC,Mar 2014,174121,124991,49130.0,28.0,7170,624,16262,39413,32.0,26665,21.0,31.0,4278.0,167874.0,49113.0,103711.0,324976.0,155923.0,72034.0,4746.0,92273.0,324976.0,53270.0,-63633.0,15225.0,4862.0,174121,172152.0,0.15489218829871276,0.285288582183187,0.28216010705199257,0.5357964895869234
ONGC,Mar 2015,160923,118610,42312.0,26.0,5955,2864,18033,27370,35.0,17703,14.0,44.0,4278.0,176177.0,53944.0,103448.0,337847.0,179933.0,63393.0,4749.0,89771.0,337847.0,33950.0,-30058.0,-10641.0,-6749.0,160923,180455.0,0.09810201989415644,0.2989332520572996,0.2629332040789694,0.47631916222432047
ONGC,Mar 2016,124036,84901,39135.0,32.0,1067,3766,16384,20052,35.0,13102,10.0,56.0,4278.0,193536.0,45500.0,98459.0,341772.0,166277.0,57668.0,33387.0,84440.0,341772.0,46292.0,-38256.0,-8972.0,-935.0,124036,197814.0,0.06623393693065202,0.23001405360591262,0.3155132380921668,0.36292030944606346
ONGC,Mar 2017,282506,229702,52804.0,19.0,12724,3591,20119,41718,30.0,29169,19.0,40.0,6417.0,187969.0,80029.0,170111.0,444525.0,211125.0,59042.0,70746.0,103612.0,444525.0,45780.0,-43815.0,-1867.0,99.0,282506,194386.0,0.15005710287777926,0.41170145998168595,0.18691284432897,0.6355233113998088
ONGC,Mar 2018,322706,265817,56889.0,18.0,10429,4999,23112,39208,34.0,26068,17.0,38.0,6417.0,197602.0,106550.0,148664.0,459232.0,226058.0,61512.0,67335.0,104328.0,459232.0,56792.0,-66798.0,9909.0,-97.0,322706,204019.0,0.12777241335365824,0.5222552801454766,0.17628739471841243,0.7027079994425476
ONGC,Mar 2019,421624,346805,74819.0,18.0,9567,5837,23704,54846,38.0,33938,24.0,29.0,6290.0,210644.0,107742.0,167667.0,492343.0,230391.0,69056.0,66909.0,125987.0,492343.0,61458.0,-37132.0,-23324.0,1001.0,421624,216934.0,0.15644389537831782,0.4966579697050716,0.17745431948845417,0.8563623327639471
ONGC,Mar 2020,396728,344623,52105.0,13.0,982,7489,26635,18962,40.0,11456,9.0,58.0,6290.0,198814.0,129473.0,173787.0,508364.0,243892.0,83832.0,56755.0,123884.0,508364.0,70593.0,-53159.0,-16726.0,708.0,396728,205104.0,0.05585459084171932,0.6312553631328497,0.1313368353128592,0.7804014446341597
ONGC,Mar 2021,303849,254375,49473.0,16.0,11271,5079,25538,30126,29.0,21360,13.0,28.0,6290.0,214691.0,133187.0,187580.0,541748.0,243746.0,100309.0,60320.0,137372.0,541748.0,47185.0,-39141.0,-8239.0,-195.0,303849,220981.0,0.09665989383702671,0.6027079251157339,0.1628210064867747,0.5608677835451169
ONGC,Mar 2022,491246,411373,79874.0,16.0,6797,5696,26883,54091,9.0,49294,36.0,29.0,6290.0,253213.0,121986.0,201771.0,583260.0,254402.0,106719.0,66642.0,155496.0,583260.0,78248.0,-41197.0,-35790.0,1261.0,491246,259503.0,0.18995541477362496,0.4700754904567577,0.16259470815029536,0.8422418818365738
ONGC,Mar 2023,632291,556764,75527.0,12.0,-30,7889,24557,43051,24.0,32778,28.0,40.0,6290.0,274357.0,142255.0,190212.0,613115.0,250819.0,113945.0,78873.0,169478.0,613115.0,86062.0,-74690.0,-12876.0,-1504.0,632291,280647.0,0.11679440720905622,0.5068823112308345,0.11944974703103477,1.0312763510923726
ONGC,Mar 2024,591396,488561,102835.0,17.0,12982,10194,28763,76860,26.0,57101,39.0,31.0,6290.0,330780.0,153181.0,219523.0,709774.0,298454.0,116022.0,102207.0,193091.0,709774.0,99263.0,-57203.0,-45650.0,-3591.0,591396,337070.0,0.16940398136885512,0.45444863084819176,0.17388518015001792,0.8332173339682772
ONGC,TTM,658694,572824,85870.0,13.0,14458,12592,31646,56090,26.0,42320,33.0,0.0,0.0,0.0,0.0,0.0,0.0,0.0,0.0,0.0,0.0,0.0,0.0,0.0,0.0,0.0,658694,0.0,0.0,0.0,0.1303640233553061,0.0
PFC,Mar 2013,17314,331,5987.0,35.0,12,10995,6,5994,26.0,4438,13.0,21.0,1320.0,22360.0,139473.0,6178.0,169330.0,75.0,0.0,27.0,169229.0,169330.0,-25102.0,22.0,27947.0,2868.0,17314,23680.0,0.18741554054054055,5.889907094594594,0.345789534480767,0.10225004429221048
PFC,Mar 2014,21407,748,7607.0,36.0,23,13053,5,7624,28.0,5462,17.0,22.0,1320.0,26202.0,159215.0,7582.0,194320.0,72.0,1.0,27.0,194220.0,194320.0,-22473.0,9.0,17671.0,-4793.0,21407,27522.0,0.19845941428675243,5.785008356950803,0.3553510533937497,0.11016364759160148
PFC,Mar 2015,24988,1103,8429.0,34.0,25,15456,8,8446,29.0,6004,18.0,20.0,1320.0,31091.0,187795.0,8705.0,228912.0,102.0,2.0,528.0,228280.0,228912.0,-21455.0,-491.0,26916.0,4970.0,24988,32411.0,0.1852457498997254,5.794174817191694,0.3373219145189691,0.10915985182078702
PFC,Mar 2016,27861,2042,9162.0,33.0,25,16657,20,9167,33.0,6184,19.0,30.0,1320.0,34708.0,200660.0,10531.0,247220.0,198.0,47.0,2230.0,244745.0,247220.0,-13298.0,-1973.0,10383.0,-4888.0,27861,36028.0,0.17164427667369825,5.569557011213501,0.3288467750619145,0.11269719278375535
PFC,Mar 2017,27581,5538,5275.0,19.0,30,16768,41,5264,58.0,2236,7.0,59.0,2640.0,34205.0,202993.0,19700.0,259537.0,296.0,105.0,3145.0,255990.0,259537.0,1795.0,-667.0,1950.0,3079.0,27581,36845.0,0.06068666033383091,5.5093771203691135,0.19125484935281534,0.10627001159757568
PFC,Mar 2018,48624,6583,11752.0,24.0,42,30289,15,11779,25.0,8797,20.0,31.0,2640.0,37194.0,441151.0,41546.0,522531.0,161.0,129.0,5493.0,516749.0,522531.0,-57148.0,1409.0,52018.0,-3720.0,48624,39834.0,0.2208414921925993,11.074735150876135,0.24169134583744653,0.09305476612870815
PFC,Mar 2019,54106,1696,17783.0,33.0,94,34627,15,17862,29.0,12640,30.0,0.0,2640.0,44481.0,539488.0,42260.0,628869.0,196.0,199.0,4604.0,623871.0,628869.0,-80252.0,-13463.0,93616.0,-98.0,54106,47121.0,0.26824558052672903,11.448993017975,0.32866964846782243,0.08603699657639349
PFC,Mar 2020,62189,7332,14012.0,23.0,105,40845,24,14093,33.0,9477,22.0,35.0,2640.0,46760.0,596561.0,48560.0,694521.0,238.0,288.0,4404.0,689590.0,694521.0,-42148.0,-73.0,43399.0,1179.0,62189,49400.0,0.1918421052631579,12.076133603238866,0.2253131582755793,0.08954228885807629
PFC,Mar 2021,71656,7102,19871.0,28.0,46,44684,25,19891,21.0,15716,36.0,22.0,2640.0,58127.0,659682.0,55257.0,775707.0,341.0,336.0,3499.0,771530.0,775707.0,-59143.0,1741.0,60424.0,3023.0,71656,60767.0,0.2586272154294272,10.855925090921058,0.27731104164340736,0.09237508492252874
PFC,Mar 2022,76262,8215,23338.0,31.0,79,44709,35,23382,20.0,18768,42.0,23.0,2640.0,69036.0,660476.0,58848.0,791000.0,719.0,53.0,3774.0,786454.0,791000.0,4904.0,-547.0,-8371.0,-4014.0,76262,71676.0,0.2618449690272895,9.214744126346336,0.3060239699981642,0.09641213653603034
PFC,Mar 2023,77684,4167,26501.0,34.0,47,47017,52,26496,20.0,21179,48.0,22.0,2640.0,81518.0,751158.0,60796.0,896112.0,782.0,22.0,5973.0,889334.0,896112.0,-74717.0,-1694.0,75537.0,-874.0,77684,84158.0,0.25165759642577057,8.925568573397657,0.3411384583698059,0.08669005660006784
PFC,Mar 2024,91508,-27,33573.0,37.0,69,57962,53,33588,21.0,26461,60.0,23.0,3300.0,97847.0,861961.0,75770.0,1038877.0,764.0,39.0,10971.0,1027102.0,1038877.0,-97820.0,-3409.0,101261.0,32.0,91508,101147.0,0.261609340860332,8.521864217426122,0.36688595532631024,0.0880835748601615
PFC,TTM,98152,882,35764.0,36.0,109,61505,54,35820,21.0,28248,64.0,0.0,0.0,0.0,0.0,0.0,0.0,0.0,0.0,0.0,0.0,0.0,0.0,0.0,0.0,0.0,98152,0.0,0.0,0.0,0.36437362458228056,0.0
PIDILITIND,Mar 2013,3678,3120,558.0,15.0,107,16,69,581,27.0,424,8.0,31.0,51.0,1600.0,111.0,853.0,2616.0,646.0,428.0,294.0,1248.0,2616.0,472.0,-144.0,-339.0,-12.0,3678,1651.0,0.25681405208964264,0.06723198061780739,0.15171288743882544,1.4059633027522935
PIDILITIND,Mar 2014,4283,3611,672.0,16.0,38,16,81,612,27.0,450,9.0,31.0,51.0,1901.0,46.0,930.0,2928.0,729.0,458.0,260.0,1481.0,2928.0,394.0,-99.0,-242.0,54.0,4283,1952.0,0.2305327868852459,0.0235655737704918,0.15689936960074713,1.462773224043716
PIDILITIND,Mar 2015,4844,4073,771.0,16.0,40,16,118,678,25.0,514,10.0,29.0,51.0,2219.0,58.0,986.0,3315.0,978.0,462.0,370.0,1505.0,3315.0,552.0,-436.0,-165.0,-49.0,4844,2270.0,0.226431718061674,0.02555066079295154,0.1591659785301404,1.461236802413273
PIDILITIND,Mar 2016,5361,4188,1173.0,22.0,81,13,100,1141,29.0,807,16.0,26.0,51.0,2587.0,80.0,996.0,3714.0,1137.0,158.0,706.0,1713.0,3714.0,907.0,-491.0,-371.0,45.0,5361,2638.0,0.30591357088703564,0.030326004548900682,0.21880246222719643,1.4434571890145396
PIDILITIND,Mar 2017,5617,4355,1262.0,22.0,115,14,115,1248,31.0,863,17.0,28.0,51.0,3420.0,98.0,1202.0,4770.0,1275.0,148.0,1443.0,1904.0,4770.0,794.0,-879.0,41.0,-45.0,5617,3471.0,0.24863151829443964,0.028233938346297897,0.22467509346626313,1.1775681341719078
PIDILITIND,Mar 2018,6078,4737,1341.0,22.0,153,16,120,1359,29.0,966,19.0,32.0,51.0,3523.0,125.0,1500.0,5199.0,1342.0,228.0,1246.0,2383.0,5199.0,796.0,39.0,-790.0,46.0,6078,3574.0,0.2702853945159485,0.03497481813094572,0.22063178677196446,1.169070975187536
PIDILITIND,Mar 2019,7078,5707,1371.0,19.0,130,26,133,1342,31.0,928,18.0,36.0,51.0,4097.0,113.0,1643.0,5904.0,1448.0,242.0,1548.0,2666.0,5904.0,845.0,-513.0,-361.0,-29.0,7078,4148.0,0.22372227579556414,0.027242044358727097,0.19369878496750495,1.1988482384823849
PIDILITIND,Mar 2020,7294,5718,1576.0,22.0,97,34,170,1470,24.0,1122,22.0,32.0,51.0,4405.0,288.0,1779.0,6523.0,1807.0,259.0,1186.0,3270.0,6523.0,1280.0,103.0,-849.0,533.0,7294,4456.0,0.2517953321364452,0.06463195691202872,0.2160680010967919,1.11819714855128
PIDILITIND,Mar 2021,7293,5606,1686.0,23.0,74,37,201,1522,26.0,1126,22.0,38.0,51.0,5542.0,331.0,2890.0,8814.0,4418.0,294.0,516.0,3586.0,8814.0,1392.0,-1688.0,-76.0,-372.0,7293,5593.0,0.20132308242445915,0.059181119256213124,0.2311805841217606,0.827433628318584
PIDILITIND,Mar 2022,9921,8065,1856.0,19.0,39,42,240,1614,25.0,1207,24.0,42.0,51.0,6353.0,416.0,2675.0,9494.0,4703.0,225.0,459.0,4107.0,9494.0,955.0,-558.0,-468.0,-71.0,9921,6404.0,0.18847595252966895,0.06495940037476577,0.1870779155327084,1.044975774173162
PIDILITIND,Mar 2023,11799,9813,1986.0,17.0,55,48,270,1723,25.0,1289,25.0,44.0,51.0,7161.0,391.0,2902.0,10505.0,4914.0,406.0,881.0,4304.0,10505.0,1558.0,-899.0,-656.0,2.0,11799,7212.0,0.17872989462007766,0.05421519689406545,0.16831934909738114,1.1231794383626845
PIDILITIND,Mar 2024,12383,9675,2708.0,22.0,63,51,341,2379,27.0,1747,34.0,47.0,51.0,8356.0,382.0,3286.0,12076.0,5451.0,148.0,2235.0,4242.0,12076.0,2724.0,-1769.0,-742.0,212.0,12383,8407.0,0.20780302129178066,0.045438325205186154,0.21868690947266414,1.0254223252732693
PIDILITIND,TTM,12901,9949,2952.0,23.0,144,49,374,2673,0.0,1973,38.0,0.0,0.0,0.0,0.0,0.0,0.0,0.0,0.0,0.0,0.0,0.0,0.0,0.0,0.0,0.0,12901,0.0,0.0,0.0,0.2288194713588094,0.0
PNB,Mar 2013,43071,12456,0.0,0.0,4310,27802,336,6786,27.0,5020,28.0,19.0,50.0,568.0,6695.0,342.0,7655.0,14.0,4.0,777.0,6860.0,7655.0,-692.0,-600.0,-694.0,-1987.0,43071,618.0,8.122977346278317,10.833333333333334,0.0,5.626518615284128
PNB,Mar 2013,43071,12456,0.0,0.0,4310,27802,336,6786,27.0,5020,28.0,19.0,50.0,568.0,6695.0,342.0,7655.0,14.0,4.0,777.0,6860.0,7655.0,-692.0,-600.0,-694.0,-1987.0,43071,618.0,8.122977346278317,10.833333333333334,0.0,5.626518615284128
PNB,Mar 2013,43071,12456,0.0,0.0,4310,27802,336,6786,27.0,5020,28.0,19.0,50.0,568.0,6695.0,342.0,7655.0,14.0,4.0,777.0,6860.0,7655.0,-692.0,-600.0,-694.0,-1987.0,43071,618.0,8.122977346278317,10.833333333333334,0.0,5.626518615284128
PNB,Mar 2013,43071,12456,0.0,0.0,4310,27802,336,6786,27.0,5020,28.0,19.0,50.0,568.0,6695.0,342.0,7655.0,14.0,4.0,777.0,6860.0,7655.0,-692.0,-600.0,-694.0,-1987.0,43071,618.0,8.122977346278317,10.833333333333334,0.0,5.626518615284128
PNB,Mar 2013,43071,12456,0.0,0.0,4310,27802,336,6786,27.0,5020,28.0,19.0,50.0,568.0,6695.0,342.0,7655.0,14.0,4.0,777.0,6860.0,7655.0,-692.0,-600.0,-694.0,-1987.0,43071,618.0,8.122977346278317,10.833333333333334,0.0,5.626518615284128
PNB,Mar 2014,44958,16112,0.0,0.0,4710,28220,367,4969,29.0,3674,20.0,10.0,66.0,868.0,10108.0,498.0,11540.0,26.0,3.0,645.0,10865.0,11540.0,16906.0,-302.0,2129.0,18733.0,44958,934.0,3.9336188436830835,10.822269807280515,0.0,3.895840554592721
PNB,Mar 2014,44958,16112,0.0,0.0,4710,28220,367,4969,29.0,3674,20.0,10.0,66.0,868.0,10108.0,498.0,11540.0,26.0,3.0,645.0,10865.0,11540.0,16906.0,-302.0,2129.0,18733.0,44958,934.0,3.9336188436830835,10.822269807280515,0.0,3.895840554592721
PNB,Mar 2014,44958,16112,0.0,0.0,4710,28220,367,4969,29.0,3674,20.0,10.0,66.0,868.0,10108.0,498.0,11540.0,26.0,3.0,645.0,10865.0,11540.0,16906.0,-302.0,2129.0,18733.0,44958,934.0,3.9336188436830835,10.822269807280515,0.0,3.895840554592721
PNB,Mar 2014,44958,16112,0.0,0.0,4710,28220,367,4969,29.0,3674,20.0,10.0,66.0,868.0,10108.0,498.0,11540.0,26.0,3.0,645.0,10865.0,11540.0,16906.0,-302.0,2129.0,18733.0,44958,934.0,3.9336188436830835,10.822269807280515,0.0,3.895840554592721
PNB,Mar 2014,44958,16112,0.0,0.0,4710,28220,367,4969,29.0,3674,20.0,10.0,66.0,868.0,10108.0,498.0,11540.0,26.0,3.0,645.0,10865.0,11540.0,16906.0,-302.0,2129.0,18733.0,44958,934.0,3.9336188436830835,10.822269807280515,0.0,3.895840554592721
PNB,Mar 2015,48710,18760,0.0,0.0,6175,31343,384,4397,24.0,3525,18.0,18.0,104.0,1475.0,16481.0,976.0,19035.0,40.0,18.0,1586.0,17392.0,19035.0,4814.0,-872.0,7451.0,11393.0,48710,1579.0,2.232425585813806,10.437618746041798,0.0,2.5589703178355663
PNB,Mar 2015,48710,18760,0.0,0.0,6175,31343,384,4397,24.0,3525,18.0,18.0,104.0,1475.0,16481.0,976.0,19035.0,40.0,18.0,1586.0,17392.0,19035.0,4814.0,-872.0,7451.0,11393.0,48710,1579.0,2.232425585813806,10.437618746041798,0.0,2.5589703178355663
PNB,Mar 2015,48710,18760,0.0,0.0,6175,31343,384,4397,24.0,3525,18.0,18.0,104.0,1475.0,16481.0,976.0,19035.0,40.0,18.0,1586.0,17392.0,19035.0,4814.0,-872.0,7451.0,11393.0,48710,1579.0,2.232425585813806,10.437618746041798,0.0,2.5589703178355663
PNB,Mar 2015,48710,18760,0.0,0.0,6175,31343,384,4397,24.0,3525,18.0,18.0,104.0,1475.0,16481.0,976.0,19035.0,40.0,18.0,1586.0,17392.0,19035.0,4814.0,-872.0,7451.0,11393.0,48710,1579.0,2.232425585813806,10.437618746041798,0.0,2.5589703178355663
PNB,Mar 2015,48710,18760,0.0,0.0,6175,31343,384,4397,24.0,3525,18.0,18.0,104.0,1475.0,16481.0,976.0,19035.0,40.0,18.0,1586.0,17392.0,19035.0,4814.0,-872.0,7451.0,11393.0,48710,1579.0,2.232425585813806,10.437618746041798,0.0,2.5589703178355663
PNB,Mar 2016,50804,27453,0.0,0.0,6100,34331,413,-5293,-31.0,-3510,-19.0,-2.0,127.0,2019.0,26014.0,1511.0,29671.0,58.0,4.0,1622.0,27987.0,29671.0,14167.0,-1352.0,5975.0,18790.0,50804,2146.0,-1.635601118359739,12.122087604846225,0.0,1.7122442789255503
PNB,Mar 2016,50804,27453,0.0,0.0,6100,34331,413,-5293,-31.0,-3510,-19.0,-2.0,127.0,2019.0,26014.0,1511.0,29671.0,58.0,4.0,1622.0,27987.0,29671.0,14167.0,-1352.0,5975.0,18790.0,50804,2146.0,-1.635601118359739,12.122087604846225,0.0,1.7122442789255503
PNB,Mar 2016,50804,27453,0.0,0.0,6100,34331,413,-5293,-31.0,-3510,-19.0,-2.0,127.0,2019.0,26014.0,1511.0,29671.0,58.0,4.0,1622.0,27987.0,29671.0,14167.0,-1352.0,5975.0,18790.0,50804,2146.0,-1.635601118359739,12.122087604846225,0.0,1.7122442789255503
PNB,Mar 2016,50804,27453,0.0,0.0,6100,34331,413,-5293,-31.0,-3510,-19.0,-2.0,127.0,2019.0,26014.0,1511.0,29671.0,58.0,4.0,1622.0,27987.0,29671.0,14167.0,-1352.0,5975.0,18790.0,50804,2146.0,-1.635601118359739,12.122087604846225,0.0,1.7122442789255503
PNB,Mar 2016,50804,27453,0.0,0.0,6100,34331,413,-5293,-31.0,-3510,-19.0,-2.0,127.0,2019.0,26014.0,1511.0,29671.0,58.0,4.0,1622.0,27987.0,29671.0,14167.0,-1352.0,5975.0,18790.0,50804,2146.0,-1.635601118359739,12.122087604846225,0.0,1.7122442789255503
PNB,Mar 2017,48058,22533,0.0,0.0,9168,32722,430,1540,41.0,1239,6.0,0.0,166.0,5412.0,35497.0,1885.0,42960.0,58.0,2.0,3280.0,39620.0,42960.0,21938.0,159.0,-9767.0,12330.0,48058,5578.0,0.22212262459662963,6.3637504481893155,0.0,1.1186685288640597
PNB,Mar 2017,48058,22533,0.0,0.0,9168,32722,430,1540,41.0,1239,6.0,0.0,166.0,5412.0,35497.0,1885.0,42960.0,58.0,2.0,3280.0,39620.0,42960.0,21938.0,159.0,-9767.0,12330.0,48058,5578.0,0.22212262459662963,6.3637504481893155,0.0,1.1186685288640597
PNB,Mar 2017,48058,22533,0.0,0.0,9168,32722,430,1540,41.0,1239,6.0,0.0,166.0,5412.0,35497.0,1885.0,42960.0,58.0,2.0,3280.0,39620.0,42960.0,21938.0,159.0,-9767.0,12330.0,48058,5578.0,0.22212262459662963,6.3637504481893155,0.0,1.1186685288640597
PNB,Mar 2017,48058,22533,0.0,0.0,9168,32722,430,1540,41.0,1239,6.0,0.0,166.0,5412.0,35497.0,1885.0,42960.0,58.0,2.0,3280.0,39620.0,42960.0,21938.0,159.0,-9767.0,12330.0,48058,5578.0,0.22212262459662963,6.3637504481893155,0.0,1.1186685288640597
PNB,Mar 2017,48058,22533,0.0,0.0,9168,32722,430,1540,41.0,1239,6.0,0.0,166.0,5412.0,35497.0,1885.0,42960.0,58.0,2.0,3280.0,39620.0,42960.0,21938.0,159.0,-9767.0,12330.0,48058,5578.0,0.22212262459662963,6.3637504481893155,0.0,1.1186685288640597
PNB,Mar 2018,48725,43345,0.0,0.0,8883,33530,581,-19849,-37.0,-12111,-44.0,0.0,167.0,6402.0,53777.0,2673.0,63018.0,255.0,10.0,2413.0,60340.0,63018.0,-1742.0,392.0,7460.0,6109.0,48725,6569.0,-1.843659613335363,8.186481960724615,0.0,0.7731917864737059
PNB,Mar 2018,48725,43345,0.0,0.0,8883,33530,581,-19849,-37.0,-12111,-44.0,0.0,167.0,6402.0,53777.0,2673.0,63018.0,255.0,10.0,2413.0,60340.0,63018.0,-1742.0,392.0,7460.0,6109.0,48725,6569.0,-1.843659613335363,8.186481960724615,0.0,0.7731917864737059
PNB,Mar 2018,48725,43345,0.0,0.0,8883,33530,581,-19849,-37.0,-12111,-44.0,0.0,167.0,6402.0,53777.0,2673.0,63018.0,255.0,10.0,2413.0,60340.0,63018.0,-1742.0,392.0,7460.0,6109.0,48725,6569.0,-1.843659613335363,8.186481960724615,0.0,0.7731917864737059
PNB,Mar 2018,48725,43345,0.0,0.0,8883,33530,581,-19849,-37.0,-12111,-44.0,0.0,167.0,6402.0,53777.0,2673.0,63018.0,255.0,10.0,2413.0,60340.0,63018.0,-1742.0,392.0,7460.0,6109.0,48725,6569.0,-1.843659613335363,8.186481960724615,0.0,0.7731917864737059
PNB,Mar 2018,48725,43345,0.0,0.0,8883,33530,581,-19849,-37.0,-12111,-44.0,0.0,167.0,6402.0,53777.0,2673.0,63018.0,255.0,10.0,2413.0,60340.0,63018.0,-1742.0,392.0,7460.0,6109.0,48725,6569.0,-1.843659613335363,8.186481960724615,0.0,0.7731917864737059
PNB,Mar 2019,52147,39645,0.0,0.0,7367,34656,584,-15370,-35.0,-9550,-21.0,0.0,167.0,7268.0,71859.0,4456.0,83750.0,102.0,5.0,4457.0,79185.0,83750.0,-33532.0,-629.0,13969.0,-20192.0,52147,7435.0,-1.2844653665097512,9.664963012777404,0.0,0.6226507462686567
PNB,Mar 2019,52147,39645,0.0,0.0,7367,34656,584,-15370,-35.0,-9550,-21.0,0.0,167.0,7268.0,71859.0,4456.0,83750.0,102.0,5.0,4457.0,79185.0,83750.0,-33532.0,-629.0,13969.0,-20192.0,52147,7435.0,-1.2844653665097512,9.664963012777404,0.0,0.6226507462686567
PNB,Mar 2019,52147,39645,0.0,0.0,7367,34656,584,-15370,-35.0,-9550,-21.0,0.0,167.0,7268.0,71859.0,4456.0,83750.0,102.0,5.0,4457.0,79185.0,83750.0,-33532.0,-629.0,13969.0,-20192.0,52147,7435.0,-1.2844653665097512,9.664963012777404,0.0,0.6226507462686567
PNB,Mar 2019,52147,39645,0.0,0.0,7367,34656,584,-15370,-35.0,-9550,-21.0,0.0,167.0,7268.0,71859.0,4456.0,83750.0,102.0,5.0,4457.0,79185.0,83750.0,-33532.0,-629.0,13969.0,-20192.0,52147,7435.0,-1.2844653665097512,9.664963012777404,0.0,0.6226507462686567
PNB,Mar 2019,52147,39645,0.0,0.0,7367,34656,584,-15370,-35.0,-9550,-21.0,0.0,167.0,7268.0,71859.0,4456.0,83750.0,102.0,5.0,4457.0,79185.0,83750.0,-33532.0,-629.0,13969.0,-20192.0,52147,7435.0,-1.2844653665097512,9.664963012777404,0.0,0.6226507462686567
PNB,Mar 2020,54918,25867,0.0,0.0,9388,36997,614,827,56.0,485,1.0,0.0,168.0,7779.0,67736.0,3191.0,78874.0,250.0,4.0,2048.0,76572.0,78874.0,-12793.0,-338.0,13591.0,460.0,54918,7947.0,0.06102931923996477,8.523467975336604,0.0,0.6962750716332379
PNB,Mar 2020,54918,25867,0.0,0.0,9388,36997,614,827,56.0,485,1.0,0.0,168.0,7779.0,67736.0,3191.0,78874.0,250.0,4.0,2048.0,76572.0,78874.0,-12793.0,-338.0,13591.0,460.0,54918,7947.0,0.06102931923996477,8.523467975336604,0.0,0.6962750716332379
PNB,Mar 2020,54918,25867,0.0,0.0,9388,36997,614,827,56.0,485,1.0,0.0,168.0,7779.0,67736.0,3191.0,78874.0,250.0,4.0,2048.0,76572.0,78874.0,-12793.0,-338.0,13591.0,460.0,54918,7947.0,0.06102931923996477,8.523467975336604,0.0,0.6962750716332379
PNB,Mar 2020,54918,25867,0.0,0.0,9388,36997,614,827,56.0,485,1.0,0.0,168.0,7779.0,67736.0,3191.0,78874.0,250.0,4.0,2048.0,76572.0,78874.0,-12793.0,-338.0,13591.0,460.0,54918,7947.0,0.06102931923996477,8.523467975336604,0.0,0.6962750716332379
PNB,Mar 2020,54918,25867,0.0,0.0,9388,36997,614,827,56.0,485,1.0,0.0,168.0,7779.0,67736.0,3191.0,78874.0,250.0,4.0,2048.0,76572.0,78874.0,-12793.0,-338.0,13591.0,460.0,54918,7947.0,0.06102931923996477,8.523467975336604,0.0,0.6962750716332379
PNB,Mar 2021,81935,38601,0.0,0.0,12777,50805,982,4325,38.0,2695,2.0,0.0,168.0,8699.0,59394.0,3072.0,71333.0,181.0,2.0,2033.0,69117.0,71333.0,30950.0,-787.0,5415.0,35579.0,81935,8867.0,0.30393594225780984,6.69831961204466,0.0,1.1486268627423493
PNB,Mar 2021,81935,38601,0.0,0.0,12777,50805,982,4325,38.0,2695,2.0,0.0,168.0,8699.0,59394.0,3072.0,71333.0,181.0,2.0,2033.0,69117.0,71333.0,30950.0,-787.0,5415.0,35579.0,81935,8867.0,0.30393594225780984,6.69831961204466,0.0,1.1486268627423493
PNB,Mar 2021,81935,38601,0.0,0.0,12777,50805,982,4325,38.0,2695,2.0,0.0,168.0,8699.0,59394.0,3072.0,71333.0,181.0,2.0,2033.0,69117.0,71333.0,30950.0,-787.0,5415.0,35579.0,81935,8867.0,0.30393594225780984,6.69831961204466,0.0,1.1486268627423493
PNB,Mar 2021,81935,38601,0.0,0.0,12777,50805,982,4325,38.0,2695,2.0,0.0,168.0,8699.0,59394.0,3072.0,71333.0,181.0,2.0,2033.0,69117.0,71333.0,30950.0,-787.0,5415.0,35579.0,81935,8867.0,0.30393594225780984,6.69831961204466,0.0,1.1486268627423493
PNB,Mar 2021,81935,38601,0.0,0.0,12777,50805,982,4325,38.0,2695,2.0,0.0,168.0,8699.0,59394.0,3072.0,71333.0,181.0,2.0,2033.0,69117.0,71333.0,30950.0,-787.0,5415.0,35579.0,81935,8867.0,0.30393594225780984,6.69831961204466,0.0,1.1486268627423493
PNB,Mar 2022,76242,36026,0.0,0.0,12329,46823,896,4826,19.0,3908,4.0,18.0,169.0,9632.0,52961.0,2888.0,65649.0,150.0,4.0,3472.0,62024.0,65649.0,20032.0,-1204.0,2032.0,20859.0,76242,9801.0,0.3987348229772472,5.403632282420161,0.0,1.161358131883197
PNB,Mar 2022,76242,36026,0.0,0.0,12329,46823,896,4826,19.0,3908,4.0,18.0,169.0,9632.0,52961.0,2888.0,65649.0,150.0,4.0,3472.0,62024.0,65649.0,20032.0,-1204.0,2032.0,20859.0,76242,9801.0,0.3987348229772472,5.403632282420161,0.0,1.161358131883197
PNB,Mar 2022,76242,36026,0.0,0.0,12329,46823,896,4826,19.0,3908,4.0,18.0,169.0,9632.0,52961.0,2888.0,65649.0,150.0,4.0,3472.0,62024.0,65649.0,20032.0,-1204.0,2032.0,20859.0,76242,9801.0,0.3987348229772472,5.403632282420161,0.0,1.161358131883197
PNB,Mar 2022,76242,36026,0.0,0.0,12329,46823,896,4826,19.0,3908,4.0,18.0,169.0,9632.0,52961.0,2888.0,65649.0,150.0,4.0,3472.0,62024.0,65649.0,20032.0,-1204.0,2032.0,20859.0,76242,9801.0,0.3987348229772472,5.403632282420161,0.0,1.161358131883197
PNB,Mar 2022,76242,36026,0.0,0.0,12329,46823,896,4826,19.0,3908,4.0,18.0,169.0,9632.0,52961.0,2888.0,65649.0,150.0,4.0,3472.0,62024.0,65649.0,20032.0,-1204.0,2032.0,20859.0,76242,9801.0,0.3987348229772472,5.403632282420161,0.0,1.161358131883197
PNB,Mar 2023,86845,41502,0.0,0.0,12529,51817,905,5151,35.0,3359,3.0,21.0,169.0,10784.0,53621.0,2231.0,66805.0,146.0,3.0,3188.0,63468.0,66805.0,22592.0,-732.0,1275.0,23135.0,86845,10953.0,0.3066739706016616,4.895553729571807,0.0,1.299977546590824
PNB,Mar 2023,86845,41502,0.0,0.0,12529,51817,905,5151,35.0,3359,3.0,21.0,169.0,10784.0,53621.0,2231.0,66805.0,146.0,3.0,3188.0,63468.0,66805.0,22592.0,-732.0,1275.0,23135.0,86845,10953.0,0.3066739706016616,4.895553729571807,0.0,1.299977546590824
PNB,Mar 2023,86845,41502,0.0,0.0,12529,51817,905,5151,35.0,3359,3.0,21.0,169.0,10784.0,53621.0,2231.0,66805.0,146.0,3.0,3188.0,63468.0,66805.0,22592.0,-732.0,1275.0,23135.0,86845,10953.0,0.3066739706016616,4.895553729571807,0.0,1.299977546590824
PNB,Mar 2023,86845,41502,0.0,0.0,12529,51817,905,5151,35.0,3359,3.0,21.0,169.0,10784.0,53621.0,2231.0,66805.0,146.0,3.0,3188.0,63468.0,66805.0,22592.0,-732.0,1275.0,23135.0,86845,10953.0,0.3066739706016616,4.895553729571807,0.0,1.299977546590824
PNB,Mar 2023,86845,41502,0.0,0.0,12529,51817,905,5151,35.0,3359,3.0,21.0,169.0,10784.0,53621.0,2231.0,66805.0,146.0,3.0,3188.0,63468.0,66805.0,22592.0,-732.0,1275.0,23135.0,86845,10953.0,0.3066739706016616,4.895553729571807,0.0,1.299977546590824
PNB,Mar 2024,109065,39623,0.0,0.0,14158,68534,906,14160,35.0,9157,8.0,18.0,260.0,14673.0,55017.0,2422.0,72371.0,206.0,15.0,4345.0,67804.0,72371.0,-27939.0,-1506.0,3518.0,-25928.0,109065,14933.0,0.613205651911873,3.684256345007701,0.0,1.5070262950629396
PNB,Mar 2024,109065,39623,0.0,0.0,14158,68534,906,14160,35.0,9157,8.0,18.0,260.0,14673.0,55017.0,2422.0,72371.0,206.0,15.0,4345.0,67804.0,72371.0,-27939.0,-1506.0,3518.0,-25928.0,109065,14933.0,0.613205651911873,3.684256345007701,0.0,1.5070262950629396
PNB,Mar 2024,109065,39623,0.0,0.0,14158,68534,906,14160,35.0,9157,8.0,18.0,260.0,14673.0,55017.0,2422.0,72371.0,206.0,15.0,4345.0,67804.0,72371.0,-27939.0,-1506.0,3518.0,-25928.0,109065,14933.0,0.613205651911873,3.684256345007701,0.0,1.5070262950629396
PNB,Mar 2024,109065,39623,0.0,0.0,14158,68534,906,14160,35.0,9157,8.0,18.0,260.0,14673.0,55017.0,2422.0,72371.0,206.0,15.0,4345.0,67804.0,72371.0,-27939.0,-1506.0,3518.0,-25928.0,109065,14933.0,0.613205651911873,3.684256345007701,0.0,1.5070262950629396
PNB,Mar 2024,109065,39623,0.0,0.0,14158,68534,906,14160,35.0,9157,8.0,18.0,260.0,14673.0,55017.0,2422.0,72371.0,206.0,15.0,4345.0,67804.0,72371.0,-27939.0,-1506.0,3518.0,-25928.0,109065,14933.0,0.613205651911873,3.684256345007701,0.0,1.5070262950629396
PNB,TTM,116126,36345,0.0,0.0,15249,73977,0,21054,0.0,14535,13.0,0.0,0.0,0.0,0.0,0.0,0.0,0.0,0.0,0.0,0.0,0.0,0.0,0.0,0.0,0.0,116126,0.0,0.0,0.0,0.0,0.0
POWERGRID,Mar 2013,13081,2244,10837.0,83.0,966,2599,3428,5776,25.0,4313,5.0,31.0,4630.0,21773.0,69233.0,17748.0,113384.0,62568.0,35265.0,586.0,14964.0,113384.0,11690.0,-22084.0,9962.0,-432.0,13081,26403.0,0.163352649320153,2.6221641480134834,0.8284534821496827,0.11536901150074085
POWERGRID,Mar 2013,13081,2244,10837.0,83.0,966,2599,3428,5776,25.0,4313,5.0,31.0,4630.0,21773.0,69233.0,17748.0,113384.0,62568.0,35265.0,586.0,14964.0,113384.0,11690.0,-22084.0,9962.0,-432.0,13081,26403.0,0.163352649320153,2.6221641480134834,0.8284534821496827,0.11536901150074085
POWERGRID,Mar 2014,15555,2588,12967.0,83.0,725,3254,4079,6359,28.0,4548,5.0,30.0,5232.0,29466.0,84220.0,22562.0,141480.0,74252.0,50069.0,423.0,16736.0,141480.0,15223.0,-26639.0,13712.0,2295.0,15555,34698.0,0.13107383710876708,2.427229235114416,0.8336226293796207,0.1099448685326548
POWERGRID,Mar 2014,15555,2588,12967.0,83.0,725,3254,4079,6359,28.0,4548,5.0,30.0,5232.0,29466.0,84220.0,22562.0,141480.0,74252.0,50069.0,423.0,16736.0,141480.0,15223.0,-26639.0,13712.0,2295.0,15555,34698.0,0.13107383710876708,2.427229235114416,0.8336226293796207,0.1099448685326548
POWERGRID,Mar 2015,17540,2613,14927.0,85.0,731,4081,5173,6404,21.0,5046,5.0,21.0,5232.0,33207.0,96243.0,26102.0,160784.0,91191.0,53681.0,220.0,15693.0,160784.0,15800.0,-24185.0,6399.0,-1986.0,17540,38439.0,0.13127292593459766,2.503785218137829,0.8510262257696694,0.10909045676186685
POWERGRID,Mar 2015,17540,2613,14927.0,85.0,731,4081,5173,6404,21.0,5046,5.0,21.0,5232.0,33207.0,96243.0,26102.0,160784.0,91191.0,53681.0,220.0,15693.0,160784.0,15800.0,-24185.0,6399.0,-1986.0,17540,38439.0,0.13127292593459766,2.503785218137829,0.8510262257696694,0.10909045676186685
POWERGRID,Mar 2016,20652,2468,18184.0,88.0,656,5086,6182,7572,21.0,5959,6.0,20.0,5232.0,38738.0,108545.0,26797.0,179312.0,115094.0,45611.0,919.0,17688.0,179312.0,15008.0,-21576.0,5621.0,-948.0,20652,43970.0,0.13552422105981352,2.468614964748692,0.8804958357544064,0.11517355224413313
POWERGRID,Mar 2016,20652,2468,18184.0,88.0,656,5086,6182,7572,21.0,5959,6.0,20.0,5232.0,38738.0,108545.0,26797.0,179312.0,115094.0,45611.0,919.0,17688.0,179312.0,15008.0,-21576.0,5621.0,-948.0,20652,43970.0,0.13552422105981352,2.468614964748692,0.8804958357544064,0.11517355224413313
POWERGRID,Mar 2017,25697,3247,22450.0,87.0,933,6204,7722,9457,21.0,7451,8.0,31.0,5232.0,44634.0,118988.0,26809.0,195662.0,137678.0,38264.0,1165.0,18555.0,195662.0,21575.0,-23836.0,3959.0,1698.0,25697,49866.0,0.1494204467974171,2.386154895118919,0.8736428376853329,0.13133362635565413
POWERGRID,Mar 2017,25697,3247,22450.0,87.0,933,6204,7722,9457,21.0,7451,8.0,31.0,5232.0,44634.0,118988.0,26809.0,195662.0,137678.0,38264.0,1165.0,18555.0,195662.0,21575.0,-23836.0,3959.0,1698.0,25697,49866.0,0.1494204467974171,2.386154895118919,0.8736428376853329,0.13133362635565413
POWERGRID,Mar 2018,29954,3993,25961.0,87.0,4065,7324,9231,13471,39.0,8204,9.0,33.0,5232.0,49194.0,131503.0,39425.0,225354.0,156198.0,37669.0,1224.0,30264.0,225354.0,22710.0,-25701.0,1285.0,-1707.0,29954,54426.0,0.15073678021533826,2.416179767023114,0.8666955999198771,0.13291976179699494
POWERGRID,Mar 2018,29954,3993,25961.0,87.0,4065,7324,9231,13471,39.0,8204,9.0,33.0,5232.0,49194.0,131503.0,39425.0,225354.0,156198.0,37669.0,1224.0,30264.0,225354.0,22710.0,-25701.0,1285.0,-1707.0,29954,54426.0,0.15073678021533826,2.416179767023114,0.8666955999198771,0.13291976179699494
POWERGRID,Mar 2019,35059,8140,26920.0,77.0,1505,8737,10541,9147,-10.0,10034,11.0,43.0,5232.0,53857.0,146376.0,41916.0,247380.0,172740.0,37631.0,1296.0,35713.0,247380.0,23271.0,-18727.0,-2431.0,2113.0,35059,59089.0,0.16981164006837143,2.477212340706392,0.7678484839841411,0.14172123858032176
POWERGRID,Mar 2019,35059,8140,26920.0,77.0,1505,8737,10541,9147,-10.0,10034,11.0,43.0,5232.0,53857.0,146376.0,41916.0,247380.0,172740.0,37631.0,1296.0,35713.0,247380.0,23271.0,-18727.0,-2431.0,2113.0,35059,59089.0,0.16981164006837143,2.477212340706392,0.7678484839841411,0.14172123858032176
POWERGRID,Mar 2020,37744,4858,32886.0,87.0,2820,9509,11607,14590,24.0,11059,12.0,47.0,5232.0,59464.0,148270.0,43706.0,256671.0,181112.0,35177.0,1431.0,38951.0,256671.0,30739.0,-10733.0,-18806.0,1199.0,37744,64696.0,0.170937925064919,2.2917954742178805,0.8712908011869436,0.14705206275738203
POWERGRID,Mar 2020,37744,4858,32886.0,87.0,2820,9509,11607,14590,24.0,11059,12.0,47.0,5232.0,59464.0,148270.0,43706.0,256671.0,181112.0,35177.0,1431.0,38951.0,256671.0,30739.0,-10733.0,-18806.0,1199.0,37744,64696.0,0.170937925064919,2.2917954742178805,0.8712908011869436,0.14705206275738203
POWERGRID,Mar 2021,39640,4734,34906.0,88.0,769,8135,12039,15501,22.0,12036,13.0,52.0,5232.0,64704.0,143232.0,42539.0,255708.0,183726.0,24838.0,1486.0,45659.0,255708.0,29403.0,-9244.0,-20521.0,-362.0,39640,69936.0,0.17210020590253947,2.0480439258750858,0.8805751765893037,0.15502057033804184
POWERGRID,Mar 2021,39640,4734,34906.0,88.0,769,8135,12039,15501,22.0,12036,13.0,52.0,5232.0,64704.0,143232.0,42539.0,255708.0,183726.0,24838.0,1486.0,45659.0,255708.0,29403.0,-9244.0,-20521.0,-362.0,39640,69936.0,0.17210020590253947,2.0480439258750858,0.8805751765893037,0.15502057033804184
POWERGRID,Mar 2022,41622,5796,35826.0,86.0,4692,8036,12872,19610,14.0,16824,18.0,61.0,6975.0,69272.0,134696.0,40008.0,250950.0,191773.0,12854.0,3788.0,42536.0,250950.0,26124.0,753.0,-28967.0,-2091.0,41622,76247.0,0.22065130431361235,1.7665744226002336,0.8607467204843592,0.16585774058577407
POWERGRID,Mar 2022,41622,5796,35826.0,86.0,4692,8036,12872,19610,14.0,16824,18.0,61.0,6975.0,69272.0,134696.0,40008.0,250950.0,191773.0,12854.0,3788.0,42536.0,250950.0,26124.0,753.0,-28967.0,-2091.0,41622,76247.0,0.22065130431361235,1.7665744226002336,0.8607467204843592,0.16585774058577407
POWERGRID,Mar 2023,45603,6028,39576.0,87.0,1093,9634,13333,17702,13.0,15420,17.0,67.0,6975.0,76051.0,128584.0,40615.0,252225.0,185437.0,13772.0,3489.0,49527.0,252225.0,40203.0,-7138.0,-30450.0,2615.0,45603,83026.0,0.1857249536289837,1.5487196781731023,0.8678376422603776,0.1808028545941124
POWERGRID,Mar 2023,45603,6028,39576.0,87.0,1093,9634,13333,17702,13.0,15420,17.0,67.0,6975.0,76051.0,128584.0,40615.0,252225.0,185437.0,13772.0,3489.0,49527.0,252225.0,40203.0,-7138.0,-30450.0,2615.0,45603,83026.0,0.1857249536289837,1.5487196781731023,0.8678376422603776,0.1808028545941124
POWERGRID,Mar 2024,45843,6017,39826.0,87.0,556,8773,13095,18514,16.0,15573,17.0,67.0,9301.0,77845.0,123516.0,40168.0,250829.0,177761.0,18197.0,4163.0,50708.0,250829.0,37290.0,-13114.0,-25903.0,-1728.0,45843,87146.0,0.17870011245496065,1.4173456039290386,0.8687476823070044,0.18276594811604718
POWERGRID,Mar 2024,45843,6017,39826.0,87.0,556,8773,13095,18514,16.0,15573,17.0,67.0,9301.0,77845.0,123516.0,40168.0,250829.0,177761.0,18197.0,4163.0,50708.0,250829.0,37290.0,-13114.0,-25903.0,-1728.0,45843,87146.0,0.17870011245496065,1.4173456039290386,0.8687476823070044,0.18276594811604718
POWERGRID,TTM,45812,6577,39235.0,86.0,1886,8854,13045,19221,0.0,15712,17.0,0.0,0.0,0.0,0.0,0.0,0.0,0.0,0.0,0.0,0.0,0.0,0.0,0.0,0.0,0.0,45812,0.0,0.0,0.0,0.8564349951977648,0.0
RECLTD,Mar 2013,13634,365,13270.0,97.0,4,8083,4,5186,26.0,3833,15.0,21.0,987.0,16543.0,107762.0,5277.0,130570.0,72.0,9.0,638.0,129851.0,130570.0,-20059.0,152.0,16059.0,-3847.0,13634,17530.0,0.21865373645179692,6.147290359383914,0.9733020390200968,0.10441908554798192
RECLTD,Mar 2014,17223,572,16650.0,97.0,6,10035,5,6617,28.0,4741,18.0,20.0,987.0,19816.0,126173.0,5968.0,152944.0,73.0,10.0,1690.0,151170.0,152944.0,-17244.0,136.0,16815.0,-293.0,17223,20803.0,0.22789982214103735,6.065134836321684,0.9667305347500436,0.1126098441259546
RECLTD,Mar 2015,20544,1149,19395.0,94.0,6,11840,8,7552,29.0,5344,20.0,20.0,987.0,24085.0,150979.0,7404.0,183456.0,110.0,10.0,1596.0,181740.0,183456.0,-23898.0,151.0,23098.0,-649.0,20544,25072.0,0.2131461391193363,6.021817166560306,0.944071261682243,0.1119832548403977
RECLTD,Mar 2016,24125,1680,22445.0,93.0,4,14282,20,8147,30.0,5691,22.0,30.0,987.0,27906.0,169212.0,8840.0,206945.0,254.0,78.0,2352.0,204261.0,206945.0,-13278.0,-756.0,15291.0,1257.0,24125,28893.0,0.1969681237670024,5.856505035821825,0.9303626943005181,0.11657686825001812
RECLTD,Mar 2017,24338,1888,22450.0,92.0,24,13462,40,8972,30.0,6313,24.0,30.0,1975.0,31696.0,167852.0,8723.0,210245.0,355.0,166.0,2617.0,207108.0,210245.0,6805.0,-101.0,-3947.0,2757.0,24338,33671.0,0.18749071901636424,4.9850613287398655,0.922425836141014,0.11576018454660039
RECLTD,Mar 2018,22658,3379,19279.0,85.0,18,13333,7,5958,25.0,4451,17.0,41.0,1975.0,30613.0,204367.0,5416.0,242370.0,132.0,129.0,2948.0,239162.0,242370.0,-32510.0,46.0,28244.0,-4220.0,22658,32588.0,0.13658401865717443,6.271234810359641,0.8508694500838556,0.09348516730618475
RECLTD,Mar 2019,25408,1702,23705.0,93.0,33,15639,8,8090,29.0,5741,22.0,38.0,1975.0,32571.0,244249.0,19659.0,298454.0,165.0,199.0,2463.0,295627.0,298454.0,-35866.0,457.0,35543.0,134.0,25408,34546.0,0.16618421814392403,7.0702541538817805,0.9329738664987406,0.08513204714964451
RECLTD,Mar 2020,29942,3981,25961.0,87.0,72,18991,12,7030,29.0,4972,19.0,44.0,1975.0,33422.0,286289.0,25345.0,347030.0,166.0,288.0,2386.0,344190.0,347030.0,-32712.0,121.0,33926.0,1336.0,29942,35397.0,0.1404638811198689,8.087945306099387,0.8670429497027586,0.08628072500936518
RECLTD,Mar 2021,35557,3292,32265.0,91.0,15,21489,11,10780,22.0,8378,32.0,30.0,1975.0,41789.0,329723.0,27380.0,400867.0,267.0,336.0,1981.0,398282.0,400867.0,-43512.0,861.0,42113.0,-538.0,35557,43764.0,0.19143588337446302,7.534114797550498,0.9074162612143881,0.08870024222497735
RECLTD,Mar 2022,39276,4838,34438.0,88.0,62,22051,18,12431,19.0,10036,38.0,30.0,1975.0,49339.0,333043.0,26503.0,410860.0,628.0,6.0,2190.0,408035.0,410860.0,-819.0,-287.0,68.0,-1038.0,39276,51314.0,0.19558015356432942,6.490295046186226,0.8768204501476728,0.09559460643528209
RECLTD,Mar 2023,39486,1858,37628.0,95.0,28,23733,24,13898,20.0,11167,42.0,30.0,2633.0,55487.0,380790.0,26592.0,465503.0,641.0,3.0,3170.0,461689.0,465503.0,-37360.0,-943.0,38123.0,-180.0,39486,58120.0,0.19213695801789402,6.551789401238816,0.9529453477181786,0.08482437277525601
RECLTD,Mar 2024,47517,-366,47883.0,101.0,48,29948,24,17960,21.0,14145,54.0,30.0,2633.0,66717.0,445568.0,33273.0,548191.0,632.0,24.0,5352.0,542184.0,548191.0,-57723.0,-1831.0,59588.0,34.0,47517,69350.0,0.20396539293439078,6.4249170872386445,1.007702506471368,0.08667964267928514
RECLTD,TTM,51490,630,50860.0,99.0,87,32075,24,18848,0.0,14885,57.0,0.0,0.0,0.0,0.0,0.0,0.0,0.0,0.0,0.0,0.0,0.0,0.0,0.0,0.0,0.0,51490,0.0,0.0,0.0,0.9877646144882501,0.0
RELIANCE,Mar 2013,395957,362802,33155.0,8.0,7757,3463,11232,26217,20.0,20886,15.0,13.0,2936.0,179119.0,107219.0,73083.0,362357.0,133487.0,49952.0,42848.0,136070.0,362357.0,36918.0,-27601.0,408.0,9725.0,395957,182055.0,0.11472357254675784,0.5889374090247452,0.08373383978563329,1.0927262340730275
RELIANCE,Mar 2014,433521,398586,34935.0,8.0,8865,3836,11201,28763,22.0,22548,16.0,12.0,2940.0,195747.0,138761.0,91395.0,428843.0,141417.0,91494.0,60602.0,135330.0,428843.0,43261.0,-73070.0,13713.0,-16096.0,433521,198687.0,0.11348502921680835,0.698389929889726,0.08058433155487277,1.0109084210305403
RELIANCE,Mar 2015,374372,336923,37449.0,10.0,8528,3316,11547,31114,24.0,23640,17.0,12.0,2943.0,215556.0,168251.0,117736.0,504486.0,156458.0,166462.0,76451.0,105115.0,504486.0,34374.0,-64706.0,8444.0,-21888.0,374372,218499.0,0.10819271484080019,0.7700309841234971,0.10003151945124102,0.7420860043688031
RELIANCE,Mar 2016,272583,230802,41781.0,15.0,12212,3691,11565,38737,23.0,29861,22.0,10.0,2948.0,228608.0,194714.0,172727.0,598997.0,184910.0,228697.0,84015.0,101375.0,598997.0,38134.0,-36186.0,-3210.0,-1262.0,272583,231556.0,0.12895800583876038,0.8408937794745116,0.15327808410649232,0.45506571819224473
RELIANCE,Mar 2017,303954,257647,46307.0,15.0,9222,3849,11646,40034,25.0,29833,22.0,11.0,2959.0,260750.0,217475.0,225618.0,706802.0,198526.0,324837.0,82899.0,100540.0,706802.0,49550.0,-66201.0,8617.0,-8034.0,303954,263709.0,0.1131284863239404,0.8246779594173881,0.15234871066016567,0.43004122795351457
RELIANCE,Mar 2018,390823,326508,64315.0,16.0,9869,8052,16706,49426,27.0,36080,27.0,10.0,5922.0,287584.0,239843.0,277924.0,811273.0,403885.0,187022.0,82862.0,137504.0,811273.0,71459.0,-68192.0,-2001.0,1266.0,390823,293506.0,0.12292764032081116,0.8171655775350418,0.16456298631349742,0.48174042523293636
RELIANCE,Mar 2019,568337,484087,84250.0,15.0,8406,16495,20934,55227,28.0,39837,29.0,10.0,5926.0,381186.0,307714.0,302804.0,997630.0,398374.0,179463.0,235635.0,184158.0,997630.0,42346.0,-94507.0,55906.0,3745.0,568337,387112.0,0.10290820227737708,0.7948965674016822,0.14823951282425743,0.569687158565801
RELIANCE,Mar 2020,596679,507413,89266.0,15.0,8570,22027,22203,53606,26.0,39880,29.0,10.0,6339.0,442827.0,355133.0,358716.0,1163015.0,532658.0,109106.0,276767.0,244484.0,1163015.0,94877.0,-72497.0,-2541.0,19839.0,596679,449166.0,0.08878677370949715,0.7906497820404929,0.1496047288408005,0.5130449736245878
RELIANCE,Mar 2021,466307,385517,80790.0,17.0,22432,21189,26572,55461,3.0,53739,39.0,9.0,6445.0,693727.0,278962.0,340931.0,1320065.0,541258.0,125953.0,364828.0,288026.0,1320065.0,26958.0,-142385.0,101904.0,-13523.0,466307,700172.0,0.07675114114817502,0.398419245556806,0.17325495864312568,0.35324548412388784
RELIANCE,Mar 2022,694673,586092,108581.0,16.0,19600,14584,29782,83815,19.0,67845,45.0,9.0,6765.0,772720.0,319158.0,399979.0,1498622.0,627798.0,172506.0,394264.0,304054.0,1498622.0,110654.0,-109162.0,17289.0,18781.0,694673,779485.0,0.08703823678454364,0.40944726325715053,0.15630519683361813,0.4635411731577409
RELIANCE,Mar 2023,876396,734078,142318.0,16.0,12020,19571,40303,94464,22.0,74088,49.0,9.0,6766.0,709106.0,451664.0,438346.0,1605882.0,724805.0,293752.0,235560.0,351765.0,1605882.0,115032.0,-93001.0,10455.0,32486.0,876396,715872.0,0.10349336194179966,0.6309284341334763,0.16239006111392568,0.5457412188442239
RELIANCE,Mar 2024,899041,736543,162498.0,18.0,16179,23118,50832,104727,25.0,79020,51.0,10.0,6766.0,786715.0,458991.0,502576.0,1755048.0,779985.0,338855.0,225672.0,410536.0,1755048.0,158788.0,-113581.0,-16646.0,28561.0,899041,793481.0,0.09958650553699458,0.5784524141094746,0.18074592816122959,0.5122600635424216
RELIANCE,TTM,939838,775710,164128.0,17.0,17607,23875,53226,104634,0.0,79941,51.0,0.0,0.0,0.0,0.0,0.0,0.0,0.0,0.0,0.0,0.0,0.0,0.0,0.0,0.0,0.0,939838,0.0,0.0,0.0,0.17463435187766402,0.0
SBILIFE,Mar 2013,14870,14443,427.0,3.0,292,4,25,690,9.0,630,6.0,8.0,1000.0,1736.0,0.0,50978.0,53714.0,283.0,3.0,50047.0,3382.0,53714.0,1130.0,-227.0,-58.0,845.0,14870,2736.0,0.23026315789473684,0.0,0.028715534633490247,0.276836578917973
SBILIFE,Mar 2014,17258,16747,511.0,3.0,344,5,35,816,11.0,728,7.0,14.0,1000.0,2356.0,0.0,57284.0,60640.0,304.0,4.0,56275.0,4058.0,60640.0,166.0,-708.0,-58.0,-600.0,17258,3356.0,0.2169249106078665,0.0,0.029609456483949474,0.2845976253298153
SBILIFE,Mar 2015,23399,22505,794.0,3.0,183,4,34,939,13.0,815,8.0,15.0,1000.0,3056.0,0.0,70064.0,74121.0,292.0,7.0,69385.0,4437.0,74121.0,2711.0,-178.0,-117.0,2416.0,23399,4056.0,0.20093688362919132,0.0,0.033933074062994145,0.31568651259427155
SBILIFE,Mar 2016,19324,18404,920.0,5.0,129,5,37,1007,16.0,844,8.0,14.0,1000.0,3733.0,0.0,78696.0,83429.0,301.0,146.0,77843.0,5139.0,83429.0,5778.0,-7204.0,-144.0,-1570.0,19324,4733.0,0.17832241707162477,0.0,0.047609190643759056,0.23162209783168922
SBILIFE,Mar 2017,30548,29479,1068.0,4.0,139,5,48,1154,17.0,955,10.0,16.0,1000.0,4552.0,0.0,96687.0,102240.0,507.0,31.0,95830.0,5871.0,102240.0,8525.0,-9032.0,-144.0,-651.0,30548,5552.0,0.17201008645533142,0.0,0.03496137226659683,0.2987871674491393
SBILIFE,Mar 2018,34068,32736,1332.0,4.0,156,6,59,1422,19.0,1150,12.0,17.0,1000.0,5528.0,0.0,115193.0,121720.0,511.0,70.0,114436.0,6703.0,121720.0,10395.0,-8910.0,-221.0,1264.0,34068,6528.0,0.17616421568627452,0.0,0.039098274040154986,0.2798882681564246
SBILIFE,Mar 2019,44604,43130,1474.0,3.0,266,8,92,1642,19.0,1327,13.0,15.0,1000.0,6576.0,0.0,139157.0,146734.0,563.0,32.0,139325.0,6814.0,146734.0,13473.0,-13552.0,-241.0,-321.0,44604,7576.0,0.1751583949313622,0.0,0.03304636355483813,0.30397862799351205
SBILIFE,Mar 2020,43798,42447,1351.0,3.0,529,0,89,1790,21.0,1422,14.0,0.0,1000.0,7743.0,0.0,156837.0,165580.0,568.0,13.0,158813.0,6186.0,165580.0,19299.0,-16986.0,-198.0,2114.0,43798,8743.0,0.16264440123527393,0.0,0.030846157358783505,0.26451262229737893
SBILIFE,Mar 2021,81913,81040,872.0,1.0,867,0,99,1640,11.0,1456,15.0,17.0,1000.0,9400.0,0.0,216430.0,226830.0,564.0,1.0,218756.0,7509.0,226830.0,23878.0,-19203.0,3.0,4677.0,81913,10400.0,0.14,0.0,0.010645440894607694,0.36112066305162455
SBILIFE,Mar 2022,82983,82254,730.0,1.0,1032,0,75,1687,11.0,1506,15.0,13.0,1000.0,10622.0,0.0,261715.0,273337.0,919.0,3.0,264437.0,7978.0,273337.0,21852.0,-21611.0,-231.0,10.0,82983,11622.0,0.12958182756840475,0.0,0.00879698251449092,0.3035922688841979
SBILIFE,Mar 2023,80636,80514,122.0,0.0,1862,10,68,1906,10.0,1721,17.0,15.0,1001.0,12017.0,0.0,301582.0,314599.0,867.0,1.0,303988.0,9743.0,314599.0,28656.0,-30203.0,-415.0,-1962.0,80636,13018.0,0.13220156706099248,0.0,0.0015129718736048416,0.2563135928594814
SBILIFE,Mar 2024,131988,131742,246.0,0.0,1917,9,76,2078,9.0,1894,19.0,14.0,1001.0,13907.0,0.0,383390.0,398299.0,1198.0,6.0,384943.0,12152.0,398299.0,29122.0,-31221.0,-227.0,-2327.0,131988,14908.0,0.12704588140595655,0.0,0.0018638058005273207,0.33137919000549837
SBILIFE,TTM,130073,129065,1007.0,1.0,1636,0,0,2643,0.0,2411,24.0,0.0,0.0,0.0,0.0,0.0,0.0,0.0,0.0,0.0,0.0,0.0,0.0,0.0,0.0,0.0,130073,0.0,0.0,0.0,0.007741806524028815,0.0
SBIN,Mar 2013,167976,66283,-5124.0,-3.0,32584,106818,1577,25882,29.0,18555,26.0,16.0,0.0,0.0,0.0,0.0,0.0,0.0,0.0,0.0,0.0,0.0,24332.0,-2271.0,-4424.0,17637.0,167976,0.0,0.0,0.0,-0.030504357765395056,0.0
SBIN,Mar 2014,189062,82198,-14614.0,-8.0,37882,121479,1942,21326,32.0,14807,19.0,16.0,0.0,0.0,0.0,0.0,0.0,0.0,0.0,0.0,0.0,0.0,19142.0,-791.0,3583.0,21934.0,189062,0.0,0.0,0.0,-0.07729739450550613,0.0
SBIN,Mar 2015,207974,96675,-21879.0,-11.0,49315,133179,1581,25855,32.0,17832,23.0,15.0,0.0,0.0,0.0,0.0,0.0,0.0,0.0,0.0,0.0,0.0,26297.0,-3424.0,-1553.0,21320.0,207974,0.0,0.0,0.0,-0.10520065008126016,0.0
SBIN,Mar 2016,220633,109985,-32399.0,-15.0,52828,143047,2252,18177,30.0,13019,16.0,17.0,0.0,0.0,0.0,0.0,0.0,0.0,0.0,0.0,0.0,0.0,14477.0,-2747.0,4348.0,16078.0,220633,0.0,0.0,0.0,-0.14684566678602023,0.0
SBIN,Mar 2017,230447,145666,-64334.0,-28.0,68193,149115,2915,945,99.0,-97,0.0,859.0,0.0,0.0,0.0,0.0,0.0,0.0,0.0,0.0,0.0,0.0,77406.0,-4572.0,-4196.0,68638.0,230447,0.0,0.0,0.0,-0.2791704817159694,0.0
SBIN,Mar 2018,228970,169065,-86697.0,-38.0,77557,146603,3105,-12245,-66.0,-3749,-5.0,0.0,0.0,0.0,0.0,0.0,0.0,0.0,0.0,0.0,0.0,0.0,-96508.0,13053.0,5547.0,-77908.0,228970,0.0,0.0,0.0,-0.3786391230292178,0.0
SBIN,Mar 2019,253322,166104,-68649.0,-27.0,77365,155867,3496,5220,41.0,3351,3.0,0.0,0.0,0.0,0.0,0.0,0.0,0.0,0.0,0.0,0.0,0.0,29556.0,220.0,448.0,30223.0,253322,0.0,0.0,0.0,-0.27099501819818256,0.0
SBIN,Mar 2020,269852,172909,-64181.0,-24.0,98159,161124,3662,30317,40.0,21140,22.0,0.0,0.0,0.0,0.0,0.0,0.0,0.0,0.0,0.0,0.0,0.0,23929.0,-555.0,5430.0,28803.0,269852,0.0,0.0,0.0,-0.2378377777448379,0.0
SBIN,Mar 2021,278115,192821,-70715.0,-25.0,107222,156010,3711,32796,26.0,23888,25.0,16.0,0.0,0.0,0.0,0.0,0.0,0.0,0.0,0.0,0.0,0.0,89919.0,-3670.0,7143.0,93392.0,278115,0.0,0.0,0.0,-0.25426532189921436,0.0
SBIN,Mar 2022,289973,197349,-63570.0,-22.0,117000,156194,3691,49739,27.0,37183,40.0,18.0,0.0,0.0,0.0,0.0,0.0,0.0,0.0,0.0,0.0,0.0,57695.0,-2652.0,-3845.0,51198.0,289973,0.0,0.0,0.0,-0.21922730736999652,0.0
SBIN,Mar 2023,350845,204303,-43439.0,-12.0,122534,189981,3696,75399,25.0,57750,62.0,18.0,0.0,0.0,0.0,0.0,0.0,0.0,0.0,0.0,0.0,0.0,-86014.0,-966.0,6386.0,-80593.0,350845,0.0,0.0,0.0,-0.12381250979777395,0.0
SBIN,Mar 2024,439189,239750,-60297.0,-14.0,155386,259736,3849,91240,25.0,69543,75.0,18.0,0.0,0.0,0.0,0.0,0.0,0.0,0.0,0.0,0.0,0.0,21632.0,-3476.0,-9896.0,8260.0,439189,0.0,0.0,0.0,-0.1372916899102664,0.0
SBIN,TTM,469625,244759,-59190.0,-13.0,157189,284056,0,97999,0.0,74461,80.0,0.0,0.0,0.0,0.0,0.0,0.0,0.0,0.0,0.0,0.0,0.0,0.0,0.0,0.0,0.0,469625,0.0,0.0,0.0,-0.1260367314346553,0.0
SHREECEM,Jun 2013,5418,3857,1561.0,29.0,187,193,436,1119,10.0,1004,288.0,7.0,35.0,3809.0,1288.0,1028.0,6160.0,1782.0,133.0,2203.0,2042.0,6160.0,1260.0,-270.0,-982.0,8.0,5418,3844.0,0.2611862643080125,0.3350676378772112,0.28811369509043927,0.8795454545454545
SHREECEM,Jun 2014,5715,4325,1390.0,24.0,104,129,550,815,3.0,787,226.0,10.0,35.0,4676.0,1200.0,1418.0,7329.0,2194.0,758.0,2244.0,2132.0,7329.0,1401.0,-1234.0,-156.0,11.0,5715,4711.0,0.16705582678836764,0.25472298874973465,0.2432195975503062,0.7797789602947196
SHREECEM,Jun 2015,6259,4916,1344.0,21.0,102,121,925,401,-6.0,426,122.0,20.0,35.0,5241.0,917.0,1805.0,7998.0,3004.0,511.0,1662.0,2820.0,7998.0,1239.0,-990.0,-259.0,-10.0,6259,5276.0,0.08074298711144806,0.17380591357088704,0.2147307876657613,0.7825706426606651
SHREECEM,Mar 2016 9m,5514,4107,1407.0,26.0,673,76,828,1176,3.0,1143,328.0,7.0,0.0,0.0,0.0,0.0,0.0,0.0,0.0,0.0,0.0,0.0,0.0,0.0,0.0,0.0,5514,0.0,0.0,0.0,0.25516866158868334,0.0
SHREECEM,Mar 2017,8594,6081,2513.0,29.0,362,129,1215,1531,13.0,1339,384.0,36.0,35.0,7663.0,1293.0,2175.0,11166.0,2599.0,710.0,4042.0,3814.0,11166.0,2202.0,-2048.0,-167.0,-13.0,8594,7698.0,0.17394128345024681,0.16796570537802027,0.2924133116127531,0.769657890023285
SHREECEM,Mar 2018,9833,7360,2473.0,25.0,389,135,899,1827,24.0,1384,397.0,13.0,35.0,8862.0,3403.0,2842.0,15142.0,3589.0,1427.0,5434.0,4691.0,15142.0,1879.0,-3595.0,1726.0,10.0,9833,8897.0,0.1555580532763853,0.3824884792626728,0.2515000508491813,0.649385814291375
SHREECEM,Mar 2019,12555,9758,2797.0,22.0,69,248,1472,1146,11.0,1015,289.0,21.0,35.0,9636.0,2803.0,3019.0,15493.0,6182.0,1129.0,2286.0,5896.0,15493.0,2080.0,-720.0,-1276.0,84.0,12555,9671.0,0.10495295212490953,0.2898355909419915,0.22277976901632815,0.810365971729168
SHREECEM,Mar 2020,12868,9098,3771.0,29.0,263,291,1808,1934,20.0,1544,426.0,26.0,36.0,13133.0,3146.0,3629.0,19944.0,6163.0,1197.0,6358.0,6227.0,19944.0,3973.0,-5590.0,1581.0,-36.0,12868,13169.0,0.1172450451818665,0.2388943731490622,0.2930525334162263,0.6452065784195748
SHREECEM,Mar 2021,13560,9468,4091.0,30.0,426,251,1262,3004,24.0,2337,646.0,9.0,36.0,15361.0,2230.0,3886.0,21513.0,6216.0,997.0,8500.0,5800.0,21513.0,4254.0,-2651.0,-1233.0,370.0,13560,15397.0,0.1517828148340586,0.14483340910566994,0.3016961651917404,0.6303165527820388
SHREECEM,Mar 2022,15010,11300,3710.0,25.0,544,263,1146,2892,19.0,1269,352.0,14.0,36.0,17424.0,2129.0,4159.0,23749.0,7282.0,1054.0,9033.0,6380.0,23749.0,2668.0,-2143.0,-849.0,-324.0,15010,17460.0,0.07268041237113403,0.12193585337915235,0.24716855429713525,0.6320266116468062
SHREECEM,Mar 2023,17852,14893,2960.0,17.0,459,263,1661,1495,15.0,2369,664.0,28.0,36.0,18600.0,2725.0,4973.0,26334.0,7481.0,2797.0,8683.0,7373.0,26334.0,2569.0,-2405.0,-277.0,-113.0,17852,18636.0,0.12711955355226442,0.14622236531444516,0.16580775263275824,0.6779068884332042
SHREECEM,Mar 2024,20521,16003,4518.0,22.0,597,258,1897,2959,19.0,1733,480.0,16.0,36.0,20667.0,1656.0,5566.0,27925.0,9591.0,1930.0,7556.0,8848.0,27925.0,3347.0,-1418.0,-1710.0,220.0,20521,20703.0,0.08370767521615224,0.07998840747717723,0.2201647093221578,0.7348612354521038
SHREECEM,TTM,19802,15576,4226.0,21.0,618,229,2566,2049,0.0,1733,480.0,0.0,0.0,0.0,0.0,0.0,0.0,0.0,0.0,0.0,0.0,0.0,0.0,0.0,0.0,0.0,19802,0.0,0.0,0.0,0.2134127865872134,0.0
SHRIRAMFIN,Mar 2013,7009,1738,2179.0,31.0,7,3092,23,2163,32.0,1463,12.0,11.0,227.0,7111.0,33386.0,6550.0,47274.0,72.0,0.0,3280.0,43922.0,47274.0,-8359.0,-41.0,9060.0,661.0,7009,7338.0,0.199373126192423,4.549741073862088,0.31088600370951636,0.1482633159876465
SHRIRAMFIN,Mar 2014,8476,2244,1999.0,24.0,4,4233,33,1970,31.0,1358,11.0,12.0,227.0,8283.0,38630.0,5192.0,52332.0,155.0,0.0,2435.0,49742.0,52332.0,-4055.0,-112.0,5010.0,843.0,8476,8510.0,0.15957696827262044,4.539365452408931,0.23584237848041528,0.16196590995948942
SHRIRAMFIN,Mar 2015,9177,2781,1691.0,18.0,2,4706,43,1650,38.0,1028,8.0,22.0,227.0,9039.0,46695.0,6193.0,62154.0,154.0,0.0,3037.0,58962.0,62154.0,-9611.0,-45.0,7836.0,-1819.0,9177,9266.0,0.11094323332613858,5.039391323116771,0.18426501035196688,0.14764938700646782
SHRIRAMFIN,Mar 2016,10359,3447,1824.0,18.0,3,5088,38,1789,34.0,1184,9.0,19.0,227.0,9949.0,49790.0,8048.0,68013.0,152.0,0.0,1340.0,66522.0,68013.0,-5507.0,-36.0,2822.0,-2721.0,10359,10176.0,0.11635220125786164,4.892885220125786,0.17607877208224731,0.15230911737461955
SHRIRAMFIN,Mar 2017,10903,3712,1972.0,18.0,1,5219,35,1938,35.0,1266,10.0,7.0,227.0,11105.0,53080.0,10034.0,74446.0,136.0,0.0,1518.0,72791.0,74446.0,-2677.0,-2.0,3017.0,338.0,10903,11332.0,0.11171902576773739,4.684080480056477,0.1808676511052004,0.1464551486983854
SHRIRAMFIN,Mar 2018,13502,3288,3805.0,28.0,127,6409,37,3896,35.0,2549,20.0,10.0,227.0,13463.0,82131.0,1539.0,97360.0,122.0,0.0,2456.0,94782.0,97360.0,-13142.0,86.0,13014.0,-42.0,13502,13690.0,0.18619430241051863,5.999342585829072,0.2818101022070804,0.1386811832374692
SHRIRAMFIN,Mar 2019,15536,4171,3801.0,24.0,20,7564,43,3778,32.0,2576,20.0,11.0,227.0,15736.0,87914.0,1542.0,105419.0,147.0,0.0,4126.0,101146.0,105419.0,-5535.0,-76.0,5550.0,-62.0,15536,15963.0,0.16137317546827037,5.507360771784752,0.24465756951596293,0.14737381306975023
SHRIRAMFIN,Mar 2020,16561,4683,3565.0,22.0,14,8313,141,3439,27.0,2512,20.0,5.0,227.0,17915.0,94735.0,1389.0,114266.0,489.0,0.0,2936.0,110841.0,114266.0,-2464.0,-55.0,4579.0,2060.0,16561,18142.0,0.1384632344835189,5.221860875316944,0.21526477869693858,0.14493375107205994
SHRIRAMFIN,Mar 2021,17422,4932,3402.0,20.0,14,9089,137,3278,24.0,2499,18.0,18.0,253.0,21464.0,106546.0,1647.0,129910.0,437.0,0.0,3347.0,126126.0,129910.0,-4239.0,-25.0,12226.0,7962.0,17422,21717.0,0.1150711424229866,4.906110420407975,0.19527034783606934,0.13410822877376646
SHRIRAMFIN,Mar 2022,19255,5816,3666.0,19.0,18,9773,135,3549,24.0,2721,20.0,20.0,271.0,25824.0,114846.0,1328.0,142268.0,418.0,0.0,6971.0,134879.0,142268.0,-8859.0,-34.0,8505.0,-388.0,19255,26095.0,0.10427284920482852,4.401073002490898,0.1903921059465074,0.13534315517192905
SHRIRAMFIN,Mar 2023,30492,8706,8799.0,29.0,16,12987,601,8214,27.0,6020,32.0,22.0,374.0,43138.0,164202.0,2858.0,210573.0,3714.0,66.0,7430.0,199363.0,210573.0,-17625.0,5076.0,11820.0,-730.0,30492,43512.0,0.13835263835263836,3.7737175951461666,0.28856749311294766,0.14480488951574988
SHRIRAMFIN,Mar 2024,36388,10278,10523.0,29.0,25,15588,588,9960,26.0,7399,39.0,23.0,376.0,48571.0,195496.0,3823.0,248266.0,3718.0,0.0,9472.0,235076.0,248266.0,-31101.0,-258.0,27609.0,-3750.0,36388,48947.0,0.15116350338120824,3.994034363699512,0.289188743541827,0.14656859980827017
SHRIRAMFIN,TTM,39864,11228,11416.0,29.0,1800,17220,628,12588,0.0,9454,50.0,0.0,0.0,0.0,0.0,0.0,0.0,0.0,0.0,0.0,0.0,0.0,0.0,0.0,0.0,0.0,39864,0.0,0.0,0.0,0.28637367047963075,0.0
SIEMENS,Sep 2011,11955,10784,1171.0,10.0,299,26,154,1290,33.0,868,0.0,24.0,68.0,3748.0,0.0,6341.0,10158.0,1169.0,249.0,0.0,8739.0,10158.0,3.0,264.0,-196.0,70.0,11955,3816.0,0.22746331236897274,0.0,0.09795064826432455,1.1769049025398701
SIEMENS,Sep 2014,10678,10559,119.0,1.0,985,31,229,844,28.0,603,17.0,35.0,71.0,4304.0,0.0,5915.0,10290.0,1356.0,41.0,8.0,8886.0,10290.0,608.0,130.0,-220.0,517.0,10678,4375.0,0.13782857142857144,0.0,0.011144409065368047,1.037706511175899
SIEMENS,Sep 2015,10563,9565,998.0,9.0,943,30,224,1688,30.0,1174,33.0,30.0,71.0,5046.0,25.0,5433.0,10576.0,1394.0,32.0,114.0,9037.0,10576.0,574.0,646.0,-245.0,975.0,10563,5117.0,0.2294313074066836,0.004885675200312683,0.09448073463978036,0.9987708018154312
SIEMENS,Sep 2016,10837,9815,1021.0,9.0,3156,11,228,3938,26.0,2914,82.0,41.0,71.0,6732.0,25.0,5157.0,11986.0,1227.0,79.0,110.0,10570.0,11986.0,513.0,237.0,-1614.0,-864.0,10837,6803.0,0.42834043804204025,0.003674849331177422,0.09421426594075852,0.9041381611880527
SIEMENS,Sep 2017,11065,10008,1056.0,10.0,818,8,198,1669,32.0,1137,32.0,22.0,71.0,7619.0,0.0,5448.0,13138.0,1365.0,143.0,0.0,11630.0,13138.0,573.0,1321.0,-285.0,1610.0,11065,7690.0,0.14785435630689206,0.0,0.09543605964753728,0.8422134267011722
SIEMENS,Sep 2018,12795,11468,1327.0,10.0,280,8,198,1402,36.0,901,25.0,28.0,71.0,8228.0,0.0,6037.0,14336.0,1381.0,62.0,0.0,12893.0,14336.0,100.0,-174.0,-305.0,-379.0,12795,8299.0,0.10856729726473069,0.0,0.10371238765142633,0.8925083705357143
SIEMENS,Sep 2019,13084,11594,1490.0,11.0,398,12,199,1678,34.0,1099,31.0,23.0,71.0,8978.0,0.0,6309.0,15358.0,1219.0,58.0,0.0,14081.0,15358.0,1273.0,-1135.0,-312.0,-174.0,13084,9049.0,0.12144988396507901,0.0,0.1138795475389789,0.8519338455528064
SIEMENS,Sep 2020,9946,8944,1003.0,10.0,315,30,252,1036,26.0,769,22.0,32.0,71.0,9421.0,0.0,6368.0,15860.0,1196.0,88.0,0.0,14576.0,15860.0,720.0,871.0,-386.0,1205.0,9946,9492.0,0.08101559207753899,0.0,0.10084456062738789,0.6271122320302648
SIEMENS,Sep 2021,13198,11746,1452.0,11.0,321,24,297,1452,25.0,1089,31.0,26.0,71.0,10276.0,4.0,7664.0,18015.0,3264.0,35.0,3.0,14713.0,18015.0,1422.0,-2389.0,-502.0,-1469.0,13198,10347.0,0.1052478979414323,0.0003865854837150865,0.11001666919230187,0.7326117124618373
SIEMENS,Sep 2022,16138,14278,1860.0,12.0,487,36,317,1993,23.0,1543,43.0,23.0,71.0,11539.0,182.0,8317.0,20109.0,3107.0,52.0,1.0,16949.0,20109.0,978.0,-34.0,-392.0,552.0,16138,11610.0,0.13290267011197243,0.015676141257536608,0.11525591770975338,0.8025262320354071
SIEMENS,Sep 2023,19554,17067,2487.0,13.0,496,23,321,2640,26.0,1962,55.0,18.0,71.0,13016.0,175.0,8384.0,21646.0,3038.0,50.0,1.0,18556.0,21646.0,1400.0,-759.0,-450.0,191.0,19554,13087.0,0.14991976770841292,0.01337204859784519,0.12718625345197915,0.9033539684006283
SIEMENS,Sep 2024,22240,19136,3104.0,14.0,925,60,330,3639,25.0,2718,76.0,16.0,71.0,15286.0,279.0,9663.0,25299.0,3112.0,103.0,1.0,22082.0,25299.0,1670.0,-502.0,-523.0,644.0,22240,15357.0,0.17698769290877125,0.018167610861496385,0.13956834532374102,0.8790861298865568
SUNPHARMA,Mar 2013,11131,6346,4784.0,43.0,-90,43,336,4315,20.0,3469,14.0,9.0,104.0,14886.0,260.0,5128.0,20377.0,5647.0,563.0,2412.0,11756.0,20377.0,3357.0,-2375.0,-665.0,316.0,11131,14990.0,0.2314209472981988,0.01734489659773182,0.42979067469230076,0.5462531285272612
SUNPHARMA,Mar 2014,16080,9078,7003.0,44.0,-1968,44,409,4581,15.0,3879,15.0,10.0,207.0,18318.0,2561.0,8009.0,29095.0,6817.0,842.0,2786.0,18650.0,29095.0,3959.0,-2176.0,507.0,2290.0,16080,18525.0,0.2093927125506073,0.13824561403508773,0.4355099502487562,0.5526722804605603
SUNPHARMA,Mar 2015,27392,19498,7894.0,29.0,283,579,1195,6403,14.0,5476,22.0,14.0,207.0,25431.0,8996.0,14089.0,48723.0,12682.0,2039.0,2716.0,31286.0,48723.0,5616.0,-1502.0,-1187.0,2927.0,27392,25638.0,0.21358920352601607,0.35088540447772837,0.2881863317757009,0.5621985509923445
SUNPHARMA,Mar 2016,28487,20313,8174.0,29.0,-42,523,1038,6571,14.0,5658,19.0,5.0,241.0,32742.0,8497.0,13948.0,55428.0,15872.0,2175.0,1830.0,35550.0,55428.0,6686.0,-3949.0,-1889.0,848.0,28487,32983.0,0.17154291604766092,0.25761756056150137,0.28693790149892934,0.5139460200620625
SUNPHARMA,Mar 2017,31578,21476,10102.0,32.0,610,400,1265,9048,13.0,7846,29.0,12.0,240.0,36400.0,9832.0,14624.0,61095.0,17675.0,2801.0,1192.0,39427.0,61095.0,7082.0,-4186.0,-2285.0,611.0,31578,36640.0,0.21413755458515285,0.2683406113537118,0.3199062638545823,0.5168671740731647
SUNPHARMA,Mar 2018,26489,20858,5631.0,21.0,-135,518,1500,3479,26.0,2542,9.0,23.0,240.0,38074.0,10385.0,15598.0,64297.0,18853.0,2465.0,7143.0,35837.0,64297.0,3907.0,-3104.0,-1539.0,-736.0,26489,38314.0,0.06634650519392389,0.2710497468288354,0.21257880629695344,0.4119787859464672
SUNPHARMA,Mar 2019,29066,22689,6377.0,22.0,-258,555,1753,3810,16.0,3208,11.0,25.0,240.0,41169.0,10514.0,12666.0,64590.0,21837.0,1411.0,7903.0,33439.0,64590.0,2196.0,-310.0,-2731.0,-844.0,29066,41409.0,0.07747108116593011,0.25390615566664254,0.21939723388151106,0.4500077411363988
SUNPHARMA,Mar 2020,32838,25855,6983.0,21.0,382,303,2053,5010,16.0,4172,16.0,25.0,240.0,45025.0,8315.0,14615.0,68194.0,22847.0,1220.0,10143.0,33984.0,68194.0,6555.0,-2225.0,-5715.0,-1386.0,32838,45265.0,0.09216834198608197,0.18369601237158953,0.21264997868323285,0.48153796521688125
SUNPHARMA,Mar 2021,33498,25028,8470.0,25.0,-3449,141,2080,2799,18.0,2272,12.0,62.0,240.0,46223.0,3869.0,17291.0,67622.0,21553.0,1567.0,9612.0,34890.0,67622.0,6170.0,407.0,-5980.0,596.0,33498,46463.0,0.04889912403417773,0.08327055936982115,0.25285091647262525,0.4953713288574724
SUNPHARMA,Mar 2022,38654,28397,10258.0,27.0,-3505,127,2144,4481,24.0,3389,14.0,73.0,240.0,47771.0,1290.0,20474.0,69776.0,22665.0,1287.0,12849.0,32975.0,69776.0,8985.0,-5556.0,-5193.0,-1765.0,38654,48011.0,0.07058799025223386,0.02686884255691404,0.26538003828840484,0.5539727126805778
SUNPHARMA,Mar 2023,43886,32235,11650.0,27.0,459,172,2529,9408,9.0,8513,35.0,33.0,240.0,55755.0,6886.0,17831.0,80712.0,24065.0,4973.0,14824.0,36849.0,80712.0,4959.0,-7220.0,2376.0,115.0,43886,55995.0,0.1520314313778016,0.12297526564871863,0.2654605113247961,0.5437357518089008
SUNPHARMA,Mar 2024,48497,35479,13018.0,28.0,865,238,2557,11088,13.0,9610,40.0,34.0,240.0,63427.0,3274.0,18367.0,85308.0,23211.0,5354.0,15026.0,41717.0,85308.0,12135.0,-763.0,-6710.0,4662.0,48497,63667.0,0.15094161810671147,0.051423814535002436,0.2684289749881436,0.5684929901064378
SUNPHARMA,TTM,50308,36249,14059.0,27.0,1571,239,2554,12837,0.0,11117,46.0,0.0,0.0,0.0,0.0,0.0,0.0,0.0,0.0,0.0,0.0,0.0,0.0,0.0,0.0,0.0,50308,0.0,0.0,0.0,0.2794585354218017,0.0
TATACONSUM,Mar 2013,7351,6581,770.0,10.0,56,84,105,637,26.0,445,6.0,36.0,62.0,4748.0,1389.0,2595.0,8794.0,4434.0,91.0,578.0,3691.0,8794.0,173.0,24.0,186.0,383.0,7351,4810.0,0.09251559251559252,0.28877338877338876,0.10474765338049245,0.835910848305663
TATACONSUM,Mar 2014,7738,6986,752.0,10.0,170,87,129,707,26.0,510,7.0,29.0,62.0,5787.0,1438.0,2625.0,9911.0,5181.0,60.0,611.0,4060.0,9911.0,422.0,-1.0,-363.0,57.0,7738,5849.0,0.08719439220379552,0.24585399213540776,0.097182734556733,0.7807486631016043
TATACONSUM,Mar 2015,7993,7201,792.0,10.0,-77,82,133,500,43.0,273,4.0,6.0,62.0,5431.0,1324.0,2641.0,9458.0,4922.0,47.0,622.0,3867.0,9458.0,418.0,-207.0,-392.0,-182.0,7993,5493.0,0.0496996176952485,0.24103404332787184,0.09908670086325534,0.8451046732924509
TATACONSUM,Mar 2016,6637,6271,366.0,6.0,38,117,117,170,99.0,-37,0.0,-999.0,63.0,6184.0,1354.0,2294.0,9895.0,4662.0,39.0,1366.0,3828.0,9895.0,116.0,145.0,-282.0,-21.0,6637,6247.0,-0.005922842964623019,0.21674403713782617,0.055145397016724426,0.6707427993936331
TATACONSUM,Mar 2017,6780,5988,791.0,12.0,88,43,126,662,30.0,455,6.0,38.0,63.0,6202.0,787.0,2499.0,9551.0,4573.0,63.0,1451.0,3465.0,9551.0,741.0,145.0,-816.0,70.0,6780,6265.0,0.07262569832402235,0.12561851556264964,0.11666666666666667,0.7098733116951105
TATACONSUM,Mar 2018,6815,5976,839.0,12.0,73,52,116,753,25.0,556,8.0,30.0,63.0,6968.0,1068.0,2362.0,10461.0,4798.0,135.0,1161.0,4366.0,10461.0,356.0,-31.0,-30.0,294.0,6815,7031.0,0.07907836723083488,0.1518987341772152,0.12311078503301541,0.6514673549373865
TATACONSUM,Mar 2019,7252,6466,786.0,11.0,124,78,123,735,36.0,457,6.0,39.0,63.0,7269.0,1141.0,2408.0,10881.0,4913.0,424.0,1188.0,4355.0,10881.0,210.0,53.0,-224.0,39.0,7252,7332.0,0.06232951445717403,0.15561920349154393,0.1083838940981798,0.6664828600312471
TATACONSUM,Mar 2020,9637,8345,1292.0,13.0,-163,69,242,809,34.0,460,5.0,54.0,92.0,13723.0,1586.0,3072.0,18473.0,11656.0,95.0,1323.0,5399.0,18473.0,1082.0,-622.0,-308.0,152.0,9637,13815.0,0.03329714078899747,0.11480275063336953,0.13406661824219154,0.5216802901531965
TATACONSUM,Mar 2021,11602,10058,1544.0,13.0,91,73,255,1311,24.0,930,9.0,44.0,92.0,14442.0,1634.0,4050.0,20218.0,12023.0,113.0,806.0,7276.0,20218.0,1656.0,-346.0,-426.0,884.0,11602,14534.0,0.06398789046374019,0.11242603550295859,0.1330805033614894,0.5738450885349689
TATACONSUM,Mar 2022,12425,10707,1719.0,14.0,88,87,278,1456,26.0,1015,10.0,60.0,92.0,15050.0,1412.0,4521.0,21075.0,12599.0,247.0,797.0,7431.0,21075.0,1516.0,-1317.0,-995.0,-796.0,12425,15142.0,0.06703209615638621,0.09325056135252939,0.13835010060362174,0.5895610913404508
TATACONSUM,Mar 2023,13783,11927,1856.0,13.0,328,130,304,1794,25.0,1320,12.0,65.0,93.0,16184.0,1600.0,4886.0,22762.0,13070.0,295.0,1433.0,7965.0,22762.0,1461.0,-834.0,-714.0,-87.0,13783,16277.0,0.08109602506604412,0.09829821220126558,0.13465863745193354,0.6055267551181794
TATACONSUM,Mar 2024,15206,12922,2284.0,15.0,-81,87,377,1696,23.0,1215,12.0,64.0,95.0,15962.0,3477.0,8345.0,27879.0,19358.0,190.0,871.0,7461.0,27879.0,1937.0,-1911.0,256.0,281.0,15206,16057.0,0.07566793298872766,0.21654107242947002,0.15020386689464685,0.5454284586965099
TATACONSUM,TTM,16297,13802,2496.0,15.0,-168,268,499,1560,0.0,1170,12.0,0.0,0.0,0.0,0.0,0.0,0.0,0.0,0.0,0.0,0.0,0.0,0.0,0.0,0.0,0.0,16297,0.0,0.0,0.0,0.15315702276492607,0.0
TATAMOTORS,Mar 2013,188793,164197,24596.0,13.0,213,3560,7601,13647,28.0,9976,35.0,6.0,638.0,36999.0,53716.0,76977.0,168330.0,55512.0,18454.0,8765.0,85600.0,168330.0,22163.0,-22969.0,-1692.0,-2499.0,188793,37637.0,0.26505832026994713,1.427212583362117,0.1302802540348424,1.1215647834610587
TATAMOTORS,Mar 2014,232834,197980,34853.0,15.0,-157,4749,11078,18869,25.0,14050,48.0,5.0,644.0,64960.0,60642.0,92180.0,218426.0,69092.0,33263.0,10687.0,105385.0,218426.0,36151.0,-27991.0,-3883.0,4277.0,232834,65604.0,0.21416377050179866,0.9243643680263398,0.1496903373218688,1.0659628432512613
TATAMOTORS,Mar 2015,263159,223920,39239.0,15.0,714,4861,13389,21703,35.0,14073,48.0,0.0,644.0,55618.0,73610.0,107442.0,237315.0,88479.0,28640.0,15337.0,104858.0,237315.0,35531.0,-36232.0,5201.0,4500.0,263159,56262.0,0.2501333048949557,1.3083431090256301,0.14910757374819025,1.10890167077513
TATAMOTORS,Mar 2016,273046,234650,38395.0,14.0,-2670,4889,16711,14126,21.0,11678,40.0,1.0,679.0,78273.0,69360.0,114872.0,263184.0,107232.0,25919.0,23767.0,106266.0,263184.0,37900.0,-36694.0,-3795.0,-2589.0,273046,78952.0,0.14791265579086027,0.8785084608369642,0.14061733187814507,1.0374718827892273
TATAMOTORS,Mar 2017,269693,240104,29589.0,11.0,1869,4238,17905,9315,35.0,7557,26.0,0.0,679.0,57383.0,78604.0,135914.0,272580.0,95944.0,33699.0,20338.0,122600.0,272580.0,30199.0,-39571.0,6205.0,-3167.0,269693,58062.0,0.13015397333884468,1.3537942199717543,0.10971363735803302,0.9894086139848852
TATAMOTORS,Mar 2018,291550,260093,31458.0,11.0,5933,4682,21554,11155,39.0,9091,31.0,0.0,679.0,94749.0,88950.0,142813.0,327192.0,121414.0,40034.0,20813.0,144932.0,327192.0,23857.0,-25139.0,2012.0,730.0,291550,95428.0,0.09526554051221864,0.9321163599782034,0.10789915966386554,0.8910670187535148
TATAMOTORS,Mar 2019,301938,277274,24664.0,8.0,-26686,5759,23591,-31371,-8.0,-28724,-100.0,0.0,679.0,59500.0,106175.0,139349.0,305703.0,111234.0,31884.0,15771.0,146814.0,305703.0,18891.0,-20878.0,8830.0,6843.0,301938,60179.0,-0.4773093604081158,1.7643197793250136,0.08168564407262419,0.9876841247877842
TATAMOTORS,Mar 2020,261068,243081,17987.0,7.0,102,7243,21425,-10580,4.0,-11975,-39.0,0.0,720.0,62359.0,124788.0,132313.0,320179.0,127107.0,35622.0,16308.0,141141.0,320179.0,26633.0,-33115.0,3390.0,-3092.0,261068,63079.0,-0.18984131010320393,1.9782812029360008,0.06889775843841452,0.8153813960315949
TATAMOTORS,Mar 2021,249795,217507,32287.0,13.0,-11118,8097,23547,-10474,24.0,-13395,-41.0,0.0,766.0,54481.0,142131.0,144193.0,341570.0,138708.0,20964.0,24620.0,157278.0,341570.0,29001.0,-25672.0,9904.0,13232.0,249795,55247.0,-0.24245660397849658,2.5726464785418215,0.1292539882703817,0.7313142254881869
TATAMOTORS,Mar 2022,278454,253734,24720.0,9.0,2424,9312,24836,-7003,60.0,-11309,-34.0,0.0,766.0,43795.0,146449.0,138051.0,329061.0,138855.0,10251.0,29380.0,150575.0,329061.0,14283.0,-4444.0,-3380.0,6459.0,278454,44561.0,-0.25378694374004174,3.2864836965059134,0.08877588398801957,0.846207845961691
TATAMOTORS,Mar 2023,345967,314151,31816.0,9.0,6664,10225,24860,3394,21.0,2690,7.0,32.0,766.0,44556.0,134113.0,155239.0,334674.0,132080.0,14274.0,26379.0,161941.0,334674.0,35388.0,-15417.0,-26243.0,-6272.0,345967,45322.0,0.059353073562508275,2.9591147786946737,0.09196252821800924,1.0337432845097019
TATAMOTORS,Mar 2024,437928,378389,59538.0,14.0,5673,9986,27270,27955,-14.0,31807,94.0,7.0,766.0,84152.0,107262.0,177340.0,369521.0,121285.0,35698.0,22971.0,189566.0,369521.0,67915.0,-22782.0,-37006.0,8128.0,437928,84918.0,0.3745613415294755,1.2631244259167667,0.13595385542828958,1.1851234435931923
TATAMOTORS,TTM,440061,379564,60497.0,14.0,6617,8841,26580,31693,0.0,33816,99.0,0.0,0.0,0.0,0.0,0.0,0.0,0.0,0.0,0.0,0.0,0.0,0.0,0.0,0.0,0.0,440061,0.0,0.0,0.0,0.13747412290568808,0.0
TATAPOWER,Mar 2013,33177,27583,5595.0,17.0,375,2642,2052,1277,92.0,123,0.0,-319.0,237.0,12098.0,37882.0,17038.0,67257.0,41353.0,2358.0,3120.0,20426.0,67257.0,3286.0,-4026.0,-593.0,-1333.0,33177,12335.0,0.009971625456019456,3.0710985002026754,0.16864092594267113,0.49328694410990676
TATAPOWER,Mar 2014,35726,28810,6916.0,19.0,229,3440,2730,975,99.0,12,-1.0,-114.0,237.0,12164.0,40173.0,18810.0,71383.0,43394.0,3389.0,3019.0,21582.0,71383.0,6483.0,-3609.0,-3265.0,-392.0,35726,12401.0,0.0009676638980727361,3.2394968147730023,0.1935845042825953,0.5004833083507277
TATAPOWER,Mar 2015,33593,27292,6301.0,19.0,1056,3699,2174,1484,72.0,457,1.0,210.0,270.0,14048.0,40607.0,20260.0,75185.0,44726.0,3323.0,3445.0,23692.0,75185.0,5981.0,-3865.0,-2239.0,-123.0,33593,14318.0,0.03191786562369046,2.836080458164548,0.18756883874616737,0.4468045487796768
TATAPOWER,Mar 2016,29494,27389,2105.0,7.0,4060,3236,1649,1281,53.0,786,2.0,53.0,270.0,11363.0,38849.0,19575.0,70057.0,36414.0,1345.0,11785.0,20513.0,70057.0,7415.0,-1805.0,-6183.0,-574.0,29494,11633.0,0.06756640591420958,3.3395512765408752,0.07137044822675799,0.42100004282227327
TATAPOWER,Mar 2017,27588,22114,5473.0,20.0,1297,3365,1956,1450,24.0,1100,3.0,39.0,270.0,12944.0,48815.0,20799.0,82829.0,46595.0,2178.0,11873.0,22184.0,82829.0,7014.0,-7373.0,937.0,579.0,27588,13214.0,0.0832450431360678,3.694187982442864,0.19838335508191968,0.33307175023240654
TATAPOWER,Mar 2018,26840,24545,2295.0,9.0,6586,3761,2346,2773,6.0,2611,9.0,15.0,270.0,16129.0,48589.0,16903.0,81892.0,44656.0,1653.0,12429.0,23154.0,81892.0,6364.0,-1512.0,-4726.0,126.0,26840,16399.0,0.1592170254283798,2.962924568571254,0.08550670640834575,0.32774874224588485
TATAPOWER,Mar 2019,29881,26811,3070.0,10.0,7186,4170,2393,3693,29.0,2606,9.0,15.0,270.0,18035.0,48506.0,17262.0,84073.0,44305.0,2576.0,13542.0,23651.0,84073.0,4574.0,-272.0,-5184.0,-883.0,29881,18305.0,0.14236547391423107,2.649877082764272,0.1027408721261002,0.3554173159040358
TATAPOWER,Mar 2020,29136,22331,6805.0,23.0,2280,4494,2634,1958,33.0,1316,4.0,41.0,270.0,19296.0,51936.0,18172.0,89674.0,47666.0,1612.0,14535.0,25861.0,89674.0,7375.0,-493.0,-5110.0,1773.0,29136,19566.0,0.06725953184094859,2.6544004906470406,0.23355985722130698,0.3249102303900796
TATAPOWER,Mar 2021,32703,25782,6921.0,21.0,1775,4010,2745,1941,26.0,1439,4.0,44.0,320.0,22003.0,46708.0,29625.0,98655.0,52179.0,3270.0,13149.0,30056.0,98655.0,8345.0,993.0,-7603.0,1736.0,32703,22323.0,0.06446266182860727,2.092371097074766,0.2116319603706082,0.3314885206020982
TATAPOWER,Mar 2022,42816,35785,7031.0,16.0,2486,3859,3122,2535,15.0,2156,5.0,32.0,320.0,22122.0,51195.0,38913.0,112550.0,57389.0,4635.0,14160.0,36365.0,112550.0,6693.0,-6250.0,-1183.0,-741.0,42816,22442.0,0.09606986899563319,2.281213795561893,0.16421431240657697,0.38041759218125276
TATAPOWER,Mar 2023,55109,47381,7728.0,14.0,5540,4372,3439,5457,30.0,3810,10.0,19.0,320.0,28468.0,52923.0,46386.0,128096.0,61747.0,5376.0,16670.0,44303.0,128096.0,7166.0,-7263.0,1341.0,1243.0,55109,28788.0,0.13234681117132138,1.8383701542309296,0.14023117821045564,0.43021640019985014
TATAPOWER,Mar 2024,61449,50714,10735.0,17.0,3416,4633,3786,5732,25.0,4280,12.0,17.0,320.0,32036.0,53689.0,53010.0,139054.0,67210.0,11561.0,16316.0,43968.0,139054.0,12596.0,-9027.0,-4497.0,-928.0,61449,32356.0,0.13227840276919273,1.659321300531586,0.17469771680580645,0.4419074604110633
TATAPOWER,TTM,63489,52432,11057.0,17.0,3708,4549,3927,6289,0.0,4403,12.0,0.0,0.0,0.0,0.0,0.0,0.0,0.0,0.0,0.0,0.0,0.0,0.0,0.0,0.0,0.0,63489,0.0,0.0,0.0,0.17415615303438392,0.0
TATASTEEL,Mar 2013,134712,130746,3965.0,3.0,1445,3968,5575,-4133,78.0,-7272,-6.0,-11.0,971.0,33201.0,68529.0,44176.0,146876.0,68002.0,14277.0,3258.0,61340.0,146876.0,14035.0,-13099.0,-1780.0,-844.0,134712,34172.0,-0.21280580592297788,2.0054137890670725,0.029433161114080408,0.9171818404640649
TATASTEEL,Mar 2014,148614,132430,16184.0,11.0,716,4337,5841,6722,45.0,3665,3.0,27.0,971.0,39561.0,81629.0,49443.0,171604.0,74907.0,26822.0,5093.0,64781.0,171604.0,13146.0,-15378.0,1015.0,-1218.0,148614,40532.0,0.09042238231520773,2.0139396032764236,0.10889956531686112,0.8660287638982774
TATASTEEL,Mar 2015,139504,136095,3409.0,2.0,5994,4848,5944,-1388,99.0,-3939,-3.0,-20.0,971.0,30378.0,80701.0,47059.0,159109.0,68100.0,28678.0,3455.0,58876.0,159109.0,11880.0,-9021.0,-2617.0,241.0,139504,31349.0,-0.12564994098695334,2.574276691441513,0.024436575295332035,0.8767825830091321
TATASTEEL,Mar 2016,101965,102590,-625.0,-1.0,10346,4221,5306,193,99.0,-497,0.0,-203.0,970.0,42762.0,81987.0,51165.0,176884.0,72200.0,35996.0,10714.0,57974.0,176884.0,11455.0,-8794.0,-4729.0,-2068.0,101965,43732.0,-0.011364675752309521,1.8747599012165006,-0.006129554258814299,0.5764512335768074
TATASTEEL,Mar 2017,112299,99156,13144.0,12.0,-3789,5072,5673,-1391,99.0,-4169,-4.0,-23.0,970.0,36849.0,83014.0,51614.0,172447.0,92007.0,15784.0,12457.0,52200.0,172447.0,10824.0,-9490.0,-2579.0,-1245.0,112299,37819.0,-0.11023559586451255,2.195034242047648,0.11704467537555989,0.6512087771895133
TATASTEEL,Mar 2018,123249,101816,21433.0,17.0,10898,5455,5742,21135,16.0,17743,12.0,9.0,1145.0,59726.0,92147.0,55704.0,208722.0,96105.0,16614.0,17899.0,78103.0,208722.0,8023.0,-11730.0,6640.0,2933.0,123249,60871.0,0.2914852721328712,1.5138078888140494,0.1738999910749783,0.5904935751861328
TATASTEEL,Mar 2019,157669,128351,29318.0,19.0,1524,7660,7342,15841,42.0,9122,9.0,15.0,1145.0,67780.0,100816.0,63032.0,232773.0,124442.0,18641.0,5738.0,83952.0,232773.0,25336.0,-29176.0,-673.0,-4513.0,157669,68925.0,0.1323467537178092,1.4626913311570549,0.1859465081912107,0.6773508955076405
TATASTEEL,Mar 2020,139817,122354,17463.0,12.0,-2884,7533,8441,-1395,-99.0,1174,1.0,74.0,1145.0,72431.0,116328.0,59245.0,249149.0,134551.0,19497.0,6285.0,88816.0,249149.0,20169.0,-14012.0,-1695.0,4462.0,139817,73576.0,0.015956290094596065,1.5810590409916276,0.12489897508886616,0.5611782507656061
TATASTEEL,Mar 2021,156294,125790,30504.0,20.0,180,7607,9234,13844,41.0,8190,6.0,40.0,1198.0,73041.0,88501.0,81169.0,243909.0,135775.0,19007.0,10682.0,78445.0,243909.0,44327.0,-9437.0,-37090.0,-2200.0,156294,74239.0,0.11031937391398053,1.19210926871321,0.19517063994779071,0.6407881627984208
TATASTEEL,Mar 2022,243959,180469,63490.0,26.0,1300,5462,9101,50227,17.0,41749,33.0,16.0,1221.0,113222.0,75561.0,92417.0,282422.0,133288.0,22046.0,13140.0,113948.0,282422.0,44381.0,-10905.0,-23401.0,10075.0,243959,114443.0,0.3648016916718366,0.6602500808262629,0.2602486483384503,0.8638101847589778
TATASTEEL,Mar 2023,243353,211053,32300.0,13.0,1569,6299,9335,18235,56.0,8075,7.0,50.0,1221.0,101861.0,84893.0,97421.0,285396.0,146621.0,31213.0,8410.0,99151.0,285396.0,21683.0,-18179.0,-6981.0,-3477.0,243353,103082.0,0.07833569391358336,0.8235482431462331,0.13272899861518042,0.8526853915261602
TATASTEEL,Mar 2024,229171,206923,22248.0,10.0,-6005,7508,9882,-1147,99.0,-4910,-4.0,-101.0,1247.0,90788.0,87082.0,90195.0,269312.0,148814.0,34356.0,6258.0,79885.0,269312.0,20301.0,-14253.0,-11097.0,-5049.0,229171,92035.0,-0.05334926929972293,0.9461835171402184,0.0970803461170916,0.8509498277091255
TATASTEEL,TTM,221012,195697,25314.0,11.0,371,7394,10269,8022,0.0,2527,2.0,0.0,0.0,0.0,0.0,0.0,0.0,0.0,0.0,0.0,0.0,0.0,0.0,0.0,0.0,0.0,221012,0.0,0.0,0.0,0.11453676723435832,0.0
TCS,Mar 2013,62989,44950,18040.0,29.0,1178,48,1080,18090,22.0,14076,36.0,31.0,196.0,38350.0,332.0,13054.0,51932.0,9828.0,1895.0,1897.0,38312.0,51932.0,11615.0,-6038.0,-5729.0,-152.0,62989,38546.0,0.3651740777253152,0.008613085663882115,0.2863992125609233,1.2129130401294
TCS,Mar 2014,81809,56657,25153.0,31.0,1637,39,1349,25402,24.0,19332,49.0,33.0,196.0,48999.0,297.0,17337.0,66829.0,9544.0,3168.0,3434.0,50682.0,66829.0,14751.0,-9452.0,-5673.0,-374.0,81809,49195.0,0.39296676491513366,0.006037198902327472,0.30746005940666676,1.224154184560595
TCS,Mar 2015,94648,70167,24482.0,26.0,3720,104,1799,26298,24.0,20060,51.0,78.0,196.0,50439.0,358.0,22325.0,73318.0,11638.0,2766.0,1662.0,57252.0,73318.0,19369.0,-1807.0,-17168.0,394.0,94648,50635.0,0.3961686580428557,0.007070208353905401,0.2586636801622855,1.2909244660247143
TCS,Mar 2016,108646,77969,30677.0,28.0,3084,33,1888,31840,24.0,24338,62.0,35.0,197.0,70875.0,245.0,16974.0,88291.0,11774.0,1670.0,22822.0,52025.0,88291.0,19109.0,-5010.0,-9666.0,4433.0,108646,71072.0,0.342441467807294,0.0034472084646555608,0.282357380851573,1.23054444960415
TCS,Mar 2017,117966,85655,32311.0,27.0,4221,32,1987,34513,24.0,26357,67.0,35.0,197.0,86017.0,289.0,15830.0,102333.0,11701.0,1541.0,41980.0,47111.0,102333.0,25223.0,-16895.0,-11026.0,-2698.0,117966,86214.0,0.3057160090008583,0.003352123785000116,0.2739009545123171,1.152765969921726
TCS,Mar 2018,123104,90588,32516.0,26.0,3642,52,2014,34092,24.0,25880,67.0,37.0,191.0,84937.0,247.0,19751.0,105126.0,11973.0,1278.0,36008.0,55867.0,105126.0,25067.0,3104.0,-26885.0,1286.0,123104,85128.0,0.30401278075368854,0.002901513015694014,0.26413439043410447,1.1710138310218214
TCS,Mar 2019,146463,106957,39506.0,27.0,4311,198,2056,41563,24.0,31562,84.0,36.0,375.0,89071.0,62.0,24393.0,113901.0,12290.0,963.0,29330.0,71318.0,113901.0,28593.0,1645.0,-27897.0,2341.0,146463,89446.0,0.35286094403327145,0.000693155646982537,0.2697336528679598,1.2858798430215714
TCS,Mar 2020,156949,114840,42109.0,27.0,4592,924,3529,42248,23.0,32447,86.0,85.0,375.0,83751.0,8174.0,27827.0,120127.0,20928.0,906.0,26356.0,71937.0,120127.0,32369.0,8968.0,-39915.0,1422.0,156949,84126.0,0.3856952666238737,0.09716377814231035,0.26829734499741953,1.3065255937466183
TCS,Mar 2021,164177,117631,46546.0,28.0,1916,637,4065,43760,26.0,32562,88.0,43.0,370.0,86063.0,7795.0,35764.0,129992.0,21021.0,926.0,29373.0,78672.0,129992.0,38802.0,-7956.0,-32634.0,-1788.0,164177,86433.0,0.37673110964562145,0.09018546157139055,0.28351108864213626,1.2629777217059512
TCS,Mar 2022,191754,138697,53057.0,28.0,4018,784,4604,51687,26.0,38449,105.0,41.0,366.0,88773.0,7818.0,43967.0,140924.0,21298.0,1205.0,30485.0,87936.0,140924.0,39949.0,-738.0,-33581.0,5630.0,191754,89139.0,0.43133757390143485,0.08770571803587655,0.2766930546429279,1.3606908688371038
TCS,Mar 2023,225458,166199,59259.0,26.0,3449,779,5022,56907,26.0,42303,115.0,100.0,366.0,90058.0,7688.0,44747.0,142859.0,20515.0,1234.0,37163.0,83947.0,142859.0,41965.0,548.0,-47878.0,-5365.0,225458,90424.0,0.46782933734406795,0.08502167566132886,0.26283831134845514,1.5781854835887132
TCS,Mar 2024,240893,176597,64296.0,27.0,3464,778,4985,61997,26.0,46099,127.0,58.0,362.0,90127.0,8021.0,46962.0,145472.0,19604.0,1564.0,31762.0,92542.0,145472.0,44338.0,6091.0,-48536.0,1893.0,240893,90489.0,0.5094431367348518,0.0886406082507266,0.2669068839692312,1.6559406621205455
TCS,TTM,252082,184491,67591.0,27.0,4091,795,5109,65778,0.0,49006,135.0,0.0,0.0,0.0,0.0,0.0,0.0,0.0,0.0,0.0,0.0,0.0,0.0,0.0,0.0,0.0,252082,0.0,0.0,0.0,0.2681310049904396,0.0
TECHM,Mar 2013,6873,5451,1422.0,21.0,-141,103,200,978,24.0,1307,25.0,5.0,128.0,5298.0,1380.0,2178.0,8984.0,1245.0,34.0,4099.0,3607.0,8984.0,855.0,-622.0,65.0,298.0,6873,5426.0,0.24087725764835974,0.25433099889421307,0.20689655172413793,0.765026714158504
TECHM,Mar 2013,6873,5451,1422.0,21.0,-141,103,200,978,24.0,1307,25.0,5.0,128.0,5298.0,1380.0,2178.0,8984.0,1245.0,34.0,4099.0,3607.0,8984.0,855.0,-622.0,65.0,298.0,6873,5426.0,0.24087725764835974,0.25433099889421307,0.20689655172413793,0.765026714158504
TECHM,Mar 2014,18802,14630,4172.0,22.0,244,80,522,3815,20.0,3062,32.0,15.0,234.0,8948.0,363.0,6394.0,15940.0,2594.0,266.0,1472.0,11607.0,15940.0,1596.0,291.0,-972.0,915.0,18802,9182.0,0.33347854497930735,0.03953387061642344,0.22189128816083395,1.1795483061480552
TECHM,Mar 2014,18802,14630,4172.0,22.0,244,80,522,3815,20.0,3062,32.0,15.0,234.0,8948.0,363.0,6394.0,15940.0,2594.0,266.0,1472.0,11607.0,15940.0,1596.0,291.0,-972.0,915.0,18802,9182.0,0.33347854497930735,0.03953387061642344,0.22189128816083395,1.1795483061480552
TECHM,Mar 2015,22621,18428,4193.0,19.0,106,69,611,3618,27.0,2659,27.0,22.0,480.0,11768.0,700.0,6899.0,19848.0,4033.0,568.0,2103.0,13145.0,19848.0,2448.0,-1865.0,-829.0,-246.0,22621,12248.0,0.2170966688438929,0.057152188112344876,0.18535873745634587,1.1397118097541314
TECHM,Mar 2015,22621,18428,4193.0,19.0,106,69,611,3618,27.0,2659,27.0,22.0,480.0,11768.0,700.0,6899.0,19848.0,4033.0,568.0,2103.0,13145.0,19848.0,2448.0,-1865.0,-829.0,-246.0,22621,12248.0,0.2170966688438929,0.057152188112344876,0.18535873745634587,1.1397118097541314
TECHM,Mar 2016,26494,22234,4260.0,16.0,453,97,759,3857,22.0,3027,31.0,35.0,436.0,14155.0,1091.0,6843.0,22525.0,4309.0,629.0,1297.0,16289.0,22525.0,3137.0,-1453.0,-496.0,1188.0,26494,14591.0,0.20745665136042765,0.07477211979987664,0.16079112251830602,1.176204217536071
TECHM,Mar 2016,26494,22234,4260.0,16.0,453,97,759,3857,22.0,3027,31.0,35.0,436.0,14155.0,1091.0,6843.0,22525.0,4309.0,629.0,1297.0,16289.0,22525.0,3137.0,-1453.0,-496.0,1188.0,26494,14591.0,0.20745665136042765,0.07477211979987664,0.16079112251830602,1.176204217536071
TECHM,Mar 2017,29141,24956,4184.0,14.0,775,129,978,3853,26.0,2851,29.0,28.0,439.0,15998.0,1366.0,8254.0,26057.0,6460.0,373.0,2396.0,16828.0,26057.0,4071.0,-2893.0,-1571.0,-392.0,29141,16437.0,0.17345014297012837,0.08310518951146803,0.14357777701520194,1.1183559120389914
TECHM,Mar 2017,29141,24956,4184.0,14.0,775,129,978,3853,26.0,2851,29.0,28.0,439.0,15998.0,1366.0,8254.0,26057.0,6460.0,373.0,2396.0,16828.0,26057.0,4071.0,-2893.0,-1571.0,-392.0,29141,16437.0,0.17345014297012837,0.08310518951146803,0.14357777701520194,1.1183559120389914
TECHM,Mar 2018,30773,26063,4710.0,15.0,1417,162,1085,4879,22.0,3786,39.0,33.0,442.0,18401.0,2397.0,9192.0,30431.0,7622.0,240.0,4841.0,17728.0,30431.0,3554.0,-3319.0,-269.0,-35.0,30773,18843.0,0.20092341983760548,0.12720904314599585,0.15305625060930036,1.0112385396470704
TECHM,Mar 2018,30773,26063,4710.0,15.0,1417,162,1085,4879,22.0,3786,39.0,33.0,442.0,18401.0,2397.0,9192.0,30431.0,7622.0,240.0,4841.0,17728.0,30431.0,3554.0,-3319.0,-269.0,-35.0,30773,18843.0,0.20092341983760548,0.12720904314599585,0.15305625060930036,1.0112385396470704
TECHM,Mar 2019,34742,28471,6271.0,18.0,534,133,1129,5543,23.0,4289,44.0,29.0,444.0,19841.0,1996.0,11166.0,33446.0,7061.0,276.0,7342.0,18766.0,33446.0,4432.0,-2104.0,-2251.0,77.0,34742,20285.0,0.21143702243036727,0.09839783090953907,0.18050198606873524,1.0387490282843987
TECHM,Mar 2019,34742,28471,6271.0,18.0,534,133,1129,5543,23.0,4289,44.0,29.0,444.0,19841.0,1996.0,11166.0,33446.0,7061.0,276.0,7342.0,18766.0,33446.0,4432.0,-2104.0,-2251.0,77.0,34742,20285.0,0.21143702243036727,0.09839783090953907,0.18050198606873524,1.0387490282843987
TECHM,Mar 2020,36868,31365,5503.0,15.0,1192,192,1446,5058,23.0,3897,42.0,32.0,436.0,21377.0,3670.0,11834.0,37318.0,8872.0,50.0,5848.0,22548.0,37318.0,4358.0,1081.0,-4466.0,974.0,36868,21813.0,0.17865493054600468,0.16824829230275523,0.14926223283063902,0.9879414759633421
TECHM,Mar 2020,36868,31365,5503.0,15.0,1192,192,1446,5058,23.0,3897,42.0,32.0,436.0,21377.0,3670.0,11834.0,37318.0,8872.0,50.0,5848.0,22548.0,37318.0,4358.0,1081.0,-4466.0,974.0,36868,21813.0,0.17865493054600468,0.16824829230275523,0.14926223283063902,0.9879414759633421
TECHM,Mar 2021,37855,31059,6796.0,18.0,788,174,1458,5953,27.0,4353,46.0,89.0,437.0,24428.0,2901.0,11836.0,39602.0,9018.0,118.0,10238.0,20228.0,39602.0,8094.0,-5433.0,-2987.0,-326.0,37855,24865.0,0.17506535290569072,0.11667001809772773,0.17952714304583278,0.9558860663602848
TECHM,Mar 2021,37855,31059,6796.0,18.0,788,174,1458,5953,27.0,4353,46.0,89.0,437.0,24428.0,2901.0,11836.0,39602.0,9018.0,118.0,10238.0,20228.0,39602.0,8094.0,-5433.0,-2987.0,-326.0,37855,24865.0,0.17506535290569072,0.11667001809772773,0.17952714304583278,0.9558860663602848
TECHM,Mar 2022,44646,36626,8020.0,18.0,1115,163,1520,7452,24.0,5630,57.0,47.0,439.0,26447.0,2618.0,14911.0,44416.0,14784.0,165.0,4884.0,24583.0,44416.0,5285.0,480.0,-4667.0,1098.0,44646,26886.0,0.2094026630960351,0.09737409804359146,0.17963535367110156,1.0051783141210375
TECHM,Mar 2022,44646,36626,8020.0,18.0,1115,163,1520,7452,24.0,5630,57.0,47.0,439.0,26447.0,2618.0,14911.0,44416.0,14784.0,165.0,4884.0,24583.0,44416.0,5285.0,480.0,-4667.0,1098.0,44646,26886.0,0.2094026630960351,0.09737409804359146,0.17963535367110156,1.0051783141210375
TECHM,Mar 2023,53290,45527,7763.0,15.0,965,326,1957,6446,25.0,4857,50.0,91.0,440.0,27484.0,2740.0,15162.0,45827.0,14932.0,120.0,3388.0,27388.0,45827.0,5572.0,-226.0,-5078.0,267.0,53290,27924.0,0.173936398796734,0.09812347801174617,0.14567461062112966,1.162851594038449
TECHM,Mar 2023,53290,45527,7763.0,15.0,965,326,1957,6446,25.0,4857,50.0,91.0,440.0,27484.0,2740.0,15162.0,45827.0,14932.0,120.0,3388.0,27388.0,45827.0,5572.0,-226.0,-5078.0,267.0,53290,27924.0,0.173936398796734,0.09812347801174617,0.14567461062112966,1.162851594038449
TECHM,Mar 2024,51996,47489,4506.0,9.0,927,392,1817,3224,26.0,2397,24.0,150.0,441.0,26228.0,2537.0,13943.0,43149.0,13903.0,133.0,3238.0,25875.0,43149.0,6376.0,-1318.0,-4767.0,291.0,51996,26669.0,0.08987963553189096,0.09512917619708275,0.08666051234710362,1.2050337203643189
TECHM,Mar 2024,51996,47489,4506.0,9.0,927,392,1817,3224,26.0,2397,24.0,150.0,441.0,26228.0,2537.0,13943.0,43149.0,13903.0,133.0,3238.0,25875.0,43149.0,6376.0,-1318.0,-4767.0,291.0,51996,26669.0,0.08987963553189096,0.09512917619708275,0.08666051234710362,1.2050337203643189
TECHM,TTM,52476,46253,6223.0,12.0,1072,295,1852,5148,0.0,3775,38.0,0.0,0.0,0.0,0.0,0.0,0.0,0.0,0.0,0.0,0.0,0.0,0.0,0.0,0.0,0.0,52476,0.0,0.0,0.0,0.11858754478237671,0.0
TITAN,Mar 2013,10123,9109,1014.0,10.0,99,51,56,1006,28.0,725,8.0,26.0,89.0,1881.0,0.0,3914.0,5884.0,464.0,42.0,3.0,5375.0,5884.0,553.0,-142.0,-236.0,176.0,10123,1970.0,0.3680203045685279,0.0,0.1001679344067964,1.720428280081577
TITAN,Mar 2014,10927,9880,1047.0,10.0,117,87,68,1010,27.0,735,8.0,25.0,89.0,2434.0,807.0,2781.0,6111.0,614.0,33.0,3.0,5461.0,6111.0,-555.0,-271.0,497.0,-329.0,10927,2523.0,0.291319857312723,0.31985731272294887,0.09581769927702022,1.7880870561282933
TITAN,Mar 2015,11913,10761,1153.0,10.0,67,81,90,1049,22.0,816,9.0,25.0,89.0,2995.0,100.0,2684.0,5868.0,699.0,55.0,3.0,5111.0,5868.0,503.0,-118.0,-1005.0,-620.0,11913,3084.0,0.26459143968871596,0.0324254215304799,0.0967850247628641,2.030163599182004
TITAN,Mar 2016,11276,10337,939.0,8.0,69,42,98,868,22.0,675,8.0,29.0,89.0,3418.0,113.0,2723.0,6342.0,771.0,107.0,30.0,5434.0,6342.0,576.0,-159.0,-505.0,-88.0,11276,3507.0,0.1924721984602224,0.03222127174222983,0.0832742107130188,1.7779880163986124
TITAN,Mar 2017,13261,12097,1164.0,9.0,-42,38,111,973,28.0,697,8.0,32.0,89.0,4144.0,1882.0,2293.0,8408.0,1189.0,152.0,431.0,6636.0,8408.0,1712.0,-953.0,-166.0,594.0,13261,4233.0,0.1646586345381526,0.44460193716040636,0.08777618580800844,1.5771883920076117
TITAN,Mar 2018,16120,14476,1644.0,10.0,70,53,131,1530,28.0,1102,13.0,29.0,89.0,5001.0,1691.0,2740.0,9521.0,1474.0,43.0,36.0,7968.0,9521.0,-51.0,98.0,-252.0,-206.0,16120,5090.0,0.21650294695481337,0.33222003929273086,0.10198511166253102,1.6930994643419808
TITAN,Mar 2019,19779,17785,1994.0,10.0,178,53,163,1957,29.0,1389,16.0,32.0,89.0,5981.0,2393.0,3247.0,11710.0,1567.0,32.0,108.0,10003.0,11710.0,1243.0,-797.0,-489.0,-43.0,19779,6070.0,0.228830313014827,0.3942339373970346,0.10081399464078063,1.689069171648164
TITAN,Mar 2020,21052,18589,2463.0,12.0,153,166,348,2102,29.0,1493,17.0,24.0,89.0,6580.0,3562.0,3313.0,13544.0,2633.0,18.0,158.0,10735.0,13544.0,-348.0,235.0,-242.0,-355.0,21052,6669.0,0.2238716449242765,0.5341130604288499,0.1169960098802964,1.554341405788541
TITAN,Mar 2021,21644,19919,1725.0,8.0,180,203,375,1327,27.0,974,11.0,37.0,89.0,7408.0,5638.0,3309.0,16444.0,2523.0,32.0,2824.0,11065.0,16444.0,4139.0,-2799.0,-1234.0,106.0,21644,7497.0,0.1299186341203148,0.7520341469921302,0.07969876178155609,1.3162247628314279
TITAN,Mar 2022,28799,25455,3344.0,12.0,177,218,399,2904,24.0,2198,24.0,31.0,89.0,9214.0,7275.0,4610.0,21188.0,2544.0,85.0,294.0,18265.0,21188.0,-724.0,1165.0,-403.0,38.0,28799,9303.0,0.236267870579383,0.782005804579168,0.11611514288690579,1.3592127619407213
TITAN,Mar 2023,40575,35693,4882.0,12.0,306,300,441,4447,26.0,3274,37.0,27.0,89.0,11762.0,9367.0,5802.0,27020.0,2998.0,144.0,2515.0,21363.0,27020.0,1370.0,-1814.0,457.0,13.0,40575,11851.0,0.2762636064467134,0.7903974348156274,0.1203203943314849,1.5016654330125834
TITAN,Mar 2024,51084,45792,5292.0,10.0,534,619,584,4623,24.0,3496,39.0,28.0,89.0,9304.0,15528.0,6626.0,31547.0,3709.0,97.0,2345.0,25396.0,31547.0,1695.0,-189.0,-1329.0,177.0,51084,9393.0,0.37219205791546894,1.653145959757266,0.10359408033826638,1.619298190002219
TITAN,TTM,54458,49219,5239.0,10.0,538,840,647,4290,0.0,3243,37.0,0.0,0.0,0.0,0.0,0.0,0.0,0.0,0.0,0.0,0.0,0.0,0.0,0.0,0.0,0.0,54458,0.0,0.0,0.0,0.09620257813360755,0.0
TORNTPHARM,Mar 2013,3203,2506,697.0,22.0,1,34,83,582,25.0,435,13.0,45.0,42.0,1380.0,693.0,1638.0,3753.0,820.0,285.0,60.0,2587.0,3753.0,153.0,-247.0,20.0,-73.0,3203,1422.0,0.3059071729957806,0.4873417721518987,0.2176084920387137,0.8534505728750333
TORNTPHARM,Mar 2014,4172,3216,955.0,23.0,34,59,87,844,21.0,664,20.0,25.0,85.0,1818.0,1132.0,1988.0,5022.0,875.0,534.0,186.0,3427.0,5022.0,599.0,-418.0,86.0,268.0,4172,1903.0,0.348922753547031,0.5948502364687336,0.22890699904122722,0.8307447232178415
TORNTPHARM,Mar 2015,4636,3616,1020.0,22.0,286,175,191,940,20.0,751,22.0,25.0,85.0,2406.0,2740.0,2589.0,7820.0,2833.0,678.0,298.0,4011.0,7820.0,810.0,-2113.0,1212.0,-90.0,4636,2491.0,0.30148534725010034,1.099959855479727,0.2200172562553926,0.5928388746803069
TORNTPHARM,Mar 2016,6687,3954,2733.0,41.0,32,184,238,2343,26.0,1733,51.0,34.0,85.0,3409.0,2352.0,3040.0,8886.0,2859.0,1042.0,780.0,4206.0,8886.0,2742.0,-869.0,-1435.0,437.0,6687,3494.0,0.4959931310818546,0.6731539782484258,0.4087034544638852,0.7525320729237002
TORNTPHARM,Mar 2017,5816,4438,1377.0,24.0,223,206,307,1088,14.0,934,28.0,25.0,85.0,4266.0,2510.0,2740.0,9601.0,3688.0,519.0,804.0,4589.0,9601.0,1009.0,-798.0,-193.0,18.0,5816,4351.0,0.21466329579407034,0.5768788784187543,0.23676066024759285,0.6057702322674722
TORNTPHARM,Mar 2018,5950,4601,1349.0,23.0,299,308,409,931,27.0,678,20.0,35.0,85.0,4538.0,6462.0,3159.0,14243.0,7855.0,647.0,492.0,5249.0,14243.0,894.0,-4677.0,3417.0,-366.0,5950,4623.0,0.14665801427644387,1.3977936404931863,0.22672268907563026,0.4177490697184582
TORNTPHARM,Mar 2019,7673,5690,1983.0,26.0,-300,504,618,562,22.0,436,13.0,66.0,85.0,4640.0,6038.0,3351.0,14113.0,7748.0,617.0,353.0,5395.0,14113.0,1798.0,-246.0,-1314.0,238.0,7673,4725.0,0.09227513227513227,1.2778835978835978,0.2584386810895347,0.5436831290299724
TORNTPHARM,Mar 2020,7939,5769,2170.0,27.0,121,451,654,1187,14.0,1025,30.0,53.0,85.0,4739.0,5784.0,3402.0,14010.0,7533.0,712.0,2.0,5763.0,14010.0,1393.0,229.0,-1549.0,73.0,7939,4824.0,0.2124792703150912,1.199004975124378,0.27333417306965613,0.5666666666666667
TORNTPHARM,Mar 2021,8005,5524,2480.0,31.0,57,353,658,1526,18.0,1252,37.0,47.0,85.0,5753.0,4874.0,3363.0,14075.0,7065.0,889.0,181.0,5940.0,14075.0,2005.0,-444.0,-1651.0,-89.0,8005,5838.0,0.2144570058239123,0.8348749571771155,0.3098063710181137,0.5687388987566607
TORNTPHARM,Mar 2022,8508,6077,2431.0,29.0,-288,255,662,1226,37.0,777,23.0,105.0,85.0,5868.0,4070.0,2884.0,12906.0,6423.0,630.0,226.0,5628.0,12906.0,1803.0,-196.0,-1781.0,-174.0,8508,5953.0,0.13052242566773056,0.6836888963547791,0.28573107663375646,0.6592282659228266
TORNTPHARM,Mar 2023,9620,6778,2842.0,30.0,45,333,707,1847,33.0,1245,37.0,60.0,169.0,6029.0,5369.0,3043.0,14610.0,8121.0,765.0,199.0,5524.0,14610.0,2368.0,-2335.0,77.0,110.0,9620,6198.0,0.20087124878993223,0.8662471765085511,0.2954261954261954,0.6584531143052703
TORNTPHARM,Mar 2024,10728,7360,3368.0,31.0,146,354,808,2352,30.0,1656,49.0,57.0,169.0,6687.0,4022.0,3627.0,14505.0,8138.0,361.0,173.0,5834.0,14505.0,3266.0,-160.0,-2780.0,327.0,10728,6856.0,0.24154025670945156,0.5866394399066511,0.313944817300522,0.7396070320579111
TORNTPHARM,TTM,11302,7662,3640.0,32.0,72,276,797,2639,0.0,1862,55.0,0.0,0.0,0.0,0.0,0.0,0.0,0.0,0.0,0.0,0.0,0.0,0.0,0.0,0.0,0.0,11302,0.0,0.0,0.0,0.3220668908157848,0.0
TRENT,Mar 2013,2132,2128,5.0,0.0,58,29,45,-10,99.0,-27,-1.0,-87.0,33.0,1198.0,343.0,635.0,2209.0,843.0,106.0,317.0,943.0,2209.0,31.0,-276.0,147.0,-97.0,2132,1231.0,-0.021933387489845652,0.2786352558895207,0.0023452157598499064,0.965142598460842
TRENT,Mar 2014,2333,2343,-10.0,0.0,91,26,54,1,99.0,-19,-1.0,-125.0,33.0,958.0,332.0,614.0,1936.0,720.0,138.0,300.0,778.0,1936.0,-46.0,-48.0,-50.0,-145.0,2333,991.0,-0.01917255297679112,0.3350151362260343,-0.0042863266180882984,1.2050619834710743
TRENT,Mar 2015,2284,2196,88.0,4.0,208,22,75,200,35.0,129,4.0,26.0,33.0,1389.0,267.0,518.0,2207.0,668.0,92.0,740.0,706.0,2207.0,-10.0,-306.0,310.0,-6.0,2284,1422.0,0.09071729957805907,0.1877637130801688,0.03852889667250438,1.0348889895786135
TRENT,Mar 2016,1686,1596,90.0,5.0,86,48,39,90,39.0,55,2.0,54.0,33.0,1431.0,400.0,292.0,2157.0,477.0,55.0,1067.0,558.0,2157.0,109.0,-98.0,-13.0,-2.0,1686,1464.0,0.03756830601092896,0.273224043715847,0.05338078291814947,0.7816411682892906
TRENT,Mar 2017,1812,1679,134.0,7.0,81,46,41,128,34.0,85,3.0,39.0,33.0,1514.0,392.0,283.0,2222.0,549.0,5.0,1080.0,588.0,2222.0,102.0,-44.0,-51.0,7.0,1812,1547.0,0.054945054945054944,0.25339366515837103,0.0739514348785872,0.8154815481548154
TRENT,Mar 2018,2157,1949,208.0,10.0,27,44,46,147,41.0,87,3.0,44.0,33.0,1562.0,391.0,349.0,2336.0,613.0,10.0,1023.0,691.0,2336.0,77.0,-4.0,-74.0,-1.0,2157,1595.0,0.05454545454545454,0.245141065830721,0.09643022716736208,0.9233732876712328
TRENT,Mar 2019,2630,2390,241.0,9.0,30,51,52,165,44.0,95,3.0,45.0,33.0,1613.0,494.0,418.0,2559.0,662.0,87.0,883.0,927.0,2559.0,21.0,-37.0,37.0,21.0,2630,1646.0,0.057715674362089915,0.3001215066828676,0.09163498098859316,1.0277452129738178
TRENT,Mar 2020,3486,2957,529.0,15.0,147,263,247,165,36.0,106,3.0,29.0,36.0,2352.0,300.0,2819.0,5507.0,2738.0,23.0,1515.0,1230.0,5507.0,361.0,-809.0,452.0,5.0,3486,2388.0,0.04438860971524288,0.12562814070351758,0.15174985656913367,0.633012529507899
TRENT,Mar 2021,2593,2479,114.0,4.0,199,261,257,-205,-12.0,-181,-4.0,-15.0,36.0,2277.0,300.0,3111.0,5724.0,3054.0,108.0,1487.0,1075.0,5724.0,285.0,18.0,-283.0,20.0,2593,2313.0,-0.07825335062689148,0.1297016861219196,0.043964519861164675,0.453004891684137
TRENT,Mar 2022,4498,3903,595.0,13.0,152,325,311,111,69.0,35,3.0,57.0,36.0,2328.0,4725.0,637.0,7726.0,4687.0,105.0,1284.0,1651.0,7726.0,58.0,56.0,-108.0,6.0,4498,2364.0,0.014805414551607445,1.998730964467005,0.13228101378390394,0.582190007765985
TRENT,Mar 2023,8242,7128,1114.0,14.0,341,409,494,552,29.0,394,13.0,18.0,36.0,2560.0,4464.0,1022.0,8082.0,4527.0,102.0,1110.0,2343.0,8082.0,595.0,-103.0,-491.0,1.0,8242,2596.0,0.1517719568567026,1.7195685670261942,0.1351613685998544,1.0197970799307101
TRENT,Mar 2024,12375,10404,1971.0,16.0,989,368,671,1921,23.0,1477,42.0,8.0,36.0,4032.0,1753.0,1341.0,7162.0,2450.0,224.0,1416.0,3072.0,7162.0,1349.0,-508.0,-629.0,211.0,12375,4068.0,0.36307767944936087,0.4309242871189774,0.15927272727272726,1.7278693102485339
TRENT,TTM,15025,12672,2354.0,16.0,960,196,756,2362,0.0,1809,51.0,0.0,0.0,0.0,0.0,0.0,0.0,0.0,0.0,0.0,0.0,0.0,0.0,0.0,0.0,0.0,15025,0.0,0.0,0.0,0.1566722129783694,0.0
TVSMOTOR,Mar 2013,7510,7072,438.0,6.0,130,103,176,290,32.0,198,4.0,30.0,48.0,851.0,1068.0,1415.0,3381.0,1593.0,36.0,348.0,1404.0,3381.0,464.0,-120.0,-402.0,-58.0,7510,899.0,0.22024471635150167,1.1879866518353726,0.058322237017310256,2.2212363206152026
TVSMOTOR,Mar 2014,8384,7892,492.0,6.0,44,80,149,307,39.0,187,4.0,37.0,48.0,1113.0,728.0,1743.0,3632.0,1517.0,48.0,439.0,1628.0,3632.0,470.0,-235.0,-216.0,19.0,8384,1161.0,0.16106804478897502,0.6270456503014643,0.05868320610687023,2.3083700440528636
TVSMOTOR,Mar 2015,10256,9650,605.0,6.0,80,62,179,444,28.0,328,7.0,28.0,48.0,1277.0,1119.0,2126.0,4570.0,1637.0,93.0,539.0,2301.0,4570.0,83.0,-415.0,261.0,-71.0,10256,1325.0,0.24754716981132074,0.8445283018867924,0.05898985959438378,2.2442013129102847
TVSMOTOR,Mar 2016,11377,10558,819.0,7.0,93,70,262,580,26.0,429,9.0,28.0,48.0,1771.0,1091.0,2236.0,5146.0,2038.0,47.0,943.0,2118.0,5146.0,936.0,-605.0,-319.0,12.0,11377,1819.0,0.23584387025838371,0.59978009895547,0.07198734288476752,2.210843373493976
TVSMOTOR,Mar 2017,12463,11591,871.0,7.0,163,60,317,658,23.0,509,11.0,23.0,48.0,2169.0,1311.0,2601.0,6128.0,2362.0,64.0,1155.0,2547.0,6128.0,689.0,-709.0,-59.0,-79.0,12463,2217.0,0.22958953540820928,0.591339648173207,0.06988686512075744,2.033779373368146
TVSMOTOR,Mar 2018,16340,14769,1571.0,10.0,71,338,374,931,29.0,665,14.0,24.0,48.0,2630.0,6928.0,3586.0,13190.0,3094.0,313.0,421.0,9362.0,13190.0,354.0,-1095.0,897.0,156.0,16340,2678.0,0.248319641523525,2.5870052277819267,0.09614443084455325,1.238817285822593
TVSMOTOR,Mar 2019,20160,17997,2163.0,11.0,25,663,442,1083,33.0,725,15.0,24.0,48.0,3123.0,9298.0,4228.0,16696.0,3367.0,745.0,440.0,12145.0,16696.0,-918.0,-1104.0,2210.0,188.0,20160,3171.0,0.22863450015767897,2.9321980447808262,0.10729166666666666,1.2074748442740777
TVSMOTOR,Mar 2020,18849,16585,2264.0,12.0,12,855,556,865,25.0,647,13.0,27.0,48.0,3235.0,11591.0,4399.0,19272.0,3811.0,1006.0,371.0,14085.0,19272.0,373.0,-1090.0,1619.0,902.0,18849,3283.0,0.19707584526347852,3.5306122448979593,0.12011247281022866,0.9780510585305106
TVSMOTOR,Mar 2021,19421,17189,2232.0,11.0,36,881,565,822,26.0,608,13.0,28.0,48.0,3779.0,12179.0,5859.0,21865.0,4221.0,1041.0,468.0,16135.0,21865.0,1151.0,-882.0,264.0,532.0,19421,3827.0,0.1588711784687745,3.182388293702639,0.1149271407239586,0.8882231877429683
TVSMOTOR,Mar 2022,24355,21601,2755.0,11.0,-5,940,743,1067,31.0,731,16.0,24.0,48.0,4352.0,15827.0,6692.0,26919.0,5975.0,552.0,605.0,19788.0,26919.0,-1575.0,-1471.0,2918.0,532.0,24355,4400.0,0.16613636363636364,3.5970454545454547,0.11311845616916444,0.9047512909097664
TVSMOTOR,Mar 2023,31974,27947,4027.0,13.0,136,1368,859,1936,32.0,1309,28.0,18.0,48.0,5457.0,22376.0,7144.0,35025.0,5748.0,743.0,967.0,27566.0,35025.0,-4405.0,-1308.0,6118.0,406.0,31974,5505.0,0.2377838328792007,4.064668483197093,0.12594608119096767,0.9128907922912206
TVSMOTOR,Mar 2024,39145,33645,5500.0,14.0,106,1928,975,2703,34.0,1779,36.0,23.0,48.0,6736.0,26006.0,9235.0,42024.0,5891.0,1033.0,1123.0,33977.0,42024.0,-1253.0,-1001.0,2759.0,505.0,39145,6784.0,0.26223466981132076,3.833431603773585,0.14050325712096054,0.931491528650295
TVSMOTOR,TTM,42886,36696,6190.0,14.0,95,2064,1038,3182,0.0,2094,42.0,0.0,0.0,0.0,0.0,0.0,0.0,0.0,0.0,0.0,0.0,0.0,0.0,0.0,0.0,0.0,42886,0.0,0.0,0.0,0.14433614699435712,0.0
ULTRACEMCO,Mar 2013,20514,15674,4839.0,24.0,304,252,1023,3867,30.0,2688,98.0,9.0,274.0,14955.0,7342.0,7010.0,29582.0,15050.0,3601.0,4709.0,6222.0,29582.0,3618.0,-4362.0,715.0,-30.0,20514,15229.0,0.1765053516317552,0.4821065073215576,0.23588768645802866,0.6934622405516868
ULTRACEMCO,Mar 2014,20730,16695,4035.0,19.0,322,361,1139,2858,23.0,2213,80.0,11.0,274.0,16908.0,7332.0,7671.0,32185.0,18100.0,2186.0,4862.0,7037.0,32185.0,3455.0,-2342.0,-949.0,164.0,20730,17182.0,0.12879757886159934,0.4267256431148877,0.19464544138929088,0.6440888612707784
ULTRACEMCO,Mar 2015,23306,18881,4425.0,19.0,350,587,1203,2986,30.0,2102,76.0,12.0,274.0,18767.0,9829.0,9183.0,38053.0,23343.0,2250.0,4500.0,7961.0,38053.0,4190.0,-2144.0,-2110.0,-63.0,23306,19041.0,0.11039336169318838,0.5162018801533533,0.1898652707457307,0.6124615667621476
ULTRACEMCO,Mar 2016,25153,20252,4901.0,19.0,464,566,1377,3421,28.0,2480,90.0,11.0,274.0,21671.0,10616.0,8631.0,41193.0,25309.0,1469.0,5095.0,9319.0,41193.0,4526.0,-3673.0,-844.0,8.0,25153,21945.0,0.11300979722032353,0.4837548416495785,0.19484753309744365,0.6106134537421407
ULTRACEMCO,Mar 2017,25375,20162,5212.0,21.0,648,640,1348,3872,30.0,2714,99.0,10.0,275.0,24117.0,8474.0,9343.0,42209.0,25904.0,921.0,6691.0,8693.0,42209.0,5005.0,-2501.0,-2535.0,-31.0,25375,24392.0,0.11126598884880289,0.3474089865529682,0.20539901477832512,0.6011751048354617
ULTRACEMCO,Mar 2018,30979,24834,6145.0,20.0,242,1238,1848,3301,33.0,2224,81.0,13.0,275.0,26107.0,19480.0,11280.0,57141.0,39715.0,1511.0,5447.0,10468.0,57141.0,3888.0,1866.0,-5735.0,18.0,30979,26382.0,0.08429990144795695,0.7383822303085437,0.1983601794764195,0.542150119878896
ULTRACEMCO,Mar 2019,41462,34115,7347.0,18.0,350,1778,2451,3468,31.0,2400,88.0,13.0,275.0,33476.0,25337.0,17438.0,76525.0,56645.0,1153.0,2921.0,15806.0,76525.0,5956.0,1165.0,-6757.0,364.0,41462,33751.0,0.07110900417765399,0.7507036828538414,0.17719839853359703,0.5418098660568441
ULTRACEMCO,Mar 2020,42430,33184,9246.0,22.0,651,1992,2723,5183,-11.0,5751,199.0,7.0,289.0,38755.0,23019.0,17151.0,79214.0,57151.0,920.0,5929.0,15215.0,79214.0,8972.0,-4192.0,-5076.0,-295.0,42430,39044.0,0.14729535908206126,0.5895656182768159,0.21791185481970304,0.5356376398111445
ULTRACEMCO,Mar 2021,44726,33158,11568.0,26.0,619,1486,2700,8001,32.0,5462,189.0,20.0,289.0,43886.0,21719.0,20282.0,86176.0,55412.0,1687.0,12178.0,16900.0,86176.0,12500.0,-8856.0,-4356.0,-712.0,44726,44175.0,0.12364459535936616,0.49165817770232034,0.2586415060591155,0.5190076123282584
ULTRACEMCO,Mar 2022,52599,41084,11514.0,22.0,669,945,2715,8524,14.0,7334,254.0,15.0,289.0,50147.0,11299.0,22077.0,83811.0,55488.0,4785.0,6336.0,17203.0,83811.0,9283.0,2257.0,-12498.0,-958.0,52599,50436.0,0.1454120072963756,0.22402648901578237,0.21890150002851766,0.6275906503919533
ULTRACEMCO,Mar 2023,63240,52620,10620.0,17.0,507,823,2888,7416,32.0,5073,175.0,22.0,289.0,54036.0,11058.0,25998.0,91380.0,59579.0,4040.0,7297.0,20464.0,91380.0,9069.0,-7188.0,-1631.0,250.0,63240,54325.0,0.093382420616659,0.20355269213069488,0.16793168880455409,0.6920551543007223
ULTRACEMCO,Mar 2024,70908,57940,12969.0,18.0,567,968,3145,9422,26.0,7004,243.0,29.0,289.0,59939.0,11403.0,29167.0,100797.0,62878.0,6811.0,8249.0,22859.0,100797.0,10898.0,-8789.0,-1926.0,183.0,70908,60228.0,0.11629142591485687,0.1893305439330544,0.1828989676764258,0.7034733176582636
ULTRACEMCO,TTM,71317,59261,12056.0,17.0,739,1216,3478,8101,0.0,6252,216.0,0.0,0.0,0.0,0.0,0.0,0.0,0.0,0.0,0.0,0.0,0.0,0.0,0.0,0.0,0.0,71317,0.0,0.0,0.0,0.16904805305887796,0.0
UNIONBANK,Mar 2013,25169,7268,325.0,1.0,2868,17575,156,3037,30.0,2146,36.0,22.0,597.0,16722.0,287589.0,8003.0,312912.0,2483.0,13.0,81808.0,228608.0,312912.0,-4245.0,-343.0,5096.0,507.0,25169,17319.0,0.12391015647554708,16.605404469080202,0.012912710079860145,0.0804347548192463
UNIONBANK,Mar 2014,29394,8829,-902.0,-3.0,3141,21467,198,2040,18.0,1687,27.0,15.0,630.0,18004.0,327078.0,9300.0,355013.0,2621.0,2.0,94636.0,257753.0,355013.0,2570.0,-363.0,4902.0,7109.0,29394,18634.0,0.09053343350864013,17.552753032091875,-0.030686534666938832,0.082796967998355
UNIONBANK,Mar 2015,32164,9498,-973.0,-3.0,3957,23640,225,2759,36.0,1771,28.0,22.0,636.0,19263.0,352618.0,11048.0,383566.0,2690.0,4.0,85818.0,295053.0,383566.0,-3567.0,-318.0,3168.0,-718.0,32164,19899.0,0.08899944720840243,17.72038795919393,-0.03025121253575426,0.08385519050176501
UNIONBANK,Mar 2016,32316,10349,-1928.0,-6.0,3934,23894,249,1758,24.0,1347,20.0,10.0,687.0,22361.0,374754.0,9562.0,407365.0,3939.0,13.0,90573.0,312840.0,407365.0,81.0,-9.0,-2.0,70.0,32316,23048.0,0.05844324887191947,16.259718847622352,-0.05966084911498948,0.07932934837308066
UNIONBANK,Mar 2017,32817,13871,-4830.0,-15.0,5430,23771,241,359,-58.0,573,8.0,0.0,687.0,23406.0,418420.0,13167.0,455681.0,3896.0,21.0,113441.0,338322.0,455681.0,-6624.0,-280.0,10194.0,3289.0,32817,24093.0,0.023782841489229236,17.366870045241356,-0.14717981533961058,0.07201748591668294
UNIONBANK,Mar 2018,32952,21181,-11700.0,-36.0,5462,23471,368,-6607,-21.0,-5212,-45.0,0.0,1169.0,24083.0,455969.0,9900.0,491120.0,3824.0,34.0,125485.0,361777.0,491120.0,6097.0,-315.0,10792.0,16574.0,32952,25252.0,-0.20639949310945668,18.05674798035799,-0.35506190823015293,0.0670956181788565
UNIONBANK,Mar 2019,34314,19019,-8601.0,-25.0,5042,23896,374,-3933,-25.0,-2922,-17.0,0.0,1763.0,25073.0,460780.0,10964.0,498581.0,3743.0,44.0,128391.0,366402.0,498581.0,-7778.0,-297.0,1758.0,-6317.0,34314,26836.0,-0.10888358920852587,17.17021910866001,-0.250655709040042,0.06882332058381688
UNIONBANK,Mar 2020,37479,21166,-9523.0,-25.0,5789,25837,417,-4151,-27.0,-3121,-9.0,0.0,3423.0,30567.0,505150.0,16369.0,555509.0,4734.0,54.0,154251.0,396470.0,555509.0,-77.0,-4.0,201.0,121.0,37479,33990.0,-0.09182112385995882,14.861724036481318,-0.25408895648229674,0.06746785380614896
UNIONBANK,Mar 2021,69311,36270,-11071.0,-16.0,14307,44112,908,2327,-22.0,2863,4.0,0.0,6407.0,58331.0,977576.0,40063.0,1082377.0,7303.0,63.0,339059.0,735952.0,1082377.0,20527.0,-601.0,-18861.0,1066.0,69311,64738.0,0.044224412246285025,15.100497389477587,-0.1597293358918498,0.06403591354953034
UNIONBANK,Mar 2022,68230,32264,-4213.0,-6.0,13524,40178,745,8566,39.0,5265,8.0,25.0,6835.0,64026.0,1085613.0,37292.0,1193766.0,7171.0,37.0,351839.0,834718.0,1193766.0,36339.0,-558.0,-786.0,34995.0,68230,70861.0,0.07430039090614018,15.32031724079536,-0.0617470320973179,0.05715525488244765
UNIONBANK,Mar 2023,81163,36155,-3024.0,-4.0,15915,48033,745,12147,31.0,8512,12.0,24.0,6835.0,71969.0,1163059.0,46495.0,1288357.0,8826.0,22.0,343727.0,935782.0,1288357.0,6056.0,-2561.0,-10654.0,-7159.0,81163,78804.0,0.10801482158266078,14.758882797827521,-0.037258356640341043,0.06299729034731832
UNIONBANK,Mar 2024,100376,32422,4590.0,5.0,17813,63364,895,21508,36.0,13797,18.0,20.0,7634.0,89964.0,1251568.0,52831.0,1401996.0,9224.0,36.0,343953.0,1048783.0,1401996.0,19930.0,-1394.0,-11489.0,7047.0,100376,97598.0,0.14136560175413432,12.823705403799257,0.04572806248505619,0.07159506874484663
UNIONBANK,TTM,107058,35514,2090.0,2.0,20440,69454,0,22530,0.0,16344,21.0,0.0,0.0,0.0,0.0,0.0,0.0,0.0,0.0,0.0,0.0,0.0,0.0,0.0,0.0,0.0,107058,0.0,0.0,0.0,0.019522128192194885,0.0
UNITDSPR,Mar 2013,10378,9287,1091.0,11.0,146,985,178,73,99.0,-105,-2.0,-31.0,0.0,0.0,0.0,0.0,0.0,0.0,0.0,0.0,0.0,0.0,1969.0,-1121.0,-992.0,-145.0,10378,0.0,0.0,0.0,0.10512622856041627,0.0
UNITDSPR,Mar 2014,10508,13876,-3368.0,-32.0,681,1323,203,-4213,7.0,-4489,-62.0,0.0,0.0,0.0,0.0,0.0,0.0,0.0,0.0,0.0,0.0,0.0,-552.0,-252.0,1235.0,431.0,10508,0.0,0.0,0.0,-0.32051770079939096,0.0
UNITDSPR,Mar 2015,9254,9619,-366.0,-4.0,-360,687,223,-1635,3.0,-1687,-23.0,0.0,0.0,0.0,0.0,0.0,0.0,0.0,0.0,0.0,0.0,0.0,-196.0,3855.0,-4002.0,-343.0,9254,0.0,0.0,0.0,-0.039550464663929114,0.0
UNITDSPR,Mar 2016,8495,8162,333.0,4.0,648,457,157,366,61.0,143,2.0,0.0,0.0,0.0,0.0,0.0,0.0,0.0,0.0,0.0,0.0,0.0,283.0,733.0,-1155.0,-139.0,8495,0.0,0.0,0.0,0.039199529134785166,0.0
UNITDSPR,Mar 2017,8818,7826,991.0,11.0,-265,375,189,163,43.0,93,1.0,0.0,0.0,0.0,0.0,0.0,0.0,0.0,0.0,0.0,0.0,0.0,647.0,-227.0,-475.0,-56.0,8818,0.0,0.0,0.0,0.112383760489907,0.0
UNITDSPR,Mar 2018,8591,7381,1209.0,14.0,172,278,192,912,28.0,652,9.0,0.0,0.0,0.0,0.0,0.0,0.0,0.0,0.0,0.0,0.0,0.0,925.0,104.0,-966.0,63.0,8591,0.0,0.0,0.0,0.14072866953788848,0.0
UNITDSPR,Mar 2019,9341,7947,1394.0,15.0,70,237,215,1012,32.0,684,10.0,0.0,0.0,0.0,0.0,0.0,0.0,0.0,0.0,0.0,0.0,0.0,948.0,-66.0,-808.0,74.0,9341,0.0,0.0,0.0,0.14923455732790922,0.0
UNITDSPR,Mar 2020,9325,7756,1569.0,17.0,89,212,285,1160,47.0,621,9.0,0.0,0.0,0.0,0.0,0.0,0.0,0.0,0.0,0.0,0.0,0.0,783.0,-194.0,-740.0,-150.0,9325,0.0,0.0,0.0,0.1682573726541555,0.0
UNITDSPR,Mar 2021,8131,7080,1051.0,13.0,-25,188,299,540,33.0,362,5.0,0.0,0.0,0.0,0.0,0.0,0.0,0.0,0.0,0.0,0.0,0.0,1818.0,-99.0,-1707.0,12.0,8131,0.0,0.0,0.0,0.12925839380150042,0.0
UNITDSPR,Mar 2022,9712,8117,1595.0,16.0,-117,88,304,1087,25.0,811,11.0,0.0,0.0,0.0,0.0,0.0,0.0,0.0,0.0,0.0,0.0,0.0,977.0,-313.0,-688.0,-23.0,9712,0.0,0.0,0.0,0.16422981878088963,0.0
UNITDSPR,Mar 2023,10612,9195,1417.0,13.0,249,104,283,1279,12.0,1126,16.0,0.0,0.0,0.0,0.0,0.0,0.0,0.0,0.0,0.0,0.0,0.0,615.0,-55.0,-500.0,60.0,10612,0.0,0.0,0.0,0.13352808141726347,0.0
UNITDSPR,Mar 2024,11321,9321,2000.0,18.0,208,76,275,1857,24.0,1408,19.0,46.0,0.0,0.0,0.0,0.0,0.0,0.0,0.0,0.0,0.0,0.0,1118.0,226.0,-407.0,937.0,11321,0.0,0.0,0.0,0.17666283897182228,0.0
UNITDSPR,TTM,11821,9710,2111.0,18.0,176,96,286,1905,0.0,1402,19.0,0.0,0.0,0.0,0.0,0.0,0.0,0.0,0.0,0.0,0.0,0.0,0.0,0.0,0.0,0.0,11821,0.0,0.0,0.0,0.1785804923441333,0.0
VBL,Dec 2012,1800,1572,228.0,13.0,44,116,136,21,-20.0,25,2.0,0.0,0.0,0.0,0.0,0.0,0.0,0.0,0.0,0.0,0.0,0.0,280.0,-507.0,229.0,3.0,1800,0.0,0.0,0.0,0.12666666666666668,0.0
VBL,Dec 2013,2115,1824,291.0,14.0,19,171,184,-46,-11.0,-40,0.0,0.0,0.0,0.0,0.0,0.0,0.0,0.0,0.0,0.0,0.0,0.0,297.0,-574.0,274.0,-2.0,2115,0.0,0.0,0.0,0.1375886524822695,0.0
VBL,Dec 2014,2502,2116,387.0,15.0,14,187,210,4,99.0,-20,0.0,0.0,0.0,0.0,0.0,0.0,0.0,0.0,0.0,0.0,0.0,0.0,431.0,-500.0,58.0,-11.0,2502,0.0,0.0,0.0,0.15467625899280577,0.0
VBL,Dec 2015,3394,2752,642.0,19.0,36,170,317,191,41.0,113,1.0,0.0,0.0,0.0,0.0,0.0,0.0,0.0,0.0,0.0,0.0,0.0,555.0,-300.0,-236.0,19.0,3394,0.0,0.0,0.0,0.18915733647613436,0.0
VBL,Dec 2016,3861,3052,810.0,21.0,27,435,322,79,39.0,48,0.0,0.0,0.0,0.0,0.0,0.0,0.0,0.0,0.0,0.0,0.0,0.0,826.0,-1048.0,230.0,8.0,3861,0.0,0.0,0.0,0.2097902097902098,0.0
VBL,Dec 2017,4004,3165,838.0,21.0,14,215,347,291,26.0,214,1.0,22.0,0.0,0.0,0.0,0.0,0.0,0.0,0.0,0.0,0.0,0.0,620.0,-746.0,159.0,32.0,4004,0.0,0.0,0.0,0.20929070929070928,0.0
VBL,Dec 2018,5105,4069,1036.0,20.0,6,223,385,434,31.0,300,1.0,16.0,0.0,0.0,0.0,0.0,0.0,0.0,0.0,0.0,0.0,0.0,1000.0,-937.0,-84.0,-22.0,5105,0.0,0.0,0.0,0.2029382957884427,0.0
VBL,Dec 2019,7130,5667,1462.0,21.0,47,324,489,696,32.0,472,1.0,15.0,0.0,0.0,0.0,0.0,0.0,0.0,0.0,0.0,0.0,0.0,1308.0,-2320.0,1107.0,95.0,7130,0.0,0.0,0.0,0.20504908835904628,0.0
VBL,Dec 2020,6450,5235,1215.0,19.0,-30,294,529,363,1.0,357,1.0,22.0,0.0,0.0,0.0,0.0,0.0,0.0,0.0,0.0,0.0,0.0,1012.0,-472.0,-574.0,-33.0,6450,0.0,0.0,0.0,0.1883720930232558,0.0
VBL,Dec 2021,8823,7129,1694.0,19.0,51,207,531,1007,26.0,746,2.0,16.0,0.0,0.0,0.0,0.0,0.0,0.0,0.0,0.0,0.0,0.0,1231.0,-1008.0,-178.0,46.0,8823,0.0,0.0,0.0,0.19199818655786013,0.0
VBL,Dec 2022,13173,10310,2863.0,22.0,-18,204,617,2024,23.0,1550,5.0,15.0,0.0,0.0,0.0,0.0,0.0,0.0,0.0,0.0,0.0,0.0,1790.0,-1769.0,-18.0,4.0,13173,0.0,0.0,0.0,0.21733849540727246,0.0
VBL,Dec 2023,16043,12326,3717.0,23.0,-5,292,681,2739,23.0,2102,6.0,16.0,0.0,0.0,0.0,0.0,0.0,0.0,0.0,0.0,0.0,0.0,2391.0,-3288.0,985.0,88.0,16043,0.0,0.0,0.0,0.23168983357227452,0.0
VBL,TTM,18987,14438,4549.0,24.0,86,415,853,3367,0.0,2582,8.0,0.0,0.0,0.0,0.0,0.0,0.0,0.0,0.0,0.0,0.0,0.0,0.0,0.0,0.0,0.0,18987,0.0,0.0,0.0,0.2395849791962922,0.0
VEDL,Mar 2013,2749,2283,465.0,17.0,33,475,197,-174,-25.0,2280,26.0,0.0,0.0,0.0,0.0,0.0,0.0,0.0,0.0,0.0,0.0,0.0,22.0,-311.0,238.0,-51.0,2749,0.0,0.0,0.0,0.1691524190614769,0.0
VEDL,Mar 2014,66152,46557,19595.0,30.0,1874,5094,6882,9493,-9.0,11421,21.0,15.0,0.0,0.0,0.0,0.0,0.0,0.0,0.0,0.0,0.0,0.0,15601.0,-2890.0,-5052.0,7659.0,66152,0.0,0.0,0.0,0.2962117547466441,0.0
VEDL,Mar 2015,73710,51595,22114.0,30.0,-19222,5659,7159,-9925,15.0,-11369,-53.0,-8.0,0.0,0.0,0.0,0.0,0.0,0.0,0.0,0.0,0.0,0.0,17805.0,-4133.0,-13956.0,-284.0,73710,0.0,0.0,0.0,0.3000135666802333,0.0
VEDL,Mar 2016,64262,82741,-18479.0,-29.0,4290,5778,8572,-28540,-37.0,-17862,-41.0,-8.0,0.0,0.0,0.0,0.0,0.0,0.0,0.0,0.0,0.0,0.0,20377.0,-7868.0,-11303.0,1206.0,64262,0.0,0.0,0.0,-0.28755718776259687,0.0
VEDL,Mar 2017,72225,50849,21376.0,30.0,4423,5855,6292,13652,17.0,11316,23.0,83.0,0.0,0.0,0.0,0.0,0.0,0.0,0.0,0.0,0.0,0.0,18083.0,2681.0,-12425.0,8339.0,72225,0.0,0.0,0.0,0.29596400138456214,0.0
VEDL,Mar 2018,91866,66989,24877.0,27.0,6087,5112,6283,19569,30.0,13692,28.0,76.0,0.0,0.0,0.0,0.0,0.0,0.0,0.0,0.0,0.0,0.0,17366.0,15480.0,-39255.0,-6409.0,91866,0.0,0.0,0.0,0.2707965950406026,0.0
VEDL,Mar 2019,92048,68877,23171.0,25.0,4270,5689,8192,13560,28.0,9698,19.0,99.0,0.0,0.0,0.0,0.0,0.0,0.0,0.0,0.0,0.0,0.0,23754.0,-10594.0,-10242.0,2918.0,92048,0.0,0.0,0.0,0.2517273596384495,0.0
VEDL,Mar 2020,84447,63704,20743.0,25.0,-14932,4977,9093,-8259,-43.0,-4744,-18.0,-22.0,0.0,0.0,0.0,0.0,0.0,0.0,0.0,0.0,0.0,0.0,19300.0,-5925.0,-15547.0,-2172.0,84447,0.0,0.0,0.0,0.24563335583265244,0.0
VEDL,Mar 2021,88021,60703,27318.0,31.0,2743,5210,7638,17213,13.0,15032,31.0,30.0,0.0,0.0,0.0,0.0,0.0,0.0,0.0,0.0,0.0,0.0,23980.0,-6678.0,-17565.0,-263.0,88021,0.0,0.0,0.0,0.31035775553561085,0.0
VEDL,Mar 2022,132732,87908,44824.0,34.0,1832,4797,8895,32964,28.0,23710,51.0,89.0,0.0,0.0,0.0,0.0,0.0,0.0,0.0,0.0,0.0,0.0,34963.0,-2243.0,-28903.0,3817.0,132732,0.0,0.0,0.0,0.3377030407136184,0.0
VEDL,Mar 2023,147308,112877,34431.0,23.0,2625,6225,10555,20276,28.0,14503,28.0,357.0,0.0,0.0,0.0,0.0,0.0,0.0,0.0,0.0,0.0,0.0,33065.0,-668.0,-34142.0,-1745.0,147308,0.0,0.0,0.0,0.233734759822956,0.0
VEDL,Mar 2024,143727,108415,35312.0,25.0,5239,9465,10723,20363,63.0,7539,11.0,259.0,0.0,0.0,0.0,0.0,0.0,0.0,0.0,0.0,0.0,0.0,35654.0,-13676.0,-26092.0,-4114.0,143727,0.0,0.0,0.0,0.2456880057330912,0.0
VEDL,TTM,144448,107376,37072.0,26.0,5266,9721,10958,21659,0.0,15841,30.0,0.0,0.0,0.0,0.0,0.0,0.0,0.0,0.0,0.0,0.0,0.0,0.0,0.0,0.0,0.0,144448,0.0,0.0,0.0,0.25664599025254764,0.0
WIPRO,Mar 2013,37430,29773,7657.0,20.0,1440,289,940,7869,21.0,6182,5.0,28.0,0.0,0.0,0.0,0.0,0.0,0.0,0.0,0.0,0.0,0.0,6394.0,-4536.0,-1140.0,717.0,37430,0.0,0.0,0.0,0.20456852791878172,0.0
WIPRO,Mar 2014,43424,33788,9635.0,22.0,1922,383,1060,10114,21.0,7991,6.0,25.0,0.0,0.0,0.0,0.0,0.0,0.0,0.0,0.0,0.0,0.0,6790.0,-284.0,-3570.0,2936.0,43424,0.0,0.0,0.0,0.2218819086219602,0.0
WIPRO,Mar 2015,46951,36652,10299.0,22.0,2450,350,1175,11224,22.0,8714,7.0,34.0,0.0,0.0,0.0,0.0,0.0,0.0,0.0,0.0,0.0,0.0,7840.0,-2537.0,-830.0,4474.0,46951,0.0,0.0,0.0,0.21935635023748162,0.0
WIPRO,Mar 2016,51244,40448,10796.0,21.0,2752,558,1496,11494,22.0,8957,7.0,17.0,0.0,0.0,0.0,0.0,0.0,0.0,0.0,0.0,0.0,0.0,7887.0,-13761.0,-159.0,-6032.0,51244,0.0,0.0,0.0,0.2106783233159004,0.0
WIPRO,Mar 2017,55448,44128,11321.0,20.0,2623,594,2310,11039,23.0,8518,7.0,6.0,0.0,0.0,0.0,0.0,0.0,0.0,0.0,0.0,0.0,0.0,9277.0,-11770.0,-2275.0,-4767.0,55448,0.0,0.0,0.0,0.2041732794690521,0.0
WIPRO,Mar 2018,54487,44100,10387.0,19.0,2550,583,2112,10242,22.0,8003,7.0,6.0,0.0,0.0,0.0,0.0,0.0,0.0,0.0,0.0,0.0,0.0,8423.0,3595.0,-12998.0,-979.0,54487,0.0,0.0,0.0,0.1906326279663039,0.0
WIPRO,Mar 2019,59019,47406,11613.0,20.0,2614,738,1947,11542,22.0,9018,7.0,7.0,0.0,0.0,0.0,0.0,0.0,0.0,0.0,0.0,0.0,0.0,11632.0,5065.0,-4937.0,11760.0,59019,0.0,0.0,0.0,0.196767142784527,0.0
WIPRO,Mar 2020,61138,48795,12342.0,20.0,2728,733,2086,12252,20.0,9772,9.0,6.0,0.0,0.0,0.0,0.0,0.0,0.0,0.0,0.0,0.0,0.0,10064.0,3593.0,-15100.0,-1442.0,61138,0.0,0.0,0.0,0.20187117668225982,0.0
WIPRO,Mar 2021,61935,47164,14771.0,24.0,2404,509,2763,13903,22.0,10868,10.0,5.0,0.0,0.0,0.0,0.0,0.0,0.0,0.0,0.0,0.0,0.0,14755.0,685.0,-12884.0,2556.0,61935,0.0,0.0,0.0,0.23849196738516187,0.0
WIPRO,Mar 2022,79312,62628,16684.0,21.0,2067,532,3078,15141,19.0,12243,11.0,27.0,0.0,0.0,0.0,0.0,0.0,0.0,0.0,0.0,0.0,0.0,11080.0,-22321.0,4659.0,-6583.0,79312,0.0,0.0,0.0,0.21035908815816018,0.0
WIPRO,Mar 2023,90488,73649,16839.0,19.0,2275,1008,3340,14766,23.0,11366,10.0,5.0,0.0,0.0,0.0,0.0,0.0,0.0,0.0,0.0,0.0,0.0,13060.0,-8169.0,-6088.0,-1197.0,90488,0.0,0.0,0.0,0.18609097338873662,0.0
WIPRO,Mar 2024,89760,73008,16752.0,19.0,2631,1255,3407,14721,25.0,11112,11.0,5.0,0.0,0.0,0.0,0.0,0.0,0.0,0.0,0.0,0.0,0.0,17622.0,1144.0,-18257.0,509.0,89760,0.0,0.0,0.0,0.18663101604278076,0.0
WIPRO,TTM,88792,71019,17773.0,20.0,3349,1431,3077,16615,0.0,12488,12.0,0.0,0.0,0.0,0.0,0.0,0.0,0.0,0.0,0.0,0.0,0.0,0.0,0.0,0.0,0.0,88792,0.0,0.0,0.0,0.20016442922785838,0.0
ZOMATO,Mar 2018,466,558,-92.0,-20.0,21,6,29,-107,0.0,-107,-3070.0,0.0,0.0,0.0,0.0,0.0,0.0,0.0,0.0,0.0,0.0,0.0,0.0,0.0,0.0,0.0,466,0.0,0.0,0.0,-0.19742489270386265,0.0
ZOMATO,Mar 2019,1313,3556,-2243.0,-171.0,1285,9,43,-1010,0.0,-1010,-28574.0,0.0,0.0,0.0,0.0,0.0,0.0,0.0,0.0,0.0,0.0,0.0,0.0,0.0,0.0,0.0,1313,0.0,0.0,0.0,-1.7083015993907082,0.0
ZOMATO,Mar 2020,2605,4909,-2305.0,-88.0,16,13,84,-2386,0.0,-2386,-70097.0,0.0,0.0,0.0,0.0,0.0,0.0,0.0,0.0,0.0,0.0,0.0,-2144.0,1740.0,359.0,-45.0,2605,0.0,0.0,0.0,-0.8848368522072937,0.0
ZOMATO,Mar 2021,1994,2461,-467.0,-23.0,-200,10,138,-815,0.0,-816,-23124.0,0.0,0.0,0.0,0.0,0.0,0.0,0.0,0.0,0.0,0.0,0.0,-1018.0,-5245.0,6402.0,139.0,1994,0.0,0.0,0.0,-0.2342026078234704,0.0
ZOMATO,Mar 2022,4192,6043,-1851.0,-44.0,793,12,150,-1220,0.0,-1222,-2.0,0.0,0.0,0.0,0.0,0.0,0.0,0.0,0.0,0.0,0.0,0.0,-693.0,-7971.0,8750.0,86.0,4192,0.0,0.0,0.0,-0.44155534351145037,0.0
ZOMATO,Mar 2023,7079,8290,-1211.0,-17.0,682,49,437,-1015,-4.0,-971,-1.0,0.0,0.0,0.0,0.0,0.0,0.0,0.0,0.0,0.0,0.0,0.0,-844.0,797.0,-127.0,-174.0,7079,0.0,0.0,0.0,-0.17106936007910722,0.0
ZOMATO,Mar 2024,12114,12071,43.0,0.0,846,72,526,291,-21.0,351,0.0,0.0,0.0,0.0,0.0,0.0,0.0,0.0,0.0,0.0,0.0,0.0,646.0,-348.0,-207.0,91.0,12114,0.0,0.0,0.0,0.003549612019151395,0.0
ZOMATO,TTM,17972,17321,651.0,4.0,944,118,716,761,0.0,663,1.0,0.0,0.0,0.0,0.0,0.0,0.0,0.0,0.0,0.0,0.0,0.0,0.0,0.0,0.0,0.0,17972,0.0,0.0,0.0,0.036223013576674824,0.0
ZYDUSLIFE,Mar 2013,6358,5228,1130.0,18.0,32,169,185,809,15.0,690,6.0,24.0,0.0,0.0,0.0,0.0,0.0,0.0,0.0,0.0,0.0,0.0,603.0,-682.0,286.0,207.0,6358,0.0,0.0,0.0,0.17772884554891474,0.0
ZYDUSLIFE,Mar 2014,7224,6021,1203.0,17.0,30,90,201,942,11.0,836,8.0,23.0,0.0,0.0,0.0,0.0,0.0,0.0,0.0,0.0,0.0,0.0,903.0,-438.0,-529.0,-64.0,7224,0.0,0.0,0.0,0.1665282392026578,0.0
ZYDUSLIFE,Mar 2015,8651,6896,1756.0,20.0,45,68,287,1446,18.0,1188,11.0,21.0,0.0,0.0,0.0,0.0,0.0,0.0,0.0,0.0,0.0,0.0,994.0,-465.0,-351.0,178.0,8651,0.0,0.0,0.0,0.2029823141833314,0.0
ZYDUSLIFE,Mar 2016,9427,7095,2332.0,25.0,112,53,292,2099,8.0,1964,19.0,17.0,0.0,0.0,0.0,0.0,0.0,0.0,0.0,0.0,0.0,0.0,1894.0,-860.0,-935.0,99.0,9427,0.0,0.0,0.0,0.24737456242707118,0.0
ZYDUSLIFE,Mar 2017,9376,7474,1902.0,20.0,127,45,373,1612,8.0,1517,15.0,22.0,0.0,0.0,0.0,0.0,0.0,0.0,0.0,0.0,0.0,0.0,1312.0,-2872.0,2316.0,756.0,9376,0.0,0.0,0.0,0.20285836177474403,0.0
ZYDUSLIFE,Mar 2018,11905,9074,2831.0,24.0,111,91,539,2312,24.0,1810,17.0,20.0,0.0,0.0,0.0,0.0,0.0,0.0,0.0,0.0,0.0,0.0,919.0,-974.0,52.0,-3.0,11905,0.0,0.0,0.0,0.2377992440151197,0.0
ZYDUSLIFE,Mar 2019,13166,10174,2991.0,23.0,183,194,599,2382,22.0,1899,18.0,19.0,0.0,0.0,0.0,0.0,0.0,0.0,0.0,0.0,0.0,0.0,1282.0,-3977.0,1885.0,-811.0,13166,0.0,0.0,0.0,0.22717605954731884,0.0
ZYDUSLIFE,Mar 2020,14253,11455,2798.0,20.0,-264,342,696,1495,21.0,1204,11.0,30.0,0.0,0.0,0.0,0.0,0.0,0.0,0.0,0.0,0.0,0.0,2932.0,-1004.0,-1528.0,399.0,14253,0.0,0.0,0.0,0.19630954886690521,0.0
ZYDUSLIFE,Mar 2021,14404,11013,3391.0,24.0,-231,159,670,2331,8.0,2185,21.0,17.0,0.0,0.0,0.0,0.0,0.0,0.0,0.0,0.0,0.0,0.0,3294.0,-837.0,-2548.0,-90.0,14404,0.0,0.0,0.0,0.23542071646764787,0.0
ZYDUSLIFE,Mar 2022,15110,11768,3342.0,22.0,2581,127,713,5084,10.0,4618,44.0,6.0,0.0,0.0,0.0,0.0,0.0,0.0,0.0,0.0,0.0,0.0,2104.0,-1018.0,-868.0,219.0,15110,0.0,0.0,0.0,0.22117802779616147,0.0
ZYDUSLIFE,Mar 2023,17237,13378,3860.0,22.0,-422,130,723,2585,23.0,2092,19.0,31.0,0.0,0.0,0.0,0.0,0.0,0.0,0.0,0.0,0.0,0.0,2689.0,1542.0,-4400.0,-170.0,17237,0.0,0.0,0.0,0.22393687996751174,0.0
ZYDUSLIFE,Mar 2024,19547,14163,5384.0,28.0,293,81,764,4832,20.0,3973,38.0,8.0,0.0,0.0,0.0,0.0,0.0,0.0,0.0,0.0,0.0,0.0,3228.0,-1492.0,-1810.0,-75.0,19547,0.0,0.0,0.0,0.27543868624341333,0.0
ZYDUSLIFE,TTM,21484,15205,6278.0,29.0,351,112,849,5668,0.0,4439,43.0,0.0,0.0,0.0,0.0,0.0,0.0,0.0,0.0,0.0,0.0,0.0,0.0,0.0,0.0,0.0,21484,0.0,0.0,0.0,0.29221746415937444,0.0
INDIGO,Mar 2013,9203,73,8348.0,855.0,9,296,86,993,21.0,787,25647.0,70.0,0.4,4.0,11.0,11.0,26.0,5.0,0.0,0.0,21.0,26.0,1741.0,-1890.0,36.0,-113.0,9203,4.4,178.86363636363635,2.5,0.907095512332935,353.96153846153845
INDIGO,Mar 2014,11117,123,10684.0,433.0,4,391,226,475,0.0,474,15454.0,80.0,0.4,4.0,14.0,16.0,35.0,10.0,0.0,0.0,25.0,35.0,1595.0,-2914.0,1285.0,-34.0,11117,4.4,107.72727272727272,3.1818181818181817,0.9610506431591257,317.62857142857143
INDIGO,Mar 2015,13925,150,12022.0,1904.0,14,395,302,1847,29.0,1304,42481.0,83.0,0.4,26.0,4.0,30.0,61.0,12.0,1.0,1.0,46.0,61.0,2384.0,-940.0,-1308.0,136.0,13925,26.4,49.3939393939394,0.15151515151515152,0.8633393177737881,228.27868852459017
INDIGO,Mar 2016,16140,350,12976.0,3164.0,20,515,505,2824,30.0,1986,55.0,27.0,0.4,129.0,8.0,58.0,196.0,13.0,0.0,124.0,58.0,196.0,3116.0,-1337.0,-1220.0,559.0,16140,129.4,15.34775888717156,0.061823802163833076,0.8039653035935563,82.34693877551021
INDIGO,Mar 2017,18580,406,16362.0,2219.0,12,789,457,2144,23.0,1659,46.0,74.0,29.0,69.0,52.0,97.0,246.0,91.0,2.0,16.0,137.0,246.0,3782.0,-3033.0,-1401.0,-652.0,18580,98.0,16.928571428571427,0.5306122448979592,0.8806243272335845,75.52845528455285
INDIGO,Mar 2018,23021,413,19991.0,3030.0,13,947,437,3127,28.0,2242,58.0,10.0,29.0,71.0,54.0,125.0,279.0,95.0,2.0,15.0,167.0,279.0,3903.0,-4152.0,766.0,518.0,23021,100.0,22.42,0.54,0.868381043395161,82.51254480286738
INDIGO,Mar 2019,28497,563,28648.0,-151.0,-1,1325,760,-149,-99.0,156,4.0,123.0,29.0,100.0,88.0,156.0,373.0,149.0,4.0,20.0,201.0,373.0,3160.0,-2526.0,-592.0,42.0,28497,129.0,1.2093023255813953,0.6821705426356589,1.0052988033828123,76.39946380697052
INDIGO,Mar 2020,35756,1902,31687.0,4069.0,11,1531,3974,-275,-10.0,-248,-6.0,0.0,29.0,150.0,75.0,169.0,422.0,201.0,1.0,21.0,199.0,422.0,6943.0,-4573.0,-2407.0,-37.0,35756,179.0,-1.3854748603351956,0.41899441340782123,0.8862009173285602,84.72985781990522
INDIGO,Mar 2021,14641,2170,14638.0,2.0,0,1036,4699,-5830,0.0,-6171,-151.0,0.0,48.0,516.0,9.0,239.0,811.0,249.0,3.0,50.0,509.0,811.0,-1620.0,3228.0,-1775.0,-168.0,14641,564.0,-10.941489361702128,0.015957446808510637,0.9997950959633904,18.053020961775587
INDIGO,Mar 2022,25931,2386,25373.0,558.0,2,725,5068,-6171,0.0,-317,-160.0,0.0,48.0,602.0,12.0,258.0,920.0,253.0,51.0,173.0,442.0,920.0,2064.0,1527.0,-3088.0,503.0,25931,650.0,-0.4876923076923077,0.018461538461538463,0.9784813543635031,28.18586956521739
INDIGO,Mar 2023,54446,3168,47926.0,6521.0,12,1431,5101,-317,0.0,-317,-8.0,0.0,48.0,729.0,12.0,274.0,1062.0,265.0,251.0,132.0,414.0,1062.0,12703.0,-4039.0,-8432.0,232.0,54446,777.0,-0.40797940797940796,0.015444015444015444,0.8802483194357712,51.26741996233522
INDIGO,Mar 2024,68904,4805,52573.0,16331.0,24,2326,6406,8043,-2.0,8167,212.0,0.0,48.0,867.0,17.0,290.0,1222.0,548.0,15.0,188.0,471.0,1222.0,21183.0,-11759.0,-9979.0,-555.0,68904,915.0,8.92568306010929,0.018579234972677595,0.7629890862649483,56.38625204582652
INDIGO,TTM,76476,0,60568.0,15908.0,21,3034,7955,6182,0.0,6074,157.0,0.0,0.0,0.0,0.0,0.0,0.0,0.0,0.0,0.0,0.0,0.0,0.0,0.0,0.0,0.0,76476,0.0,0.0,0.0,0.7919870286102829,0.0
