company_name_x,year,value_x,company_id,company_name_y,value_y,company_name,value,roe,debt_to_equity,operating_profit_margin,cfo,fcf
ABB,0,61,0,ABB,136,ABB,61,13.925403104800065,1.210087833369046,22.56839251847923,995.8459778746698,339.12137413932385
ABB,1,62,0,ABB,137,ABB,62,8.500977448788431,0.2341080015871324,23.313789139783793,714.766328797346,199.88513911276573
ABB,2,63,0,ABB,138,ABB,63,7.473143515447472,1.7068330532557048,28.65988122445462,826.1186956927901,51.375745769372024
ABB,3,64,0,ABB,139,ABB,64,5.9698388207319875,1.6545041111832517,25.384048377794322,404.9918124674223,92.5635488148776
ABB,4,65,0,ABB,140,ABB,65,5.242376132250612,1.608648635591761,17.936784670233017,774.6480111357387,479.51365874316
ABB,5,66,0,ABB,141,ABB,66,7.858076488113904,1.6366044413569565,20.515467082257704,732.7166723474703,120.57466809359052
ABB,6,67,0,ABB,142,ABB,67,10.908169786898736,0.9926079109618409,13.71738307743775,694.3408967535563,294.83869199527976
ABB,7,68,0,ABB,143,ABB,68,20.086060335940253,1.9075005107590344,15.940256934529334,371.64795013256474,471.8942688296083
ABB,8,69,0,ABB,144,ABB,69,17.673347810473516,1.1831398644390376,16.77810743999261,732.3739700156444,143.412476883092
ABB,9,70,0,ABB,145,ABB,70,23.214616369650145,0.3831408860120553,22.81032514284184,959.5444479711189,271.86772820498646
ABB,10,71,0,ABB,146,ABB,71,9.741477299765812,1.3199107462475044,29.39467668658456,474.28561834789696,141.20764502312988
ABB,11,72,0,ABB,147,ABB,72,22.397838263029037,0.988765722572619,12.56685699283498,627.006681870393,201.27289377467542
ABB,12,73,0,ABB,148,ABB,73,12.116698368685263,0.366857043474343,10.79320655902488,537.040163572046,395.8903975693106
ADANIENSOL,0,86,1,ADANIENSOL,149,ADANIENSOL,84,24.60378204916663,1.8783002004477778,16.673140563076664,931.4535718418024,163.82861456727423
ADANIENSOL,1,87,1,ADANIENSOL,150,ADANIENSOL,85,20.39856981343258,1.2401466008139161,19.832432764094996,774.461785791339,433.9375430954571
ADANIENSOL,2,88,1,ADANIENSOL,151,ADANIENSOL,86,9.154547277318992,0.8964458711489933,26.41756644991191,796.7673892108791,164.3380566669792
ADANIENSOL,3,89,1,ADANIENSOL,152,ADANIENSOL,87,18.78256023092635,1.3981172809670295,24.542534613193453,933.6204146688464,362.02757596545354
ADANIENSOL,4,90,1,ADANIENSOL,153,ADANIENSOL,88,11.361643677299739,1.2303119101412583,28.170944814352595,451.73474709957793,316.62314530673956
ADANIENSOL,5,91,1,ADANIENSOL,154,ADANIENSOL,89,11.668713241493817,1.7009763697158762,15.592781205739731,804.8448755009898,482.6316837218869
ADANIENSOL,6,92,1,ADANIENSOL,155,ADANIENSOL,90,11.407037578122392,1.716929689843854,17.04770699905152,357.3259072533154,54.75993179594785
ADANIENSOL,7,93,1,ADANIENSOL,156,ADANIENSOL,91,16.845808575860275,1.7550181106728766,24.70172021324459,997.4466685480858,168.09457389128912
ADANIENSOL,8,94,1,ADANIENSOL,157,ADANIENSOL,92,10.218459946644813,0.49069338632963033,25.786686377271856,601.6615636017352,306.07096978693454
ADANIENSOL,9,95,1,ADANIENSOL,158,ADANIENSOL,93,15.362351167528711,0.9789912544851698,13.21827987830767,346.33625816753994,162.58443778647558
ADANIENSOL,10,96,1,ADANIENSOL,159,ADANIENSOL,94,11.349079151583334,1.308058473323968,14.41810822480273,741.2817483890093,273.35583667760295
ADANIENSOL,11,97,1,ADANIENSOL,160,ADANIENSOL,Mar 2014,22.49059949853127,1.4168553673556339,24.175719525259343,231.77095466481714,238.01275599330688
ADANIENT,0,98,2,ADANIENT,170,ADANIENT,95,9.868834211990665,1.858401253989962,11.410562844561703,496.5128950596823,274.4034151207017
ADANIENT,1,99,2,ADANIENT,171,ADANIENT,96,24.556651621103892,0.600889739143365,23.955884594870128,691.3163350564924,305.45578281384513
ADANIENT,2,100,2,ADANIENT,172,ADANIENT,97,12.444853555738097,1.981630095643347,11.877688291382146,259.35330660091165,430.23928642634934
ADANIENT,3,101,2,ADANIENT,173,ADANIENT,98,18.143548757773203,0.08064527307795144,10.351379834454939,179.61224453449083,371.7569452524631
ADANIENT,4,102,2,ADANIENT,174,ADANIENT,99,8.678255154234682,1.6093955561222926,20.13205633222136,677.2021534716687,107.38020571938839
ADANIENT,5,103,2,ADANIENT,175,ADANIENT,100,22.12522080013524,1.268349385056896,12.10237423148142,184.82605159484166,51.5128669250573
ADANIENT,6,104,2,ADANIENT,176,ADANIENT,101,17.733107675645478,1.0092877704010472,20.251795402776374,654.9629204788002,121.85483804622586
ADANIENT,7,105,2,ADANIENT,177,ADANIENT,102,9.958170442671983,0.36913224056753835,11.178332823684087,343.0305969749399,361.06519450855734
ADANIENT,8,106,2,ADANIENT,178,ADANIENT,103,22.639704081549535,1.6043489756260432,10.707035300285995,409.52528194580117,418.26807430683704
ADANIENT,9,107,2,ADANIENT,179,ADANIENT,104,6.489177350800306,1.6663488882481476,22.188015676842383,793.107315064132,269.37883390848054
ADANIENT,10,108,2,ADANIENT,180,ADANIENT,105,21.617036837227396,0.7413590528429868,16.613339699371984,892.7116973471507,165.03277085157254
ADANIENT,11,109,2,ADANIENT,181,ADANIENT,106,19.49996193043031,0.7355483853349587,11.288273011112294,428.23092662454553,114.75050166972164
ADANIENT,12,110,2,ADANIENT,182,ADANIENT,Mar 2013,13.231165069849201,0.4290834857039878,14.309496830706468,310.3575667200698,146.3193491220611
ADANIGREEN,0,111,3,ADANIGREEN,192,ADANIGREEN,107,7.8875254801978345,0.01944848651840969,22.61764402105436,672.1082348296611,293.48462765213094
ADANIGREEN,1,112,3,ADANIGREEN,193,ADANIGREEN,108,8.95082028994558,0.10023687139802306,19.090646857337138,602.8927934564384,322.3701439610502
ADANIGREEN,2,113,3,ADANIGREEN,194,ADANIGREEN,109,21.301419813145593,0.6105800520912248,22.988216038758235,583.7069922051862,392.415694074738
ADANIGREEN,3,114,3,ADANIGREEN,195,ADANIGREEN,110,15.769573140598393,1.6856484500543782,24.72911449925773,337.21651311277697,161.72584894286453
ADANIGREEN,4,115,3,ADANIGREEN,196,ADANIGREEN,111,18.28464260930781,1.670425289731653,22.443318496206352,715.7816407168992,320.31270520850546
ADANIGREEN,5,116,3,ADANIGREEN,197,ADANIGREEN,112,6.656498753036804,1.282741327964612,16.278223999445903,971.7709420158789,482.31947044501356
ADANIGREEN,6,117,3,ADANIGREEN,198,ADANIGREEN,113,11.62299787862403,0.3131775729100841,14.71221894578726,341.1105682610838,478.25643946149864
ADANIGREEN,7,118,3,ADANIGREEN,199,ADANIGREEN,114,16.656743818899958,1.465886679842933,16.979623408238506,924.3146716573308,100.22780756227277
ADANIGREEN,8,119,3,ADANIGREEN,200,ADANIGREEN,Mar 2017,15.522443213630414,0.045521515128971624,12.718798687617248,129.37766808188053,484.9845049968609
ADANIPORTS,0,120,4,ADANIPORTS,201,ADANIPORTS,115,22.730797731696548,1.2507266861600757,28.62713710020603,851.264872779844,398.81703617988217
ADANIPORTS,1,121,4,ADANIPORTS,202,ADANIPORTS,116,10.120700911798746,0.08505997784766595,28.52548726377674,570.683137352793,487.72957446470883
ADANIPORTS,2,122,4,ADANIPORTS,203,ADANIPORTS,117,20.057965630530532,1.1792582511560237,14.664286099769155,689.9380062614589,380.86529239363324
ADANIPORTS,3,123,4,ADANIPORTS,204,ADANIPORTS,118,8.252631900350938,0.14264604958741534,22.983236693376448,958.6467595155412,476.4992760041928
ADANIPORTS,4,124,4,ADANIPORTS,205,ADANIPORTS,119,23.716732914985986,1.1124427502417171,11.33213868822757,950.262534621648,82.96056220306596
ADANIPORTS,5,125,4,ADANIPORTS,206,ADANIPORTS,120,19.560933884949137,1.9603741427491523,15.133148171711452,112.08107779533867,96.08265140850897
ADANIPORTS,6,126,4,ADANIPORTS,207,ADANIPORTS,121,13.973948577609857,1.1374719622756875,26.434628042173397,339.72567022490955,69.8089229883733
ADANIPORTS,7,127,4,ADANIPORTS,208,ADANIPORTS,122,11.087428605533233,0.8617440482125129,28.98982907357762,127.5076304660662,392.56596516333326
ADANIPORTS,8,128,4,ADANIPORTS,209,ADANIPORTS,123,9.360380587052932,1.6849135230979781,11.300659527906172,712.18737623415,315.70654186323657
ADANIPORTS,9,129,4,ADANIPORTS,210,ADANIPORTS,124,12.705456894943017,1.0747618913358596,22.278595153684222,827.5016678390493,256.5639201438173
ADANIPORTS,10,130,4,ADANIPORTS,211,ADANIPORTS,125,13.109304093412854,1.6337121745360217,14.21164349740446,699.9521182528522,319.8483360469001
ADANIPORTS,11,131,4,ADANIPORTS,212,ADANIPORTS,126,9.396912275282736,0.9686122092537011,12.924867789816318,502.6934168013776,60.86628850896751
ADANIPORTS,12,132,4,ADANIPORTS,213,ADANIPORTS,Mar 2013,20.21515492025287,1.077486005771869,16.147720163950527,457.289297449571,149.52785402454828
ADANIPORTS,13,133,4,ADANIPORTS,Mar 2013,ADANIPORTS,Mar 2014,16.70599927821123,1.2124130654753056,20.495500924625375,729.9951320492509,209.04508789686236
ADANIPORTS,14,134,4,ADANIPORTS,Mar 2014,ADANIPORTS,Mar 2015,8.123310623969637,1.4324247263568886,13.759984409104774,127.89831485296192,347.7303304198434
ADANIPORTS,15,135,4,ADANIPORTS,Mar 2015,ADANIPORTS,Mar 2016,20.87436186331754,1.8790820988853376,23.965785980227885,995.6856760953242,473.97693993137017
ADANIPORTS,16,136,4,ADANIPORTS,Mar 2016,ADANIPORTS,Mar 2017,22.627107669252847,0.24874781182743155,20.731791161934133,499.7563751044164,166.6514265219124
ADANIPORTS,17,137,4,ADANIPORTS,Mar 2017,ADANIPORTS,Mar 2018,12.471348535264728,0.393933015905076,12.30620029509582,599.4904773060646,418.65939403948107
ADANIPORTS,18,138,4,ADANIPORTS,Mar 2018,ADANIPORTS,Mar 2019,17.456669430948658,0.18216170524561415,16.44329387898661,958.2697693912204,192.01181866635974
ADANIPORTS,19,139,4,ADANIPORTS,Mar 2019,ADANIPORTS,Mar 2020,14.79679921113955,1.114432711370929,25.459626028222132,916.3038912440386,82.5907521167669
ADANIPORTS,20,140,4,ADANIPORTS,Mar 2020,ADANIPORTS,Mar 2021,13.896867934409563,0.9112334337500485,10.019327173671256,178.72738435179696,474.4566817678504
ADANIPORTS,21,141,4,ADANIPORTS,Mar 2021,ADANIPORTS,Mar 2022,5.7023205312431635,0.1352132835928599,19.592037685507893,649.2537461990387,229.33736147826093
ADANIPORTS,22,142,4,ADANIPORTS,Mar 2022,ADANIPORTS,Mar 2023,21.71691133903279,0.9372415250171635,28.42773370506268,232.98918436935722,239.06102051043845
ADANIPORTS,23,143,4,ADANIPORTS,Mar 2023,ADANIPORTS,Mar 2024,18.45137667630702,0.007755887199454303,28.302006524061113,264.8178883760147,308.88096233526505
ADANIPORTS,24,144,4,ADANIPORTS,Mar 2024,ADANIPORTS,1379.0,20.05818654477595,1.4872458846871817,17.531036911045835,109.94309067720404,363.9479634549641
ADANIPORTS,25,145,4,ADANIPORTS,Sep 2024,ADANIPORTS,1132.0,10.04087272649014,0.16859005352478218,15.354804403835246,928.8161532744119,61.86144962098126
ADANIPOWER,0,146,5,ADANIPOWER,214,ADANIPOWER,127,18.865833178827202,1.813615439214336,12.906377842572214,741.2882002704148,99.90716398867205
ADANIPOWER,1,147,5,ADANIPOWER,215,ADANIPOWER,128,16.46205213365711,0.6776267226433927,26.65280810993676,111.22163247015942,121.6079947293812
ADANIPOWER,2,148,5,ADANIPOWER,216,ADANIPOWER,129,9.821088966901355,0.043366642279065504,28.92080579913049,360.1710545483871,146.69546825276254
ADANIPOWER,3,149,5,ADANIPOWER,217,ADANIPOWER,130,12.687327317686062,1.9624906484727431,17.716520901283037,693.6184547540956,337.8524125759018
ADANIPOWER,4,150,5,ADANIPOWER,218,ADANIPOWER,131,24.647936771503783,1.4073190674074287,24.63336194472998,170.46522286827783,110.77776267109326
ADANIPOWER,5,151,5,ADANIPOWER,219,ADANIPOWER,132,18.47785575212619,1.0776606469953438,14.329998800243311,714.0384473526943,50.90667945735347
ADANIPOWER,6,152,5,ADANIPOWER,220,ADANIPOWER,133,15.75816191300812,1.363506721117058,12.996052075894799,216.60275266657567,138.99446009833386
ADANIPOWER,7,153,5,ADANIPOWER,221,ADANIPOWER,134,23.675395735384953,1.1408271873575277,15.58581142985015,967.1719276510055,350.38638411432083
ADANIPOWER,8,154,5,ADANIPOWER,222,ADANIPOWER,135,12.46769357186086,1.207566410414277,15.751606633017008,918.7640882102652,187.76844264833565
ADANIPOWER,9,155,5,ADANIPOWER,223,ADANIPOWER,136,22.53536051465057,1.7383108444523374,13.003283426258294,264.7988317732753,80.21020913465871
ADANIPOWER,10,156,5,ADANIPOWER,224,ADANIPOWER,137,16.66457103701017,0.23768939593547622,15.869898162744647,427.70649084973866,396.661032165857
ADANIPOWER,11,157,5,ADANIPOWER,225,ADANIPOWER,138,10.403926329255125,0.2517915039585752,25.86746724470875,793.0263824283397,391.03425350279554
ADANIPOWER,12,158,5,ADANIPOWER,226,ADANIPOWER,Mar 2013,21.21222068264306,0.7939449744034612,18.98736172134865,438.319420783023,336.0481328115715
AMBUJACEM,0,159,6,AMBUJACEM,227,AGTL,189,21.964017194103814,1.2952687974321295,19.265290242411503,759.6591410775759,93.77811291688397
AMBUJACEM,1,160,6,AMBUJACEM,228,AGTL,190,7.031644476379151,1.0587492067757072,25.045989047227806,428.8764112313908,472.86292200678645
AMBUJACEM,2,161,6,AMBUJACEM,229,AGTL,191,20.50505474634671,0.8936174382120659,20.123637730855314,539.7225623440022,329.46471180961464
AMBUJACEM,3,162,6,AMBUJACEM,230,AGTL,192,5.549814733327889,0.13732438808190195,15.759353464038163,400.35451852889236,420.08039022538765
AMBUJACEM,4,163,6,AMBUJACEM,231,AGTL,193,19.11958885480113,1.814241856246244,14.279827333786963,847.7882017584103,269.22190066914675
AMBUJACEM,5,164,6,AMBUJACEM,232,AGTL,194,15.560810182803984,0.16568139246899238,25.194510906284435,794.074140305204,208.83115153030943
AMBUJACEM,6,165,6,AMBUJACEM,233,AGTL,195,5.384132570511515,0.8302683086051752,28.13840809327806,313.8996259983388,166.7391951695201
AMBUJACEM,7,166,6,AMBUJACEM,234,AGTL,Mar 2018,19.58849252806028,0.2520558968881663,28.66746166524829,778.365933086318,187.34320540264346
AMBUJACEM,8,167,6,AMBUJACEM,235,AGTL,Mar 2019,5.029893152570828,1.120560709643067,17.896351020985588,291.06643206315755,370.7709591738714
AMBUJACEM,9,168,6,AMBUJACEM,236,AGTL,Mar 2020,8.708339328052613,1.5410664103011904,15.368909014459923,469.2598242702689,100.4497434879764
AMBUJACEM,10,169,6,AMBUJACEM,237,AGTL,Mar 2021,23.867451362986483,0.3756615199407203,14.787387327512917,179.5954973465428,443.75027263622354
AMBUJACEM,11,170,6,AMBUJACEM,238,AGTL,Mar 2022,13.842082878752278,1.3863901596440142,19.93656778728134,839.8715782999446,380.0510652876794
AMBUJACEM,12,171,6,AMBUJACEM,239,AGTL,Mar 2023,16.870268405343438,1.7542140815466656,21.98583624921707,654.201152519106,495.2213148819357
APOLLOHOSP,0,172,7,APOLLOHOSP,240,AMBUJACEM,139,18.09117184191468,0.7063907302680306,28.462750702944504,847.4866425712901,83.48001078846768
APOLLOHOSP,1,173,7,APOLLOHOSP,241,AMBUJACEM,140,11.067079416511064,0.3456304636292462,17.635714875945915,855.7720235713682,287.7029414977465
APOLLOHOSP,2,174,7,APOLLOHOSP,242,AMBUJACEM,141,22.400667453361685,0.3298723523993927,11.893839502263772,343.97322141410166,440.5224894990803
APOLLOHOSP,3,175,7,APOLLOHOSP,243,AMBUJACEM,142,13.232838620893311,1.874007781397722,23.267749907671767,605.3328126574863,372.43679877156654
APOLLOHOSP,4,176,7,APOLLOHOSP,244,AMBUJACEM,143,24.01435646772348,1.6496806533308457,17.06393249001195,114.31989602833261,409.80922105228177
APOLLOHOSP,5,177,7,APOLLOHOSP,245,AMBUJACEM,144,8.830113297942443,1.306076903829694,21.710767598021217,599.6806770735694,148.09649158230252
APOLLOHOSP,6,178,7,APOLLOHOSP,246,AMBUJACEM,145,11.149003739052283,0.9125828462476038,24.782373532948355,643.7474273162351,360.2857347852526
APOLLOHOSP,7,179,7,APOLLOHOSP,247,AMBUJACEM,146,18.997706847646832,0.8036316779509542,17.06187742375313,235.32072605992352,495.3806901029859
APOLLOHOSP,8,180,7,APOLLOHOSP,248,AMBUJACEM,147,9.270361227403923,0.7069638008057662,14.847589776854715,661.7072871593572,85.21617906112917
APOLLOHOSP,9,181,7,APOLLOHOSP,249,AMBUJACEM,148,10.594524595472857,0.9635963103977561,25.46078955548154,960.0208798443714,255.6259150037236
APOLLOHOSP,10,182,7,APOLLOHOSP,250,AMBUJACEM,149,24.80331173716729,1.5168997217322298,16.418917844953395,115.05816720667283,473.7538143043364
APOLLOHOSP,11,183,7,APOLLOHOSP,251,AMBUJACEM,150,22.75001615809517,1.1603133608761378,19.02979949415721,181.70685362594884,490.0285369693683
APOLLOHOSP,12,184,7,APOLLOHOSP,252,AMBUJACEM,Dec 2012,6.406335749994973,1.6260239342651028,17.32630883831606,759.5320716870884,66.23031502328448
ASIANPAINT,0,185,8,ASIANPAINT,253,APOLLOHOSP,151,12.121766083243184,0.08718312589856403,24.438515169841203,944.4852850979943,381.73895317704336
ASIANPAINT,1,186,8,ASIANPAINT,254,APOLLOHOSP,152,9.163896620780667,0.70308016712449,19.94747412898923,619.4891688984482,430.94797913227575
ASIANPAINT,2,187,8,ASIANPAINT,255,APOLLOHOSP,153,19.400218375961654,1.4344692693234702,15.29853008195843,948.930413696823,317.4260019865188
ASIANPAINT,3,188,8,ASIANPAINT,256,APOLLOHOSP,154,9.25827911088884,0.7972730853693644,23.658553377330318,821.428245893771,336.79582353501064
ASIANPAINT,4,189,8,ASIANPAINT,257,APOLLOHOSP,155,13.619487505384047,0.18117820645669713,11.108883966620002,107.78235635118358,452.3699969231015
ASIANPAINT,5,190,8,ASIANPAINT,258,APOLLOHOSP,156,15.362693689385658,1.5063562771035908,11.6148721293963,625.3152629875408,445.885832552594
ASIANPAINT,6,191,8,ASIANPAINT,259,APOLLOHOSP,157,15.997200596733352,0.4811241251589833,15.817768655841729,721.0646857981956,293.99602229580955
ASIANPAINT,7,192,8,ASIANPAINT,260,APOLLOHOSP,158,9.178621839454696,0.4472713782773574,11.268181652925158,945.3255507571266,135.9394994813506
ASIANPAINT,8,193,8,ASIANPAINT,261,APOLLOHOSP,159,20.69115266432174,1.3691823500789495,19.99427767548711,970.415823896191,331.7312666551239
ASIANPAINT,9,194,8,ASIANPAINT,262,APOLLOHOSP,160,5.2850310408782715,1.1415709111010257,29.58868989419107,999.7574723892743,211.4673602209351
ASIANPAINT,10,195,8,ASIANPAINT,263,APOLLOHOSP,161,12.968573312623345,0.5892054896369379,19.396494511176748,642.7011796039843,402.74328300093816
ASIANPAINT,11,196,8,ASIANPAINT,264,APOLLOHOSP,162,16.518182829786795,1.2053585822874513,25.299048972663176,524.0615510422238,334.6946229040876
ASIANPAINT,12,197,8,ASIANPAINT,265,APOLLOHOSP,Mar 2013,15.644433217409198,1.3647590921068693,20.801908816949904,394.61147918566905,252.19491216820705
ATGL,0,198,9,ATGL,279,ASIANPAINT,163,8.227761891549296,1.528741096905797,18.604821264682812,226.13305765509128,102.9280485815523
ATGL,1,199,9,ATGL,280,ASIANPAINT,164,23.798905774604254,1.3974668593959632,22.856338826267226,634.7295393248554,427.9807385261034
ATGL,2,200,9,ATGL,281,ASIANPAINT,165,17.23860341112981,0.11614427990517306,22.818338388465598,959.3578966783965,128.75575491037017
ATGL,3,201,9,ATGL,282,ASIANPAINT,166,19.419466328455172,0.7007133123252134,20.962957319764737,735.7470415442056,145.13425878654766
ATGL,4,202,9,ATGL,283,ASIANPAINT,167,8.841284659791766,0.7323030281914222,21.215731749128164,406.9586153727645,147.21934409412
ATGL,5,203,9,ATGL,284,ASIANPAINT,168,22.544274012035956,1.0365109073684624,28.289257514455024,551.5430196433007,94.19343332853535
ATGL,6,204,9,ATGL,285,ASIANPAINT,169,16.81482304995905,0.6964511819033112,20.492147470233153,249.018752471308,491.8917005430702
ATGL,7,205,9,ATGL,286,ASIANPAINT,170,7.714838790099172,0.947529978139718,20.19769914633133,594.9787958543145,87.82729000538527
BAJAJ-AUTO,0,206,11,BAJAJ-AUTO,299,BAJAJ-AUTO,208,8.847854492581085,1.342949872675741,25.093529833009768,830.1742032139242,436.4919092323668
BAJAJ-AUTO,1,207,11,BAJAJ-AUTO,300,BAJAJ-AUTO,209,7.0328354073864885,1.1628936405563046,14.332153159297775,137.05353700579337,246.40097342058942
BAJAJ-AUTO,2,208,11,BAJAJ-AUTO,301,BAJAJ-AUTO,210,22.232726121683804,1.5048664783559629,10.150803052614005,738.7364983189422,497.13114331354063
BAJAJ-AUTO,3,209,11,BAJAJ-AUTO,302,BAJAJ-AUTO,211,5.885081661424525,0.2700550916817406,27.36221160188577,672.413867319455,416.2020893605423
BAJAJ-AUTO,4,210,11,BAJAJ-AUTO,303,BAJAJ-AUTO,212,20.82813286392978,1.7799858533004973,10.612334243825165,974.1257143607762,246.17908416853223
BAJAJ-AUTO,5,211,11,BAJAJ-AUTO,304,BAJAJ-AUTO,213,16.065006135759262,0.999884293492673,10.443475256172727,198.07855304634316,467.2147151236402
BAJAJ-AUTO,6,212,11,BAJAJ-AUTO,305,BAJAJ-AUTO,214,22.950279444258168,0.8481083448334621,23.22470669352955,124.91395466709821,312.7644709351085
BAJAJ-AUTO,7,213,11,BAJAJ-AUTO,306,BAJAJ-AUTO,215,19.894321315938754,1.9313226330103375,16.35960720386502,153.1089508505412,57.51502683166691
BAJAJ-AUTO,8,214,11,BAJAJ-AUTO,307,BAJAJ-AUTO,216,16.696589600602678,1.6651963900258948,28.078184101768468,777.6810171698635,120.49377221590635
BAJAJ-AUTO,9,215,11,BAJAJ-AUTO,308,BAJAJ-AUTO,217,23.3978978391171,1.0539149125471283,14.88796265400609,311.4465138118502,432.76298006773203
BAJAJ-AUTO,10,216,11,BAJAJ-AUTO,309,BAJAJ-AUTO,218,14.406755714357423,0.4062812384397656,25.78370285036909,318.4921877851029,64.98291093429832
BAJAJ-AUTO,11,217,11,BAJAJ-AUTO,310,BAJAJ-AUTO,219,23.760884443274094,1.737931753447567,26.438194499009285,235.95270180352287,400.4931662839257
BAJAJ-AUTO,12,218,11,BAJAJ-AUTO,311,BAJAJ-AUTO,220,12.117501397725963,0.6984021272651408,17.514032684029154,544.0470212429555,455.10940521535827
AXISBANK,0,219,10,AXISBANK,287,AXISBANK,196,10.968009589796775,1.155049376327036,29.206797707769347,955.9635761595304,454.8900951323312
AXISBANK,1,220,10,AXISBANK,288,AXISBANK,197,6.297304705960915,1.4264713077128035,26.928427074483587,939.6750455362231,412.3204808670459
AXISBANK,2,221,10,AXISBANK,289,AXISBANK,198,21.09479618649903,0.6122105006940548,10.586944839659463,968.5840115536315,72.77551188604572
AXISBANK,3,222,10,AXISBANK,290,AXISBANK,199,9.206503161155464,0.9053063585877439,20.075461260383495,784.2282043299525,310.56851918934865
AXISBANK,4,223,10,AXISBANK,291,AXISBANK,200,20.50529819539355,1.9163855431056014,24.891782408023452,335.9972137237281,415.8310671425327
AXISBANK,5,224,10,AXISBANK,292,AXISBANK,201,13.112307084731999,0.5070208746385667,29.830149342992666,549.5421845691678,422.3378404206479
AXISBANK,6,225,10,AXISBANK,293,AXISBANK,202,22.732019291275265,1.9106565087976266,23.842497678797713,578.7266026608829,398.8978140911699
AXISBANK,7,226,10,AXISBANK,294,AXISBANK,203,17.113993880682635,0.14576127337163292,11.395366514117093,576.0569170702154,185.97145106682657
AXISBANK,8,227,10,AXISBANK,295,AXISBANK,204,15.792422231193106,1.270409590458129,11.854342423703017,923.981958122975,264.82911419927484
AXISBANK,9,228,10,AXISBANK,296,AXISBANK,205,23.266612104319073,0.44389751876781025,23.99942067084938,794.3883806775419,410.29777493897313
AXISBANK,10,229,10,AXISBANK,297,AXISBANK,206,22.578849253171313,0.6526543520206198,18.58476941348077,412.2108705241275,204.5360353100238
AXISBANK,11,230,10,AXISBANK,298,AXISBANK,207,23.140122274128537,0.08054895379870963,19.238821135783432,738.007192120407,408.8335141844819
AXISBANK,12,231,10,AXISBANK,Mar 2013,AXISBANK,Mar 2013,17.88352549465981,1.8261650421075395,13.042119500967932,997.6515235178061,189.0229287855042
BAJAJFINSV,0,232,12,BAJAJFINSV,312,BAJAJFINSV,232,22.52348958298743,0.6510710497643497,11.173222843778817,180.44091870560408,110.82944766218324
BAJAJFINSV,1,233,12,BAJAJFINSV,313,BAJAJFINSV,233,8.564310734722367,0.9921142888561956,23.99990545877439,100.38277645865988,473.9673667311157
BAJAJFINSV,2,234,12,BAJAJFINSV,314,BAJAJFINSV,234,5.838942197152528,1.6859357395849022,18.003560941382823,566.7710847092078,341.8182711575533
BAJAJFINSV,3,235,12,BAJAJFINSV,315,BAJAJFINSV,235,15.243336593924157,1.8052023299683084,14.402357737844651,933.7599484339686,200.18409619478075
BAJAJFINSV,4,236,12,BAJAJFINSV,316,BAJAJFINSV,236,14.295590673526295,0.10549294600931947,22.153382179765554,694.1923722551552,478.85117864840186
BAJAJFINSV,5,237,12,BAJAJFINSV,317,BAJAJFINSV,237,6.784861099785758,1.0459149059805353,18.506884746613686,814.1613179911402,263.4873402782723
BAJAJFINSV,6,238,12,BAJAJFINSV,318,BAJAJFINSV,238,21.629379486519316,1.2903799202762887,15.40146341072809,803.8667037758174,391.6561219959812
BAJAJFINSV,7,239,12,BAJAJFINSV,319,BAJAJFINSV,239,18.125013982735542,0.9839202034002199,29.026264585269434,310.9642405764398,274.52794895527467
BAJAJFINSV,8,240,12,BAJAJFINSV,320,BAJAJFINSV,240,7.71771187891688,1.4821937188697305,12.760512895487427,879.724888486588,201.3114888697338
BAJAJFINSV,9,241,12,BAJAJFINSV,321,BAJAJFINSV,241,14.758753879429483,0.007419314300326274,24.566216441471244,883.272933090231,450.7406889007277
BAJAJFINSV,10,242,12,BAJAJFINSV,322,BAJAJFINSV,242,5.480748862002855,1.1423511605567007,28.911090617087122,884.9087500980047,213.8533066466072
BAJAJFINSV,11,243,12,BAJAJFINSV,323,BAJAJFINSV,243,15.526092590781342,0.44108907441377676,14.48073412877011,656.7750080248217,185.88316658978988
BAJAJFINSV,12,244,12,BAJAJFINSV,324,BAJAJFINSV,Mar 2013,22.466215590181868,0.980366356560739,25.61060607136827,590.3675112533872,164.19878644404645
BAJAJHLDNG,0,245,13,BAJAJHLDNG,325,BAJAJHLDNG,244,7.96778881061644,0.41482109783139043,26.201363904534347,849.9845850948564,128.64616128843647
BAJAJHLDNG,1,246,13,BAJAJHLDNG,326,BAJAJHLDNG,245,15.178011153802057,1.9087777880497454,24.941723992276735,986.917195843166,353.2103493241077
BAJAJHLDNG,2,247,13,BAJAJHLDNG,327,BAJAJHLDNG,246,9.449143082292604,1.7824910106738507,15.538359655332908,856.3263792132475,78.78995966070521
BAJAJHLDNG,3,248,13,BAJAJHLDNG,328,BAJAJHLDNG,247,7.310526866477796,0.18983093444831178,29.659063043972157,867.2797537784191,249.5286208668727
BAJAJHLDNG,4,249,13,BAJAJHLDNG,329,BAJAJHLDNG,248,19.604067836605154,1.8326101291911867,13.849925815620827,415.4066756246295,257.47282312008224
BAJAJHLDNG,5,250,13,BAJAJHLDNG,330,BAJAJHLDNG,249,14.713731556293233,0.976413677709993,13.04996737128434,858.0135743668175,143.28578239689205
BAJAJHLDNG,6,251,13,BAJAJHLDNG,331,BAJAJHLDNG,250,24.839620630468573,0.7576290527116236,17.317313416341936,171.05222860427045,367.0170149344472
BAJAJHLDNG,7,252,13,BAJAJHLDNG,332,BAJAJHLDNG,251,14.529117298303088,0.7909519606117454,21.764070155888483,188.63357068507122,439.4852437558549
BAJAJHLDNG,8,253,13,BAJAJHLDNG,333,BAJAJHLDNG,252,12.24371811895946,1.2978757149744709,21.24749524208022,341.76845521006777,332.8906846366126
BAJAJHLDNG,9,254,13,BAJAJHLDNG,334,BAJAJHLDNG,253,17.682001598096395,0.606662192987578,26.34242955923658,620.646556710013,156.28479099105988
BAJAJHLDNG,10,255,13,BAJAJHLDNG,335,BAJAJHLDNG,254,5.02794131213162,0.3164131914051389,19.180159560478355,863.4425434595609,137.352603218684
BAJAJHLDNG,11,256,13,BAJAJHLDNG,336,BAJAJHLDNG,255,22.42529694380317,1.1300963344558277,12.76430337844834,263.90150460116115,256.11504473522837
BAJAJHLDNG,12,257,13,BAJAJHLDNG,337,BAJAJHLDNG,Mar 2013,5.120090762120739,1.9727405010669137,20.070239588602135,822.2635717095375,201.72012335402837
BAJFINANCE,0,258,14,BAJFINANCE,338,BAJFINANCE,256,24.270109556830427,0.15056055080240305,16.78715710378993,600.5304130695496,128.67694899555238
BAJFINANCE,1,259,14,BAJFINANCE,339,BAJFINANCE,257,21.125684105559777,0.8753772116181509,20.737221221333193,299.9669391551986,221.04187398116562
BAJFINANCE,2,260,14,BAJFINANCE,340,BAJFINANCE,258,18.47834170203626,0.5752622402963301,14.599275722711154,643.7700782284656,453.66796575185293
BAJFINANCE,3,261,14,BAJFINANCE,341,BAJFINANCE,259,19.994070181039483,0.3331161279008201,28.021368081836755,249.8674660163571,284.004600158229
BAJFINANCE,4,262,14,BAJFINANCE,342,BAJFINANCE,260,22.360463986301095,0.0783107734058297,18.72161293380774,328.0522009494406,318.6999856795079
BAJFINANCE,5,263,14,BAJFINANCE,343,BAJFINANCE,261,16.18130922637772,0.23414702286667466,20.2172285623374,516.9858214734004,147.6516564213265
BAJFINANCE,6,264,14,BAJFINANCE,344,BAJFINANCE,262,10.683887312906018,1.7752885708892456,24.44015286659318,424.5399780454599,419.5076871603386
BAJFINANCE,7,265,14,BAJFINANCE,345,BAJFINANCE,263,11.176330868595784,0.37954421185239084,21.39634149982424,821.6891089500018,120.71852759786141
BAJFINANCE,8,266,14,BAJFINANCE,346,BAJFINANCE,264,22.95286379404432,1.4004256629929668,11.477693782760669,783.6783645234893,282.96489449945375
BAJFINANCE,9,267,14,BAJFINANCE,347,BAJFINANCE,265,12.912944045609205,0.9616680048029134,10.709612387231486,675.1000833423378,340.18650968635814
BAJFINANCE,10,268,14,BAJFINANCE,348,BAJFINANCE,Mar 2015,7.952146574661385,1.6838828374838646,12.38560180944827,689.0678384583495,215.15617753924988
BANKBARODA,0,269,15,BANKBARODA,349,BANKBARODA,266,12.849784790200884,0.5516207417090047,14.03776151689236,237.07359779908305,345.48065705189106
BANKBARODA,1,270,15,BANKBARODA,350,BANKBARODA,267,11.711684325650047,0.5027102047218612,11.845154050400343,521.2689012823798,212.05283559032196
BANKBARODA,2,271,15,BANKBARODA,351,BANKBARODA,268,8.033520084254489,0.6213729753518271,12.08897364003915,736.7544155699194,379.0053366127244
BANKBARODA,3,272,15,BANKBARODA,352,BANKBARODA,269,6.26718521701779,1.4821749467082885,14.94462926699182,488.2672783036792,60.56168953935036
BANKBARODA,4,273,15,BANKBARODA,353,BANKBARODA,270,15.936358912168068,1.626232703287519,19.750970133114905,654.8199285587821,337.670910751013
BANKBARODA,5,274,15,BANKBARODA,354,BANKBARODA,271,17.96966443619934,1.6661063876428166,11.772690916177499,944.6034943102189,111.69486248037391
BANKBARODA,6,275,15,BANKBARODA,355,BANKBARODA,272,6.874531019116996,1.7728478982695124,21.272989579255906,866.7033975726436,180.34501532617753
BANKBARODA,7,276,15,BANKBARODA,356,BANKBARODA,273,24.483814503180895,1.9538550351048725,15.499807400195785,146.0521688813987,223.39471313506385
BANKBARODA,8,277,15,BANKBARODA,357,BANKBARODA,274,22.774358534982767,0.7971245754485656,18.21832977383329,191.76684800083112,478.4172001559377
BANKBARODA,9,278,15,BANKBARODA,358,BANKBARODA,275,5.753286937063349,1.9376855109937101,10.657614355936339,321.78590566401147,362.32167461009414
BANKBARODA,10,279,15,BANKBARODA,359,BANKBARODA,276,11.403308760228676,1.8319755195613363,18.07280935098845,526.1306758339472,352.54300303162944
BANKBARODA,11,280,15,BANKBARODA,360,BANKBARODA,277,10.11163432454386,1.536890099046535,28.99317167300187,808.6492653451938,279.45247535994326
BANKBARODA,12,281,15,BANKBARODA,Mar 2013,BANKBARODA,Mar 2013,13.708347137291293,0.8995840026958679,14.68174724871436,636.806465767534,340.3851495995241
BHARTIARTL,0,282,17,BHARTIARTL,374,BHARTIARTL,290,15.73915086310203,0.4296185787278952,13.868096849807767,560.532254377363,284.4473972056601
BHARTIARTL,1,283,17,BHARTIARTL,375,BHARTIARTL,291,23.655943205502425,1.824903189782606,27.45873512215558,923.2792014543461,393.0027637870116
BHARTIARTL,2,284,17,BHARTIARTL,376,BHARTIARTL,292,13.753092377546965,0.52417077010584,26.757327576437312,306.28132006473106,176.8694198934342
BHARTIARTL,3,285,17,BHARTIARTL,377,BHARTIARTL,293,20.817587702338507,0.5424199025990954,24.96800231046777,308.6717419826948,373.31143558356285
BHARTIARTL,4,286,17,BHARTIARTL,378,BHARTIARTL,294,20.513942369465205,0.8990451070686727,14.905556656182204,990.6618491724972,82.52701902849668
BHARTIARTL,5,287,17,BHARTIARTL,379,BHARTIARTL,295,19.672969903432673,1.4338610233768068,11.352476308317092,120.74558355890292,322.3170957462236
BHARTIARTL,6,288,17,BHARTIARTL,380,BHARTIARTL,296,17.620458218313416,0.7973265280819011,18.172894991766324,250.62286996441375,489.1889799657216
BHARTIARTL,7,289,17,BHARTIARTL,381,BHARTIARTL,297,18.85397454698304,1.7611693539032953,24.656859792735432,702.6992220731406,131.4462766855831
BHARTIARTL,8,290,17,BHARTIARTL,382,BHARTIARTL,298,9.701044151673184,1.6017870037852087,17.07596480194578,719.5464649801718,471.1920321526856
BHARTIARTL,9,291,17,BHARTIARTL,383,BHARTIARTL,299,5.23552510079228,0.11547680286861439,26.237059028418127,418.89597867436925,470.29714751269773
BHARTIARTL,10,292,17,BHARTIARTL,384,BHARTIARTL,300,7.059883317811502,1.8962894901622187,26.486656875742717,574.4395250437091,461.88320051544036
BHARTIARTL,11,293,17,BHARTIARTL,385,BHARTIARTL,301,15.071105870474975,1.8832605372384343,14.338330581942081,897.3945539677597,250.12492664595104
BHARTIARTL,12,294,17,BHARTIARTL,386,BHARTIARTL,Mar 2013,7.154980954874846,1.1811056925732066,16.748324444664267,192.28070192632987,179.8720471828795
BEL,0,295,16,BEL,361,BEL,278,14.978147475761272,1.5353867030307766,13.827930599923521,978.789029788043,241.23767299608375
BEL,1,296,16,BEL,362,BEL,279,10.082135812670408,1.6113741185104429,21.350363912885605,772.734640597071,491.05604631153017
BEL,2,297,16,BEL,363,BEL,280,19.294882076981242,1.2937305630018914,18.719701876608973,783.756155665137,496.3290106584032
BEL,3,298,16,BEL,364,BEL,281,16.5370911948423,1.2842442365814108,18.609640106684786,692.5455656095355,56.656965037931556
BEL,4,299,16,BEL,365,BEL,282,17.137606139571144,0.5046929129482851,18.253584553215887,473.38302056265707,238.58004172916145
BEL,5,300,16,BEL,366,BEL,283,17.65324114122171,0.010721076077402136,26.49576157637078,260.7451650486116,229.73400606011793
BEL,6,301,16,BEL,367,BEL,284,5.955467272567169,1.1912499859348389,14.178194675422544,149.78661079922662,490.01075384407955
BEL,7,302,16,BEL,368,BEL,285,10.841261790644491,1.9071900386081286,16.201634751719595,144.2834735713309,481.3223087750782
BEL,8,303,16,BEL,369,BEL,286,20.84834651108514,1.7122369810658573,26.683333253492453,889.0185259192258,287.7439509709703
BEL,9,304,16,BEL,370,BEL,287,9.584592041211952,0.21502861777507065,28.882843812022166,498.5135160055997,93.48755070524767
BEL,10,305,16,BEL,371,BEL,288,12.708580882950649,0.5182139886517825,17.423282079952223,498.6895860105174,359.43313704727683
BEL,11,306,16,BEL,372,BEL,289,6.112577014836313,1.0644392646186278,18.7298069532373,630.9997759218834,97.05091392112311
BEL,12,307,16,BEL,373,BEL,Mar 2013,22.479132622679984,1.283998859298639,12.317342506259859,215.6658953349742,106.52930010730708
BHEL,0,308,18,BHEL,387,BHEL,302,14.080905188443005,1.685026680680381,16.887772152128946,668.2691972951468,267.63190086040754
BHEL,1,309,18,BHEL,388,BHEL,303,13.298150456175469,1.7479105354876903,17.822849909327992,781.3727432422174,195.37837163932812
BHEL,2,310,18,BHEL,389,BHEL,304,21.209436963263933,0.8972160221016243,17.08544739198443,537.5683364532013,63.985067925262356
BHEL,3,311,18,BHEL,390,BHEL,305,17.195783299560574,1.0483351511655246,17.32720423738476,909.123837948348,95.21514739233439
BHEL,4,312,18,BHEL,391,BHEL,306,13.241721465533107,0.48797554993869485,10.886042860846011,239.24940480157113,461.2383636554462
BHEL,5,313,18,BHEL,392,BHEL,307,20.069016182367367,0.6493073115836405,12.913685683491362,714.1962555836329,178.34652166429106
BHEL,6,314,18,BHEL,393,BHEL,308,19.41906563667723,0.6787931313864948,18.04734812002117,354.6426664620157,457.3065882319792
BHEL,7,315,18,BHEL,394,BHEL,309,18.39131179927717,0.438570617632841,29.063574095380098,352.35828568512136,297.3337263873908
BHEL,8,316,18,BHEL,395,BHEL,310,18.973316785434662,1.7349839817075212,11.03724008610024,963.5324451061822,208.27760127959806
BHEL,9,317,18,BHEL,396,BHEL,311,11.77154888427319,0.5909110898052816,27.303954905342408,639.2006412597566,81.95766858953866
BHEL,10,318,18,BHEL,397,BHEL,312,24.25974084535067,1.1031590596455996,25.84009876480225,179.3040935203607,495.3037697290097
BHEL,11,319,18,BHEL,398,BHEL,313,19.052046710844035,1.589085585320304,16.072870220204784,977.4272057807092,431.83593141264686
BHEL,12,320,18,BHEL,399,BHEL,Mar 2013,24.81343102345366,0.8888275570098925,22.38182353032376,653.5165781970757,132.92935726953357
BOSCHLTD,0,321,19,BOSCHLTD,400,BOSCHLTD,314,13.134852840481797,0.45157704196428905,19.92808107446937,932.8593779434037,372.2235207832566
BOSCHLTD,1,322,19,BOSCHLTD,401,BOSCHLTD,315,10.30736722421472,1.2042781753899428,17.997780308678166,179.2936590319566,253.3873792252259
BOSCHLTD,2,323,19,BOSCHLTD,402,BOSCHLTD,316,9.501284290060028,1.8236327203458313,19.507302852500924,140.1751180204563,77.86045122545856
BOSCHLTD,3,324,19,BOSCHLTD,403,BOSCHLTD,317,19.120491666858968,1.1891530947570226,23.02920316853659,332.4612912826826,321.49923037354824
BOSCHLTD,4,325,19,BOSCHLTD,404,BOSCHLTD,318,21.18082134681853,0.7851726445129303,17.626271224554593,316.56569751862287,450.94308146913943
BOSCHLTD,5,326,19,BOSCHLTD,405,BOSCHLTD,319,21.665389599847295,0.30665104551192157,14.806853803138342,901.8615930476277,108.46559357513362
BOSCHLTD,6,327,19,BOSCHLTD,406,BOSCHLTD,320,14.884513264051973,1.4689447288469668,20.12202096994978,309.2771998153681,254.37829489774566
BOSCHLTD,7,328,19,BOSCHLTD,407,BOSCHLTD,321,19.44166103576341,0.9980889974012388,22.641665191710274,691.9384138993868,88.10471737838049
BOSCHLTD,8,329,19,BOSCHLTD,408,BOSCHLTD,322,9.748104026517968,1.7546864262133102,17.890092457984686,477.0442663282728,216.74479711269854
BOSCHLTD,9,330,19,BOSCHLTD,409,BOSCHLTD,323,15.932123582556732,0.34897415150994804,19.501794631907195,556.6489461511834,227.4890531214109
BOSCHLTD,10,331,19,BOSCHLTD,410,BOSCHLTD,324,9.809764763388158,1.370563266169361,18.629192343749942,760.9184175048822,385.76037018707956
BOSCHLTD,11,332,19,BOSCHLTD,411,BOSCHLTD,325,8.530006554617557,0.3600906645166859,18.433841659106342,176.63134643432028,141.482661829226
BOSCHLTD,12,333,19,BOSCHLTD,412,BOSCHLTD,Dec 2012,23.209649823966803,1.7572694326361415,27.833785150508376,961.0201720435361,99.67631516570287
BPCL,0,334,20,BPCL,413,BPCL,326,7.653206479271438,1.119306167397807,26.704943806448032,299.87948413253935,104.00079359375216
BPCL,1,335,20,BPCL,414,BPCL,327,14.828382545287477,1.1219765931979242,26.08794744021123,809.3890999234019,372.1304447703394
BPCL,2,336,20,BPCL,415,BPCL,328,21.21358748539396,0.1540946608078484,18.44939021864594,128.38479395220986,342.2841686861849
BPCL,3,337,20,BPCL,416,BPCL,329,18.36394866082996,0.936447025892472,26.967556375352277,772.6859276999754,304.58607298667357
BPCL,4,338,20,BPCL,417,BPCL,330,12.985390067557557,0.48053042239220023,11.416524566041879,154.8490480079842,228.58342720984976
BPCL,5,339,20,BPCL,418,BPCL,331,19.21601024245687,0.8594359158902467,24.037531127978763,325.3767747350828,132.82005587272334
BPCL,6,340,20,BPCL,419,BPCL,332,24.610449538702262,0.3222412350562709,20.83876505133856,573.3120848145024,300.6973470581015
BPCL,7,341,20,BPCL,420,BPCL,333,6.447096659162375,0.4220131291528575,10.250116964038078,372.19249904484616,462.40414815342655
BPCL,8,342,20,BPCL,421,BPCL,334,14.436720424813833,1.8155620236690404,23.599359447429045,808.9930010124478,256.4959326953385
BPCL,9,343,20,BPCL,422,BPCL,335,10.98438997263115,0.9173485844446747,24.647392761537702,757.0970307667635,227.1658123407449
BPCL,10,344,20,BPCL,423,BPCL,336,21.707521060416465,0.1740917705713949,13.369634013870261,155.67708434260246,323.6812724025145
BPCL,11,345,20,BPCL,424,BPCL,337,7.510009505312651,1.1842089882918465,13.62048136712792,256.15373854626796,437.7211021776449
BPCL,12,346,20,BPCL,425,BPCL,Mar 2013,17.232918081603426,0.8220774202277497,12.07661606290049,405.89700177836585,139.82306545000966
BRITANNIA,0,347,21,BRITANNIA,426,BRITANNIA,338,10.121711233647964,1.1736571832354514,25.43826856332327,315.91239763722876,229.07528614127423
BRITANNIA,1,348,21,BRITANNIA,427,BRITANNIA,339,5.274709759528027,0.9875911445052685,21.733937608256966,828.6722135872927,491.5265377875388
BRITANNIA,2,349,21,BRITANNIA,428,BRITANNIA,340,6.793075253288203,1.0284957139491635,29.569372871139244,184.0314868592078,381.4409800876035
BRITANNIA,3,350,21,BRITANNIA,429,BRITANNIA,341,8.178488190545167,0.6971794712671804,22.495682570686462,960.4850545880676,335.7058366399473
BRITANNIA,4,351,21,BRITANNIA,430,BRITANNIA,342,9.866783842427704,0.9184648076731907,10.651022018672867,893.4006227685676,467.744547543785
BRITANNIA,5,352,21,BRITANNIA,431,BRITANNIA,343,23.14502788427675,1.0153967369024686,25.012906167975096,435.1757438681046,130.65289755154768
BRITANNIA,6,353,21,BRITANNIA,432,BRITANNIA,344,24.27564870229641,0.058615727436116316,23.13193683275276,562.4079566336079,250.74494148368018
BRITANNIA,7,354,21,BRITANNIA,433,BRITANNIA,345,17.51383456486223,1.3997838303138193,15.273737491813488,289.2361953393421,192.74810043648026
BRITANNIA,8,355,21,BRITANNIA,434,BRITANNIA,346,12.290093277733183,1.1923524595476849,24.269885191187853,933.7157951520333,184.64097441638015
BRITANNIA,9,356,21,BRITANNIA,435,BRITANNIA,347,15.420260528778218,0.5093883805091515,14.879965828754706,306.6303800564648,467.19468408798616
BRITANNIA,10,357,21,BRITANNIA,436,BRITANNIA,348,9.862125557468433,1.3588625192248769,20.13734254725412,723.6983998990047,249.17495192577704
BRITANNIA,11,358,21,BRITANNIA,437,BRITANNIA,349,9.56622757040699,1.0224225027074405,19.530660193790162,860.866446380918,199.59092215289377
BRITANNIA,12,359,21,BRITANNIA,438,BRITANNIA,Mar 2013,18.422992907339584,1.6029982860135759,22.834634194087506,727.3553380108496,398.479517016181
CANBK,0,360,22,CANBK,439,CANBK,350,14.982972109351103,0.32944467059757954,14.462678810426777,231.68284216076918,427.3738636363146
CANBK,1,361,22,CANBK,440,CANBK,351,15.555954171191802,0.3296870730100978,26.996332075695253,426.52833673713576,345.6617559139034
CANBK,2,362,22,CANBK,441,CANBK,352,10.089946901607886,0.9919321702819102,13.392187139637281,787.1357331311308,425.22260576094146
CANBK,3,363,22,CANBK,442,CANBK,353,5.15867328660053,1.8884347801843457,19.10240496577176,723.2609631059688,155.7768813984883
CANBK,4,364,22,CANBK,443,CANBK,354,23.71581851004733,0.8775493865199895,15.29489106067335,336.6057088451175,280.11167837977837
CANBK,5,365,22,CANBK,444,CANBK,355,23.55070962546675,0.5247285613481076,23.494263874522446,499.0678991623324,295.4035269326913
CANBK,6,366,22,CANBK,445,CANBK,356,21.68615998295737,1.754205955536329,12.071607462044033,186.04851144708965,224.2920649370784
CANBK,7,367,22,CANBK,446,CANBK,357,19.45334095194995,1.3175656893800194,13.310170868825857,630.5529348473796,90.53524219812977
CANBK,8,368,22,CANBK,447,CANBK,358,16.048511490746975,1.1495844582876142,14.603708954903048,419.667612094923,195.04248460191081
CANBK,9,369,22,CANBK,448,CANBK,359,9.131971944038547,1.468131511665869,13.746825511191034,506.87431310601454,80.84155829132078
CANBK,10,370,22,CANBK,449,CANBK,360,21.023501392175326,1.2817054386006057,15.670365225359781,146.54103550953207,290.01617082842796
CANBK,11,371,22,CANBK,450,CANBK,361,12.503124026976911,0.9342848427343937,13.2461469453458,974.4950740884865,250.11765843012947
CANBK,12,372,22,CANBK,Mar 2013,CANBK,Mar 2013,12.690128207058082,0.004952113794118418,20.5349461665313,958.0148928783572,110.99687561183197
CHOLAFIN,0,373,23,CHOLAFIN,451,CHOLAFIN,362,21.90756537954462,1.4619929503496085,10.486360049836685,216.90216109988518,331.77191517733183
CHOLAFIN,1,374,23,CHOLAFIN,452,CHOLAFIN,363,5.587897279069867,1.6418547133370964,26.586052486479396,866.6371830804055,476.48820811358394
CHOLAFIN,2,375,23,CHOLAFIN,453,CHOLAFIN,364,13.02292566469293,1.9591739257445449,15.784058258875948,290.18467981401125,126.20921923056396
CHOLAFIN,3,376,23,CHOLAFIN,454,CHOLAFIN,365,24.710198243181743,0.04124168775499659,16.277428227628093,433.67292571122385,334.07989206839574
CHOLAFIN,4,377,23,CHOLAFIN,455,CHOLAFIN,366,21.55573405432599,1.930776738719702,21.124571237999184,413.87377393704037,165.58392286126264
CHOLAFIN,5,378,23,CHOLAFIN,456,CHOLAFIN,367,14.183999547689549,0.8516006122165662,20.92370516056636,971.0987187686906,110.68530768811027
CHOLAFIN,6,379,23,CHOLAFIN,457,CHOLAFIN,368,12.104824713788176,1.320222346824612,28.784550570360643,815.1855062485338,403.1047751942204
CHOLAFIN,7,380,23,CHOLAFIN,458,CHOLAFIN,369,12.833392937040962,1.586112562256428,14.80707615126818,469.74541285714747,477.09855937613486
CHOLAFIN,8,381,23,CHOLAFIN,459,CHOLAFIN,370,12.404619356848368,0.6464094653877388,22.17793272299071,600.3611528144339,163.05423996216606
CHOLAFIN,9,382,23,CHOLAFIN,460,CHOLAFIN,371,6.734791991553246,0.13163206937776484,14.483289500297403,765.278840623434,426.27408557004173
CHOLAFIN,10,383,23,CHOLAFIN,461,CHOLAFIN,372,9.335221302191439,0.2959909975209547,29.410118302539416,303.1468535765172,234.0976321807923
CHOLAFIN,11,384,23,CHOLAFIN,462,CHOLAFIN,373,12.486700268565105,1.3709697714127556,18.874250529164076,757.6262255630824,270.96577650185986
CHOLAFIN,12,385,23,CHOLAFIN,463,CHOLAFIN,Mar 2013,24.309594690107698,1.487717264376478,10.06773883710017,675.9992054271481,492.4380110711382
CIPLA,0,386,24,CIPLA,464,CIPLA,374,19.0698748047868,1.0177472179362146,29.4479839822747,589.9685209399555,164.43948042509146
CIPLA,1,387,24,CIPLA,465,CIPLA,375,13.923883281229672,0.5678331834611847,24.95429366260845,748.5101986113334,433.5851369126127
CIPLA,2,388,24,CIPLA,466,CIPLA,376,22.116785346722946,1.7340532303437346,12.517819095609992,997.7840261113104,479.7795342256025
CIPLA,3,389,24,CIPLA,467,CIPLA,377,19.046538818636904,0.4091186677941121,14.125709743129011,827.4547104083496,88.29545483078093
CIPLA,4,390,24,CIPLA,468,CIPLA,378,10.65804652425457,1.1327710913836473,25.423202611393364,477.2121002009616,484.7652338836344
CIPLA,5,391,24,CIPLA,469,CIPLA,379,16.622111050831805,0.9123071910094083,13.306439985514674,937.3886624365148,248.8750683979635
CIPLA,6,392,24,CIPLA,470,CIPLA,380,17.454496852991113,0.5862375214255477,13.411093577462537,142.06222890474663,453.15378069818365
CIPLA,7,393,24,CIPLA,471,CIPLA,381,15.671156243125719,1.7961720329606987,14.786012470154112,556.6868245693372,158.78668758543535
CIPLA,8,394,24,CIPLA,472,CIPLA,382,18.728398670407056,1.3909784582948115,25.635274571838522,635.4106825426359,200.33544619072183
CIPLA,9,395,24,CIPLA,473,CIPLA,383,5.621198267464848,0.021374533212119573,11.418675186587809,404.8947472992467,488.26723035593307
CIPLA,10,396,24,CIPLA,474,CIPLA,384,16.64175582527748,0.1976783377881164,12.549335173653677,473.9501246571586,480.75111839374415
CIPLA,11,397,24,CIPLA,475,CIPLA,385,22.49724264876492,1.9542436664423803,16.438612151929703,371.0923075793578,149.67276345689208
CIPLA,12,398,24,CIPLA,476,CIPLA,Mar 2013,7.912034037902755,1.4563151709536308,24.6901608506374,709.5814856479017,458.9235712470235
COALINDIA,0,399,25,COALINDIA,477,COALINDIA,386,21.59901826542083,0.6774214213515062,14.596127520269125,232.11444073354966,140.46544424429442
COALINDIA,1,400,25,COALINDIA,478,COALINDIA,387,14.447223658452142,0.8648426516653347,27.865375252005396,847.3033048066864,455.1139645797828
COALINDIA,2,401,25,COALINDIA,479,COALINDIA,388,5.610847614871545,0.6125143172277869,10.394505036801927,333.8743661400971,88.41575835256737
COALINDIA,3,402,25,COALINDIA,480,COALINDIA,389,21.37967945919215,1.468617699338277,14.339849255093316,538.0509249958402,172.17402496401473
COALINDIA,4,403,25,COALINDIA,481,COALINDIA,390,6.5275325882498025,0.28625374226756395,21.80142702334482,375.13211820190196,384.33659456696
COALINDIA,5,404,25,COALINDIA,482,COALINDIA,391,9.911819941309458,0.47649237076391104,12.633409365374387,627.6370307345563,87.5660265238541
COALINDIA,6,405,25,COALINDIA,483,COALINDIA,392,7.092289027145096,1.7137533759043153,10.287637681968656,733.0131848679089,220.5087985220438
COALINDIA,7,406,25,COALINDIA,484,COALINDIA,393,6.791010943839488,1.5572414256410707,27.292904402898305,164.60858588619237,430.0814653134679
COALINDIA,8,407,25,COALINDIA,485,COALINDIA,394,20.201411186393088,0.20660121017370447,29.944300074151183,330.3529073009746,116.07674910538209
COALINDIA,9,408,25,COALINDIA,486,COALINDIA,395,8.68470688043647,0.4974104739976424,23.236259681384308,687.7598152296935,99.29079739107064
COALINDIA,10,409,25,COALINDIA,487,COALINDIA,396,15.925433219825695,1.1826784205253071,23.03030401762328,861.082982798245,169.4644220578785
COALINDIA,11,410,25,COALINDIA,488,COALINDIA,397,12.097348012853196,1.448840716810891,18.875916534289217,946.0667923280431,433.06318237372165
COALINDIA,12,411,25,COALINDIA,489,COALINDIA,Mar 2013,20.03175716604826,1.4738381211617528,22.69100212496408,572.5322692400073,79.74832620901648
DABUR,0,412,26,DABUR,490,DABUR,398,22.852492269483804,0.8142513327777061,20.381826145306373,770.4757360807845,401.1923546337144
DABUR,1,413,26,DABUR,491,DABUR,399,24.61409919919116,1.0364462458418306,14.93753001307157,590.060676984755,370.599003079898
DABUR,2,414,26,DABUR,492,DABUR,400,17.921922560016746,0.4566315685976583,19.994845847333657,494.98626583847795,458.4764824212606
DABUR,3,415,26,DABUR,493,DABUR,401,6.961439646881116,1.4639736331338145,17.368343428571272,647.2137930325222,59.810048337071414
DABUR,4,416,26,DABUR,494,DABUR,402,6.673860104817875,0.9255043148638422,12.538002360666509,878.0467548025237,162.17162075233512
DABUR,5,417,26,DABUR,495,DABUR,403,17.81951211315799,1.65888578753725,24.88616862438861,399.52396149125,294.2820135174496
DABUR,6,418,26,DABUR,496,DABUR,404,21.18093928821182,0.21108060403649187,10.159142672221401,366.0631234525562,114.70788381815186
DABUR,7,419,26,DABUR,497,DABUR,405,17.8804365384787,1.3369519577442126,27.74210420337718,949.0930940185667,335.9561759550534
DABUR,8,420,26,DABUR,498,DABUR,406,21.299724031009003,1.144265517271101,18.020896900356334,301.39865925324665,146.04244351205048
DABUR,9,421,26,DABUR,499,DABUR,407,15.774981350844442,0.47533969224603156,21.279812727371723,180.8475376788628,342.60544629779525
DABUR,10,422,26,DABUR,500,DABUR,408,24.832150361222677,0.4859264494365645,20.89256696989546,260.0579090164755,443.48506511490336
DABUR,11,423,26,DABUR,501,DABUR,409,15.567156701058058,1.3935621525732826,24.912409514969674,666.3558508867839,185.38957935393145
DABUR,12,424,26,DABUR,502,DABUR,Mar 2013,22.81282319120055,0.795147152628682,11.176329559680712,642.8679936703145,469.3085262127247
DIVISLAB,0,425,27,DIVISLAB,503,DIVISLAB,410,15.97887860763352,1.7865154130961407,13.742026196783124,895.951451187813,115.57169783162415
DIVISLAB,1,426,27,DIVISLAB,504,DIVISLAB,411,6.28988076576479,0.8120535082007598,16.985473051902016,856.9821117267128,153.84615898508576
DIVISLAB,2,427,27,DIVISLAB,505,DIVISLAB,412,13.330647964135716,1.9069313479439047,23.516664094057365,100.29274671676804,452.360005178036
DIVISLAB,3,428,27,DIVISLAB,506,DIVISLAB,413,7.310617030760643,0.42742052462342595,23.03013235672552,271.41014559690893,280.81704111661276
DIVISLAB,4,429,27,DIVISLAB,507,DIVISLAB,414,9.109443222525186,0.34371252670943364,10.322840904859081,973.0882470687485,168.82483039074873
DIVISLAB,5,430,27,DIVISLAB,508,DIVISLAB,415,22.799719151153152,0.14796182472183905,20.11812412990202,893.0078887792156,212.37091487418988
DIVISLAB,6,431,27,DIVISLAB,509,DIVISLAB,416,19.80843730564802,0.7982600594625899,21.489176699252397,502.73347936301917,310.9622209743021
DIVISLAB,7,432,27,DIVISLAB,510,DIVISLAB,417,14.03341145208946,1.8623812175705294,10.152160836095048,403.8750031747201,424.66813418285034
DIVISLAB,8,433,27,DIVISLAB,511,DIVISLAB,418,6.186896314879549,0.1871580268573787,17.413999565799678,944.7572733021836,493.99368168189045
DIVISLAB,9,434,27,DIVISLAB,512,DIVISLAB,419,23.879493597890463,1.2280610988480185,10.800901311559825,107.27115030229028,126.72544894400191
DIVISLAB,10,435,27,DIVISLAB,513,DIVISLAB,420,12.42924800876462,1.0388227147487206,12.853306350585639,707.5411995380293,489.0868036733408
DIVISLAB,11,436,27,DIVISLAB,514,DIVISLAB,421,10.976479886716469,1.799339649911018,28.86802026946893,339.68422606749925,211.16363497157658
DIVISLAB,12,437,27,DIVISLAB,515,DIVISLAB,Mar 2013,17.431602764935842,1.6682688566243875,12.479029109079512,687.1959240642278,301.32053699749724
DLF,0,438,28,DLF,516,DLF,422,21.624204795943808,0.7716197537304899,13.297248258196355,695.2262341973277,321.09204528887136
DLF,1,439,28,DLF,517,DLF,423,12.940350893194834,0.31990302104894974,13.887824047614828,822.7923022847879,487.0934215628012
DLF,2,440,28,DLF,518,DLF,424,20.45643972397861,1.2756996927001925,12.989754588761306,425.54013035163376,305.75779173074784
DLF,3,441,28,DLF,519,DLF,425,6.2120545946386985,0.6404606563606565,22.81890722145797,962.6043731414825,256.70897312493327
DLF,4,442,28,DLF,520,DLF,426,16.988272884352433,0.032238747171267956,24.94228856792681,817.9179265799314,351.1265911226537
DLF,5,443,28,DLF,521,DLF,427,23.78103796449896,1.495120479914291,12.820490537281062,808.7007729471615,247.2008891746378
DLF,6,444,28,DLF,522,DLF,428,15.008646591478245,1.2059636361196304,18.68868928002133,828.4530718434797,64.9667204826732
DLF,7,445,28,DLF,523,DLF,429,6.840402754770385,1.0595592121306532,25.844499138618385,133.6436026615955,88.30194675792308
DLF,8,446,28,DLF,524,DLF,430,19.57743996539752,1.1243710871359454,18.80728270832638,180.35757673198083,172.8421674797641
DLF,9,447,28,DLF,525,DLF,431,6.84815353158281,1.7571724871245311,10.74373766758487,418.23620050405117,326.5656881147956
DLF,10,448,28,DLF,526,DLF,432,22.842929362771685,1.1455889532358745,21.025120403134085,603.110863052392,181.91506252435968
DLF,11,449,28,DLF,527,DLF,433,9.653531895706848,0.500641492611259,25.61777655740664,758.2270218335472,461.30328367292606
DLF,12,450,28,DLF,528,DLF,Mar 2013,21.731937080091264,1.3950696461007563,26.519177706268575,526.42583388547,394.51023221381735
DMART,0,451,29,DMART,529,DMART,434,9.3623676286158,1.2346783310210647,23.283722417841297,511.68749016077925,132.00829363609571
DMART,1,452,29,DMART,530,DMART,435,9.115389186108192,1.5397813479678304,21.62898621851451,135.5502093087499,451.4542820148308
DMART,2,453,29,DMART,531,DMART,436,15.506993686370333,1.6699887478716395,13.58004118392282,909.789300705982,89.58721769428914
DMART,3,454,29,DMART,532,DMART,437,21.471584830819918,0.16102861302440252,14.088797010524061,398.10232058348265,129.02476352173437
DMART,4,455,29,DMART,533,DMART,438,14.027014774550274,1.5208125008805777,26.040749818730728,333.3743972886373,253.86591091723767
DMART,5,456,29,DMART,534,DMART,439,18.19898197330916,0.31009719886323994,23.677996253615714,909.680392787196,463.57820271843144
DMART,6,457,29,DMART,535,DMART,440,23.849543756926998,0.7044817017928799,18.19839483294111,921.6276989921848,203.05939814756613
DMART,7,458,29,DMART,536,DMART,441,17.249889356147953,0.9346084846344132,21.55959024837462,753.2258219476507,223.78276474528943
DMART,8,459,29,DMART,537,DMART,442,7.1939983498540645,1.6087483020418347,27.777430077752513,658.1133989873472,80.21765425616186
DMART,9,460,29,DMART,538,DMART,443,12.589459443844593,1.0283350909339308,16.026350401067653,861.2872855116267,135.3909711585638
DMART,10,461,29,DMART,539,DMART,444,20.493086006728298,0.861402683673993,12.959022003717726,267.3027888951281,354.48915678091714
DMART,11,462,29,DMART,540,DMART,445,15.999298277804046,1.4255291658785583,25.943205129053954,470.02913401350787,396.0381731159473
DMART,12,463,29,DMART,541,DMART,Mar 2013,20.786079570085462,0.1963001300099314,12.43899854046961,340.7485961929039,394.54614036530086
DRREDDY,0,464,30,DRREDDY,542,DRREDDY,446,19.6799203514992,1.383911087066538,14.05576076181239,815.3136623537911,442.2834357163611
DRREDDY,1,465,30,DRREDDY,543,DRREDDY,447,19.942388371376403,1.0927255155042945,14.451242846731576,514.9330755078186,371.6532427193567
DRREDDY,2,466,30,DRREDDY,544,DRREDDY,448,15.54783189613711,1.6194158421593625,15.592429523786851,639.4734401309202,398.6961983037786
DRREDDY,3,467,30,DRREDDY,545,DRREDDY,449,21.418095441782462,0.9629495370096794,26.46788519790449,982.7956164342529,56.72560256786704
DRREDDY,4,468,30,DRREDDY,546,DRREDDY,450,17.7573354644369,0.40202424693790006,20.877744192066203,746.78340347497,208.89130379334753
DRREDDY,5,469,30,DRREDDY,547,DRREDDY,451,7.275703189978586,1.9091979393005138,24.504001979301293,950.2758336541465,201.48527137053
DRREDDY,6,470,30,DRREDDY,548,DRREDDY,452,8.262760451326587,1.1216650811987252,18.652213725281275,644.3583047550005,253.46056051052472
DRREDDY,7,471,30,DRREDDY,549,DRREDDY,453,19.82927839124649,0.5775467054283172,14.230592239099593,611.450211899864,408.4735854808891
DRREDDY,8,472,30,DRREDDY,550,DRREDDY,454,6.6564251246758825,0.9746468777550059,13.461652554191957,358.3779843917023,127.8444808216156
DRREDDY,9,473,30,DRREDDY,551,DRREDDY,455,7.4203751543483465,1.852540466061546,13.769902079629695,465.38952891936907,141.25484460582763
DRREDDY,10,474,30,DRREDDY,552,DRREDDY,456,8.547846599525935,1.0152873077818456,24.606322569453134,378.15240910605513,439.205745622492
DRREDDY,11,475,30,DRREDDY,553,DRREDDY,457,11.666760564417933,0.5002241495944186,21.71717180015151,113.11011952882,377.6138622457916
DRREDDY,12,476,30,DRREDDY,554,DRREDDY,Mar 2013,6.4761517547377405,1.8483725361535117,17.59789803808562,545.4501514824151,473.63122637679487
EICHERMOT,0,477,31,EICHERMOT,555,EICHERMOT,458,24.05839018314549,1.547491284436109,17.80394057207232,942.61874787427,418.0300959999728
EICHERMOT,1,478,31,EICHERMOT,556,EICHERMOT,459,8.892752394833504,1.4334712246325754,23.99874265324509,305.2392493539887,217.68540588995157
EICHERMOT,2,479,31,EICHERMOT,557,EICHERMOT,460,16.266614089418482,1.296744015287391,17.766098692908837,690.6043531941012,363.5492229905238
EICHERMOT,3,480,31,EICHERMOT,558,EICHERMOT,461,7.840959541337154,1.7143511863258563,23.900411529087805,874.9658412752368,423.64913390973373
EICHERMOT,4,481,31,EICHERMOT,559,EICHERMOT,462,23.189270883740374,0.4620013294432599,11.987359274085813,804.2434505300826,393.6455978894771
EICHERMOT,5,482,31,EICHERMOT,560,EICHERMOT,463,10.275674852459627,1.9045961788329908,22.001286296620314,427.26864925766387,66.22238456425279
EICHERMOT,6,483,31,EICHERMOT,561,EICHERMOT,464,14.775433358176667,0.6144999127653703,16.096710199285734,741.8738081892739,284.33946997605983
EICHERMOT,7,484,31,EICHERMOT,562,EICHERMOT,465,7.675546192853011,0.13569761532746694,26.04896535676551,203.92775381832786,334.7595250395374
EICHERMOT,8,485,31,EICHERMOT,563,EICHERMOT,466,22.557350256728007,1.6938678561396665,26.717058426062366,652.7057065922419,307.1853838422431
EICHERMOT,9,486,31,EICHERMOT,564,EICHERMOT,467,5.9205642067249675,0.15155375220851885,12.72761292473449,122.8421433873022,430.7081377826959
EICHERMOT,10,487,31,EICHERMOT,565,EICHERMOT,468,19.155790845419872,0.34846425316347074,11.576462757572033,664.8455343849627,109.3931365726488
EICHERMOT,11,488,31,EICHERMOT,566,EICHERMOT,469,12.801386421125907,1.7707656954316744,26.049075517064168,713.5110834643652,63.48262744839758
EICHERMOT,12,489,31,EICHERMOT,567,EICHERMOT,Dec 2012,6.555288945345829,0.028261764958077418,12.847414388539281,781.7958612088003,214.57000294646403
GAIL,0,490,32,GAIL,568,GAIL,470,13.92369372674397,1.7257895301588744,22.537680013852167,779.8354654158878,73.44901303454978
GAIL,1,491,32,GAIL,569,GAIL,471,15.059824020329538,0.7937387029919813,23.675478589435873,716.6967532874062,431.6816107557176
GAIL,2,492,32,GAIL,570,GAIL,472,24.723591636918922,0.13490744041636726,19.44442705162683,911.7477266163135,475.5559751528383
GAIL,3,493,32,GAIL,571,GAIL,473,15.420909454891786,1.7904487361410926,10.491006048964968,171.7936640289871,201.1290362662148
GAIL,4,494,32,GAIL,572,GAIL,474,8.249862573791633,1.1722070126044757,13.80917138600114,499.24312742547477,466.7319957288593
GAIL,5,495,32,GAIL,573,GAIL,475,24.289972799540696,1.5359500441955234,18.276149248534576,283.3696141841823,208.97174529459642
GAIL,6,496,32,GAIL,574,GAIL,476,23.16365864649686,0.6490977994358118,23.226411530558536,569.4589228164856,187.07306405819506
GAIL,7,497,32,GAIL,575,GAIL,477,6.677121722035098,0.21846288971529293,10.403013188580921,952.5467992490137,445.93119127625613
GAIL,8,498,32,GAIL,576,GAIL,478,16.774748178758635,0.5557043861327919,10.232440609160163,253.5097806530046,337.6375937046452
GAIL,9,499,32,GAIL,577,GAIL,479,24.790558473505037,0.8818369086027795,21.299637252605418,633.7418914464341,176.541590950291
GAIL,10,500,32,GAIL,578,GAIL,480,19.498602293998722,1.7180676900356788,10.278415100167923,898.5875742338291,165.3890990063132
GAIL,11,501,32,GAIL,579,GAIL,481,7.6224260613880475,1.7825584302783068,20.762605937620506,714.9243510250333,388.53122236157947
GAIL,12,502,32,GAIL,580,GAIL,Mar 2013,7.135443693310119,0.006247225196070572,19.617187509110778,514.798491035139,240.03681004001018
GODREJCP,0,503,33,GODREJCP,581,GODREJCP,482,20.754726989088653,1.8376998985972353,17.304829090549987,424.0707507419456,367.4216431200066
GODREJCP,1,504,33,GODREJCP,582,GODREJCP,483,10.986111559709782,0.8730531250349172,18.638409331440194,860.6381072537085,200.8800805057626
GODREJCP,2,505,33,GODREJCP,583,GODREJCP,484,20.204947732096134,0.49473276540121147,24.842333536279106,775.708449296739,186.8487276744153
GODREJCP,3,506,33,GODREJCP,584,GODREJCP,485,19.676048063571297,1.824259859221203,15.51695885619262,124.93144604727088,439.24267797630966
GODREJCP,4,507,33,GODREJCP,585,GODREJCP,486,21.978410154333048,1.5168684474031071,13.496780958725395,597.2584853267595,437.07059875905554
GODREJCP,5,508,33,GODREJCP,586,GODREJCP,487,19.58672687263745,0.9780930253076545,26.80166381044046,316.9755118295101,427.89486868055167
GODREJCP,6,509,33,GODREJCP,587,GODREJCP,488,6.297986031840623,1.033894602483088,23.537052843495463,661.2393326778766,211.55411320183973
GODREJCP,7,510,33,GODREJCP,588,GODREJCP,489,9.888775775283786,1.4467713449169413,28.98357617726035,957.9356337116153,56.78212617876326
GODREJCP,8,511,33,GODREJCP,589,GODREJCP,490,19.499223634582272,1.1204662460327173,27.354213107460268,448.73239317267473,248.4475517757339
GODREJCP,9,512,33,GODREJCP,590,GODREJCP,491,22.209312756915608,1.6593578572518528,18.754528200011574,311.6804731722888,457.63213894277305
GODREJCP,10,513,33,GODREJCP,591,GODREJCP,492,19.485114374957462,1.541621789944212,16.036086557293558,558.5985684816749,328.7491328569779
GODREJCP,11,514,33,GODREJCP,592,GODREJCP,493,19.608590794921977,0.07343239775443,15.070245376071256,680.2152197498838,485.68780414476987
GODREJCP,12,515,33,GODREJCP,593,GODREJCP,Mar 2013,6.68043222181347,0.10224878353060629,13.901504211931464,170.98653091837286,75.19402990934788
GRASIM,0,516,34,GRASIM,594,GRASIM,494,24.69638723381372,0.8740949483217557,13.335370740430246,431.7356037850913,308.6602706999038
GRASIM,1,517,34,GRASIM,595,GRASIM,495,7.960851228166035,0.9123003591119769,21.855196086848487,368.4904670178972,100.97500353943906
GRASIM,2,518,34,GRASIM,596,GRASIM,496,14.687341385290615,1.8067631273547582,20.56289373331687,955.6570404728697,420.96966552650247
GRASIM,3,519,34,GRASIM,597,GRASIM,497,9.651276678881587,0.6363574540671209,27.7387312699682,781.1135965018474,288.75517859678166
GRASIM,4,520,34,GRASIM,598,GRASIM,498,19.65927050234959,1.287311056227112,28.27806701817262,384.076934316574,487.44033417048115
GRASIM,5,521,34,GRASIM,599,GRASIM,499,16.602680175644586,1.4494944735720847,17.40812782050307,282.71881704839393,147.09589536885886
GRASIM,6,522,34,GRASIM,600,GRASIM,500,5.877139493123682,1.199928051135924,18.60402576307848,967.092506388539,441.0080148236252
GRASIM,7,523,34,GRASIM,601,GRASIM,501,24.439042844676173,1.6311457424493199,13.953014761809843,178.7338467300199,335.22580144103216
GRASIM,8,524,34,GRASIM,602,GRASIM,502,8.662737400526026,0.4006848407548689,22.394853310858863,633.171352128743,263.69511120981315
GRASIM,9,525,34,GRASIM,603,GRASIM,503,7.717052550091883,0.45767849172993236,13.318490002244083,358.44668015202666,185.49240028326608
GRASIM,10,526,34,GRASIM,604,GRASIM,504,15.139469306450478,1.0779136570825278,29.0174442175896,315.8615018832477,279.88921689374797
GRASIM,11,527,34,GRASIM,605,GRASIM,505,19.684098116930713,0.9024573233430644,22.794844726869048,561.6958606683729,80.97112224844368
GRASIM,12,528,34,GRASIM,606,GRASIM,Mar 2013,21.100883082417713,1.932964719722659,28.36747893409666,902.9367141640189,305.3288482482394
HAL,0,529,35,HAL,607,HAL,506,12.74860166916229,0.8714668861173482,24.370846284507714,509.8216938535561,245.01963678022008
HAL,1,530,35,HAL,608,HAL,507,23.89738067889759,0.16011797085225576,18.576808472556973,202.12547162388734,234.1931718158567
HAL,2,531,35,HAL,609,HAL,508,17.074867523669937,1.0081548569659533,11.794461481895874,550.443388027996,150.82035806518655
HAL,3,532,35,HAL,610,HAL,509,17.61339421245539,1.4010441443958215,13.162259225634738,679.8736896698066,64.34212571882293
HAL,4,533,35,HAL,611,HAL,510,19.901307329711024,0.25079588444640666,11.42751626967794,914.8690170586985,499.2693754094163
HAL,5,534,35,HAL,612,HAL,511,19.65389277085256,1.3195713212139328,19.27703126998585,628.5992055362734,398.53300076334324
HAL,6,535,35,HAL,613,HAL,512,23.807617878395405,0.23705445432358907,19.82675041632989,893.442223021279,270.18609240480157
HAL,7,536,35,HAL,614,HAL,513,12.13392167275501,0.8791843624004632,21.965486712498752,776.7302030616185,360.6348233841419
HAL,8,537,35,HAL,615,HAL,Mar 2017,20.947487450938635,0.12748018387051085,20.74515577442451,427.92468044475356,67.01607304396819
HAL,9,538,35,HAL,616,HAL,Mar 2018,14.663022172256639,0.15089172468259693,17.935025220265295,620.4290099636646,179.65257109320478
HAL,10,539,35,HAL,Mar 2016,HAL,Mar 2019,10.79689259179688,1.409892020002482,15.17376722363894,404.59439955498857,173.1227614611218
HAL,11,540,35,HAL,Mar 2017,HAL,Mar 2020,14.633882193351415,1.0083906207462359,18.94183304667326,406.3322916896116,423.62972134591604
HAL,12,541,35,HAL,Mar 2018,HAL,Mar 2021,9.12130109056313,0.6128159255778052,20.873853794229056,410.7942418771472,86.36972679678436
HAVELLS,0,542,36,HAVELLS,643,HAVELLS,514,24.757599832939768,1.7875320635580398,24.592179911627483,168.07544800113982,269.68912859378304
HAVELLS,1,543,36,HAVELLS,644,HAVELLS,515,18.489656841308374,0.26577653567231585,21.76948535679788,866.352779258601,307.6305763865409
HAVELLS,2,544,36,HAVELLS,645,HAVELLS,516,17.924252202228516,1.7193292155237534,27.403911464915197,470.4411305516009,142.1060534261879
HAVELLS,3,545,36,HAVELLS,646,HAVELLS,517,7.036741908451544,0.31582971567939255,17.52671336670455,200.07650362326115,243.70216068210905
HAVELLS,4,546,36,HAVELLS,647,HAVELLS,518,19.903653599299055,1.0949310745358503,24.26883600109415,364.6425872028635,476.4885537438371
HAVELLS,5,547,36,HAVELLS,648,HAVELLS,519,21.227525945564413,1.2382636742245055,15.542715582432704,399.9420066453745,386.0645065957708
HAVELLS,6,548,36,HAVELLS,649,HAVELLS,520,16.768192020198853,1.6481739399980084,14.27348393158454,232.927403281006,56.01414149739953
HAVELLS,7,549,36,HAVELLS,650,HAVELLS,521,11.119316701910291,1.5539896666335749,16.25632964125176,726.216285095802,279.9563075211662
HAVELLS,8,550,36,HAVELLS,651,HAVELLS,522,10.697941416131663,1.155495005750704,28.95378130196028,186.073751532593,64.35698403528063
HAVELLS,9,551,36,HAVELLS,652,HAVELLS,523,22.733145221980223,0.0735107607837362,20.655102954550415,103.5938267105174,456.96335184133835
HAVELLS,10,552,36,HAVELLS,653,HAVELLS,524,9.933367973046144,0.45401210030314876,28.06145777478721,709.3950115715028,329.3585630237575
HAVELLS,11,553,36,HAVELLS,654,HAVELLS,525,8.259438244413271,1.8212832390780418,21.381034924092475,880.4144566841394,384.97674128486113
HAVELLS,12,554,36,HAVELLS,655,HAVELLS,Mar 2013,14.195510094300953,1.1122373348025048,22.23489503914151,567.0618426256051,280.0214883185042
HCLTECH,0,555,37,HCLTECH,630,HCLTECH,526,5.693842118456907,0.7396555159339662,25.10640568705059,759.5550572260477,171.18499892212776
HCLTECH,1,556,37,HCLTECH,631,HCLTECH,527,14.00853574207744,0.8592949309944269,27.44702239518866,728.9729321832692,488.82391946095703
HCLTECH,2,557,37,HCLTECH,632,HCLTECH,528,7.6186026914711995,1.6141279691887584,25.119208469570914,146.55026217835862,260.33335348541004
HCLTECH,3,558,37,HCLTECH,633,HCLTECH,529,20.160703146198777,0.7327817955319136,25.81233234185489,668.3556152756049,53.898997500252705
HCLTECH,4,559,37,HCLTECH,634,HCLTECH,530,10.428396854596242,1.9716422054486515,21.719569959479074,986.3718640021299,52.348933941765466
HCLTECH,5,560,37,HCLTECH,635,HCLTECH,531,23.39015759222457,0.17013599448610006,15.126019691833845,605.9646941921351,490.39914055063264
HCLTECH,6,561,37,HCLTECH,636,HCLTECH,532,16.097603384300626,0.030724571196927286,14.8976256229192,658.3775660748183,249.07799645523502
HCLTECH,7,562,37,HCLTECH,637,HCLTECH,533,23.738368684658344,1.2468317504409625,29.64904907869804,371.2758020041369,91.50011951118334
HCLTECH,8,563,37,HCLTECH,638,HCLTECH,534,12.44086199570653,0.26336734422385133,28.39808068338155,640.3992016172439,483.5394537884408
HCLTECH,9,564,37,HCLTECH,639,HCLTECH,535,10.309414961551166,0.32162829569511,13.342551994590703,631.9577342836359,438.7877016193463
HCLTECH,10,565,37,HCLTECH,640,HCLTECH,536,12.713088124711325,0.7605037153157481,25.93420537320985,557.0912699863393,452.81116472298856
HCLTECH,11,566,37,HCLTECH,641,HCLTECH,537,17.957310294771762,1.7597634261633068,29.89307034635241,208.26426102124293,194.905158274569
HCLTECH,12,567,37,HCLTECH,642,HCLTECH,Jun 2013,23.698122974810868,0.12055820485160762,20.6130924606265,948.8738742592698,261.9753392621593
HDFCBANK,0,568,38,HDFCBANK,656,HDFCBANK,538,20.820236070510745,1.4516414170305434,24.973945060714364,149.27842900106606,304.94183342642316
HDFCBANK,1,569,38,HDFCBANK,657,HDFCBANK,539,15.662572204424265,0.8757418402846993,18.08094567287167,286.09299465369054,261.8761991713904
HDFCBANK,2,570,38,HDFCBANK,658,HDFCBANK,540,15.183677743296357,0.3425467909366109,16.113819078182217,315.5278750375446,101.39605670937212
HDFCBANK,3,571,38,HDFCBANK,659,HDFCBANK,541,5.583594457289475,0.9961529452982325,12.42435624203858,327.6499856360194,63.68100863856067
HDFCBANK,4,572,38,HDFCBANK,660,HDFCBANK,542,9.411136631688809,1.8225489316883798,19.170115614183473,434.24769324469213,463.5250078507052
HDFCBANK,5,573,38,HDFCBANK,661,HDFCBANK,543,9.313390411555197,1.279658498071351,13.801137471386012,600.1644355312369,277.4496505228753
HDFCBANK,6,574,38,HDFCBANK,662,HDFCBANK,544,18.677368077341047,0.8084121373208515,21.883372043321305,251.91272561482154,75.30864615032873
HDFCBANK,7,575,38,HDFCBANK,663,HDFCBANK,545,11.976658316877893,0.043747885057531466,27.30348108858099,113.1964309701341,214.9189817263234
HDFCBANK,8,576,38,HDFCBANK,664,HDFCBANK,546,17.615957026272593,1.252166510846726,12.45253555838866,408.78565657155707,414.13274174671824
HDFCBANK,9,577,38,HDFCBANK,665,HDFCBANK,547,7.366180334979838,0.7743147441952207,18.20923092364245,746.7769430947403,51.11266559730726
HDFCBANK,10,578,38,HDFCBANK,666,HDFCBANK,548,14.459553335925792,0.5073662541342834,17.217651141941904,982.7639632303608,364.8057399287401
HDFCBANK,11,579,38,HDFCBANK,667,HDFCBANK,549,15.477767985347807,0.7806119276000405,16.79294218243237,635.0153409344464,368.6287626655685
HDFCBANK,12,580,38,HDFCBANK,Mar 2013,HDFCBANK,Mar 2013,21.867698761144343,1.9533348055719528,25.39418705456264,504.61683872754446,101.43219296010496
HDFCLIFE,0,581,39,HDFCLIFE,668,HDFCLIFE,550,8.684123564107946,0.6549836180656317,13.811183959101495,784.9135232359265,54.07471442363017
HDFCLIFE,1,582,39,HDFCLIFE,669,HDFCLIFE,551,23.44593371787802,0.3678513902414766,20.119923864758952,873.3276090906012,258.3734750963989
HDFCLIFE,2,583,39,HDFCLIFE,670,HDFCLIFE,552,8.315829752394981,0.5639883282762703,29.049524579265643,959.0257030594444,207.9632843293969
HDFCLIFE,3,584,39,HDFCLIFE,671,HDFCLIFE,553,14.832710443236866,0.9289806427711766,13.518758185985638,436.8170367199811,260.1546665080375
HDFCLIFE,4,585,39,HDFCLIFE,672,HDFCLIFE,554,13.980690392572017,0.4863576714759459,25.967950761210535,502.1908195426007,203.63364700480102
HDFCLIFE,5,586,39,HDFCLIFE,673,HDFCLIFE,555,16.973713256766843,0.09968050738335421,29.47841194902326,682.9523149961872,209.1092912874534
HDFCLIFE,6,587,39,HDFCLIFE,674,HDFCLIFE,556,18.5012337611643,1.1112016069251613,25.94449433959717,959.9654567034779,282.4655623402137
HDFCLIFE,7,588,39,HDFCLIFE,675,HDFCLIFE,557,6.6312244304681744,1.9972309101450516,21.683021325816465,271.5754184870041,389.43223363293316
HDFCLIFE,8,589,39,HDFCLIFE,676,HDFCLIFE,558,22.950109554985893,1.1333964186666152,18.71799033072998,101.71522341099855,89.97377352652302
HDFCLIFE,9,590,39,HDFCLIFE,677,HDFCLIFE,559,23.34589861187264,0.9434629975353463,23.217997258918196,614.7338334066811,95.59379146671944
HDFCLIFE,10,591,39,HDFCLIFE,678,HDFCLIFE,560,16.82953247202404,1.406311977203336,19.011518199511173,587.4834448973293,356.02690546863226
HDFCLIFE,11,592,39,HDFCLIFE,679,HDFCLIFE,561,17.680121077429412,0.7578436367662047,18.571667894135444,396.53352448775604,198.60060711698742
HDFCLIFE,12,593,39,HDFCLIFE,680,HDFCLIFE,Mar 2013,10.377099976500844,1.5925019075882008,21.31228761294201,130.14381253661344,189.82014462067437
HEROMOTOCO,0,594,40,HEROMOTOCO,681,HEROMOTOCO,562,11.10134881877311,1.6568731586561751,14.18442131179745,819.8364653608803,165.22990765511918
HEROMOTOCO,1,595,40,HEROMOTOCO,682,HEROMOTOCO,563,17.117419309853187,0.7091092294811969,11.557952634950349,497.1521701236153,233.9646721427755
HEROMOTOCO,2,596,40,HEROMOTOCO,683,HEROMOTOCO,564,10.84607040822779,0.06531521956863728,14.009637366815522,722.6341287415117,395.2310770299856
HEROMOTOCO,3,597,40,HEROMOTOCO,684,HEROMOTOCO,565,9.321056604013256,1.968197152827214,22.18001070157179,403.4113488592232,217.14454163903605
HEROMOTOCO,4,598,40,HEROMOTOCO,685,HEROMOTOCO,566,23.888641513572885,0.755117656784841,11.953478154554997,128.98582879157522,430.9814259255719
HEROMOTOCO,5,599,40,HEROMOTOCO,686,HEROMOTOCO,567,17.004464656539355,0.5306879475319015,14.611079757909998,726.624716989612,294.10898416833527
HEROMOTOCO,6,600,40,HEROMOTOCO,687,HEROMOTOCO,568,6.567672186615628,1.083788521967594,27.532867191113024,465.5351626138327,393.9605969752977
HEROMOTOCO,7,601,40,HEROMOTOCO,688,HEROMOTOCO,569,20.04882589458334,0.9326892292833753,28.502248582770726,141.7693836939049,276.6340783302639
HEROMOTOCO,8,602,40,HEROMOTOCO,689,HEROMOTOCO,570,8.451566402692883,1.881724254057597,12.817375126541917,868.8426216963849,270.77487796440755
HEROMOTOCO,9,603,40,HEROMOTOCO,690,HEROMOTOCO,571,11.220004481049845,0.9570117093521346,14.138329253237128,457.3457355871326,120.69897432709583
HEROMOTOCO,10,604,40,HEROMOTOCO,691,HEROMOTOCO,572,23.619848485621233,0.7490953967788747,23.77589974031057,949.1425412939615,399.5122976427105
HEROMOTOCO,11,605,40,HEROMOTOCO,692,HEROMOTOCO,Mar 2014,15.015429025105371,0.22975482958170845,26.308726622320098,235.21331704151206,68.04901379447006
HINDALCO,0,606,41,HINDALCO,693,HINDALCO,573,12.364720140002865,1.5956313951668868,16.983450647871287,788.317929036358,95.7579696469513
HINDALCO,1,607,41,HINDALCO,694,HINDALCO,574,14.246444269353177,0.12969001159144922,27.976583940671944,142.3438751621241,467.785526021277
HINDALCO,2,608,41,HINDALCO,695,HINDALCO,575,21.9220373592919,0.6865086819652542,20.95871699315378,170.07840052283146,120.5796830610049
HINDALCO,3,609,41,HINDALCO,696,HINDALCO,576,11.638191595760631,0.8951219071597063,15.789762862872207,599.5865884029171,72.11357342167952
HINDALCO,4,610,41,HINDALCO,697,HINDALCO,577,22.294804207711675,0.05161616130794222,17.16758359037645,616.9334300100255,169.03690360983137
HINDALCO,5,611,41,HINDALCO,698,HINDALCO,578,6.407744011908281,0.11541995295445595,13.74798404802858,247.45303444272255,125.20171940093557
HINDALCO,6,612,41,HINDALCO,699,HINDALCO,579,19.092525098087062,1.3987419440379292,20.80404117306443,749.422786574167,439.6726122971814
HINDALCO,7,613,41,HINDALCO,700,HINDALCO,580,9.401237762956935,1.1852916726783762,20.98335761706256,255.29534381673707,179.31024469831183
HINDALCO,8,614,41,HINDALCO,701,HINDALCO,581,5.790031296955382,1.5464792477640847,17.38168957540576,839.5808551408967,147.80890574183286
HINDALCO,9,615,41,HINDALCO,702,HINDALCO,582,19.06093499301715,0.917562554784642,25.378452766368994,968.3348843680586,468.0391734061463
HINDALCO,10,616,41,HINDALCO,703,HINDALCO,583,18.608683162470477,1.817823631739306,26.293947022567604,138.14970341661538,232.7336370500369
HINDALCO,11,617,41,HINDALCO,704,HINDALCO,584,17.631806869183634,0.04268361504531426,24.374707591586965,568.4650711698005,131.52500148785253
HINDALCO,12,618,41,HINDALCO,705,HINDALCO,Mar 2013,22.60657422120257,0.6515926265102012,23.522897923578512,570.4987281520409,233.39278063215053
HINDUNILVR,0,619,42,HINDUNILVR,706,HINDUNILVR,585,8.37312450988874,1.6713265239239572,21.966332639956516,256.075906230658,410.50702469474453
HINDUNILVR,1,620,42,HINDUNILVR,707,HINDUNILVR,586,9.266742653209722,1.105328657688482,16.171899792786686,594.4353710822467,374.7578421108594
HINDUNILVR,2,621,42,HINDUNILVR,708,HINDUNILVR,587,15.815674973246894,1.7593608061138915,17.035098685761582,470.2730166370528,473.30827385650025
HINDUNILVR,3,622,42,HINDUNILVR,709,HINDUNILVR,588,15.676384558584637,0.3216231803182812,16.968262435028453,644.5377803144617,287.18377135922424
HINDUNILVR,4,623,42,HINDUNILVR,710,HINDUNILVR,589,13.395339446394999,1.0452006584937343,26.21555686541152,822.8561364229536,185.92330162045857
HINDUNILVR,5,624,42,HINDUNILVR,711,HINDUNILVR,590,17.523794534858865,1.19692975020912,22.293113193613642,328.6916730091824,377.16322973487405
HINDUNILVR,6,625,42,HINDUNILVR,712,HINDUNILVR,591,20.954970502137904,1.3253542148775639,17.92028742314472,640.9504814075631,490.97282541763525
HINDUNILVR,7,626,42,HINDUNILVR,713,HINDUNILVR,592,5.15651109741984,0.5691270940572879,22.390466404590303,979.6240901809406,399.06244312927765
HINDUNILVR,8,627,42,HINDUNILVR,714,HINDUNILVR,593,8.022394002854883,1.4802629677045358,26.626643959541276,660.4095202286023,103.09129728652584
HINDUNILVR,9,628,42,HINDUNILVR,715,HINDUNILVR,594,23.116345134399882,1.586988251585965,13.024851196761503,733.3381953153531,146.9175947475777
HINDUNILVR,10,629,42,HINDUNILVR,716,HINDUNILVR,595,8.40574236651895,0.18763876713844918,17.556626956492583,226.8116035301237,50.758890342438896
HINDUNILVR,11,630,42,HINDUNILVR,717,HINDUNILVR,596,20.149226312261376,0.08973210877503446,12.15891570195642,753.0982633509631,377.29520731567345
HINDUNILVR,12,631,42,HINDUNILVR,718,HINDUNILVR,Mar 2013,7.190690040102776,1.1564529089855304,21.437455791039,977.7223245389847,245.29003001896012
ICICIBANK,0,632,43,ICICIBANK,719,ICICIBANK,597,10.922027450599751,1.5382396076118503,15.048416550059919,975.8126460032831,291.98944053593186
ICICIBANK,1,633,43,ICICIBANK,720,ICICIBANK,598,11.01524068868692,0.6732715134553007,26.083048281426123,988.3132963882782,236.47489749395172
ICICIBANK,2,634,43,ICICIBANK,721,ICICIBANK,599,5.030110581910108,0.7374904834046694,26.55411044344762,358.1163768630122,113.87377637143646
ICICIBANK,3,635,43,ICICIBANK,722,ICICIBANK,600,17.762908093911186,1.5812508231673374,15.076928149226829,304.19688084796655,189.5927631189588
ICICIBANK,4,636,43,ICICIBANK,723,ICICIBANK,601,7.183311270942374,1.9359033785457895,17.677025399669603,548.0828228410412,97.64656752316385
ICICIBANK,5,637,43,ICICIBANK,724,ICICIBANK,602,24.86495621711851,1.8433405154416282,20.932012169880586,369.5242961096633,84.51469052748833
ICICIBANK,6,638,43,ICICIBANK,725,ICICIBANK,603,15.443248707303475,1.8007433354341447,24.911113109642194,539.085935268398,314.46179112118836
ICICIBANK,7,639,43,ICICIBANK,726,ICICIBANK,604,19.596767583067383,1.2531924519519768,16.34054062352133,855.7012671815531,233.37369820475467
ICICIBANK,8,640,43,ICICIBANK,727,ICICIBANK,605,9.38042817810623,1.954586794359172,12.318763419691457,810.5954719602183,484.8436865271622
ICICIBANK,9,641,43,ICICIBANK,728,ICICIBANK,606,11.95962666251052,1.8402480878255516,21.89525650888828,805.6851086417784,470.5827169707858
ICICIBANK,10,642,43,ICICIBANK,729,ICICIBANK,607,20.639121865865228,1.4989609811926794,17.116883018263064,419.04868774792135,286.66369637926164
ICICIBANK,11,643,43,ICICIBANK,730,ICICIBANK,608,23.895207605312237,0.8331549544596155,12.127525553714495,578.5042983747302,461.73840668208646
ICICIBANK,12,644,43,ICICIBANK,Mar 2013,ICICIBANK,Mar 2013,22.517926489110373,1.3594797838418895,24.879394284614115,557.2620126404745,191.63865670874372
ICICIGI,0,645,44,ICICIGI,731,ICICIGI,609,8.872141420978819,1.9967743621611462,29.02566716576509,539.1591244761561,497.95992903161823
ICICIGI,1,646,44,ICICIGI,732,ICICIGI,610,8.081321632092175,0.6138673280494564,15.499960643220561,553.7554482688635,342.63744610147114
ICICIGI,2,647,44,ICICIGI,733,ICICIGI,611,19.98702466047659,1.2576409109889135,12.060958335953554,390.96639381712953,150.79785538421834
ICICIGI,3,648,44,ICICIGI,734,ICICIGI,612,24.806071185312884,1.2221105093407187,28.075931595063413,845.1831433020118,271.16641222101373
ICICIGI,4,649,44,ICICIGI,735,ICICIGI,613,5.0016094458929095,0.8347090195361169,18.371568816545157,294.70251513668995,380.7193094271263
ICICIGI,5,650,44,ICICIGI,736,ICICIGI,614,24.31419019601234,1.5732208910733003,13.859574852016143,440.4866452035358,128.92542333904134
ICICIGI,6,651,44,ICICIGI,737,ICICIGI,615,15.378078261970852,1.721910665470593,22.270872369094633,267.042298096658,461.51282281478103
ICICIGI,7,652,44,ICICIGI,738,ICICIGI,616,7.156451296651262,1.484847770016885,28.302998312960604,587.5228663590585,328.7425913533756
ICICIGI,8,653,44,ICICIGI,739,ICICIGI,617,18.07164311685593,1.1470648833765216,28.536469405934465,621.3420678220954,425.4790431006078
ICICIGI,9,654,44,ICICIGI,740,ICICIGI,618,23.31805277856772,0.7861636064244246,25.790189040106675,271.61322688109465,234.45401991255127
ICICIGI,10,655,44,ICICIGI,741,ICICIGI,619,24.83080667930079,1.676774237950316,11.533871323329016,239.1874744791002,50.49466061169359
ICICIGI,11,656,44,ICICIGI,742,ICICIGI,620,20.239588688643266,1.2191610550558971,16.771446332076696,898.0608746275707,129.1168552719202
ICICIGI,12,657,44,ICICIGI,743,ICICIGI,Mar 2013,13.076895026654945,0.15681542566024298,21.57538823252939,802.2592895256713,217.1815707308083
ICICIPRULI,0,658,45,ICICIPRULI,744,ICICIPRULI,621,21.106761692805506,0.9515581055326505,29.95284719905571,927.5890098451463,442.96236758435344
ICICIPRULI,1,659,45,ICICIPRULI,745,ICICIPRULI,622,6.429083688090229,1.1185427169115092,10.478040896801842,538.8463208126504,387.52172829999313
ICICIPRULI,2,660,45,ICICIPRULI,746,ICICIPRULI,623,16.933446520201564,0.8758580172546402,10.265490124384842,243.67517193821976,211.78434463770736
ICICIPRULI,3,661,45,ICICIPRULI,747,ICICIPRULI,624,15.027132747193566,0.2594374036399345,10.800317151940948,308.749845820456,210.40701111515614
ICICIPRULI,4,662,45,ICICIPRULI,748,ICICIPRULI,625,13.413877659957127,1.2104427941887461,17.465715823968928,798.1923671664907,153.40306104717118
ICICIPRULI,5,663,45,ICICIPRULI,749,ICICIPRULI,626,22.703707213806645,1.875590985345673,18.416950408284237,699.933173113343,156.11515905396118
ICICIPRULI,6,664,45,ICICIPRULI,750,ICICIPRULI,627,19.92712940688225,0.14731596459502128,25.19387479551513,594.2838337930206,57.22379392210212
ICICIPRULI,7,665,45,ICICIPRULI,751,ICICIPRULI,628,21.634684891581188,1.6057338607948424,13.290879868320156,848.4427179556353,353.4213847777154
ICICIPRULI,8,666,45,ICICIPRULI,752,ICICIPRULI,629,19.913238083721016,1.5128708261536472,16.97459129845869,209.07086446739768,61.72652256047817
ICICIPRULI,9,667,45,ICICIPRULI,753,ICICIPRULI,630,8.229970071577,0.3839492126532118,21.00174435690528,763.7726578478604,149.32218472986426
ICICIPRULI,10,668,45,ICICIPRULI,754,ICICIPRULI,631,6.025243100406961,0.7126413406920356,29.35444221307356,738.7690475369666,482.07788996936705
ICICIPRULI,11,669,45,ICICIPRULI,755,ICICIPRULI,632,12.139322091759745,0.30099668183438055,27.954623272310027,845.6597443215538,286.8303474953959
ICICIPRULI,12,670,45,ICICIPRULI,756,ICICIPRULI,Mar 2013,10.980914231758218,1.6672331550269988,12.04206666278439,437.5901660014911,467.7737680487035
INDUSINDBK,0,697,47,INDUSINDBK,770,INDUSINDBK,645,15.258662008644334,0.37368148454527383,25.503497421717626,648.2311267706068,377.70705457636154
INDUSINDBK,1,698,47,INDUSINDBK,771,INDUSINDBK,646,5.9813105173188745,1.0513787267438826,29.837349290770867,565.6961846783008,111.00867690003241
INDUSINDBK,2,699,47,INDUSINDBK,772,INDUSINDBK,647,9.402777019946463,0.32708543937759704,15.07565568785588,859.2705788003668,355.8048980250643
INDUSINDBK,3,700,47,INDUSINDBK,773,INDUSINDBK,648,7.8318164727391215,1.5938495372080599,16.269418095604664,283.16143678863864,230.3351350009203
INDUSINDBK,4,701,47,INDUSINDBK,774,INDUSINDBK,649,22.26770695286026,1.0687012604424995,21.413527927186603,408.84326298230343,303.231861253592
INDUSINDBK,5,702,47,INDUSINDBK,775,INDUSINDBK,650,20.05559684894559,1.0408391014970593,16.30928919453606,606.5925432922479,348.6339450563354
INDUSINDBK,6,703,47,INDUSINDBK,776,INDUSINDBK,651,8.895147783099542,1.020126852776049,24.12716240300826,718.9238487564253,58.06043844105995
INDUSINDBK,7,704,47,INDUSINDBK,777,INDUSINDBK,652,7.568089079013792,1.3759207073878745,18.159432536998192,551.9160671694951,155.4563542856358
INDUSINDBK,8,705,47,INDUSINDBK,778,INDUSINDBK,653,11.765748613555653,1.6566584976782084,13.749682364066834,222.49687080111445,470.3000555600534
INDUSINDBK,9,706,47,INDUSINDBK,779,INDUSINDBK,654,21.979865712075444,0.9600472736301391,29.108645222427725,591.8325782586999,162.82841097628256
INDUSINDBK,10,707,47,INDUSINDBK,780,INDUSINDBK,655,20.033096592445226,0.32551964611017326,25.33012538612097,101.69545872219454,354.86972055236583
INDUSINDBK,11,708,47,INDUSINDBK,781,INDUSINDBK,656,5.5319181261208,1.6616386314715164,18.233072352935718,943.6297741106728,94.65335629601626
INDUSINDBK,12,709,47,INDUSINDBK,Mar 2013,INDUSINDBK,Mar 2013,11.117808435992412,1.372159992700733,17.292184556109397,414.5361282947231,227.4157655494219
INFY,0,710,48,INFY,782,INFY,657,19.307706804739617,1.7315624326374466,19.26957891722467,455.02638481713075,270.45936881716716
INFY,1,711,48,INFY,783,INFY,658,6.206156517722741,0.6662769469305352,29.452019741611306,376.0405004147162,352.16336730196406
INFY,2,712,48,INFY,784,INFY,659,10.019341513732883,0.2610963897468499,21.112011188173497,284.12352777059016,498.9444157186112
INFY,3,713,48,INFY,785,INFY,660,19.644599877519187,0.16460281309351177,13.9978494774974,141.54056163463545,81.60647742698382
INFY,4,714,48,INFY,786,INFY,661,7.153669754739324,0.9635068045521524,26.19641855021687,275.2615395260144,454.30226473099924
INFY,5,715,48,INFY,787,INFY,662,5.3200411209555565,0.8512690105668066,17.608083369907277,774.1240756532563,292.8011585528827
INFY,6,716,48,INFY,788,INFY,663,18.10469129581887,1.9886614362102084,19.348199163896282,397.65066457062863,167.99252375649903
INFY,7,717,48,INFY,789,INFY,664,16.902704674360706,0.8116741715235414,25.1382334441059,858.5692645109508,94.89393613589749
INFY,8,718,48,INFY,790,INFY,665,9.677184751322569,0.039611483679101944,20.802615676433803,852.5827012177335,55.54895902890237
INFY,9,719,48,INFY,791,INFY,666,24.994491445609388,1.223912343848995,16.08798843861095,529.5624980336859,213.27211019450192
INFY,10,720,48,INFY,792,INFY,667,19.144046075439263,0.9977188935294294,22.934673576525135,921.1382921342467,264.1582499841628
INFY,11,721,48,INFY,793,INFY,668,24.907193131097063,1.4559485877286462,22.110354471650705,309.0341015943404,302.03177469439555
INFY,12,722,48,INFY,794,INFY,Mar 2013,8.219883156930727,0.7322005497943922,28.41559720259963,507.454763305541,435.2842629770689
IOC,0,723,49,IOC,795,IOC,669,12.447473935816763,1.6890537657621059,28.586508680738156,170.6134448426407,277.62725274739705
IOC,1,724,49,IOC,796,IOC,670,10.64212143945635,1.6974903300597193,25.969474824547877,243.01214604724933,88.64298553555362
IOC,2,725,49,IOC,797,IOC,671,20.262847735099747,0.8448182543571787,27.47379027038581,413.62436102166953,95.31051363179583
IOC,3,726,49,IOC,798,IOC,672,19.281052746587363,1.715935354593356,10.629264700526594,407.9470128781317,146.57122322828712
IOC,4,727,49,IOC,799,IOC,673,20.511849835477847,1.3294260991117408,27.56194849940546,953.2121823136249,122.26966548343823
IOC,5,728,49,IOC,800,IOC,674,13.588350365849863,1.286906308260113,28.116687855250493,805.9913921431066,53.94558457200726
IOC,6,729,49,IOC,801,IOC,675,23.589396623216444,1.122551676379472,14.09342403214644,129.84848118652943,383.69386017739106
IOC,7,730,49,IOC,802,IOC,676,12.008715046143607,0.8095184049756114,19.096459221659877,347.03965993061405,183.14668711235683
IOC,8,731,49,IOC,803,IOC,677,14.4789570380419,1.7679520960426929,15.068071719707438,881.7724296701933,85.65818958712734
IOC,9,732,49,IOC,804,IOC,678,15.257058657880744,0.05474648155243633,14.067817799278107,710.6904344495862,497.06905174203985
IOC,10,733,49,IOC,805,IOC,679,18.39163534567828,0.02738995517088849,24.672119695447087,748.2052130920048,139.79279018458732
IOC,11,734,49,IOC,806,IOC,680,11.12938405262069,0.33555035222422,13.669559706121033,650.2323491062223,232.30287975268007
IOC,12,735,49,IOC,807,IOC,Mar 2013,7.7523491480487605,1.1973275315522334,25.023794738515214,172.80279478698856,387.74476782770614
IRCTC,0,736,50,IRCTC,808,IRCTC,681,6.074417626062236,1.543458766406141,11.140782142187437,747.122115011701,354.41074299738204
IRCTC,1,737,50,IRCTC,809,IRCTC,682,14.410055630802724,0.8916130375132838,18.00775964640238,171.44940305786204,431.6748100016278
IRCTC,2,738,50,IRCTC,810,IRCTC,683,20.770344730748455,0.8344638794891657,10.16654007183124,415.7149596309012,211.36683529473547
IRCTC,3,739,50,IRCTC,811,IRCTC,684,19.922749323523103,0.5433007684238591,10.791379773520514,394.44908362776954,416.1648409656526
IRCTC,4,740,50,IRCTC,812,IRCTC,685,7.576403852276295,0.9861778887909614,22.23631156199233,626.6574884444027,296.1523998584164
IRCTC,5,741,50,IRCTC,813,IRCTC,686,20.507669441841507,1.535205935792493,15.830561027055122,987.4652553558362,410.56237640398336
IRCTC,6,742,50,IRCTC,814,IRCTC,687,19.99776078723013,0.20103687532423287,20.618350072651175,604.9847504264063,279.00086004107413
IRCTC,7,743,50,IRCTC,815,IRCTC,688,20.75278758352237,0.3995676699925228,13.136894847483829,291.29619364874156,444.89287916146117
IRCTC,8,744,50,IRCTC,816,IRCTC,689,22.185540779819227,1.130048906877283,12.86341169670349,524.2906614116762,458.72681912864675
IRCTC,9,745,50,IRCTC,817,IRCTC,690,11.838857128000448,1.6097126224526164,12.895026756874493,137.04048396066918,458.23286187749915
IRCTC,10,746,50,IRCTC,818,IRCTC,Mar 2015,23.494847991368733,1.0260015250361711,21.2666789837852,159.15483276657864,102.92376949470375
IRFC,0,747,51,IRFC,819,IRFC,691,5.909946870920586,0.7994186319105145,17.54062783506954,723.5739792841172,318.0867709231827
IRFC,1,748,51,IRFC,820,IRFC,692,23.813770277564252,1.9126120469089845,22.53242812350197,167.5835395522223,239.9514970513522
IRFC,2,749,51,IRFC,821,IRFC,693,6.445778052577131,1.068153455040892,16.655682442887475,805.8109155119894,301.7296427866976
IRFC,3,750,51,IRFC,822,IRFC,694,19.113195504081787,0.8946355857947437,11.524831529455867,121.60167640428801,188.41776752819936
IRFC,4,751,51,IRFC,823,IRFC,695,23.13417380729917,0.43937524883469137,29.051100488174114,674.5563225477556,394.9340160387737
IRFC,5,752,51,IRFC,824,IRFC,696,15.844907064396613,1.557163867417784,16.002434087946092,893.107111816706,385.74782506291984
IRFC,6,753,51,IRFC,825,IRFC,697,5.445130751689415,0.8448046019574924,22.70423635014313,352.72931945557514,423.27311761070877
IRFC,7,754,51,IRFC,826,IRFC,698,7.600719789647514,1.3082941940471797,17.926668686578434,935.040809791321,327.655111925418
IRFC,8,755,51,IRFC,827,IRFC,699,16.581950750467424,0.7549411174192906,18.161833368702766,542.1222363387914,198.55396040864025
IRFC,9,756,51,IRFC,828,IRFC,Mar 2016,12.976385820915407,1.3813302473661846,11.549227839402898,548.7257732601657,172.21157345270873
IRFC,10,757,51,IRFC,829,IRFC,Mar 2017,15.48286722232878,0.5938968450370712,22.531226350384692,137.56938988820525,84.4190584376921
IRFC,11,758,51,IRFC,830,IRFC,Mar 2018,17.717216639789974,0.2418436731781397,21.20668082411681,961.1430819579799,439.6377966744341
IRFC,12,759,51,IRFC,831,IRFC,Mar 2019,19.48678443904619,0.8748893867028793,16.112419633566024,866.6661357551387,286.07673454600325
ITC,0,760,52,ITC,832,ITC,700,14.302373792372133,1.938163143632988,19.392423634482963,606.681325075521,474.57119618670293
ITC,1,761,52,ITC,833,ITC,701,16.776140710233086,0.5590167087180726,22.95750521446157,863.3151341824795,107.93327344527012
ITC,2,762,52,ITC,834,ITC,702,21.347461060482395,1.6885274545776747,12.476768833132244,182.48356411756495,86.91204709240574
ITC,3,763,52,ITC,835,ITC,703,7.155883971569619,1.6864347646944855,26.229598742937682,803.8603596990309,288.2252756843472
ITC,4,764,52,ITC,836,ITC,704,20.542839282277633,1.5516886914877255,13.517661244114315,861.4414067903673,80.78112505015464
ITC,5,765,52,ITC,837,ITC,705,9.263002724503355,0.7423488618710365,21.147971006347838,799.447304637571,191.44222354436806
ITC,6,766,52,ITC,838,ITC,706,6.655321667884698,0.07994735265500807,28.33689347205421,557.7919061065334,302.97801167423995
ITC,7,767,52,ITC,839,ITC,707,23.97715494072313,1.8917654887927888,11.791724497793869,783.3437468224727,150.72045207571503
ITC,8,768,52,ITC,840,ITC,708,5.1883086843935455,0.6791690452440369,19.675240174408167,261.45550477224157,399.98904483091064
ITC,9,769,52,ITC,841,ITC,709,17.238108297795645,1.3131872476458373,23.282459603132175,504.85571592067333,428.0032957644432
ITC,10,770,52,ITC,842,ITC,710,19.604514344556822,0.8848755536830746,10.766675122732662,108.1017242126067,318.9539762783855
ITC,11,771,52,ITC,843,ITC,711,12.206298748546992,0.28824903899811427,18.651348456763657,471.0747309973917,208.22560642273746
ITC,12,772,52,ITC,844,ITC,Mar 2013,6.331342305000063,1.89732656535503,15.637498211732566,107.60099241806016,388.38714108994975
JINDALSTEL,0,773,53,JINDALSTEL,1036,JINDALSTEL,712,23.07109330714898,1.3008471610928292,12.569028106752702,479.69242936596214,60.35929168471305
JINDALSTEL,1,774,53,JINDALSTEL,1037,JINDALSTEL,713,5.939360449726765,0.26569380195715975,29.192137690290668,458.1419276912793,327.5417773645734
JINDALSTEL,2,775,53,JINDALSTEL,1038,JINDALSTEL,714,15.64686357066047,1.706888121853593,12.685127226218205,380.2103214999436,485.52440297951887
JINDALSTEL,3,776,53,JINDALSTEL,1039,JINDALSTEL,715,16.02516850921553,0.4895844613449025,12.390169737182744,661.1106249218102,334.20402260440864
JINDALSTEL,4,777,53,JINDALSTEL,1040,JINDALSTEL,716,17.116903484807757,1.9907252516906997,26.620686707776663,429.33101021593126,156.2639315106106
JINDALSTEL,5,778,53,JINDALSTEL,1041,JINDALSTEL,717,22.10152952555587,1.7137209924806647,10.669295018124709,776.6991348132503,109.26456682298381
JINDALSTEL,6,779,53,JINDALSTEL,1042,JINDALSTEL,718,9.82622689112593,0.8699533568684523,28.656212131226695,836.2814622298202,362.3287757867524
JINDALSTEL,7,780,53,JINDALSTEL,1043,JINDALSTEL,719,12.798787557793478,1.0095082692796844,25.49331557306182,956.09797948923,350.901112815925
JINDALSTEL,8,781,53,JINDALSTEL,1044,JINDALSTEL,720,7.611768616152414,1.4192238341214598,24.233068159843274,516.8589274916735,465.9561591938061
JINDALSTEL,9,782,53,JINDALSTEL,1045,JINDALSTEL,721,21.673561150372326,0.7839937926479441,21.115954179084582,637.8565397277256,325.9439684157169
JINDALSTEL,10,783,53,JINDALSTEL,1046,JINDALSTEL,722,23.94201387850397,1.559683417457244,11.809112364331193,573.5777792866479,378.2657662343413
JINDALSTEL,11,784,53,JINDALSTEL,1047,JINDALSTEL,723,12.432572587731103,0.6844083301210728,16.151903785080158,194.93975507845212,392.66818368014543
JINDALSTEL,12,785,53,JINDALSTEL,1048,JINDALSTEL,Mar 2013,5.403011496989903,1.531784948206326,23.079233177995597,575.5929767659942,187.12188708023
JIOFIN,0,786,54,JIOFIN,1033,JIOFIN,724,24.21289707054191,0.3289032003923493,16.653063535095946,451.72582840388606,138.12285065760284
JIOFIN,1,787,54,JIOFIN,1034,JIOFIN,725,16.517935931159684,1.0843649709979328,16.057102284630908,419.8445630082008,435.163131503094
JIOFIN,2,788,54,JIOFIN,1035,JIOFIN,Mar 2023,14.673654945049382,1.6682539256822178,17.95822797140592,129.37849710236918,408.25738949028414
JSWENERGY,0,789,55,JSWENERGY,1020,JSWENERGY,726,17.779653699730254,1.6066026581920128,23.497484776375433,480.6198477360385,458.4548033189629
JSWENERGY,1,790,55,JSWENERGY,1021,JSWENERGY,727,5.006292857159583,1.690478866365041,24.76461616168317,155.56630729913266,122.62349787149444
JSWENERGY,2,791,55,JSWENERGY,1022,JSWENERGY,728,21.00664658348858,1.7501584006120066,24.043567068946846,315.0329689876983,67.31048243283217
JSWENERGY,3,792,55,JSWENERGY,1023,JSWENERGY,729,17.02625370276607,1.7083669535742476,15.059710083259931,743.7047841452021,103.14298668329889
JSWENERGY,4,793,55,JSWENERGY,1024,JSWENERGY,730,13.483876708449799,1.6359684448101084,13.307795742635431,147.34954582038293,67.17004602497866
JSWENERGY,5,794,55,JSWENERGY,1025,JSWENERGY,731,13.553427388763094,1.1683846427132318,21.454874769257426,830.1965918392879,467.54952208015806
JSWENERGY,6,795,55,JSWENERGY,1026,JSWENERGY,732,24.261941602198593,0.053605653867552894,21.131136253086034,635.0404523592,377.99317124904434
JSWENERGY,7,796,55,JSWENERGY,1027,JSWENERGY,733,12.328487521981014,1.615061875741603,25.46289571944468,470.2416108049165,326.33729799459377
JSWENERGY,8,797,55,JSWENERGY,1028,JSWENERGY,734,16.175384557505346,0.2651328175309233,20.011371730932176,950.3740273119629,390.91344590242824
JSWENERGY,9,798,55,JSWENERGY,1029,JSWENERGY,735,16.382180194346507,1.264055811811366,15.411867180715614,986.4570494879933,321.852609188434
JSWENERGY,10,799,55,JSWENERGY,1030,JSWENERGY,736,12.58229711712659,1.5976394323488188,24.097723622045446,181.17847954361505,356.41482229578577
JSWENERGY,11,800,55,JSWENERGY,1031,JSWENERGY,737,23.9798041105825,1.736278506841515,19.133449971480132,410.1768607716569,107.11870050159787
JSWENERGY,12,801,55,JSWENERGY,1032,JSWENERGY,Mar 2013,5.587380001876719,0.513861088645952,27.648221552146225,265.4523649076125,394.7205940498175
JSWSTEEL,0,802,56,JSWSTEEL,1007,JSWSTEEL,738,21.503401335491795,1.7476661777785976,17.240468216609244,296.2085381212148,243.27608739763744
JSWSTEEL,1,803,56,JSWSTEEL,1008,JSWSTEEL,739,7.396800156022653,1.8880383189641425,18.183900123217747,878.8893934063283,220.62975780385653
JSWSTEEL,2,804,56,JSWSTEEL,1009,JSWSTEEL,740,8.443130794048699,0.4427994771470807,12.372917082082386,122.69321718578244,346.1775495257456
JSWSTEEL,3,805,56,JSWSTEEL,1010,JSWSTEEL,741,9.35470178176522,1.6457370790719075,11.004231517281902,120.28782421153603,493.41567983172064
JSWSTEEL,4,806,56,JSWSTEEL,1011,JSWSTEEL,742,19.977052070205787,0.9012535276057592,17.80720274201488,618.6497176267043,265.72895336529655
JSWSTEEL,5,807,56,JSWSTEEL,1012,JSWSTEEL,743,15.854387190114993,1.614728532049617,11.727006943738626,441.612841353414,424.44589277238583
JSWSTEEL,6,808,56,JSWSTEEL,1013,JSWSTEEL,744,22.121203912338927,1.0463846437381423,24.190633652888003,196.6845129463146,75.81193085041842
JSWSTEEL,7,809,56,JSWSTEEL,1014,JSWSTEEL,745,23.41622613553497,0.04014394781391806,26.447155904424037,293.9067354401258,333.0980496310249
JSWSTEEL,8,810,56,JSWSTEEL,1015,JSWSTEEL,746,7.0784816621178015,0.9296279810609867,12.512485034601726,185.47122215506513,377.76182806410776
JSWSTEEL,9,811,56,JSWSTEEL,1016,JSWSTEEL,747,5.817822858426426,0.2603748428561503,16.76686926066038,167.82053224908458,233.5521751044988
JSWSTEEL,10,812,56,JSWSTEEL,1017,JSWSTEEL,748,16.469010539009084,0.44257045406802775,26.23212323898095,833.9674853721359,209.0316642719329
JSWSTEEL,11,813,56,JSWSTEEL,1018,JSWSTEEL,749,9.922955607925521,0.9744207279128627,16.352838693019823,938.0452339599343,374.7868169124691
JSWSTEEL,12,814,56,JSWSTEEL,1019,JSWSTEEL,Mar 2013,13.817977099052532,0.43235319711862363,23.44047916069136,735.8814863681392,485.4990584191566
KOTAKBANK,0,815,57,KOTAKBANK,995,KOTAKBANK,750,7.268339621474329,0.7886452584822605,18.67921174951308,209.58456740835896,445.02389400169204
KOTAKBANK,1,816,57,KOTAKBANK,996,KOTAKBANK,751,17.243638218753127,0.37985977076519606,17.07222333794424,788.1561113124292,214.17720569100314
KOTAKBANK,2,817,57,KOTAKBANK,997,KOTAKBANK,752,20.13972269576638,1.670635052910201,10.554172585908592,351.75463783523867,257.17922785164967
KOTAKBANK,3,818,57,KOTAKBANK,998,KOTAKBANK,753,23.356977746445,1.3658589307760431,20.456225755002237,127.25656663647095,118.0194149772257
KOTAKBANK,4,819,57,KOTAKBANK,999,KOTAKBANK,754,12.62192187295973,1.987882338460151,18.76248322080291,106.08643296663305,133.0591811805466
KOTAKBANK,5,820,57,KOTAKBANK,1000,KOTAKBANK,755,19.852473382814722,0.4705576260528359,26.811981196788285,414.33747268921,334.9208838919048
KOTAKBANK,6,821,57,KOTAKBANK,1001,KOTAKBANK,756,17.907713753999552,0.7278836441251133,23.443973446261648,702.5094335363361,166.9392602898995
KOTAKBANK,7,822,57,KOTAKBANK,1002,KOTAKBANK,757,22.174046047898194,0.9497729799263464,22.093808685983756,589.8075912196025,414.84371540114284
KOTAKBANK,8,823,57,KOTAKBANK,1003,KOTAKBANK,758,14.334394727695168,0.8585239799834425,14.485852789473183,211.3037944447804,397.4262870291003
KOTAKBANK,9,824,57,KOTAKBANK,1004,KOTAKBANK,759,11.051199436103246,1.1187857802195151,26.12828897192894,255.3970632102342,198.52276569634387
KOTAKBANK,10,825,57,KOTAKBANK,1005,KOTAKBANK,760,7.172296392441058,0.5436479487030248,20.276828605946008,895.148822401764,492.72314815551186
KOTAKBANK,11,826,57,KOTAKBANK,1006,KOTAKBANK,761,16.061713851712728,1.683263425838879,28.413866829547487,619.391879252899,363.6995468594881
KOTAKBANK,12,827,57,KOTAKBANK,Mar 2013,KOTAKBANK,Mar 2013,16.513810842903872,0.7108580338493764,28.4871992193097,450.00226594528954,479.6136573590795
LICI,0,828,58,LICI,988,LICI,762,9.093318491773674,0.33284217348288236,25.8447352747962,912.1017225045798,276.04629875472824
LICI,1,829,58,LICI,989,LICI,763,21.031631053893488,0.7349846498683881,26.054428620386222,976.8873968650928,199.822039696243
LICI,2,830,58,LICI,990,LICI,764,8.884344707291456,0.9840455692933496,20.043209125630298,724.503156368209,87.73873108821044
LICI,3,831,58,LICI,991,LICI,765,22.12325824238691,1.9788028567437905,14.418392474585936,655.7781751636735,259.0114478672244
LICI,4,832,58,LICI,992,LICI,766,16.900574742281,0.7542755832140362,10.729665781303016,390.35692721379644,362.4447566523493
LICI,5,833,58,LICI,993,LICI,767,20.59810549619165,1.0815186887672743,12.578708000042816,308.6371369020096,299.19595995066857
LICI,6,834,58,LICI,994,LICI,Mar 2019,12.084058339914757,1.7779947028942071,29.631504013448783,535.339108262716,81.68092551079675
LODHA,0,835,59,LODHA,975,LODHA,777,15.008974920594838,1.4153688531729407,10.515438014566032,255.44790945738958,110.96006486785018
LODHA,1,836,59,LODHA,976,LODHA,778,13.27268029196836,0.03701484508178199,24.61150091781513,342.24115323341346,346.1201228528886
LODHA,2,837,59,LODHA,977,LODHA,779,20.556270003105823,0.029870834966528204,21.13163645709964,568.2855377806023,465.34107604246356
LODHA,3,838,59,LODHA,978,LODHA,780,12.392032650136574,0.30068421148081903,24.1971269731432,928.8035483295255,302.3106540879847
LODHA,4,839,59,LODHA,979,LODHA,781,7.936045464356263,0.7702571111496834,25.127019226157003,539.232071222892,456.7230104897387
LODHA,5,840,59,LODHA,980,LODHA,782,21.730778850318465,0.20428850330033077,29.03445826609937,382.3125826889317,155.7360150805571
LODHA,6,841,59,LODHA,981,LODHA,783,20.69432425497901,1.5166955737802514,24.614720220223795,132.11938837385895,477.85618762706247
LODHA,7,842,59,LODHA,982,LODHA,784,14.076368216254547,0.41726215602769856,21.562468936288255,365.6745268540889,334.1162711552419
LODHA,8,843,59,LODHA,983,LODHA,785,6.4171105570842375,0.33823460169540565,18.16643739819463,432.71371440016935,331.25093385678775
LODHA,9,844,59,LODHA,984,LODHA,Mar 2016,12.761284371326933,1.499881654332231,24.33077086047788,342.98715861049493,182.83658367958878
LODHA,10,845,59,LODHA,985,LODHA,Mar 2017,8.917616944998441,1.8809637313773682,27.446563583288636,909.5735525554204,58.29943916745741
LODHA,11,846,59,LODHA,986,LODHA,Mar 2018,16.4349907093031,1.540813238862811,14.849421873672954,538.951690368155,271.0036935162856
LODHA,12,847,59,LODHA,987,LODHA,Mar 2019,10.722691877287447,1.6695813411177023,17.211182190550357,295.68546204018105,191.58292696856213
LT,0,848,60,LT,962,LT,786,12.760540835582336,0.9586945532398412,19.462422706103695,492.04414195679743,81.61906402368686
LT,1,849,60,LT,963,LT,787,22.539523654629285,1.4180829052890256,21.35801223096135,201.7852319442109,63.821566294656336
LT,2,850,60,LT,964,LT,788,5.814236729551534,0.7159025171056166,20.76559700863043,338.42123104436325,156.81140649252785
LT,3,851,60,LT,965,LT,789,18.95471416313767,0.7539504983790373,27.033000509592807,218.37718762484658,186.76031518079498
LT,4,852,60,LT,966,LT,790,19.10215037683065,1.7390788732519582,22.912288649172577,443.6435301651278,389.7258712789008
LT,5,853,60,LT,967,LT,791,9.467334534851744,1.964478536835237,16.27339211077868,192.17758016552096,310.535088954554
LT,6,854,60,LT,968,LT,792,19.956778425305387,0.6442403183287406,22.495352982832312,562.5480499458357,138.13884468203025
LT,7,855,60,LT,969,LT,793,11.987726718684621,1.2039629481222844,29.609227590019113,722.2669450690399,442.1825468305273
LT,8,856,60,LT,970,LT,794,22.76698892162269,0.34853164757566324,11.171812241682051,575.2058250556815,457.1470001759129
LT,9,857,60,LT,971,LT,795,5.1305994582463965,0.4107526726922506,27.624084057517237,129.9247952228042,339.86738660088594
LT,10,858,60,LT,972,LT,796,12.82752190330595,1.8745936199956388,23.30838703325908,600.9145306908908,275.58108937117515
LT,11,859,60,LT,973,LT,797,16.97432160824636,0.915854159920287,21.629455483788288,537.3079822769448,271.60308038564904
LT,12,860,60,LT,974,LT,Mar 2013,22.675607296789742,0.2727737321108281,17.72181936055351,760.9708011980525,313.4827443404191
LTIM,0,861,61,LTIM,949,LTIM,798,19.137708154001633,0.4489431055829418,29.627958223089216,827.5917471286389,160.0849717338513
LTIM,1,862,61,LTIM,950,LTIM,799,9.47211054181505,0.5139233452365932,14.432595320345472,643.9094345659354,495.79593705437554
LTIM,2,863,61,LTIM,951,LTIM,800,13.91751214388026,0.03964463658638784,17.082927443770092,445.9602009819483,238.8726138909557
LTIM,3,864,61,LTIM,952,LTIM,801,5.370393795820476,0.34100335090336764,12.041876897692488,331.9484500094312,446.72666370088336
LTIM,4,865,61,LTIM,953,LTIM,802,6.620287528419311,0.6195686149502573,19.234860102948076,732.8022770219798,266.0222779057102
LTIM,5,866,61,LTIM,954,LTIM,803,5.202901934624196,1.055596801088955,17.36323722550417,332.04478144904385,241.56203744472884
LTIM,6,867,61,LTIM,955,LTIM,804,23.33932184656494,1.70260830545203,12.005744431147933,596.1020069729489,346.5006544408639
LTIM,7,868,61,LTIM,956,LTIM,805,11.948173903202427,1.3981697138539866,12.843637886531534,498.34822681533115,369.2511584305534
LTIM,8,869,61,LTIM,957,LTIM,806,6.919510611133588,1.9248609720536647,26.708686913998715,427.5023338505985,83.39600142612363
LTIM,9,870,61,LTIM,958,LTIM,807,5.679653836606004,0.18022496522922582,26.5985359913796,885.3473691902171,388.7473200062521
LTIM,10,871,61,LTIM,959,LTIM,808,12.863683991620293,1.292634223241614,21.929654643380932,660.337396142375,460.12231941301025
LTIM,11,872,61,LTIM,960,LTIM,809,18.41983639257392,0.0054162736009950585,23.809699723612578,486.0443756428263,477.898592552414
LTIM,12,873,61,LTIM,961,LTIM,Mar 2013,21.82881670628705,0.38426209070780515,29.04463443216384,799.7263370415264,213.14012142525968
M&M,0,874,62,M&M,936,M&M,810,21.93538596304989,1.7350459415137982,20.37114458889471,504.3492929896751,138.3264814421924
M&M,1,875,62,M&M,937,M&M,811,16.117974226850542,0.08907752029039395,13.047505642321708,739.3778491707006,283.80093609154693
M&M,2,876,62,M&M,938,M&M,812,23.5917844230958,0.8004799452896199,16.35469172687928,362.4059063492537,254.02213744664883
M&M,3,877,62,M&M,939,M&M,813,18.15474381929326,1.2704492909137093,10.85417359160079,335.69788461831297,471.42746569353
M&M,4,878,62,M&M,940,M&M,814,24.010619047582345,0.026149479778634133,11.257553329461803,796.6464193695282,65.77911801596446
M&M,5,879,62,M&M,941,M&M,815,15.076783875787378,0.8986128803705178,26.324844208841444,933.6908499232319,452.09109237791426
M&M,6,880,62,M&M,942,M&M,816,22.373694793225955,1.1861029609663964,24.23902227464606,356.1847793259809,167.14924932112487
M&M,7,881,62,M&M,943,M&M,817,19.472971933252023,0.7847605484375446,26.114848914029388,496.56255982008315,406.45628212534666
M&M,8,882,62,M&M,944,M&M,818,24.620809741643708,0.17691439593084257,23.780522928836803,748.2928594617738,271.9683454196408
M&M,9,883,62,M&M,945,M&M,819,17.834669352085825,0.37299329261117586,23.46424578886611,839.1118209484373,130.05721809736227
M&M,10,884,62,M&M,946,M&M,820,18.814949945084884,0.41576800937798986,29.373304715461053,325.50624874475454,420.93451223526273
M&M,11,885,62,M&M,947,M&M,821,14.033241386107495,0.7934149149124428,17.63403114630775,283.4977323333918,384.55696813703725
M&M,12,886,62,M&M,948,M&M,Mar 2013,22.036259261106217,1.40832890354822,19.58383864881874,138.34361895647027,146.23271263416902
MARUTI,0,887,63,MARUTI,923,MARUTI,822,9.250097454792146,1.3581390071317305,15.117211377305109,224.68049334815856,269.3391815428073
MARUTI,1,888,63,MARUTI,924,MARUTI,823,20.84927068743498,1.1456642516632198,10.600152864132768,513.9252289760527,307.9867688933907
MARUTI,2,889,63,MARUTI,925,MARUTI,824,22.35587094008381,0.6323510106434744,10.497872429377221,567.243513455649,452.18820610252357
MARUTI,3,890,63,MARUTI,926,MARUTI,825,18.190358295612278,1.3985158053500748,29.16187376100457,463.7570845735495,57.866296784951686
MARUTI,4,891,63,MARUTI,927,MARUTI,826,10.962993573848983,0.29863854497059394,13.166786771761798,526.3283344118421,175.8367249819418
MARUTI,5,892,63,MARUTI,928,MARUTI,827,14.664274313921785,0.21492304188685685,13.80658177639429,915.0640118001901,440.3550390134749
MARUTI,6,893,63,MARUTI,929,MARUTI,828,9.479244975823269,1.488086210744933,24.158405356041385,899.0355210773774,201.48455368639054
MARUTI,7,894,63,MARUTI,930,MARUTI,829,13.155100097997112,0.5198808051115376,24.904422092124967,870.5903977021014,495.78373818238526
MARUTI,8,895,63,MARUTI,931,MARUTI,830,7.890242539308126,0.4584573879576228,19.01896450000718,492.2450560030019,495.43837208491294
MARUTI,9,896,63,MARUTI,932,MARUTI,831,20.660394530218802,1.4258579671793308,27.321048241482032,448.2526674352115,110.96635427396808
MARUTI,10,897,63,MARUTI,933,MARUTI,832,17.63526459172606,1.385701546554966,29.719895102269138,307.611319460667,175.73035071003358
MARUTI,11,898,63,MARUTI,934,MARUTI,833,9.868639930754313,0.43709049634209207,23.29150461269369,719.1476440330812,181.26149449870618
MARUTI,12,899,63,MARUTI,935,MARUTI,Mar 2013,14.558310082935135,0.4482542536573506,16.45119750588395,458.04412323383036,241.3813901915554
MOTHERSON,0,900,64,MOTHERSON,910,MOTHERSON,834,18.411012087078515,0.44196076692851105,22.73290921369481,403.2844092955845,257.75415958702604
MOTHERSON,1,901,64,MOTHERSON,911,MOTHERSON,835,24.19107959381217,0.7057974900941411,19.032122805123322,605.4846308528533,327.047706579631
MOTHERSON,2,902,64,MOTHERSON,912,MOTHERSON,836,17.41154571875056,1.6956071243618451,29.040359698439623,201.45984146624818,138.64754651985203
MOTHERSON,3,903,64,MOTHERSON,913,MOTHERSON,837,19.725110914132486,1.389046430844033,25.77898269114255,901.0821842709837,315.73220097596635
MOTHERSON,4,904,64,MOTHERSON,914,MOTHERSON,838,9.282824783521928,0.8061266596027703,10.990802023262397,286.54957427084537,69.64928545219031
MOTHERSON,5,905,64,MOTHERSON,915,MOTHERSON,839,22.028551585801523,0.13747306805309933,19.626811539167527,175.6353364221825,364.19826093160947
MOTHERSON,6,906,64,MOTHERSON,916,MOTHERSON,840,15.989633059516892,0.0898380444964908,12.353664127753465,758.9956956254907,227.25601601184601
MOTHERSON,7,907,64,MOTHERSON,917,MOTHERSON,841,11.897962279947196,0.24193345877731187,22.05797525354624,430.59247596499705,53.18493526047429
MOTHERSON,8,908,64,MOTHERSON,918,MOTHERSON,842,21.38090121093937,1.1606756218809364,13.355882522494795,405.5067357142146,368.73276566215975
MOTHERSON,9,909,64,MOTHERSON,919,MOTHERSON,843,24.062955868340318,1.8769271958433058,17.64421434614385,487.0470884204136,212.12848200999244
MOTHERSON,10,910,64,MOTHERSON,920,MOTHERSON,844,9.982358788661747,1.9920737545111362,23.72373171139276,703.9214632981631,461.7606369534727
MOTHERSON,11,911,64,MOTHERSON,921,MOTHERSON,845,7.374325925515621,1.3915732043608364,20.953446958105612,386.3352376915619,104.37356841316384
MOTHERSON,12,912,64,MOTHERSON,922,MOTHERSON,Mar 2013,24.97699185675705,0.658772798384563,19.07985444088025,944.4609670253577,352.3682656546272
NAUKRI,0,913,65,NAUKRI,897,NAUKRI,846,12.695774760862658,0.37390783750444334,28.184534379596258,122.4607284543541,421.90770390288884
NAUKRI,1,914,65,NAUKRI,898,NAUKRI,847,20.552934376005766,0.6722720003118594,22.65120541719249,978.9123218040238,200.76275384878412
NAUKRI,2,915,65,NAUKRI,899,NAUKRI,848,21.726109485398233,1.6248586229295963,27.55830619892491,419.4937619545873,343.87723930862165
NAUKRI,3,916,65,NAUKRI,900,NAUKRI,849,8.433500084264566,0.06795574928328385,23.32978669218108,117.2320592901075,290.45006844852594
NAUKRI,4,917,65,NAUKRI,901,NAUKRI,850,8.740373729416964,1.4846274784570874,11.636113275981753,542.5936539362814,338.6991275138215
NAUKRI,5,918,65,NAUKRI,902,NAUKRI,851,22.17975433085909,0.9689458323532854,28.961822014599147,846.1863695363486,362.6037462253888
NAUKRI,6,919,65,NAUKRI,903,NAUKRI,852,7.850857263654922,1.3022055712277396,15.212207275800129,954.8604594664777,425.1471058682831
NAUKRI,7,920,65,NAUKRI,904,NAUKRI,853,11.84219125345017,0.37357992510296634,28.886967060432482,588.4751451703369,241.36259727243456
NAUKRI,8,921,65,NAUKRI,905,NAUKRI,854,13.612616269638256,0.390539307601542,22.551601032852012,432.10292182302055,90.92477190702957
NAUKRI,9,922,65,NAUKRI,906,NAUKRI,855,5.585544754740219,1.5146920032556992,11.108845750989635,110.08744467859478,275.7360964615518
NAUKRI,10,923,65,NAUKRI,907,NAUKRI,856,23.08701566540719,0.05573900085968386,11.444804281296117,666.3787143313031,247.32282693393657
NAUKRI,11,924,65,NAUKRI,908,NAUKRI,857,9.279385424766481,0.8942179249062079,25.094556595864077,577.3114586579119,408.0149725194296
NAUKRI,12,925,65,NAUKRI,909,NAUKRI,Mar 2013,24.065797462627113,1.4577532674519684,25.05790425960072,540.0514830169802,476.29166947413825
NESTLEIND,0,926,66,NESTLEIND,884,NESTLEIND,858,14.140168159377083,1.376506470738514,17.582876432857596,307.62221162691344,128.50247953596272
NESTLEIND,1,927,66,NESTLEIND,885,NESTLEIND,859,7.583403508406354,1.642869932977323,25.17240823223093,762.6154104535534,383.08378109627023
NESTLEIND,2,928,66,NESTLEIND,886,NESTLEIND,860,12.821924362236688,0.13089195770219542,14.383935937905392,688.0263660263147,265.6217041719758
NESTLEIND,3,929,66,NESTLEIND,887,NESTLEIND,861,18.733154627418216,0.15967552626098147,15.289682455850164,359.32671276142526,482.3730492985172
NESTLEIND,4,930,66,NESTLEIND,888,NESTLEIND,862,13.087200871249182,1.288097646574028,26.201005171812774,901.3239733425359,357.3621048217738
NESTLEIND,5,931,66,NESTLEIND,889,NESTLEIND,863,14.916778565905542,1.6515130160447944,18.134975793893208,631.9504023826554,256.5518184598505
NESTLEIND,6,932,66,NESTLEIND,890,NESTLEIND,864,15.73205298564188,1.5627041420751768,23.44650136609922,298.90000922312555,68.41301857284559
NESTLEIND,7,933,66,NESTLEIND,891,NESTLEIND,865,22.423255281361833,0.15816730775951027,27.24868671961653,790.4675919381759,237.18102735634443
NESTLEIND,8,934,66,NESTLEIND,892,NESTLEIND,866,21.26370385028832,0.8004878430511906,17.533779746399418,797.4302495166079,186.64091832767608
NESTLEIND,9,935,66,NESTLEIND,893,NESTLEIND,867,15.551606081330494,0.007052369558531613,12.026920368722134,738.0743613058715,357.46428507816165
NESTLEIND,10,936,66,NESTLEIND,894,NESTLEIND,868,16.950605836813722,1.7863936707152668,16.198545545330383,300.6739355549664,398.5234842819853
NESTLEIND,11,937,66,NESTLEIND,895,NESTLEIND,869,21.9729036598604,0.6350815338598856,10.444409926442583,981.5194976779014,425.39590075524217
NESTLEIND,12,938,66,NESTLEIND,896,NESTLEIND,Dec 2013,15.252232710284053,0.7907700604414389,26.747459156734127,976.1334150749647,94.29392890996874
NHPC,0,939,67,NHPC,871,NHPC,870,22.33041834228554,1.8955971303658834,25.468969949105812,549.9182306842122,417.68958701767724
NHPC,1,940,67,NHPC,872,NHPC,871,5.866223386116549,0.041621633493638566,18.521439118243165,192.12664501480478,276.8435001563397
NHPC,2,941,67,NHPC,873,NHPC,872,12.167082572789901,0.555575753633877,26.45514761365895,437.85748234404684,487.76492821913587
NHPC,3,942,67,NHPC,874,NHPC,873,24.12605171889979,1.9545505559659258,27.39705081375108,480.41241363563,365.54920571798965
NHPC,4,943,67,NHPC,875,NHPC,874,8.293102632307228,0.6645590282165941,18.31049680275812,341.3072389127094,126.95313334716295
NHPC,5,944,67,NHPC,876,NHPC,875,7.043524641012762,0.18303685023155158,19.658610679725694,217.61160313285677,171.61158162113236
NHPC,6,945,67,NHPC,877,NHPC,876,15.30382391573438,1.6174537971807037,10.613028673566436,464.8183695563139,392.05819322751836
NHPC,7,946,67,NHPC,878,NHPC,877,11.644075913594307,1.3870880333530824,18.21110365409051,606.6461256294192,81.87027261564826
NHPC,8,947,67,NHPC,879,NHPC,878,7.904261920725846,0.9874511928419789,27.99013210061729,209.87264413388078,350.0757426997226
NHPC,9,948,67,NHPC,880,NHPC,879,24.266301159540188,0.025453798201711564,24.403743739956536,914.6493586750056,391.7689573676993
NHPC,10,949,67,NHPC,881,NHPC,880,20.173363429732063,0.784345154971257,16.680077860684577,736.6856361425707,95.25211215487643
NHPC,11,950,67,NHPC,882,NHPC,881,12.359954629328984,0.12999569012120316,17.223321021396483,838.5228632028051,265.97181069345504
NHPC,12,951,67,NHPC,883,NHPC,Mar 2013,6.892917406675119,1.2832312517870783,22.162769387731238,305.7485181768732,346.1747019943997
NTPC,0,952,68,NTPC,858,NTPC,882,15.029278590622571,1.1695863683205534,17.102686055616104,841.2811737305035,51.010847300934834
NTPC,1,953,68,NTPC,859,NTPC,883,9.396109730452302,0.32741969045868724,14.262221190520883,156.87827418283257,411.9553553937706
NTPC,2,954,68,NTPC,860,NTPC,884,6.946441264998491,0.07451259271834298,10.372289839114043,880.7006503364804,376.52661123180275
NTPC,3,955,68,NTPC,861,NTPC,885,8.663023409453805,1.643375853556606,15.92013443456036,455.5388696258352,396.05833153190304
NTPC,4,956,68,NTPC,862,NTPC,886,23.68843173287984,0.5702584621831894,25.826546571492756,669.3330111644743,416.03875727978823
NTPC,5,957,68,NTPC,863,NTPC,887,7.995905730609316,0.4167478337894934,18.96643221910505,762.8604665793665,216.22025572903937
NTPC,6,958,68,NTPC,864,NTPC,888,6.9054330766923,1.5835312312681342,11.903123042237416,874.5837739456596,129.2461054785011
NTPC,7,959,68,NTPC,865,NTPC,889,19.05603882395108,0.5046574605462395,29.058286121143283,150.29102856281935,270.52933440140924
NTPC,8,960,68,NTPC,866,NTPC,890,14.354249239549006,1.5167184251274206,26.115718128643934,269.27645736730636,395.4021216889652
NTPC,9,961,68,NTPC,867,NTPC,891,21.305074397145138,1.2534332664529373,17.32326941335274,645.7062329190106,281.83757011586243
NTPC,10,962,68,NTPC,868,NTPC,892,10.604745789612712,0.5132324577532954,16.78586580251963,141.6560962722304,179.17951274729828
NTPC,11,963,68,NTPC,869,NTPC,893,7.728626704722162,0.3756107220124145,19.05010993520911,121.97505352107945,397.64540900536343
NTPC,12,964,68,NTPC,870,NTPC,Mar 2013,21.242392252101723,0.9070176391557578,19.08208764842702,826.0211277687192,406.70745278397084
ONGC,0,965,69,ONGC,845,ONGC,894,24.602117454091818,0.763444062564953,29.249935850162373,255.48201018425064,327.1585930245823
ONGC,1,966,69,ONGC,846,ONGC,895,14.069946868885948,1.8821554253384667,20.301582351958743,552.2600806827118,158.74356436217136
ONGC,2,967,69,ONGC,847,ONGC,896,6.071038981444339,0.44617592312778864,10.679972752672581,673.6263627389258,75.40013084458141
ONGC,3,968,69,ONGC,848,ONGC,897,21.883437048400854,1.142812033154475,19.474541470349536,424.28991373053213,493.38268559613607
ONGC,4,969,69,ONGC,849,ONGC,898,7.4140639683795895,1.2074857218349753,20.49906428172504,944.978379192989,280.2646935420917
ONGC,5,970,69,ONGC,850,ONGC,899,19.812057512936697,1.3207366227691473,13.947439865253932,940.8498574762328,267.0968590659511
ONGC,6,971,69,ONGC,851,ONGC,900,20.315956534912928,0.4317618058899082,21.596956208951326,132.7292353287142,96.09327602394421
ONGC,7,972,69,ONGC,852,ONGC,901,21.44336045154983,1.0671307059807982,12.860890196879195,594.9212511489573,321.34806576774946
ONGC,8,973,69,ONGC,853,ONGC,902,5.9025574555029525,1.1756668849978849,17.048059500354277,540.8313048857239,430.5167388663753
ONGC,9,974,69,ONGC,854,ONGC,903,11.103667561826569,1.84667403489026,13.075672230613302,911.3053233281312,276.5573231365028
ONGC,10,975,69,ONGC,855,ONGC,904,19.99220922227779,1.702053711735913,20.155670762057326,865.3367803252182,461.05953658514085
ONGC,11,976,69,ONGC,856,ONGC,905,19.52516333448842,1.4186956816755045,20.29206561415605,577.7542158525105,127.22218773969644
ONGC,12,977,69,ONGC,857,ONGC,Mar 2013,23.8930566456138,0.5310655220355132,24.110562755825427,498.0083643795762,398.4911987524076
PFC,0,978,70,PFC,1049,PFC,906,19.542282354573953,1.3646617140495394,11.235432481669767,274.8390521770639,307.0408348928982
PFC,1,979,70,PFC,1050,PFC,907,22.13608465222006,0.5550873410348647,23.409786771318515,406.0991937370773,208.77855052601728
PFC,2,980,70,PFC,1051,PFC,908,11.06060220992573,1.5364264711501023,27.12812948040376,720.9186124364875,182.02696746080647
PFC,3,981,70,PFC,1052,PFC,909,17.432316963240616,0.9713690968591899,22.98992591677215,451.55411673905417,292.0131641712388
PFC,4,982,70,PFC,1053,PFC,910,15.607339138645482,1.5416336615944626,18.93227031363363,146.48540115229787,414.87620667310244
PFC,5,983,70,PFC,1054,PFC,911,19.49194339813038,1.8425495620746415,25.931633626853817,802.4239364362356,77.80998798532973
PFC,6,984,70,PFC,1055,PFC,912,18.243911652195912,0.8496989705434148,21.633676459134385,713.6941892968712,238.72807163141903
PFC,7,985,70,PFC,1056,PFC,913,9.617943594066654,0.5255637273591343,13.684103212313953,807.6109950633756,91.77783255912041
PFC,8,986,70,PFC,1057,PFC,914,17.699932120562796,1.2160819707024257,27.409928385135807,151.4618287857804,159.80780732547055
PFC,9,987,70,PFC,1058,PFC,915,19.32831287432074,0.4434517385634211,26.083026973884568,290.9690198765403,111.91502276792794
PFC,10,988,70,PFC,1059,PFC,916,20.99206962186412,0.807486907886386,28.008949717420187,485.2398323557956,303.06415759904075
PFC,11,989,70,PFC,1060,PFC,917,23.009229395979066,0.9666322632782516,13.521256596365996,300.0563706908798,424.6082872662828
PFC,12,990,70,PFC,1061,PFC,Mar 2013,12.921223088167284,1.0462256733972337,12.612067212274079,885.6401496277257,261.20361772705036
PIDILITIND,0,991,71,PIDILITIND,1062,PIDILITIND,918,19.043662176383265,1.876005442424271,14.55587158623635,943.6595132575083,138.51431025512068
PIDILITIND,1,992,71,PIDILITIND,1063,PIDILITIND,919,9.24650951867513,0.8907460213747298,16.355406067539068,751.5228675792426,417.6768513213202
PIDILITIND,2,993,71,PIDILITIND,1064,PIDILITIND,920,18.351859055073817,1.6430190156461193,17.858824429675504,748.3122714777913,291.7980530167133
PIDILITIND,3,994,71,PIDILITIND,1065,PIDILITIND,921,14.407827349477095,1.6700759256853739,10.240475008035437,935.3344245901351,158.64325262193958
PIDILITIND,4,995,71,PIDILITIND,1066,PIDILITIND,922,10.278282991554345,0.3883970525218847,13.621497807444607,318.04039400152357,428.63737630995973
PIDILITIND,5,996,71,PIDILITIND,1067,PIDILITIND,923,14.88732471417488,0.5963709659434877,22.207549620963068,145.77518440316817,225.68626645792077
PIDILITIND,6,997,71,PIDILITIND,1068,PIDILITIND,924,16.073459311963077,1.6725213229275522,15.61738579812779,805.567631875514,108.96446314302062
PIDILITIND,7,998,71,PIDILITIND,1069,PIDILITIND,925,10.529937057777385,0.3095991068230213,12.93588388254242,765.8920191627342,303.8357120776768
PIDILITIND,8,999,71,PIDILITIND,1070,PIDILITIND,926,17.484553278063213,1.5967050885603564,24.837016700301277,752.2131786841255,55.92674040604168
PIDILITIND,9,1000,71,PIDILITIND,1071,PIDILITIND,927,20.612059668383452,1.1058860865977305,10.097706560465635,353.83515084193664,344.8236552113464
PIDILITIND,10,1001,71,PIDILITIND,1072,PIDILITIND,928,10.616130589347787,1.2304110912237078,17.419407111168294,444.8145391371147,195.75577215070942
PIDILITIND,11,1002,71,PIDILITIND,1073,PIDILITIND,929,9.909849440864653,0.7715097458950113,13.780264151059162,128.5011556738424,239.89232525881584
PIDILITIND,12,1003,71,PIDILITIND,1074,PIDILITIND,Mar 2013,18.401115120949356,0.19978796250682151,12.349130502798253,597.5051740767847,332.8821705011438
PNB,0,1004,72,PNB,1075,PNB,930,20.20764757806496,1.5129172257100023,13.621124190580874,677.5315240780903,316.8447467339752
PNB,1,1005,72,PNB,1076,PNB,931,15.613264354948482,1.4328937399049064,22.877116771911783,396.73206199385646,183.14822135467512
PNB,2,1006,72,PNB,1077,PNB,932,9.879243786340721,0.7346314977077864,17.26006366987714,312.86176921321083,125.41186758316483
PNB,3,1007,72,PNB,1078,PNB,933,11.171338068647698,1.5436833845513447,11.074143321052656,827.2548509985527,442.8752218057918
PNB,4,1008,72,PNB,1079,PNB,934,23.778340848664286,1.3163067917516664,13.873953868526492,801.4111532625832,431.703351297559
PNB,5,1009,72,PNB,1080,PNB,935,10.657820744176231,1.731064376007823,21.960249507063335,120.93725491281253,294.4803084751651
PNB,6,1010,72,PNB,1081,PNB,936,8.084536385924316,1.4923089045905988,28.267315030998198,918.4316787009677,372.67592353000293
PNB,7,1011,72,PNB,1082,PNB,937,14.012818574248943,1.7359843298064834,13.025736795284683,124.99938982479784,469.74345485216486
PNB,8,1012,72,PNB,1083,PNB,938,23.31752755718382,1.7599212762847203,12.733191879860382,223.7847407059026,486.3258895029334
PNB,9,1013,72,PNB,1084,PNB,939,20.977850449956303,1.9167881899516122,16.95963764932329,590.3203983261737,484.22555087389605
PNB,10,1014,72,PNB,1085,PNB,940,24.058629022962144,1.9059118735223346,10.770931627009649,657.2298898082755,244.6009930195229
PNB,11,1015,72,PNB,1086,PNB,941,21.22963364668489,0.18163666010035606,17.62657970523191,223.07719623278058,469.2301527696229
PNB,12,1016,72,PNB,1087,PNB,Mar 2013,11.51575219693585,0.809828817829771,15.215248630106027,668.5757412925266,388.8410395750881
POWERGRID,0,1017,73,POWERGRID,1135,POWERGRID,942,14.964945054347204,0.6165391363757236,13.66296298755971,483.27121269142,433.1961738328273
POWERGRID,1,1018,73,POWERGRID,1136,POWERGRID,943,13.474909649238615,0.642241501460364,14.574568386362829,123.78543946117439,59.276117771055276
POWERGRID,2,1019,73,POWERGRID,1137,POWERGRID,944,11.954322771852246,1.3199127777198756,25.043455554091818,774.1381558237126,410.9789168250486
POWERGRID,3,1020,73,POWERGRID,1138,POWERGRID,945,22.714558278415602,0.2987788756512515,18.400354153864104,148.5530639735264,277.08375166015213
POWERGRID,4,1021,73,POWERGRID,1139,POWERGRID,946,14.945087720873298,0.6162053461861534,16.355836790414063,773.3549137714398,105.94030756942246
POWERGRID,5,1022,73,POWERGRID,1140,POWERGRID,947,12.166550479369784,0.09932347991937074,24.67603251429329,245.0797665908561,440.9398190372952
POWERGRID,6,1023,73,POWERGRID,1141,POWERGRID,948,24.286651741207677,1.8320188469492813,18.06089541454319,634.0025185357467,119.8017688679582
POWERGRID,7,1024,73,POWERGRID,1142,POWERGRID,949,5.933391523338618,1.8894801265404622,23.086959325644163,542.2067327583659,389.2590340043085
POWERGRID,8,1025,73,POWERGRID,1143,POWERGRID,950,22.079512884856165,1.5529331521664815,23.609961006156237,964.8134679441916,321.341280117055
POWERGRID,9,1026,73,POWERGRID,1144,POWERGRID,951,21.18734945327162,1.8251954829439292,24.98393776480242,697.2912348364159,133.44167588896573
POWERGRID,10,1027,73,POWERGRID,1145,POWERGRID,952,24.989483166729524,1.1824589794659555,21.19139651356956,735.4429846684668,115.79437104297686
POWERGRID,11,1028,73,POWERGRID,1146,POWERGRID,953,14.154790768824272,1.3529206996076115,19.388888834845375,202.87068875554107,97.04443651325448
POWERGRID,12,1029,73,POWERGRID,1147,POWERGRID,Mar 2013,21.021368974822956,1.5205969906889711,20.453219446592453,245.180619873874,148.11417010830687
RECLTD,0,1030,74,RECLTD,1161,RECLTD,954,12.443401077181367,1.346469347257552,10.861628191130867,606.575676651785,257.7766872155392
RECLTD,1,1031,74,RECLTD,1162,RECLTD,955,5.839039743941454,0.7508603596983072,19.18812453388381,342.7840808013108,438.91116704970005
RECLTD,2,1032,74,RECLTD,1163,RECLTD,956,11.021588642418742,0.07537746503261555,25.725273206172545,644.1611420435828,116.62133760036227
RECLTD,3,1033,74,RECLTD,1164,RECLTD,957,7.844383131079409,0.44803377691874746,12.168876984107895,600.6474942747132,419.71566258792274
RECLTD,4,1034,74,RECLTD,1165,RECLTD,958,17.559441579939577,0.8192430950808094,19.059826991799046,568.8963558597898,234.2266850098844
RECLTD,5,1035,74,RECLTD,1166,RECLTD,959,20.430154473186388,0.6369686271031838,27.27914649158847,474.9061391589739,259.78873659974437
RECLTD,6,1036,74,RECLTD,1167,RECLTD,960,16.587516032866816,0.671061803260776,24.853594641753183,407.52563460887285,370.23654755774527
RECLTD,7,1037,74,RECLTD,1168,RECLTD,961,7.245739044739061,1.2227154488190946,28.586595289306633,285.1456453221375,449.018371493643
RECLTD,8,1038,74,RECLTD,1169,RECLTD,962,19.119353292815514,0.5649760858985005,23.511828003515873,189.4518676131593,171.18698136781876
RECLTD,9,1039,74,RECLTD,1170,RECLTD,963,9.488783352139464,0.007782653677284479,13.982516275661807,478.94791539411756,286.82632969493034
RECLTD,10,1040,74,RECLTD,1171,RECLTD,964,7.230315144013666,0.2781385974463677,12.11841194276544,216.53173112053085,327.2916578744528
RECLTD,11,1041,74,RECLTD,1172,RECLTD,965,15.493297985276664,0.37874343053305437,15.711957887244372,557.4536738188417,385.7477424609055
RECLTD,12,1042,74,RECLTD,1173,RECLTD,Mar 2013,19.971091943186988,0.11963460753768018,10.957713111105466,348.1267581059301,169.55654499218969
RELIANCE,0,1043,75,RELIANCE,1174,RELIANCE,966,8.460928092415053,0.12543021289636114,18.743667348108602,214.48903942822054,198.8741271376266
RELIANCE,1,1044,75,RELIANCE,1175,RELIANCE,967,19.604924786394445,1.2783053329197327,26.345335995030705,952.8911084243271,241.15309728801117
RELIANCE,2,1045,75,RELIANCE,1176,RELIANCE,968,15.608677656511547,1.6149248295580554,25.167726312286778,221.07636598953871,157.38035979227004
RELIANCE,3,1046,75,RELIANCE,1177,RELIANCE,969,15.692072280480087,1.5603504313193302,16.602145736740752,260.4099814780908,451.90740050799997
RELIANCE,4,1047,75,RELIANCE,1178,RELIANCE,970,22.633596991401845,1.566642273975957,16.881477725170193,412.7401373053307,154.56798839548793
RELIANCE,5,1048,75,RELIANCE,1179,RELIANCE,971,14.818840905781608,0.46125733810734704,26.620893379856327,317.893713929432,326.6465662719875
RELIANCE,6,1049,75,RELIANCE,1180,RELIANCE,972,10.889643842524388,1.1230868669809435,11.207814875751684,447.2154567256953,444.5161474535856
RELIANCE,7,1050,75,RELIANCE,1181,RELIANCE,973,12.954825246164706,1.0688326825298122,28.323271788844757,261.0452644737743,245.69812108857374
RELIANCE,8,1051,75,RELIANCE,1182,RELIANCE,974,13.947265682244414,0.2308377339916774,25.909808811373594,812.3738675345974,401.84023652423394
RELIANCE,9,1052,75,RELIANCE,1183,RELIANCE,975,11.803130233501083,0.30987365680214074,14.722849080914923,698.8317691484341,408.8425494511417
RELIANCE,10,1053,75,RELIANCE,1184,RELIANCE,976,5.863248663585678,1.2057200216830637,23.945040711982685,860.8634601365402,423.9587378917729
RELIANCE,11,1054,75,RELIANCE,1185,RELIANCE,977,24.152733539784045,1.7379304630184378,20.19506996891689,229.11099436944917,390.26971799901656
RELIANCE,12,1055,75,RELIANCE,1186,RELIANCE,Mar 2013,21.821130987778012,1.214387555338455,22.37056437455347,426.2511613365473,126.28140730579572
SBILIFE,0,1056,76,SBILIFE,1187,SBILIFE,978,9.174331039177797,1.023488529546894,15.016737245044888,671.1081169703195,166.25536707377893
SBILIFE,1,1057,76,SBILIFE,1188,SBILIFE,979,17.76558663735548,1.1298153323771316,10.252794972692044,719.0137098510597,335.13608201342606
SBILIFE,2,1058,76,SBILIFE,1189,SBILIFE,980,6.501723497261349,1.8420166555388329,14.171614738036332,179.67413147028145,462.83254601447305
SBILIFE,3,1059,76,SBILIFE,1190,SBILIFE,981,14.403940194660658,0.697422287936303,23.972832799381237,606.1805885085146,376.79467492802456
SBILIFE,4,1060,76,SBILIFE,1191,SBILIFE,982,16.940480555946877,0.17001893691514747,17.526786053379936,461.82565949208384,196.7664736744754
SBILIFE,5,1061,76,SBILIFE,1192,SBILIFE,983,5.449557372808842,0.3669627224726397,22.54718244110576,582.182183048123,226.73925670750577
SBILIFE,6,1062,76,SBILIFE,1193,SBILIFE,984,10.430916985555301,0.21186574640778177,10.953027376173623,645.2502310179623,105.86570193057224
SBILIFE,7,1063,76,SBILIFE,1194,SBILIFE,985,5.758210423245678,1.315291225064841,12.875301359661746,720.9211612364867,453.36391724942257
SBILIFE,8,1064,76,SBILIFE,1195,SBILIFE,986,5.8412724900392305,1.5039653869096299,24.675913395719437,712.173848908307,463.1484249546419
SBILIFE,9,1065,76,SBILIFE,1196,SBILIFE,987,16.652890003052352,0.5933603579003883,15.829814503767885,313.5253636905268,461.27921492554594
SBILIFE,10,1066,76,SBILIFE,1197,SBILIFE,988,21.127961073166958,1.9622842130211795,29.768860474650644,757.6090812757993,70.10624418921302
SBILIFE,11,1067,76,SBILIFE,1198,SBILIFE,989,16.759291543052125,0.7918711516138983,23.543398056264415,218.24858096096833,328.7995575605677
SBILIFE,12,1068,76,SBILIFE,1199,SBILIFE,Mar 2013,16.349953867769784,0.18893132355022746,16.287833598619244,119.54603847272696,367.9005089301039
SBIN,0,1069,77,SHREECEM,1213,SBIN,990,14.793356551748237,0.5395367717663597,21.111234171265266,199.88982593219424,281.2752798285311
SBIN,1,1070,77,SHREECEM,1214,SBIN,991,5.561381918977608,0.7549889952855027,20.572157470680068,692.8916860312678,365.44229367094414
SBIN,2,1071,77,SHREECEM,1215,SBIN,992,10.150560966835442,1.1814566501832158,26.187051629550613,357.471755766967,259.65157927109976
SBIN,3,1072,77,SHREECEM,1216,SBIN,993,15.033742952897606,0.5871981055891249,29.408526118990324,686.1171644128634,343.2851156961962
SBIN,4,1073,77,SHREECEM,1217,SBIN,994,14.180705064140328,0.4291584447737993,22.991671026708023,578.9366105488546,157.91129974142387
SBIN,5,1074,77,SHREECEM,1218,SBIN,995,19.234561207646426,0.9251288262000188,18.96794154864869,937.6904452364711,348.84564382600087
SBIN,6,1075,77,SHREECEM,1219,SBIN,996,6.966129548467572,1.9344376563021934,16.690152378430696,952.7981881647538,182.6303334721718
SBIN,7,1076,77,SHREECEM,1220,SBIN,997,19.352031691363308,0.04756305010790052,18.981738355040072,929.641888148643,225.64068144581495
SBIN,8,1077,77,SHREECEM,1221,SBIN,998,18.333892648594485,0.5283601799772628,16.200352001891062,160.39024765411776,90.60198284862514
SBIN,9,1078,77,SHREECEM,1222,SBIN,999,5.393233778691853,0.6645984134003622,21.006125912389784,748.8501020682573,351.72085913543805
SBIN,10,1079,77,SHREECEM,1223,SBIN,1000,10.715577219632369,0.13696401733851116,18.238529626567583,138.01355601756524,208.1444410378638
SBIN,11,1080,77,SHREECEM,1224,SBIN,1001,13.29071355452074,1.1026340126633665,16.397813490083877,342.9166835401948,400.178307227969
SBIN,12,1081,77,SHREECEM,1225,SBIN,Mar 2013,20.6233841017258,1.8415951573457008,24.04781947279536,760.1315991005246,421.83773711304417
SHREECEM,0,1082,78,SHRIRAMFIN,1260,SHREECEM,1002,18.140661365411383,1.2735066959121792,28.887193489620312,628.4428114550464,493.86234417069073
SHREECEM,1,1083,78,SHRIRAMFIN,1261,SHREECEM,1003,10.38779718455239,0.8530331883436832,12.85156331863047,472.6092022263016,379.75575602250103
SHREECEM,2,1084,78,SHRIRAMFIN,1262,SHREECEM,1004,10.091007690605407,1.686384513101395,23.871146995325226,739.9125272538926,274.4503739203327
SHREECEM,3,1085,78,SHRIRAMFIN,1263,SHREECEM,1005,9.155587279103141,0.7279480360998811,17.367679374947215,169.15298725006028,91.0070017485718
SHREECEM,4,1086,78,SHRIRAMFIN,1264,SHREECEM,1006,11.587513212778733,1.716123749195186,24.750258259234403,977.4356488726868,196.37135949441517
SHREECEM,5,1087,78,SHRIRAMFIN,1265,SHREECEM,1007,7.702059790808171,1.1784696363958937,26.971401447227535,488.4667185398483,127.28857477731887
SHREECEM,6,1088,78,SHRIRAMFIN,1266,SHREECEM,1008,8.551241908256673,1.3980147572408081,28.74507622630087,248.4352906808466,485.74157305800014
SHREECEM,7,1089,78,SHRIRAMFIN,1267,SHREECEM,1009,12.332009803946738,0.4847935192769681,28.487542852501175,708.5398441884317,78.43298746503591
SHREECEM,8,1090,78,SHRIRAMFIN,1268,SHREECEM,1010,19.70351874665119,0.8804057705848065,10.559606592674157,124.03897812156094,334.45955312936485
SHREECEM,9,1091,78,SHRIRAMFIN,1269,SHREECEM,1011,16.550910308960496,1.2051482043510426,16.689885370455272,647.3230138927455,85.81599598003432
SHREECEM,10,1092,78,SHRIRAMFIN,1270,SHREECEM,1012,23.097394656502594,0.5691159886052781,22.53125865828727,139.62951818881277,393.49893130451755
SHREECEM,11,1093,78,SHRIRAMFIN,1271,SHREECEM,1013,18.64356568677797,0.9416641066215681,19.2933892302091,904.6800613656083,428.83589260724256
SHREECEM,12,1094,78,SHRIRAMFIN,1272,SHREECEM,Jun 2013,9.094728306264116,0.1095052440583848,28.76877482903015,466.72742837715936,377.42548336163213
SHRIRAMFIN,0,1095,79,SIEMENS,1273,SHRIRAMFIN,1014,19.576320337076986,0.11942522267776745,22.455767020577426,832.1729004910859,132.8399095358476
SHRIRAMFIN,1,1096,79,SIEMENS,1274,SHRIRAMFIN,1015,11.836783772700961,1.7984631277646985,18.093928582913126,768.1272361330665,154.01704617897735
SHRIRAMFIN,2,1097,79,SIEMENS,1275,SHRIRAMFIN,1016,7.4847846404320535,0.1792676250834644,18.654598558369102,537.818429503435,178.8382815512892
SHRIRAMFIN,3,1098,79,SIEMENS,1276,SHRIRAMFIN,1017,18.379034692101825,0.6983232203321181,12.126839674270382,457.4826125634685,132.03734495520501
SHRIRAMFIN,4,1099,79,SIEMENS,1277,SHRIRAMFIN,1018,13.026721426161252,1.3019161631777196,11.237025858042271,220.0660936864292,490.7337755942483
SHRIRAMFIN,5,1100,79,SIEMENS,1278,SHRIRAMFIN,1019,19.6981204235455,0.9251219152060244,13.827537600382666,573.1200471499299,194.4553911537354
SHRIRAMFIN,6,1101,79,SIEMENS,1279,SHRIRAMFIN,1020,20.160989190427248,1.9007354561289391,13.513689933877103,259.91934034116974,121.78984316542795
SHRIRAMFIN,7,1102,79,SIEMENS,1280,SHRIRAMFIN,1021,6.764017669631242,0.5054133709665638,28.014219265046084,857.2479250998352,299.3566479882303
SHRIRAMFIN,8,1103,79,SIEMENS,1281,SHRIRAMFIN,1022,24.80104232920577,0.9311921217191619,17.066153856942037,393.85134573425404,298.47233555673563
SHRIRAMFIN,9,1104,79,SIEMENS,1282,SHRIRAMFIN,1023,23.348086917834458,0.7690992193040693,14.524741290645562,347.5500151777334,390.33131855922625
SHRIRAMFIN,10,1105,79,SIEMENS,1283,SHRIRAMFIN,1024,15.8277632234383,0.028785790741431283,28.572757284520023,500.2366938504065,245.37898552439387
SHRIRAMFIN,11,1106,79,SIEMENS,1284,SHRIRAMFIN,1025,7.4381153850512804,1.2822733719680708,25.150764951901383,774.4689177896581,430.89534433229494
SHRIRAMFIN,12,1107,79,SIEMENS,Sep 2011,SHRIRAMFIN,Mar 2013,14.021810727776987,0.4429494326244656,16.21935045565274,672.0440772605536,139.1449096386759
SIEMENS,0,1108,80,SUNPHARMA,1310,SIEMENS,1026,10.487499752503954,1.9344554094383808,27.55301424847209,116.88393498288042,379.6196554012646
SIEMENS,1,1109,80,SUNPHARMA,1311,SIEMENS,1027,5.293588846396389,0.933897728403144,27.666023615328427,688.6526481030614,479.57568555799685
SIEMENS,2,1110,80,SUNPHARMA,1312,SIEMENS,1028,8.028011541429901,0.1667386786754923,14.160080072751109,988.4782114471691,268.1316039426825
SIEMENS,3,1111,80,SUNPHARMA,1313,SIEMENS,1029,13.313473950683221,1.8425964541495,17.080910402365248,129.54512105726803,235.80790348746848
SIEMENS,4,1112,80,SUNPHARMA,1314,SIEMENS,1030,11.809622262002183,0.8850737123760679,10.591880500841375,667.2752319477066,249.32533828267285
SIEMENS,5,1113,80,SUNPHARMA,1315,SIEMENS,1031,13.033305724176746,0.328143125215548,10.120615314727692,433.56739930340797,201.1646042163428
SIEMENS,6,1114,80,SUNPHARMA,1316,SIEMENS,1032,23.39195957101996,1.6922735127818551,21.193349271997757,909.1346817879125,89.15121321877503
SIEMENS,7,1115,80,SUNPHARMA,1317,SIEMENS,1033,24.946420599644,0.9820203097439324,19.96599346318577,790.2462574921313,420.72433166695805
SIEMENS,8,1116,80,SUNPHARMA,1318,SIEMENS,1034,17.54710789511097,0.4555747801095882,29.798189188796787,322.8109223064984,498.17627220892507
SIEMENS,9,1117,80,SUNPHARMA,1319,SIEMENS,1035,11.811759586151094,0.38824599162747164,28.495140547554605,432.535547628642,225.54641973925462
SIEMENS,10,1118,80,SUNPHARMA,1320,SIEMENS,1036,22.1560444703614,0.8028080966898774,18.888572055396907,771.3007296429492,108.22707016985774
SIEMENS,11,1119,80,SUNPHARMA,1321,SIEMENS,1037,6.366270040230619,0.16460158509513012,11.920246186936264,410.4042289790275,64.37934521810807
SUNPHARMA,0,1120,81,TATACONSUM,1401,SUNPHARMA,1038,15.626475218655207,0.21929707085151984,29.30693256743305,733.801804072903,352.7155409301131
SUNPHARMA,1,1121,81,TATACONSUM,1402,SUNPHARMA,1039,23.38086129930713,0.27213795665375873,20.138716083733513,324.87566570433114,420.4282045225013
SUNPHARMA,2,1122,81,TATACONSUM,1403,SUNPHARMA,1040,13.003002877069603,0.145650268040584,22.222505304986733,591.7512099200983,434.70372285383854
SUNPHARMA,3,1123,81,TATACONSUM,1404,SUNPHARMA,1041,15.103409925388373,0.3949209516174419,12.10192605310347,687.6599205112835,182.3940819711299
SUNPHARMA,4,1124,81,TATACONSUM,1405,SUNPHARMA,1042,24.535482469410724,1.7955308947652124,12.703618984898466,289.6498629171202,410.7921071721628
SUNPHARMA,5,1125,81,TATACONSUM,1406,SUNPHARMA,1043,8.19980210022054,1.7195105240834008,22.310387963440924,784.78585434038,247.79677838255554
SUNPHARMA,6,1126,81,TATACONSUM,1407,SUNPHARMA,1044,17.382948573057547,1.3606111869799788,11.849327278232607,979.2455377759452,123.14460079074217
SUNPHARMA,7,1127,81,TATACONSUM,1408,SUNPHARMA,1045,24.52767762449694,1.9049429959466893,14.752825050411996,158.36405340904236,473.7471224583285
SUNPHARMA,8,1128,81,TATACONSUM,1409,SUNPHARMA,1046,24.957812851109395,1.190799497675034,10.21944083882948,713.8175826484784,486.38275692054054
SUNPHARMA,9,1129,81,TATACONSUM,1410,SUNPHARMA,1047,13.353460316844735,1.9975304999373755,16.439053216103815,516.6952956686572,97.39622976891215
SUNPHARMA,10,1130,81,TATACONSUM,1411,SUNPHARMA,1048,24.29650337738937,0.05621420164052382,19.467978738955654,274.7023414188958,443.46004856394444
SUNPHARMA,11,1131,81,TATACONSUM,1412,SUNPHARMA,1049,11.424145849762358,1.4305030075857645,27.535609339585232,427.0460183177335,273.11771212295355
SUNPHARMA,12,1132,81,TATACONSUM,1413,SUNPHARMA,Mar 2013,21.163600211369175,0.1560453522267755,16.3496438439267,969.4596050070699,273.7817484017868
TATACONSUM,0,1133,82,TATAMOTORS,1466,TATACONSUM,1050,5.168422002032145,1.840767756013998,21.862726961976005,925.1166214105947,491.6415756248158
TATACONSUM,1,1134,82,TATAMOTORS,1467,TATACONSUM,1051,23.650739609909824,0.17324925765460564,26.299080051098077,510.8734993155291,377.5447992600263
TATACONSUM,2,1135,82,TATAMOTORS,1468,TATACONSUM,1052,19.49885547327502,1.5337847920169954,12.181681442756975,666.9650216733894,153.32714628248232
TATACONSUM,3,1136,82,TATAMOTORS,1469,TATACONSUM,1053,14.67269356572513,1.5257334111846208,19.2456605862992,993.8642010042627,462.30125215990375
TATACONSUM,4,1137,82,TATAMOTORS,1470,TATACONSUM,1054,16.690132182692963,0.411084321563046,10.85242549340217,456.9592886328696,379.0564801796214
TATACONSUM,5,1138,82,TATAMOTORS,1471,TATACONSUM,1055,7.792724163398718,0.2538283559182106,27.870346947135857,145.452339199866,406.0017953199745
TATACONSUM,6,1139,82,TATAMOTORS,1472,TATACONSUM,1056,15.349830976576255,0.27520943820618915,26.83712266696097,699.1405125721182,373.7399647775268
TATACONSUM,7,1140,82,TATAMOTORS,1473,TATACONSUM,1057,7.156310494586002,0.9698843312868894,15.557668722458002,813.815728700876,118.01740819030086
TATACONSUM,8,1141,82,TATAMOTORS,1474,TATACONSUM,1058,20.061818660655085,0.14265096105836128,27.54864483665053,394.15205533464894,293.9948717811585
TATACONSUM,9,1142,82,TATAMOTORS,1475,TATACONSUM,1059,11.599642958559524,1.8421813848400836,27.23914368637175,978.9623776288872,331.91315941755465
TATACONSUM,10,1143,82,TATAMOTORS,1476,TATACONSUM,1060,21.415037190590475,0.6130581924869627,14.503434739637601,594.0494909510207,495.9382841572304
TATACONSUM,11,1144,82,TATAMOTORS,1477,TATACONSUM,1061,21.52728943048323,1.7897453172527968,27.785040950361616,756.4286543185301,230.9519927858887
TATACONSUM,12,1145,82,TATAMOTORS,1478,TATACONSUM,Mar 2013,19.21239567256847,1.2471234401408726,16.709341792553708,260.1284117041622,92.63882016537836
TATAMOTORS,0,1146,83,TATAPOWER,1453,TATAMOTORS,1062,24.35477366598689,1.0430467372622771,12.491815738853836,525.4432502259831,404.00650970541915
TATAMOTORS,1,1147,83,TATAPOWER,1454,TATAMOTORS,1063,23.282635279364246,0.05988210867450383,20.549696008367313,327.0433720793882,188.6832376899288
TATAMOTORS,2,1148,83,TATAPOWER,1455,TATAMOTORS,1064,20.222655631225372,1.1621436238248746,11.810481447272064,582.8110913014758,189.24301636581913
TATAMOTORS,3,1149,83,TATAPOWER,1456,TATAMOTORS,1065,15.855414672687985,0.17425250169681883,29.053590171760796,765.2694890079637,322.8787023649496
TATAMOTORS,4,1150,83,TATAPOWER,1457,TATAMOTORS,1066,15.213573146219497,1.5484158350277601,19.39933503581839,336.4774861759337,116.36183168421648
TATAMOTORS,5,1151,83,TATAPOWER,1458,TATAMOTORS,1067,8.968262535566648,0.6963665916366384,26.893371694836002,660.800148010355,109.55171493933199
TATAMOTORS,6,1152,83,TATAPOWER,1459,TATAMOTORS,1068,7.911497488692465,1.0336938151391997,12.506965924418399,953.2383667863585,225.91485958354122
TATAMOTORS,7,1153,83,TATAPOWER,1460,TATAMOTORS,1069,17.564279671328315,1.3628867230665507,28.114916451318116,842.0959041488868,483.23598111664757
TATAMOTORS,8,1154,83,TATAPOWER,1461,TATAMOTORS,1070,6.724602742198201,1.2472694675189582,25.098994870424843,206.2510071152601,491.64585752779556
TATAMOTORS,9,1155,83,TATAPOWER,1462,TATAMOTORS,1071,24.301690822012652,1.687061763314413,17.551863337124374,321.31503859510974,89.473823882601
TATAMOTORS,10,1156,83,TATAPOWER,1463,TATAMOTORS,1072,8.724307791704062,1.584408636927063,25.117896541361937,963.933350954713,403.9997941343786
TATAMOTORS,11,1157,83,TATAPOWER,1464,TATAMOTORS,1073,18.498046829888224,0.4973000401229768,24.743840098831534,353.68027900611423,361.5856221774308
TATAMOTORS,12,1158,83,TATAPOWER,1465,TATAMOTORS,Mar 2013,21.202583722495586,1.8780808488264675,11.041939272648014,278.1232523070766,469.39558747166933
TATAPOWER,0,1159,84,TATASTEEL,1427,TATAPOWER,1074,7.209956968251127,1.42133632388735,22.59673797571967,721.7286610790441,414.4224294394739
TATAPOWER,1,1160,84,TATASTEEL,1428,TATAPOWER,1075,21.88220306833918,0.6905292541349435,20.273188053294366,513.0180538325209,432.5665609808522
TATAPOWER,2,1161,84,TATASTEEL,1429,TATAPOWER,1076,7.70624448583491,0.6755776843172638,12.898569873753559,343.35372251926003,224.17884904587189
TATAPOWER,3,1162,84,TATASTEEL,1430,TATAPOWER,1077,6.879380241508384,0.8178978707895721,25.983332435068576,996.9888234022451,264.91295518333914
TATAPOWER,4,1163,84,TATASTEEL,1431,TATAPOWER,1078,14.593309102586877,0.347335434783435,20.168945909760374,356.69652872214516,97.32489375983945
TATAPOWER,5,1164,84,TATASTEEL,1432,TATAPOWER,1079,10.912848620415783,1.8484862199722571,24.65440524179428,872.8647944992593,61.51022771861468
TATAPOWER,6,1165,84,TATASTEEL,1433,TATAPOWER,1080,15.335037276393885,0.6892667745266243,25.37530504409307,870.2734883110477,64.42026719017483
TATAPOWER,7,1166,84,TATASTEEL,1434,TATAPOWER,1081,14.395977350911647,0.4788062542306868,21.90970714321378,741.2447426570427,249.1370162251009
TATAPOWER,8,1167,84,TATASTEEL,1435,TATAPOWER,1082,10.912437479989327,1.0907403199889343,12.80313780524006,368.697693312493,165.245126725018
TATAPOWER,9,1168,84,TATASTEEL,1436,TATAPOWER,1083,8.903286583971628,1.323522564289499,19.464141575142918,666.4310084347042,285.31309379961993
TATAPOWER,10,1169,84,TATASTEEL,1437,TATAPOWER,1084,13.920301122525595,0.1868354607093312,14.367957971911318,465.93715649568173,109.07831312896161
TATAPOWER,11,1170,84,TATASTEEL,1438,TATAPOWER,1085,17.732568605022948,1.275709293903983,11.712493244047707,864.786437799635,494.50544352840006
TATAPOWER,12,1171,84,TATASTEEL,1439,TATAPOWER,Mar 2013,8.755238821373709,0.2342168907581621,13.735422661226266,670.0995671741415,436.02843705340723
TATASTEEL,0,1172,85,TCS,1414,TATASTEEL,1086,20.496514901453953,0.45127922725440595,17.531302110686795,782.5791257080197,317.5178455051635
TATASTEEL,1,1173,85,TCS,1415,TATASTEEL,1087,6.792457770419498,0.8913284173107412,11.62388179343137,313.3437277329912,105.17390141789772
TATASTEEL,2,1174,85,TCS,1416,TATASTEEL,1088,6.714914344811471,1.2895473924290728,27.63527438960879,977.2846783295088,372.0026642085336
TATASTEEL,3,1175,85,TCS,1417,TATASTEEL,1089,19.980947531915717,1.3900571368908927,22.918991454613597,212.94277865992206,382.36168663266045
TATASTEEL,4,1176,85,TCS,1418,TATASTEEL,1090,6.700989375985733,1.9766303956421778,16.24467626347968,162.33837917011923,378.4379132349344
TATASTEEL,5,1177,85,TCS,1419,TATASTEEL,1091,13.297221103445935,0.8973134324990246,23.05320447995891,866.3626675462525,354.8721734727899
TATASTEEL,6,1178,85,TCS,1420,TATASTEEL,1092,18.013293245346702,1.5686625016083156,24.252742551502354,308.9804759337205,199.38552872443623
TATASTEEL,7,1179,85,TCS,1421,TATASTEEL,1093,11.790997266379977,1.925619057321706,13.505491329655829,425.82969745896014,139.9195213305038
TATASTEEL,8,1180,85,TCS,1422,TATASTEEL,1094,23.022976673478766,1.88159312831304,24.5393684919104,770.1022576952059,440.1268720557535
TATASTEEL,9,1181,85,TCS,1423,TATASTEEL,1095,24.240289189027063,0.028486586968315075,23.693552556847006,956.3766591130233,220.46952400733406
TATASTEEL,10,1182,85,TCS,1424,TATASTEEL,1096,23.936737495338672,0.7804801519262663,14.097178020170569,863.0701448574704,59.296477647055156
TATASTEEL,11,1183,85,TCS,1425,TATASTEEL,1097,6.598695479380174,0.18875465682463877,21.279175169700785,671.6325387438435,491.96262405987585
TATASTEEL,12,1184,85,TCS,1426,TATASTEEL,Mar 2013,18.47343084706701,0.5504794902999077,19.475321250293412,404.1512782982188,57.98670640189349
TCS,0,1185,86,TECHM,1388,TCS,37,18.07361580984029,0.16287575591718606,14.359702708396782,863.6771355063811,405.8120428880159
TCS,1,1186,86,TECHM,1389,TCS,38,7.466979936654317,0.5368120024135881,18.548174697207138,217.2063850641536,323.98703809174015
TCS,2,1187,86,TECHM,1390,TCS,39,10.946542260203778,0.9695855398740167,28.54291665921431,332.4951942910563,85.75151339670305
TCS,3,1188,86,TECHM,1391,TCS,40,8.896333584655524,0.8107278625329553,10.817394351879209,788.2100416043294,454.1001943301436
TCS,4,1189,86,TECHM,1392,TCS,41,17.922774858782226,0.12347390632554034,13.998034695694063,759.4198178212278,189.2811756765262
TCS,5,1190,86,TECHM,1393,TCS,42,13.294230898958379,0.5977844008700275,10.114965148417498,719.739384642889,236.68039481857528
TCS,6,1191,86,TECHM,1394,TCS,43,18.211338899109915,0.9251728479248631,17.976552556667624,143.65745673071967,413.5459550970987
TCS,7,1192,86,TECHM,1395,TCS,44,7.087451723763261,1.2369650263306613,29.4896619683399,735.9293797066247,150.45290539113688
TCS,8,1193,86,TECHM,1396,TCS,45,13.134379967519683,0.6013640939459821,14.990498108162559,388.2069657524874,194.13774936995577
TCS,9,1194,86,TECHM,1397,TCS,46,9.772003327666969,1.9524061924552778,29.697484884186547,366.21273361306737,224.42743332827908
TCS,10,1195,86,TECHM,1398,TCS,47,14.903058258652479,1.0770809451262564,13.54192520630318,720.9479010556369,297.2537368384393
TCS,11,1196,86,TECHM,1399,TCS,48,21.763015473751118,1.3092566707457487,25.307163705878846,100.83102711441187,184.18759889348155
TCS,12,1197,86,TECHM,1400,TCS,1098,19.53115987489614,0.7527622417782567,28.732860743837627,286.02900399606386,211.57548224307757
TECHM,0,1198,87,TITAN,1375,TECHM,1110,23.056910852951265,1.981186072104084,11.630011693508802,203.57258789915423,132.11219946729028
TECHM,1,1199,87,TITAN,1376,TECHM,1111,22.573788851659312,0.6331807292946692,23.202133226992643,683.1159888574098,110.91012473499234
TECHM,2,1200,87,TITAN,1377,TECHM,1112,14.194020589743793,1.289654271279373,15.051330131840801,473.3139757472582,117.35970187373681
TECHM,3,1201,87,TITAN,1378,TECHM,1113,19.696857257910168,0.8724279417664333,12.910298451055361,187.15564702599733,177.8242978185071
TECHM,4,1202,87,TITAN,1379,TECHM,1114,15.39138824035417,1.5065036346003393,14.196593804281225,107.4901651822415,375.47876416505807
TECHM,5,1203,87,TITAN,1380,TECHM,1115,22.128750177979914,1.2074638198626155,20.01572296219832,927.2824046164529,77.92447848229116
TECHM,6,1204,87,TITAN,1381,TECHM,1116,5.7521280584171635,1.2721594026842487,15.221404380985533,948.1777018951431,250.45748066142949
TECHM,7,1205,87,TITAN,1382,TECHM,1117,23.512471436737254,1.9547325384734282,12.94953589447431,900.2521099497418,160.01754950738268
TECHM,8,1206,87,TITAN,1383,TECHM,1118,20.514196403747192,1.5226087672539743,29.187395074446318,491.99955039284123,260.25666123971536
TECHM,9,1207,87,TITAN,1384,TECHM,1119,9.40997033666022,0.7934205176977924,27.352525484954914,431.60932503230856,96.36156152770016
TECHM,10,1208,87,TITAN,1385,TECHM,1120,8.8429858375526,1.8321798978490051,23.444009827334483,924.7148115767459,306.5337481605576
TECHM,11,1209,87,TITAN,1386,TECHM,1121,9.000770344107812,0.31935816954728424,20.99849230480679,582.3344814667801,61.411651814014576
TECHM,12,1210,87,TITAN,1387,TECHM,Mar 2013,13.131545652342794,0.3812145878394906,22.64806078005215,368.7595137286903,194.70797680308414
TITAN,0,1211,88,TORNTPHARM,1362,TITAN,1122,15.778764609940797,0.6464363296869993,14.524241392461194,470.94096501063035,494.6259730784944
TITAN,1,1212,88,TORNTPHARM,1363,TITAN,1123,17.971417437463465,0.3488367010634694,21.312420620597514,205.15844949319404,252.03964822046427
TITAN,2,1213,88,TORNTPHARM,1364,TITAN,1124,8.700765552313879,0.8247817044327681,13.222905349548448,527.7823697179805,287.348079878224
TITAN,3,1214,88,TORNTPHARM,1365,TITAN,1125,22.548069865384427,1.4007858102537007,19.348296425427783,130.94651173955702,484.01546589853757
TITAN,4,1215,88,TORNTPHARM,1366,TITAN,1126,16.918327318854672,0.3870729046987986,11.415752870876126,569.8272287669342,117.947704700355
TITAN,5,1216,88,TORNTPHARM,1367,TITAN,1127,8.886654745880001,0.6660641924657493,19.14500503783939,520.593608780651,197.28146300164516
TITAN,6,1217,88,TORNTPHARM,1368,TITAN,1128,24.421039167469164,1.5320802894152286,18.724094225167214,441.5024099085124,92.0785502451076
TITAN,7,1218,88,TORNTPHARM,1369,TITAN,1129,16.923550331694244,1.2841386567576718,11.404655174651488,598.0255281226845,319.5741991971984
TITAN,8,1219,88,TORNTPHARM,1370,TITAN,1130,10.400085994712946,1.1538747901378195,13.547622435307186,973.6841622601461,110.229060329603
TITAN,9,1220,88,TORNTPHARM,1371,TITAN,1131,18.807477364099984,1.3016923824029973,11.222534454663197,508.6108499993023,115.64549926113183
TITAN,10,1221,88,TORNTPHARM,1372,TITAN,1132,20.402904736544556,1.364717028306309,22.570628454589208,954.8490136613498,59.7173211602562
TITAN,11,1222,88,TORNTPHARM,1373,TITAN,1133,21.29862841299579,1.0421359606683176,10.657375091643148,602.3422490989456,476.35972172294413
TITAN,12,1223,88,TORNTPHARM,1374,TITAN,Mar 2013,23.00189040666118,1.0908688138409928,26.589635801055106,448.0755464135817,309.62380214031805
TORNTPHARM,0,1224,89,TRENT,1349,TORNTPHARM,1134,9.744179407027309,0.27709160981285663,21.079557825311724,301.6095072038747,236.2406625507819
TORNTPHARM,1,1225,89,TRENT,1350,TORNTPHARM,1135,8.177884808695845,1.1725066400917892,20.900489488945258,485.170227119164,212.77113766853986
TORNTPHARM,2,1226,89,TRENT,1351,TORNTPHARM,1136,9.216639737571061,1.528495475927354,14.558876733034316,446.881544334239,281.9445320063213
TORNTPHARM,3,1227,89,TRENT,1352,TORNTPHARM,1137,5.032574939770487,1.8351882591642097,11.83017189892225,669.0867566933214,392.7866114287377
TORNTPHARM,4,1228,89,TRENT,1353,TORNTPHARM,1138,5.454043114282556,1.0106384301163835,27.89124177664885,655.1411066236146,335.76231186963906
TORNTPHARM,5,1229,89,TRENT,1354,TORNTPHARM,1139,7.389988081374705,1.693568559212012,19.6865983336901,955.4377842423017,270.83240950899034
TORNTPHARM,6,1230,89,TRENT,1355,TORNTPHARM,1140,13.889350973703372,1.7273482541441012,13.014807365981227,476.7961560655356,112.67235303747351
TORNTPHARM,7,1231,89,TRENT,1356,TORNTPHARM,1141,18.195574085537604,1.8313580000217167,17.513228650702167,980.5232710679729,258.87795318734084
TORNTPHARM,8,1232,89,TRENT,1357,TORNTPHARM,1142,14.335984068094003,1.4765308308809175,29.892544520028228,474.9878797699608,224.07704706101904
TORNTPHARM,9,1233,89,TRENT,1358,TORNTPHARM,1143,21.18446480091499,1.8134440985997857,26.91397968447167,448.4570332173622,66.23923510877052
TORNTPHARM,10,1234,89,TRENT,1359,TORNTPHARM,1144,12.887367769581546,1.3141710918610003,24.21008588031809,558.3414673050921,316.8642618515132
TORNTPHARM,11,1235,89,TRENT,1360,TORNTPHARM,1145,15.628158677702928,1.1654266556237993,23.43711809369811,618.9590508745009,263.87687145118497
TORNTPHARM,12,1236,89,TRENT,1361,TORNTPHARM,Mar 2013,20.009778584571976,0.8108372415958947,24.764633038963073,248.0334436909152,93.00213563675402
TRENT,0,1237,90,TVSMOTOR,1336,TRENT,1146,14.14959861662464,0.9735514786950794,28.60136074495213,385.7608630433746,146.65194761529148
TRENT,1,1238,90,TVSMOTOR,1337,TRENT,1147,8.009125239046032,1.52674737976264,28.92694127949464,802.0900663121503,462.9375455372291
TRENT,2,1239,90,TVSMOTOR,1338,TRENT,1148,14.710717554425859,0.39223309397227535,10.493149630753418,931.6568742522483,269.4376531889153
TRENT,3,1240,90,TVSMOTOR,1339,TRENT,1149,5.990451276793001,0.5917734080535684,12.285749817204119,947.8080875663884,60.54380166669131
TRENT,4,1241,90,TVSMOTOR,1340,TRENT,1150,8.91629054685388,0.26118624815973357,15.427112073241256,414.7746531873493,306.5017924473239
TRENT,5,1242,90,TVSMOTOR,1341,TRENT,1151,5.390964817696142,1.3558873595386913,28.744123705843766,674.8465886541278,66.18334570219258
TRENT,6,1243,90,TVSMOTOR,1342,TRENT,1152,13.289531566276176,1.1179689702902456,23.371680603191578,849.7046502487303,199.04692247636686
TRENT,7,1244,90,TVSMOTOR,1343,TRENT,1153,21.53010062339026,1.2788368765236644,19.353050706146192,399.2816878109562,167.48473266939652
TRENT,8,1245,90,TVSMOTOR,1344,TRENT,1154,11.98990617161124,0.47497481532995134,12.98898031438547,840.7754657690019,138.17047893546138
TRENT,9,1246,90,TVSMOTOR,1345,TRENT,1155,8.220031838735984,0.1510053654241621,16.207599890633198,419.65303023138387,377.3624347363343
TRENT,10,1247,90,TVSMOTOR,1346,TRENT,1156,16.701821285254688,1.9605100460066938,13.469961337275809,955.1590005133917,313.03420830212775
TRENT,11,1248,90,TVSMOTOR,1347,TRENT,1157,12.413950168948382,1.835856487721669,17.321318425632477,246.58990160463944,297.79927238738213
TRENT,12,1249,90,TVSMOTOR,1348,TRENT,Mar 2013,16.3231045651519,1.5817547251327466,18.459078792442583,302.0996923105646,142.00121986181898
TVSMOTOR,0,1250,91,ULTRACEMCO,1323,TVSMOTOR,1158,20.055055514313302,0.7733610213364339,20.28070346021678,842.3924930171758,287.7064076784002
TVSMOTOR,1,1251,91,ULTRACEMCO,1324,TVSMOTOR,1159,18.448226752459384,0.44601460542153615,26.471826604237908,567.0692357385115,66.93208062153715
TVSMOTOR,2,1252,91,ULTRACEMCO,1325,TVSMOTOR,1160,8.307860442261877,0.49812976463101477,21.55090430310166,861.0641740345626,113.64352635201035
TVSMOTOR,3,1253,91,ULTRACEMCO,1326,TVSMOTOR,1161,24.91648587741546,1.2238163592195246,18.524731412969444,176.1245945257827,481.8221482514153
TVSMOTOR,4,1254,91,ULTRACEMCO,1327,TVSMOTOR,1162,7.914302122637884,1.652150304934513,18.446071516525528,935.224061753064,242.84171437326725
TVSMOTOR,5,1255,91,ULTRACEMCO,1328,TVSMOTOR,1163,24.221872263991393,0.7334626940259663,21.354518855189763,628.9746930376182,353.5300776572851
TVSMOTOR,6,1256,91,ULTRACEMCO,1329,TVSMOTOR,1164,23.776207925012297,0.14684286601618002,23.884318835436307,150.72481763892165,110.51183876919268
TVSMOTOR,7,1257,91,ULTRACEMCO,1330,TVSMOTOR,1165,20.478030422051084,1.0915591720086455,17.595303275781816,609.721587412537,112.86643923735362
TVSMOTOR,8,1258,91,ULTRACEMCO,1331,TVSMOTOR,1166,17.30999634925789,1.592423483043667,18.46840510351217,863.7519465948454,187.2662908240052
TVSMOTOR,9,1259,91,ULTRACEMCO,1332,TVSMOTOR,1167,22.502845186016074,1.9629528306652702,20.310286331645568,418.18974002768584,169.98606593900485
TVSMOTOR,10,1260,91,ULTRACEMCO,1333,TVSMOTOR,1168,9.317801396295796,0.8998305820339463,10.1116785793291,782.9318774641546,150.52572372664366
TVSMOTOR,11,1261,91,ULTRACEMCO,1334,TVSMOTOR,1169,17.002290106002107,0.454531821804961,15.694374410364675,932.2018629417627,118.24727506210645
TVSMOTOR,12,1262,91,ULTRACEMCO,1335,TVSMOTOR,Mar 2013,13.517934574780114,1.7486096642485964,18.112858834307247,780.4617181686673,155.53376775064697
ULTRACEMCO,0,1263,92,UNIONBANK,1298,ULTRACEMCO,1170,11.027037436790753,0.08578041002554948,25.320619226778078,268.0480820539531,409.5661185503772
ULTRACEMCO,1,1264,92,UNIONBANK,1299,ULTRACEMCO,1171,20.600928370976032,1.5176952652201738,12.219302408829265,983.3980708588183,235.1895239498952
ULTRACEMCO,2,1265,92,UNIONBANK,1300,ULTRACEMCO,1172,20.61925283428952,0.9602170534849941,22.37809913189896,424.16555471736183,239.96457690260758
ULTRACEMCO,3,1266,92,UNIONBANK,1301,ULTRACEMCO,1173,8.951871558246205,1.0804613081144205,21.250166387179657,532.0453794828691,240.90168708772669
ULTRACEMCO,4,1267,92,UNIONBANK,1302,ULTRACEMCO,1174,7.735174838921141,0.9379070966380023,19.846565822815123,915.3313011252027,167.32888215465925
ULTRACEMCO,5,1268,92,UNIONBANK,1303,ULTRACEMCO,1175,21.88972336985097,0.6934356326514173,17.571846471140187,167.0088759499562,80.26623685803767
ULTRACEMCO,6,1269,92,UNIONBANK,1304,ULTRACEMCO,1176,21.836777983114,1.7552731540382311,13.852913377887093,544.835642834079,369.6943664232717
ULTRACEMCO,7,1270,92,UNIONBANK,1305,ULTRACEMCO,1177,5.360465962611533,1.2606358429316646,25.97867904925547,993.3355959128702,212.51663385590328
ULTRACEMCO,8,1271,92,UNIONBANK,1306,ULTRACEMCO,1178,16.42605426577045,1.3670178229449061,28.806329019810835,573.1727115998801,248.5108627829709
ULTRACEMCO,9,1272,92,UNIONBANK,1307,ULTRACEMCO,1179,9.593009219033622,1.9095568178734,11.083666301693318,695.0955216495464,290.99044827211947
ULTRACEMCO,10,1273,92,UNIONBANK,1308,ULTRACEMCO,1180,9.514403271702431,0.8478321428079254,17.512943788246332,397.30885535606694,57.59312001253599
ULTRACEMCO,11,1274,92,UNIONBANK,1309,ULTRACEMCO,1181,23.87588549451759,0.5098964524297687,20.843449533003238,805.171907768122,441.7909489158959
ULTRACEMCO,12,1275,92,UNIONBANK,Mar 2013,ULTRACEMCO,Mar 2013,5.83267821263334,0.9374083960827828,13.652480789264917,950.3129242569589,286.32197409873277
UNIONBANK,0,1276,93,UNITDSPR,1285,UNIONBANK,1182,5.198926106240272,1.4451996653597305,11.837715389042437,169.4784587911563,495.99142802171394
UNIONBANK,1,1277,93,UNITDSPR,1286,UNIONBANK,1183,13.647680120799672,1.3961643103635202,19.027850958948516,132.0134406463505,346.26750977152244
UNIONBANK,2,1278,93,UNITDSPR,1287,UNIONBANK,1184,18.824075389622365,1.592178393316045,21.15039880930712,255.86609708485727,490.433588281849
UNIONBANK,3,1279,93,UNITDSPR,1288,UNIONBANK,1185,23.876392193226433,1.436755303941857,10.46259886034932,648.9668690999205,228.72815243720848
UNIONBANK,4,1280,93,UNITDSPR,1289,UNIONBANK,1186,22.64559478459636,1.7815084835761086,17.710848459371803,762.9361925889365,481.79329424547285
UNIONBANK,5,1281,93,UNITDSPR,1290,UNIONBANK,1187,7.864867231339807,1.1826435490878573,23.03398776878698,226.15719051945445,292.2337458615427
UNIONBANK,6,1282,93,UNITDSPR,1291,UNIONBANK,1188,24.771449475129643,0.12094485504655217,27.84659834800707,861.3870357865302,162.43848741579666
UNIONBANK,7,1283,93,UNITDSPR,1292,UNIONBANK,1189,17.185257399339804,0.820909049317647,18.865016841124167,336.32257640374553,398.85422753430817
UNIONBANK,8,1284,93,UNITDSPR,1293,UNIONBANK,1190,15.495019058480048,0.8486390597983051,24.00268013677412,804.3320555083368,108.14161213934537
UNIONBANK,9,1285,93,UNITDSPR,1294,UNIONBANK,1191,6.925284431570608,0.8888014995732214,21.195131568115873,171.97724433795867,76.9918738743449
UNIONBANK,10,1286,93,UNITDSPR,1295,UNIONBANK,1192,21.87946664391317,1.181746322522729,17.082151584033888,143.0151533025196,148.934780929212
UNIONBANK,11,1287,93,UNITDSPR,1296,UNIONBANK,1193,19.624975942205534,0.5753185367955298,29.82926167509467,229.60151913521824,322.51839038551617
UNIONBANK,12,1288,93,UNITDSPR,1297,UNIONBANK,Mar 2013,21.86172905071119,1.991660513860944,11.47310008217005,953.2447993776779,466.1987719900827
UNITDSPR,0,1289,94,VEDL,1247,UNITDSPR,1194,23.953491479637854,0.3095357581737077,23.5735363561406,285.50281839957006,215.6678841809921
UNITDSPR,1,1290,94,VEDL,1248,UNITDSPR,1195,17.154234581767547,0.9274292637065056,18.376561497546078,954.2017117076621,282.11219648180855
UNITDSPR,2,1291,94,VEDL,1249,UNITDSPR,1196,5.241974216275116,1.0525741603885737,20.730347243959528,872.1834228782125,176.62274238393405
UNITDSPR,3,1292,94,VEDL,1250,UNITDSPR,1197,5.782994782552233,1.5230910183628914,27.640229124768354,781.7837863454577,422.11283972012154
UNITDSPR,4,1293,94,VEDL,1251,UNITDSPR,1198,9.472738232164096,1.5130687882012155,24.753240723386106,461.98210519945815,435.7708683849235
UNITDSPR,5,1294,94,VEDL,1252,UNITDSPR,1199,16.5880069408479,1.7559714915833802,23.56690030826325,627.6849070851079,452.048277828481
UNITDSPR,6,1295,94,VEDL,1253,UNITDSPR,1200,18.072581681383095,0.46429196324821986,19.97213791024261,828.5949733058261,382.8651706452201
UNITDSPR,7,1296,94,VEDL,1254,UNITDSPR,1201,22.493263345322717,1.4583097213785736,23.037800119392863,980.6890539195743,365.8524526175647
UNITDSPR,8,1297,94,VEDL,1255,UNITDSPR,1202,7.624349487335609,1.552971660814727,18.540461347137686,390.41809853116393,222.74700408513388
UNITDSPR,9,1298,94,VEDL,1256,UNITDSPR,1203,22.93975225169929,0.47265387319599106,22.405703691467554,558.6420249329062,132.233922211418
UNITDSPR,10,1299,94,VEDL,1257,UNITDSPR,1204,7.269013480391169,1.5497867980483593,17.982846524695585,159.82794751285724,293.60759964241146
UNITDSPR,11,1300,94,VEDL,1258,UNITDSPR,1205,14.937558791669774,1.3374228174803502,29.07649618185622,229.45754796799966,270.7584094387125
UNITDSPR,12,1301,94,VEDL,1259,UNITDSPR,Mar 2013,13.735249100030524,0.9699196519416824,16.333906823834255,447.4590718805158,214.3555165529154
VBL,0,1302,95,WIPRO,1234,VBL,1206,8.939074486029284,1.547582226453107,11.336756445445166,839.5478884556377,121.79034799776448
VBL,1,1303,95,WIPRO,1235,VBL,1207,22.53077491772833,1.5090761982172964,17.32875649575456,525.1235856675362,159.44003785796914
VBL,2,1304,95,WIPRO,1236,VBL,1208,18.857917675361573,0.3267036119891664,24.946510706389656,436.7204734983875,218.38967360506481
VBL,3,1305,95,WIPRO,1237,VBL,1209,7.234140744850404,1.5496669667470442,29.312433398417475,440.68145762169587,312.367465441209
VBL,4,1306,95,WIPRO,1238,VBL,1210,6.053342319143182,0.30884246666188386,13.150422240237173,616.8019445227087,258.58086441226294
VBL,5,1307,95,WIPRO,1239,VBL,1211,12.333358417678486,0.546924021294217,20.83134209845151,488.3077927992522,198.22668141726504
VBL,6,1308,95,WIPRO,1240,VBL,1212,20.73374539358859,1.3751802236235096,23.750755681467382,567.3168061566514,382.6403726104033
VBL,7,1309,95,WIPRO,1241,VBL,1213,18.471975565948433,0.7965303197495162,16.227207508542087,277.68559909766884,241.40392238465967
VBL,8,1310,95,WIPRO,1242,VBL,1214,8.154992613245508,1.126626525543514,10.411554562276773,974.1833860200616,190.62242768051598
VBL,9,1311,95,WIPRO,1243,VBL,1215,24.08008794876292,0.08018978991021553,24.889847748677354,130.5844636854041,51.15476652380939
VBL,10,1312,95,WIPRO,1244,VBL,1216,10.431787143134919,1.2164400055329205,16.535450260974155,863.0384628389448,443.25518991154286
VBL,11,1313,95,WIPRO,1245,VBL,1217,7.273552613102816,1.3787305970215142,16.4905581364364,620.0188671126175,202.28104912646552
VBL,12,1314,95,WIPRO,1246,VBL,Dec 2012,22.642305294041154,1.1723859682906903,28.951452747286094,128.89667905667474,167.02741123154743
VEDL,0,1315,96,ZOMATO,1226,VEDL,1218,19.971672973756213,1.55752163042777,15.009657305841513,379.8031951251766,181.30002391390673
VEDL,1,1316,96,ZOMATO,1227,VEDL,1219,13.1243845924419,1.7678390836748417,23.432567813966237,120.62293374134384,81.41151358124682
VEDL,2,1317,96,ZOMATO,1228,VEDL,1220,16.883409482227737,0.8334684940526165,18.243216997313525,900.685691429342,131.95580395747385
VEDL,3,1318,96,ZOMATO,1229,VEDL,1221,18.692715850933567,1.1230343465761874,13.60407640024193,920.1890984212143,265.04533547710264
VEDL,4,1319,96,ZOMATO,1230,VEDL,1222,6.59336491885983,1.2114952400607208,16.750198514560942,267.3776629105529,384.20410518241897
VEDL,5,1320,96,ZOMATO,1231,VEDL,1223,15.800859918905662,1.0915044227398403,17.528599210846522,584.6573788962367,170.60068481405986
VEDL,6,1321,96,ZOMATO,1232,VEDL,1224,9.2102677782629,1.4253931728663667,14.08338122596084,205.36892444470544,129.4600600548319
VEDL,7,1322,96,ZOMATO,1233,VEDL,1225,13.73111032516391,1.392029684802383,11.813057646342028,628.839922054216,100.52489909754368
VEDL,8,1323,96,ZOMATO,2018,VEDL,1226,6.191651563452847,0.17238306075827392,28.342045733448778,466.3630052930656,279.28221752190416
VEDL,9,1324,96,ZOMATO,2019,VEDL,1227,20.74316434221234,0.33215748731943484,12.091241279965361,148.54813054547373,448.0535188766571
VEDL,10,1325,96,ZOMATO,2020,VEDL,1228,10.968732549461427,1.5055944209572596,20.482496997425912,787.9271688999603,127.9252856862638
VEDL,11,1326,96,ZOMATO,2021,VEDL,1229,14.301409308227193,1.1082927382895251,19.138814898935223,142.39806251892261,108.02533346413074
VEDL,12,1327,96,ZOMATO,2022,VEDL,Mar 2013,10.451928721250415,0.07460691645353434,29.172461845914157,184.48612709571188,484.593037924637
WIPRO,0,1328,97,ZYDUSLIFE,1200,WIPRO,1230,21.07231316382162,1.7155628578893793,11.78300735214391,615.0109133918286,384.46637001037385
WIPRO,1,1329,97,ZYDUSLIFE,1201,WIPRO,1231,17.994177506408555,1.2949674324234473,13.523501998442358,763.9156171386297,420.71135883668165
WIPRO,2,1330,97,ZYDUSLIFE,1202,WIPRO,1232,21.711440252022918,0.6680811227532919,19.381992783727757,343.44126538654933,388.33304628478976
WIPRO,3,1331,97,ZYDUSLIFE,1203,WIPRO,1233,6.651409248480141,0.618590425802718,16.449501578009478,146.77494654314603,234.8001073055667
WIPRO,4,1332,97,ZYDUSLIFE,1204,WIPRO,1234,12.93102440588537,1.3862410689248748,18.012090477547524,989.9241020557723,125.70414701901416
WIPRO,5,1333,97,ZYDUSLIFE,1205,WIPRO,1235,23.333013966630347,1.7715647593444022,25.464515834129955,316.77365811229606,336.53764550405975
WIPRO,6,1334,97,ZYDUSLIFE,1206,WIPRO,1236,16.557622975379147,1.996844026229754,27.218310210852778,700.7407873964394,188.62248116621853
WIPRO,7,1335,97,ZYDUSLIFE,1207,WIPRO,1237,9.435332778242387,1.6787733405086065,25.13919146636851,528.243588995062,261.99412048723434
WIPRO,8,1336,97,ZYDUSLIFE,1208,WIPRO,1238,19.515755831168704,1.3425742324652754,11.086721663773957,413.92337071616646,393.92829209276175
WIPRO,9,1337,97,ZYDUSLIFE,1209,WIPRO,1239,8.849623837166687,0.25620145370933445,19.433751908694607,803.7438866427559,339.5566899531562
WIPRO,10,1338,97,ZYDUSLIFE,1210,WIPRO,1240,21.293962070470503,0.45542435434605966,25.234692338809346,566.4075191382061,421.0015522738581
WIPRO,11,1339,97,ZYDUSLIFE,1211,WIPRO,1241,16.76564978012309,0.31493568944572137,16.564688854754326,572.8400468919681,51.143021398781244
WIPRO,12,1340,97,ZYDUSLIFE,1212,WIPRO,Mar 2013,22.074086502464716,1.9411955183295582,13.8116805024381,814.6897229493494,363.013243061195
INDIGO,0,1362,46,INDIGO,757,INDIGO,633,17.350335893532947,0.3811532873098782,22.05407114509038,368.8714414122291,108.92181934496983
INDIGO,1,1363,46,INDIGO,758,INDIGO,634,12.587654427921894,0.5669876971286401,14.045504325941067,468.5600035730013,93.26810172402264
INDIGO,2,1364,46,INDIGO,759,INDIGO,635,12.466173793404812,1.193793173322679,15.334941116045883,685.4467628119432,221.79751920762476
INDIGO,3,1365,46,INDIGO,760,INDIGO,636,5.364043621799317,0.12907159060525086,10.117742383427666,853.5847602234678,62.303927230134086
INDIGO,4,1366,46,INDIGO,761,INDIGO,637,19.63274605081523,1.4252537951906779,23.02732483221873,595.7066619233258,397.7469569849129
INDIGO,5,1367,46,INDIGO,762,INDIGO,638,12.692818158762906,0.8941824771815865,16.766839746142004,781.8305774652766,436.9965063247484
INDIGO,6,1368,46,INDIGO,763,INDIGO,639,18.665946149412804,1.8818466416762312,20.739838810463983,184.45874020374075,389.3082812637504
INDIGO,7,1369,46,INDIGO,764,INDIGO,640,8.84552065031426,0.1902914641234612,25.258496652530916,627.9998021637898,318.5119699382505
INDIGO,8,1370,46,INDIGO,765,INDIGO,641,7.959864787271858,1.726127210907128,22.13464788371045,609.6828738663238,405.7995226230657
INDIGO,9,1371,46,INDIGO,766,INDIGO,642,8.684049447358266,1.2084352655695922,11.65189217150364,410.01336923653855,317.7107173794072
INDIGO,10,1372,46,INDIGO,767,INDIGO,643,24.29889203699451,0.43904240440563114,10.089518756556199,416.1397676947621,241.19604339678628
INDIGO,11,1373,46,INDIGO,768,INDIGO,644,15.716035176743697,0.543018347699642,15.319763201152796,755.9277217463207,465.32022565102636
INDIGO,12,1374,46,INDIGO,769,INDIGO,Mar 2013,20.029266728132434,1.5819734321919339,26.977103186237006,645.6192701575523,351.79776068270684
ABB,13,Dec 2012,0,ABB,Dec 2012,ABB,74,18.944542317101927,0.9880088745030053,19.637865959559676,904.5580587029509,407.3003823087835
ABB,14,Mar 2014,0,ABB,Mar 2014,ABB,75,22.116334651353544,0.27322735441692014,25.869816527703755,136.5116481335568,188.85506621143722
ABB,15,Mar 2015,0,ABB,Mar 2015,ABB,76,13.257058220341168,0.5859939705142898,24.767896393100827,485.5232834571736,397.08653866462566
ABB,16,Mar 2016,0,ABB,Mar 2016,ABB,77,10.49547626449057,0.015053465387940612,15.940543181561972,747.7592707054602,221.28560238406016
ABB,17,Mar 2017,0,ABB,Mar 2017,ABB,78,7.1923992673781,0.06753879208385682,21.46348655192604,645.9585620287378,343.0537709369007
ABB,18,Mar 2018,0,ABB,Mar 2018,ABB,79,9.701524158476687,1.9282970977255451,18.928223497110963,125.68119157988603,424.95260049680616
ABB,19,Mar 2019,0,ABB,Mar 2019,ABB,80,23.885032032332283,1.0067240878223198,23.2903967387372,622.9886993052,478.29468872291125
ABB,20,Mar 2020,0,ABB,Mar 2020,ABB,81,7.496829611805513,0.8564834485087884,10.915869592086818,759.6875456885302,413.3355164789175
ABB,21,Mar 2021,0,ABB,Mar 2021,ABB,82,6.569779118002024,1.8333339171333332,17.35745058498899,583.6922480718931,57.24527060792542
ABB,22,Mar 2022,0,ABB,Mar 2022,ABB,83,21.729147937913623,0.2652233538422315,14.414756616589187,690.0165918535408,451.19028689592096
ABB,23,Mar 2023,0,ABB,Mar 2023,ABB,Dec 2012,7.369907993054419,0.0184114375294262,14.68096885704333,955.0503547982303,370.029387813768
ABB,24,Mar 2024,0,ABB,Mar 2024,ABB,Mar 2014,12.322390540143644,1.4767287498629955,19.795445274056405,853.1530830704389,89.10297393916764
ABB,25,TTM,0,ABB,Sep 2024,ABB,Mar 2015,16.183225849526536,1.584759877048351,19.257193629928132,530.6130981823504,82.61547186726945
ADANIENSOL,12,Mar 2014,1,ADANIENSOL,Mar 2014,ADANIENSOL,Mar 2015,11.169637918824298,1.9378775553565162,19.408314953719724,213.4462194629657,194.19099681818398
ADANIENSOL,13,Mar 2015,1,ADANIENSOL,Mar 2015,ADANIENSOL,Mar 2016,19.467992680014977,0.04919343761290618,22.806696874202252,643.5871487684954,72.31172536958317
ADANIENSOL,14,Mar 2016,1,ADANIENSOL,Mar 2016,ADANIENSOL,Mar 2017,23.83099659048554,1.9893831596204234,22.896061191541722,608.8758032847693,268.11307962876265
ADANIENSOL,15,Mar 2017,1,ADANIENSOL,Mar 2017,ADANIENSOL,Mar 2018,14.12767356226552,0.2763498918212308,15.3330335112996,554.0478662133471,415.35445263565816
ADANIENSOL,16,Mar 2018,1,ADANIENSOL,Mar 2018,ADANIENSOL,Mar 2019,22.86002601048121,1.7153704434305697,21.626984453967314,814.965563092962,250.90355854362411
ADANIENSOL,17,Mar 2019,1,ADANIENSOL,Mar 2019,ADANIENSOL,Mar 2020,16.38927073956381,0.77723254205102,17.224871729980734,235.20875777859047,216.7835894064638
ADANIENSOL,18,Mar 2020,1,ADANIENSOL,Mar 2020,ADANIENSOL,Mar 2021,12.637593919665475,1.1135673212940123,26.946770338428706,824.2777175764866,329.116701114178
ADANIENSOL,19,Mar 2021,1,ADANIENSOL,Mar 2021,ADANIENSOL,Mar 2022,16.70183923667966,1.6965279072970698,29.0399271903229,351.92922210136027,118.01927015562778
ADANIENSOL,20,Mar 2022,1,ADANIENSOL,Mar 2022,ADANIENSOL,Mar 2023,15.69707213959857,1.0268439738512134,11.848339656571676,235.60343484118673,72.88136378453352
ADANIENSOL,21,Mar 2023,1,ADANIENSOL,Mar 2023,ADANIENSOL,Mar 2024,13.680294526621374,0.5358291676036147,25.271922446465908,252.8996174441416,441.3292111623913
ADANIENSOL,22,Mar 2024,1,ADANIENSOL,Mar 2024,ADANIENSOL,0.0,17.943058093038204,1.3938205950352487,19.84129056685835,206.53497665225774,52.963794213338524
ADANIENSOL,23,TTM,1,ADANIENSOL,Sep 2024,ADANIENSOL,-35.0,15.915363274282813,0.9145199186718367,17.75984774692227,714.1967519464898,246.59667207339166
ADANIENT,13,Mar 2013,2,ADANIENT,Mar 2013,ADANIENT,Mar 2014,23.450933914312238,0.6013859958356527,19.11978208914487,819.1674592333541,460.7428965196959
ADANIENT,14,Mar 2014,2,ADANIENT,Mar 2014,ADANIENT,Mar 2015,7.003886986148354,0.7145934518753521,29.111519484322564,299.12428976578974,161.26760585796052
ADANIENT,15,Mar 2015,2,ADANIENT,Mar 2015,ADANIENT,Mar 2016,9.370047482630255,0.3971943795843471,27.177574096764765,715.391944396593,349.0068022992945
ADANIENT,16,Mar 2016,2,ADANIENT,Mar 2016,ADANIENT,Mar 2017,16.025467186714646,1.1216032308795394,24.7134502164159,211.11380592797767,418.8141574006235
ADANIENT,17,Mar 2017,2,ADANIENT,Mar 2017,ADANIENT,Mar 2018,24.870731357352376,1.587624134192817,10.292577289218483,358.87937677970865,209.87773827633524
ADANIENT,18,Mar 2018,2,ADANIENT,Mar 2018,ADANIENT,Mar 2019,23.778969997469506,0.14145649776014557,10.79229433527631,988.7315535804393,198.0256472408909
ADANIENT,19,Mar 2019,2,ADANIENT,Mar 2019,ADANIENT,Mar 2020,8.1120551531977,1.5081035167998358,10.935158890622622,724.658368802558,212.7878764255284
ADANIENT,20,Mar 2020,2,ADANIENT,Mar 2020,ADANIENT,Mar 2021,11.531088520087007,0.29823103237574466,27.79110880822636,512.059162219534,391.9345297210179
ADANIENT,21,Mar 2021,2,ADANIENT,Mar 2021,ADANIENT,Mar 2022,15.710571602182128,0.1412031382332799,18.218505621113373,785.3922910000698,50.63220425912116
ADANIENT,22,Mar 2022,2,ADANIENT,Mar 2022,ADANIENT,Mar 2023,7.2271014603843176,0.5008627650533004,17.121271519153375,452.34397956221227,337.60905156302107
ADANIENT,23,Mar 2023,2,ADANIENT,Mar 2023,ADANIENT,Mar 2024,8.597344592112147,1.4657430172334618,29.74730725757007,854.804914922777,357.416181233798
ADANIENT,24,Mar 2024,2,ADANIENT,Mar 2024,ADANIENT,7666.0,8.108850029056239,1.357852896217963,21.479218872750497,752.691895297479,180.8897539691405
ADANIENT,25,TTM,2,ADANIENT,Sep 2024,ADANIENT,8228.0,9.805816636160449,1.8290702832608703,17.344093291318107,331.1283885578133,483.84229414163
ADANIGREEN,9,Mar 2017,3,ADANIGREEN,Mar 2017,ADANIGREEN,Mar 2018,6.999462871870561,1.6182066680324831,17.63603871520106,761.9146150740975,238.03054563140108
ADANIGREEN,10,Mar 2018,3,ADANIGREEN,Mar 2018,ADANIGREEN,Mar 2019,8.581539072001325,0.9530702088745062,12.971295979903442,739.9896782246999,157.44586035191986
ADANIGREEN,11,Mar 2019,3,ADANIGREEN,Mar 2019,ADANIGREEN,Mar 2020,23.09262592469119,1.0870732870907356,20.99724467401151,293.03393310751267,59.26630798615578
ADANIGREEN,12,Mar 2020,3,ADANIGREEN,Mar 2020,ADANIGREEN,Mar 2021,21.86374392440951,0.03937927680610609,12.406582801242221,773.8148676270032,367.01485469383704
ADANIGREEN,13,Mar 2021,3,ADANIGREEN,Mar 2021,ADANIGREEN,Mar 2022,17.80921935728869,0.756772099120169,23.826614535315016,553.4864277059698,207.85682210034912
ADANIGREEN,14,Mar 2022,3,ADANIGREEN,Mar 2022,ADANIGREEN,Mar 2023,15.516983354751803,1.172567943543445,27.485091877590307,656.6238343778974,292.5758177115887
ADANIGREEN,15,Mar 2023,3,ADANIGREEN,Mar 2023,ADANIGREEN,Mar 2024,11.10666813534462,1.311895865013195,16.80459727732488,147.75030491343966,113.9181117911015
ADANIGREEN,16,Mar 2024,3,ADANIGREEN,Mar 2024,ADANIGREEN,28.0,23.70343345242911,0.629078555384019,16.200041373501776,789.098060692817,455.8060034437294
ADANIGREEN,17,TTM,3,ADANIGREEN,Sep 2024,ADANIGREEN,649.0,20.106971618370544,1.8918272487986487,22.173813524329617,653.4070921220278,121.99223150795342
ADANIPORTS,26,Mar 2013,4,ADANIPORTS,401.0,ADANIPORTS,3057.0,22.101545906540906,0.06630933158428265,29.633291083060445,481.02962664005344,224.58422901051964
ADANIPORTS,27,Mar 2014,4,ADANIPORTS,414.0,ADANIPORTS,2381.0,17.16589212206886,1.611453126512835,22.046614867436055,852.8257191140814,307.41096305295866
ADANIPORTS,28,Mar 2015,4,ADANIPORTS,414.0,ADANIPORTS,4063.0,8.392334802735302,0.49522358270778244,29.376041397583425,894.1942419556851,52.78251907357306
ADANIPORTS,29,Mar 2016,4,ADANIPORTS,414.0,ADANIPORTS,5608.0,8.714241523950953,0.24965507942796306,13.706795410847622,914.6250060982974,247.00610030478583
ADANIPORTS,30,Mar 2017,4,ADANIPORTS,414.0,ADANIPORTS,6029.0,8.273446071278842,1.1031130918799852,23.850817379368742,677.1173557831053,311.1824575078201
ADANIPORTS,31,Mar 2018,4,ADANIPORTS,414.0,ADANIPORTS,7402.0,20.074314066964387,1.3508557108394712,22.156435106688907,873.2002191724652,187.834856703562
ADANIPORTS,32,Mar 2019,4,ADANIPORTS,414.0,ADANIPORTS,7556.0,24.067440913738412,1.3775097741297915,27.391631639929518,194.28618157162492,291.4771747461326
ADANIPORTS,33,Mar 2020,4,ADANIPORTS,406.0,ADANIPORTS,10420.0,12.813218425732103,0.7590977192215167,20.679814384341224,835.0862736018208,50.11188822376312
ADANIPORTS,34,Mar 2021,4,ADANIPORTS,406.0,ADANIPORTS,11900.0,9.23574218951372,0.43630799290422506,19.55194714786061,744.7666263218441,415.18847939307636
ADANIPORTS,35,Mar 2022,4,ADANIPORTS,422.0,ADANIPORTS,15018.0,9.286786426774562,1.7013373945457664,11.577541612579626,831.9448091021251,337.5276531633151
ADANIPORTS,36,Mar 2023,4,ADANIPORTS,432.0,ADANIPORTS,-5136.0,6.853765941497427,1.1087104882428283,15.799724608355719,578.4024923222538,324.2122400771058
ADANIPORTS,37,Mar 2024,4,ADANIPORTS,432.0,ADANIPORTS,-2510.0,12.727934671080103,1.5044778025766896,29.257595814450873,602.0438400455703,118.83746637863419
ADANIPORTS,38,TTM,4,ADANIPORTS,432.0,ADANIPORTS,-2485.0,5.441270138716252,0.5604611558300863,17.350110572270193,932.5374399210858,481.7483296769083
ADANIPORTS,39,Mar 2013,4,ADANIPORTS,5993,ADANIPORTS,-4153.0,21.923363970507012,1.399402556759653,21.987237561590355,804.2199988909546,192.7717229124091
ADANIPORTS,40,Mar 2014,4,ADANIPORTS,8351,ADANIPORTS,-2629.0,8.519652249530987,1.3426042739800916,19.346468989742764,410.36425699514757,466.09841272980486
ADANIPORTS,41,Mar 2015,4,ADANIPORTS,10351,ADANIPORTS,-3846.0,18.63530641669735,1.8895190601252132,21.39514211785616,587.1999816170742,116.8482588364488
ADANIPORTS,42,Mar 2016,4,ADANIPORTS,13091,ADANIPORTS,-4368.0,14.053877798049255,1.4091251750537928,24.199155765451653,430.3275537819175,244.9718852904121
ADANIPORTS,43,Mar 2017,4,ADANIPORTS,17112,ADANIPORTS,-749.0,21.146336266651826,0.10622265598582392,17.40645151771613,871.8739919252515,174.1359372227103
ADANIPORTS,44,Mar 2018,4,ADANIPORTS,20489,ADANIPORTS,-14064.0,17.231731644199883,1.132058197495241,10.117717337033723,348.09974351898757,467.27360092130795
ADANIPORTS,45,Mar 2019,4,ADANIPORTS,23958,ADANIPORTS,-5493.0,14.422844488911428,0.029009586486213434,11.58106836702981,865.3723014624577,491.94878384907054
ADANIPORTS,46,Mar 2020,4,ADANIPORTS,25051,ADANIPORTS,-16716.0,5.5869772587426825,1.8688912521968166,11.28813472821994,346.0340970271038,153.93315484173655
ADANIPORTS,47,Mar 2021,4,ADANIPORTS,30035,ADANIPORTS,-6768.0,11.132487586293355,1.5748915291596837,17.297579985310755,347.1428031293964,194.2057835623596
ADANIPORTS,48,Mar 2022,4,ADANIPORTS,41399,ADANIPORTS,4138.0,12.069232136069687,1.4344756414794637,23.036044717814477,389.96391830842674,92.94709789561713
ADANIPORTS,49,Mar 2023,4,ADANIPORTS,44957,ADANIPORTS,772.0,17.359932879343212,1.2220208039801004,19.181251349377664,159.21784801705323,102.15588426745126
ADANIPORTS,50,Mar 2024,4,ADANIPORTS,52346,ADANIPORTS,-237.0,17.206845600917923,0.6168924052028633,14.629910118888535,626.3073647120622,225.48144935197075
ADANIPORTS,51,TTM,4,ADANIPORTS,56744,ADANIPORTS,2170.0,17.19878135735484,1.9039055423357547,22.103752502154837,388.1090044234281,242.985405132492
ADANIPOWER,13,Mar 2013,5,ADANIPOWER,Mar 2013,ADANIPOWER,Mar 2014,5.269360138146901,1.9615860005461159,18.849443805042572,750.5390831719807,281.3802351186898
ADANIPOWER,14,Mar 2014,5,ADANIPOWER,Mar 2014,ADANIPOWER,Mar 2015,21.801899899075853,1.7734198941035884,25.207644098946673,812.8661659019475,450.2500560081226
ADANIPOWER,15,Mar 2015,5,ADANIPOWER,Mar 2015,ADANIPOWER,Mar 2016,8.924789821293968,1.4026590786557156,10.6626482458794,307.78996168791844,91.62306175387357
ADANIPOWER,16,Mar 2016,5,ADANIPOWER,Mar 2016,ADANIPOWER,Mar 2017,22.088875196095906,1.5734462367303317,19.661552216909566,644.9837284764607,252.06044102792947
ADANIPOWER,17,Mar 2017,5,ADANIPOWER,Mar 2017,ADANIPOWER,Mar 2018,13.70360150924526,1.3510275613724942,24.88995486642354,180.0323061746035,256.79501977661
ADANIPOWER,18,Mar 2018,5,ADANIPOWER,Mar 2018,ADANIPOWER,Mar 2019,20.96844610272,1.3965730145841526,21.831051507693097,432.00123857419976,203.93704903161
ADANIPOWER,19,Mar 2019,5,ADANIPOWER,Mar 2019,ADANIPOWER,Mar 2020,17.18818731709374,0.09222825958258118,25.60767277463649,213.68686646508456,205.47541927330724
ADANIPOWER,20,Mar 2020,5,ADANIPOWER,Mar 2020,ADANIPOWER,Mar 2021,21.13229097629448,1.1754319512948834,12.953588541961755,252.81520314385125,253.79703869902292
ADANIPOWER,21,Mar 2021,5,ADANIPOWER,Mar 2021,ADANIPOWER,Mar 2022,9.629675287911024,0.13615145252661076,19.745933353051996,606.2912548251841,473.1425857470143
ADANIPOWER,22,Mar 2022,5,ADANIPOWER,Mar 2022,ADANIPOWER,Mar 2023,8.335430719163705,1.2698331810169992,11.811983764383456,234.3700721509412,396.61482019504297
ADANIPOWER,23,Mar 2023,5,ADANIPOWER,Mar 2023,ADANIPOWER,Mar 2024,14.205715865078826,1.239673383165462,10.418603712180436,961.6452474427339,291.16551220069954
ADANIPOWER,24,Mar 2024,5,ADANIPOWER,Mar 2024,ADANIPOWER,3001.0,14.596870559364742,0.8066528247102245,23.621593937255884,312.41963305348145,229.4464378040402
ADANIPOWER,25,TTM,5,ADANIPOWER,Sep 2024,ADANIPOWER,3238.0,13.927430567297034,1.2647657148731188,13.95697441296413,305.35884264693044,163.30938717100474
AMBUJACEM,13,Dec 2012,6,AMBUJACEM,Dec 2012,AGTL,Mar 2024,21.28074091067279,1.2551897363540163,25.122794423156357,261.93743938206546,248.62079776855666
AMBUJACEM,14,Dec 2013,6,AMBUJACEM,Dec 2013,AGTL,277.0,10.24853143858963,1.8295654464463438,10.898012992917659,355.9067011413092,289.77880196809537
AMBUJACEM,15,Dec 2014,6,AMBUJACEM,Dec 2014,AGTL,356.0,5.92443962919617,0.9204249926359664,22.213806457775345,558.5531194378843,132.49369853940237
AMBUJACEM,16,Dec 2015,6,AMBUJACEM,Dec 2015,AGTL,492.0,19.32061536790107,1.983786030570722,12.697072903106614,538.3700867845328,340.2105726827813
AMBUJACEM,17,Dec 2016,6,AMBUJACEM,Dec 2016,AGTL,654.0,18.08250312257016,0.5889389011018817,14.240977089860037,131.68477422233488,195.85778990771618
AMBUJACEM,18,Dec 2017,6,AMBUJACEM,Dec 2017,AGTL,732.0,8.592937489644353,1.7777534305276808,28.566746303353796,515.163923946286,106.28747747688332
AMBUJACEM,19,Dec 2018,6,AMBUJACEM,Dec 2018,AGTL,853.0,15.549174497684499,1.3899299789145145,13.85944340717483,809.2810689178033,142.29113297345197
AMBUJACEM,20,Dec 2019,6,AMBUJACEM,Dec 2019,AGTL,955.0,5.922112937098625,0.3302580301457074,19.98438920009774,177.8465753072549,292.8782031379965
AMBUJACEM,21,Dec 2020,6,AMBUJACEM,Dec 2020,AGTL,-988.0,9.339764426214206,1.4991705318944006,16.169832386410068,467.5157366822346,375.64854468822256
AMBUJACEM,22,Dec 2021,6,AMBUJACEM,Dec 2021,AGTL,791.0,23.402121535504364,0.8969132770200496,26.41650276098033,529.7877179195285,210.2692310921915
AMBUJACEM,23,Mar 2023 15,6,AMBUJACEM,Mar 2023,AGTL,-461.0,13.74890859281396,1.9594523210059562,15.9536682822271,697.2815824149345,352.97185092019464
AMBUJACEM,24,Mar 2024,6,AMBUJACEM,Mar 2024,AGTL,-770.0,24.456088750657997,0.16527126380831203,21.910149451981006,966.0780648677027,242.62655438899816
AMBUJACEM,25,TTM,6,AMBUJACEM,Sep 2024,AGTL,-1133.0,17.14354842974138,0.6304082662909489,26.16453725250433,817.4232870323993,267.2741110530534
APOLLOHOSP,13,Mar 2013,7,APOLLOHOSP,Mar 2013,AMBUJACEM,Dec 2013,23.116366372352406,1.752454042806216,17.56115973455435,897.0811664926366,333.5969221847565
APOLLOHOSP,14,Mar 2014,7,APOLLOHOSP,Mar 2014,AMBUJACEM,Dec 2014,15.393402486702819,0.43927112061958495,29.31255492978946,966.5642455033928,456.61413152417833
APOLLOHOSP,15,Mar 2015,7,APOLLOHOSP,Mar 2015,AMBUJACEM,Dec 2015,17.087665163011827,0.9290222794624885,29.705398581597354,688.8053576908098,418.57540345230916
APOLLOHOSP,16,Mar 2016,7,APOLLOHOSP,Mar 2016,AMBUJACEM,Dec 2016,20.246990105844432,0.963193451821321,15.977155731572992,553.2321300825452,70.43931455108779
APOLLOHOSP,17,Mar 2017,7,APOLLOHOSP,Mar 2017,AMBUJACEM,Dec 2017,13.141687941728573,0.5656222770754378,16.950943990641527,281.64518642838425,429.25212640894506
APOLLOHOSP,18,Mar 2018,7,APOLLOHOSP,Mar 2018,AMBUJACEM,Dec 2018,15.269856293191788,1.4530812469884877,18.443577389416287,259.25089908673294,368.6622837965994
APOLLOHOSP,19,Mar 2019,7,APOLLOHOSP,Mar 2019,AMBUJACEM,Dec 2019,6.3463638483416895,0.9545942233142315,15.59477502926051,920.5137618048218,64.14636919610679
APOLLOHOSP,20,Mar 2020,7,APOLLOHOSP,Mar 2020,AMBUJACEM,Dec 2020,12.906139696309014,1.7795873987860267,11.968701390384508,945.92029610741,195.01614957798344
APOLLOHOSP,21,Mar 2021,7,APOLLOHOSP,Mar 2021,AMBUJACEM,Dec 2021,24.45637378477379,1.7131786576443828,24.178401577920777,363.5618451789257,414.38142719036597
APOLLOHOSP,22,Mar 2022,7,APOLLOHOSP,Mar 2022,AMBUJACEM,Mar 2023,18.019912474721906,0.9097490687918708,22.498230315981324,440.2424626210917,116.8866383378676
APOLLOHOSP,23,Mar 2023,7,APOLLOHOSP,Mar 2023,AMBUJACEM,Mar 2024,12.638831805577041,1.0991566497433838,26.376552281739727,702.7905471491341,252.55420371044454
APOLLOHOSP,24,Mar 2024,7,APOLLOHOSP,Mar 2024,AMBUJACEM,1860.0,6.716666406954015,1.319844323582342,19.496966019432385,155.28871128353097,449.3105654269622
APOLLOHOSP,25,TTM,7,APOLLOHOSP,Sep 2024,AMBUJACEM,1267.0,9.22646627570616,0.3804302599276963,25.778257279793735,884.9292144558193,139.45971989433298
ASIANPAINT,13,Mar 2013,8,ASIANPAINT,266,APOLLOHOSP,Mar 2014,12.102867566704674,0.6789301663365586,13.082276256024546,875.3587795999823,54.98777656849366
ASIANPAINT,14,Mar 2014,8,ASIANPAINT,267,APOLLOHOSP,Mar 2015,19.774081230051454,0.8526135894779223,24.516997350368648,251.4376858579889,256.6640864740349
ASIANPAINT,15,Mar 2015,8,ASIANPAINT,268,APOLLOHOSP,Mar 2016,19.38602162358,0.8825557547520744,26.123911953749793,577.3152114008435,436.49890139580083
ASIANPAINT,16,Mar 2016,8,ASIANPAINT,269,APOLLOHOSP,Mar 2017,13.927870180678719,0.11069063046527283,13.552702373786085,769.4323553790814,252.3041747677045
ASIANPAINT,17,Mar 2017,8,ASIANPAINT,270,APOLLOHOSP,Mar 2018,23.521379037415706,0.7310578366226761,28.41185399057632,678.7643175637245,277.92690883460614
ASIANPAINT,18,Mar 2018,8,ASIANPAINT,271,APOLLOHOSP,Mar 2019,18.452215372021502,1.4684243424467696,12.892847069611452,980.7958246901316,196.53381923116828
ASIANPAINT,19,Mar 2019,8,ASIANPAINT,272,APOLLOHOSP,Mar 2020,21.862191947998184,1.2696280874405845,16.38685470106871,488.63465146382646,412.2592558228677
ASIANPAINT,20,Mar 2020,8,ASIANPAINT,273,APOLLOHOSP,Mar 2021,9.618957766773708,1.1706214770391004,28.65220420732117,443.105965318441,88.21073573970244
ASIANPAINT,21,Mar 2021,8,ASIANPAINT,274,APOLLOHOSP,Mar 2022,5.134448981022574,1.7259026459344429,15.292658906221837,726.7967901299735,79.55046933208328
ASIANPAINT,22,Mar 2022,8,ASIANPAINT,275,APOLLOHOSP,Mar 2023,8.212024380544044,0.7038472659299815,28.322510618821003,982.6002254926844,405.51672119917504
ASIANPAINT,23,Mar 2023,8,ASIANPAINT,276,APOLLOHOSP,Mar 2024,5.951928391072556,0.6415027561144613,26.084799300434028,542.4357695545327,485.96843077275173
ASIANPAINT,24,Mar 2024,8,ASIANPAINT,277,APOLLOHOSP,443.0,6.533539725651936,0.5398156032011479,16.629045916032947,150.91954579984346,487.8144183242529
ASIANPAINT,25,TTM,8,ASIANPAINT,278,APOLLOHOSP,373.0,20.93045719374947,0.21441857787885232,28.688387386732202,867.2769831541962,447.2513226011534
ATGL,8,Mar 2018,9,ATGL,Mar 2018,ASIANPAINT,171,14.088755868638055,0.18485525255238588,13.265317814465547,916.3578076082222,122.04470752177153
ATGL,9,Mar 2019,9,ATGL,Mar 2019,ASIANPAINT,172,6.064683607772851,0.3588974732170591,12.219901754558277,724.9349009061114,310.9672853401058
ATGL,10,Mar 2020,9,ATGL,Mar 2020,ASIANPAINT,173,22.44498319316245,0.8335490066723916,13.740301820372984,545.4380697522075,217.10828557146155
ATGL,11,Mar 2021,9,ATGL,Mar 2021,ASIANPAINT,174,20.953894361957477,1.0080805520768352,15.399883666209629,298.0954217611615,469.6592297608999
ATGL,12,Mar 2022,9,ATGL,Mar 2022,ASIANPAINT,Mar 2013,11.950162912574843,1.0674086617765564,28.23885006368267,976.1751142357252,213.22190335210348
ATGL,13,Mar 2023,9,ATGL,Mar 2023,ASIANPAINT,Mar 2014,8.849062862341391,0.2026025375425866,11.061628425387104,106.0565223260807,124.9872734908029
ATGL,14,Mar 2024,9,ATGL,Mar 2024,ASIANPAINT,Mar 2015,11.105443394848173,0.848495069627597,12.934486165557074,739.8736116865302,251.17979677324496
ATGL,15,TTM,9,ATGL,Sep 2024,ASIANPAINT,Mar 2016,8.314222719800476,0.7327878633743383,11.045776295863273,226.77246102250297,399.06104863261066
BAJAJ-AUTO,13,Mar 2013,11,BAJAJ-AUTO,Mar 2013,BAJAJ-AUTO,221,18.443374690731872,1.4562806599133633,25.109370426519035,297.13337458241165,119.19622954226463
BAJAJ-AUTO,14,Mar 2014,11,BAJAJ-AUTO,Mar 2014,BAJAJ-AUTO,222,6.976437190022898,0.7661244177181483,29.99979454180906,226.37567569150252,271.4022211858611
BAJAJ-AUTO,15,Mar 2015,11,BAJAJ-AUTO,Mar 2015,BAJAJ-AUTO,223,22.279395546644547,1.903735160415822,13.796802913990621,819.3512207938375,297.58286775670524
BAJAJ-AUTO,16,Mar 2016,11,BAJAJ-AUTO,Mar 2016,BAJAJ-AUTO,224,5.731784581478838,0.9528528157245395,16.86149408618651,299.1062182454747,135.79568050742637
BAJAJ-AUTO,17,Mar 2017,11,BAJAJ-AUTO,Mar 2017,BAJAJ-AUTO,225,18.86534674082386,1.9651053168034898,13.210974880989895,287.3320101155257,163.5433838548061
BAJAJ-AUTO,18,Mar 2018,11,BAJAJ-AUTO,Mar 2018,BAJAJ-AUTO,226,24.41147503342099,1.2329607447587367,24.64463003905039,144.68881758653987,330.3251585042228
BAJAJ-AUTO,19,Mar 2019,11,BAJAJ-AUTO,Mar 2019,BAJAJ-AUTO,227,24.189334710761837,0.6039458408389027,16.28165749248917,559.9388159026546,292.77270299653526
BAJAJ-AUTO,20,Mar 2020,11,BAJAJ-AUTO,Mar 2020,BAJAJ-AUTO,228,11.258897755223941,1.6092499473884772,18.183745736312034,432.5981223364963,316.98239425214217
BAJAJ-AUTO,21,Mar 2021,11,BAJAJ-AUTO,Mar 2021,BAJAJ-AUTO,229,21.29437160360129,1.779047498766431,27.976137571170167,189.73864588435515,405.937891982737
BAJAJ-AUTO,22,Mar 2022,11,BAJAJ-AUTO,Mar 2022,BAJAJ-AUTO,230,15.8000012417681,0.7295414122310657,28.473091024928856,972.9110838300584,319.606325657268
BAJAJ-AUTO,23,Mar 2023,11,BAJAJ-AUTO,Mar 2023,BAJAJ-AUTO,231,19.11733490369766,0.3082616375831737,15.97703902490105,479.02331012958086,93.82116455976482
BAJAJ-AUTO,24,Mar 2024,11,BAJAJ-AUTO,Mar 2024,BAJAJ-AUTO,Mar 2013,23.91074503783916,1.7688997295779776,28.77244231739966,147.26992718942586,224.02740399056586
BAJAJ-AUTO,25,TTM,11,BAJAJ-AUTO,Sep 2024,BAJAJ-AUTO,Mar 2014,8.84800662939254,1.214868335374335,19.184028168180983,547.8107419623082,228.84422551748617
AXISBANK,13,Mar 2013,10,AXISBANK,Mar 2014,AXISBANK,Mar 2014,6.849774632799377,1.8870387165910751,18.39624368877135,517.2809650494612,364.01018863967016
AXISBANK,14,Mar 2014,10,AXISBANK,Mar 2015,AXISBANK,Mar 2015,24.130934826736883,1.662203415144055,24.750953124919263,390.0926416433521,118.08836411648024
AXISBANK,15,Mar 2015,10,AXISBANK,Mar 2016,AXISBANK,Mar 2016,5.686477188282226,0.05020250886694111,20.19090445003075,294.74947249483193,421.1378552335485
AXISBANK,16,Mar 2016,10,AXISBANK,Mar 2017,AXISBANK,Mar 2017,15.247860717294067,0.07322452910507238,13.950361109542193,170.78145678398522,102.43116266438201
AXISBANK,17,Mar 2017,10,AXISBANK,Mar 2018,AXISBANK,Mar 2018,17.434631069440528,1.060845339094457,24.556672000004852,758.467801272421,243.39556015273422
AXISBANK,18,Mar 2018,10,AXISBANK,Mar 2019,AXISBANK,Mar 2019,6.9515394275908875,0.0018832832452864157,11.275865215408219,685.6732608853398,203.69844990959453
AXISBANK,19,Mar 2019,10,AXISBANK,Mar 2020,AXISBANK,Mar 2020,9.861666030924743,1.543862134337945,25.591388681466796,836.3566855858846,163.96859367287803
AXISBANK,20,Mar 2020,10,AXISBANK,Mar 2021,AXISBANK,Mar 2021,17.549807779172976,1.9463588479437914,27.418243973972707,620.0329427136959,278.13254523841886
AXISBANK,21,Mar 2021,10,AXISBANK,Mar 2022,AXISBANK,Mar 2022,7.041270453371187,0.18022240765469122,25.186390200614486,602.8473605728946,120.45310711957103
AXISBANK,22,Mar 2022,10,AXISBANK,Mar 2023,AXISBANK,Mar 2023,15.394627814537479,0.37350471456830037,23.369181062280347,640.8103339217191,358.98198448905134
AXISBANK,23,Mar 2023,10,AXISBANK,Mar 2024,AXISBANK,Mar 2024,16.52086531244344,0.12417772151715534,11.327324734027759,733.3342317872609,367.17465921353767
AXISBANK,24,Mar 2024,10,AXISBANK,468.0,AXISBANK,2573.0,16.114010202216285,1.6705553485756146,20.526832768743077,496.8208253844383,259.51396448146784
AXISBANK,25,TTM,10,AXISBANK,470.0,AXISBANK,14464.0,10.097501649163615,0.22929642210302448,25.3773179181297,845.1462322596844,387.12901265994896
BAJAJFINSV,13,Mar 2013,12,BAJAJFINSV,Mar 2013,BAJAJFINSV,Mar 2014,20.014005702238435,0.9218269210271519,10.258143835117014,474.90492316540286,209.1015322552569
BAJAJFINSV,14,Mar 2014,12,BAJAJFINSV,Mar 2014,BAJAJFINSV,Mar 2015,12.401457112208696,0.6537825947396083,15.260564367626671,276.4028599513009,247.9369934311663
BAJAJFINSV,15,Mar 2015,12,BAJAJFINSV,Mar 2015,BAJAJFINSV,Mar 2016,13.384726122825292,1.7636290084772186,16.48691636227038,259.86877907193923,119.62650447762297
BAJAJFINSV,16,Mar 2016,12,BAJAJFINSV,Mar 2016,BAJAJFINSV,Mar 2017,21.781199347466753,0.9249390954040029,20.493633847348654,660.9230684089106,165.23003273122697
BAJAJFINSV,17,Mar 2017,12,BAJAJFINSV,Mar 2017,BAJAJFINSV,Mar 2018,19.84507531541473,1.5048132670119552,27.518409653343703,324.6122817681852,234.88790642995096
BAJAJFINSV,18,Mar 2018,12,BAJAJFINSV,Mar 2018,BAJAJFINSV,Mar 2019,22.499059962695494,0.08467898827115028,25.823425671451126,371.91511755270506,328.9587490965665
BAJAJFINSV,19,Mar 2019,12,BAJAJFINSV,Mar 2019,BAJAJFINSV,Mar 2020,10.645295587499355,0.33253373875719894,22.17772876272697,322.4037165441356,121.0925094188778
BAJAJFINSV,20,Mar 2020,12,BAJAJFINSV,Mar 2020,BAJAJFINSV,Mar 2021,16.920698756024173,1.4446884214750628,23.262526720665015,388.92775567847303,232.65776978825681
BAJAJFINSV,21,Mar 2021,12,BAJAJFINSV,Mar 2021,BAJAJFINSV,Mar 2022,11.497440924233667,0.8940569920108774,22.83340091910704,118.48488655992017,330.1877256461081
BAJAJFINSV,22,Mar 2022,12,BAJAJFINSV,Mar 2022,BAJAJFINSV,Mar 2023,20.729224843942152,1.42390495993047,25.174366961740876,581.8192529835036,130.22430382155665
BAJAJFINSV,23,Mar 2023,12,BAJAJFINSV,Mar 2023,BAJAJFINSV,Mar 2024,19.02389148525712,0.008799126967303117,21.885922366903216,725.6828192254978,462.92876897494364
BAJAJFINSV,24,Mar 2024,12,BAJAJFINSV,Mar 2024,BAJAJFINSV,-6922.0,21.961833831325748,1.2290189505526687,29.27338288094458,928.5151910189893,432.2233241561528
BAJAJFINSV,25,TTM,12,BAJAJFINSV,Sep 2024,BAJAJFINSV,-9807.0,23.407723958654778,0.6227597870694046,23.55335187261165,577.5665800682627,110.70377996668003
BAJAJHLDNG,13,Mar 2013,13,BAJAJHLDNG,Mar 2013,BAJAJHLDNG,Mar 2014,19.317363303647117,0.816194136492628,17.057521492281204,659.9133190740954,441.66883825835953
BAJAJHLDNG,14,Mar 2014,13,BAJAJHLDNG,Mar 2014,BAJAJHLDNG,Mar 2015,5.240339179580147,1.522030383961089,28.87099718337038,556.6189400978199,169.40852702620413
BAJAJHLDNG,15,Mar 2015,13,BAJAJHLDNG,Mar 2015,BAJAJHLDNG,Mar 2016,17.987829665775546,1.0234071841089958,28.530982855876424,227.78874351844095,246.55749687985448
BAJAJHLDNG,16,Mar 2016,13,BAJAJHLDNG,Mar 2016,BAJAJHLDNG,Mar 2017,12.862668342808021,1.154970965068904,22.216835605388816,704.5065749626725,51.756575883792515
BAJAJHLDNG,17,Mar 2017,13,BAJAJHLDNG,Mar 2017,BAJAJHLDNG,Mar 2018,24.565890463376117,1.271821833316519,29.651668906247874,917.542553194958,489.75013057050893
BAJAJHLDNG,18,Mar 2018,13,BAJAJHLDNG,Mar 2018,BAJAJHLDNG,Mar 2019,5.179913456729457,0.6932731595747341,19.304869265292552,177.31207149544883,472.5432763805009
BAJAJHLDNG,19,Mar 2019,13,BAJAJHLDNG,Mar 2019,BAJAJHLDNG,Mar 2020,21.65639809564785,1.3000476692879395,27.339350062506465,237.50129963252581,430.4648166189306
BAJAJHLDNG,20,Mar 2020,13,BAJAJHLDNG,Mar 2020,BAJAJHLDNG,Mar 2021,24.294814165820263,1.5165434216300204,29.27407477377964,373.5383410708515,174.06972460609387
BAJAJHLDNG,21,Mar 2021,13,BAJAJHLDNG,Mar 2021,BAJAJHLDNG,Mar 2022,18.0081475004651,0.9935318920338236,15.7818868429884,855.1672181886119,159.05810762487855
BAJAJHLDNG,22,Mar 2022,13,BAJAJHLDNG,Mar 2022,BAJAJHLDNG,Mar 2023,19.481392128080806,0.4432141183128857,23.555178434172728,774.2251524189992,138.9486668933825
BAJAJHLDNG,23,Mar 2023,13,BAJAJHLDNG,Mar 2023,BAJAJHLDNG,Mar 2024,20.366627162330072,1.150719871873017,27.79075271162218,407.7657361244923,185.83466774635036
BAJAJHLDNG,24,Mar 2024,13,BAJAJHLDNG,Mar 2024,BAJAJHLDNG,473.0,10.045672576025728,1.0309554518535864,13.314138100105854,883.0791702362022,172.1916465267198
BAJAJHLDNG,25,TTM,13,BAJAJHLDNG,Sep 2024,BAJAJHLDNG,872.0,15.544573406249762,0.9611806130035394,22.006247109156575,150.03110810238127,448.5322459785603
BAJFINANCE,11,Mar 2015,14,BAJFINANCE,Mar 2015,BAJFINANCE,Mar 2016,17.886011015849647,0.5395466862148404,17.09276681561595,254.85990858096199,170.95328361280644
BAJFINANCE,12,Mar 2016,14,BAJFINANCE,Mar 2016,BAJFINANCE,Mar 2017,10.376100253762353,1.7846267784425756,19.03985123245107,395.22741873361014,498.76112464264577
BAJFINANCE,13,Mar 2017,14,BAJFINANCE,Mar 2017,BAJFINANCE,Mar 2018,10.971099588270947,0.8622916484472265,14.56761378306696,657.9742697527352,407.17352343929844
BAJFINANCE,14,Mar 2018,14,BAJFINANCE,Mar 2018,BAJFINANCE,Mar 2019,10.29333510827428,0.07276487157872569,23.676317637648665,334.10709581385356,255.76571697898183
BAJFINANCE,15,Mar 2019,14,BAJFINANCE,Mar 2019,BAJFINANCE,Mar 2020,8.033749976900364,1.6510047165580979,24.5506896292518,255.60227578348514,71.95844597413344
BAJFINANCE,16,Mar 2020,14,BAJFINANCE,Mar 2020,BAJFINANCE,Mar 2021,11.018915543128685,0.3465051201331588,28.436962579538378,574.2675872069394,384.31429199427697
BAJFINANCE,17,Mar 2021,14,BAJFINANCE,Mar 2021,BAJFINANCE,Mar 2022,22.473656064192266,0.15370171930142695,27.80196193557106,504.2148560987121,358.1822913098036
BAJFINANCE,18,Mar 2022,14,BAJFINANCE,Mar 2022,BAJFINANCE,Mar 2023,8.333605746113754,0.8433882933580881,16.475472624752513,104.26860254012867,87.01506391727396
BAJFINANCE,19,Mar 2023,14,BAJFINANCE,Mar 2023,BAJFINANCE,Mar 2024,24.616684878607348,0.053472346960564465,12.546170307698588,571.5930090017985,336.2951274995363
BAJFINANCE,20,Mar 2024,14,BAJFINANCE,Mar 2024,BAJFINANCE,-7064.0,14.019040464267615,0.9998809683049428,17.401681744082826,640.2723835786837,325.62537980278876
BAJFINANCE,21,TTM,14,BAJFINANCE,Sep 2024,BAJFINANCE,-9870.0,12.814253046416804,0.6851717485914455,11.95966066246028,933.6911423854696,254.55251793265668
BANKBARODA,13,Mar 2013,15,BANKBARODA,Mar 2014,BANKBARODA,Mar 2014,12.262367228825287,0.6294954839994022,20.754935365608883,374.76093486011405,465.7505387833976
BANKBARODA,14,Mar 2014,15,BANKBARODA,Mar 2015,BANKBARODA,Mar 2015,23.3193557303809,1.9463353372060577,26.7969280469401,900.7589856758227,232.24101943928005
BANKBARODA,15,Mar 2015,15,BANKBARODA,Mar 2016,BANKBARODA,Mar 2016,13.001020187507471,0.8742356528893926,24.822259002175883,670.0701791339325,466.8977514915225
BANKBARODA,16,Mar 2016,15,BANKBARODA,Mar 2017,BANKBARODA,Mar 2017,24.84472224414975,1.3207418534563644,28.354016198778822,130.29406690312317,107.76169732117532
BANKBARODA,17,Mar 2017,15,BANKBARODA,Mar 2018,BANKBARODA,Mar 2018,10.986522068753082,0.9799759243740129,14.64983389533159,692.4607229712891,195.56258364236206
BANKBARODA,18,Mar 2018,15,BANKBARODA,Mar 2019,BANKBARODA,Mar 2019,12.686242866196507,0.02672702048301212,17.75658587509502,784.3860561393572,379.59381469003966
BANKBARODA,19,Mar 2019,15,BANKBARODA,Mar 2020,BANKBARODA,Mar 2020,7.645529950539776,1.0147949719556906,22.7099601112661,798.7453449215261,280.85380112905864
BANKBARODA,20,Mar 2020,15,BANKBARODA,Mar 2021,BANKBARODA,Mar 2021,18.987565065854206,1.6792699941039781,13.295320197801741,229.15601034088175,252.33812136527385
BANKBARODA,21,Mar 2021,15,BANKBARODA,Mar 2022,BANKBARODA,Mar 2022,6.387983381816856,0.41289387243030906,22.826841517498632,210.65389544759407,344.70232083450975
BANKBARODA,22,Mar 2022,15,BANKBARODA,Mar 2023,BANKBARODA,Mar 2023,12.380684659944926,1.2708554281706637,13.869125554034781,605.280993206793,215.41388816666398
BANKBARODA,23,Mar 2023,15,BANKBARODA,Mar 2024,BANKBARODA,Mar 2024,14.738193518550451,1.4548644115687819,17.248845322554867,239.0109045691491,331.47292147794803
BANKBARODA,24,Mar 2024,15,BANKBARODA,423.0,BANKBARODA,23196.0,23.21424898075802,1.544867990725082,28.964668462688085,341.40042168712995,193.3227694265562
BANKBARODA,25,TTM,15,BANKBARODA,431.0,BANKBARODA,42233.0,21.84204666514479,1.4321361234178729,13.762746286450774,762.0817616048537,241.54499058935954
BHARTIARTL,13,Mar 2013,17,BHARTIARTL,Mar 2013,BHARTIARTL,Mar 2014,13.121754043373159,0.2746576172594508,25.91553175474006,319.33697438586665,463.03398023995834
BHARTIARTL,14,Mar 2014,17,BHARTIARTL,Mar 2014,BHARTIARTL,Mar 2015,16.60533225704806,0.21177293350757687,10.843609676592095,725.0000949483178,70.85217457681732
BHARTIARTL,15,Mar 2015,17,BHARTIARTL,Mar 2015,BHARTIARTL,Mar 2016,24.267660647460904,1.5215397083256326,11.196617768847528,373.41008372400194,202.92560417581558
BHARTIARTL,16,Mar 2016,17,BHARTIARTL,Mar 2016,BHARTIARTL,Mar 2017,24.369067555531966,1.4856484355631143,17.0508684925614,792.4501380247814,204.41617531268
BHARTIARTL,17,Mar 2017,17,BHARTIARTL,Mar 2017,BHARTIARTL,Mar 2018,17.318221794992517,1.475185842868449,21.609089637701608,901.1959307266209,334.8977560359664
BHARTIARTL,18,Mar 2018,17,BHARTIARTL,Mar 2018,BHARTIARTL,Mar 2019,6.949860083517576,0.14101524181457337,23.80828658787424,901.9740935508165,166.31944005799224
BHARTIARTL,19,Mar 2019,17,BHARTIARTL,Mar 2019,BHARTIARTL,Mar 2020,8.263394847146518,0.1860582058374316,12.275627147261412,664.4175169685581,89.15996680818526
BHARTIARTL,20,Mar 2020,17,BHARTIARTL,Mar 2020,BHARTIARTL,Mar 2021,21.984231648145478,1.3369091978581802,29.629633344044983,182.30458968008278,177.5574245888654
BHARTIARTL,21,Mar 2021,17,BHARTIARTL,Mar 2021,BHARTIARTL,Mar 2022,19.14646953160705,0.09453397884171855,16.956138567138666,671.7559723516293,109.95818732947504
BHARTIARTL,22,Mar 2022,17,BHARTIARTL,Mar 2022,BHARTIARTL,Mar 2023,17.672058187962705,1.824545075697289,14.768846936131464,405.8957395700785,58.94331104884886
BHARTIARTL,23,Mar 2023,17,BHARTIARTL,Mar 2023,BHARTIARTL,Mar 2024,20.046976533951376,1.0339450602192075,28.479749764228366,970.5411231707719,93.40495736864284
BHARTIARTL,24,Mar 2024,17,BHARTIARTL,Mar 2024,BHARTIARTL,22608.0,22.431986258318492,0.8934182331079144,24.70481166654711,376.7493907967651,446.2899066267898
BHARTIARTL,25,TTM,17,BHARTIARTL,Sep 2024,BHARTIARTL,26233.0,10.553637906123646,0.31085200415403724,14.26192401702102,669.6143067541585,277.75279971538134
BEL,13,Mar 2013,16,BEL,Mar 2013,BEL,Mar 2014,24.48312941327275,0.16975055477589884,25.09692135436253,185.73395050932356,269.0676418030567
BEL,14,Mar 2014,16,BEL,Mar 2014,BEL,Mar 2015,12.568181003619781,0.8813565287032075,18.04901361964882,178.4877422777417,333.7287966854386
BEL,15,Mar 2015,16,BEL,Mar 2015,BEL,Mar 2016,12.838445545609858,0.1758581363001932,25.914885967856403,619.605262426676,199.3967963315479
BEL,16,Mar 2016,16,BEL,Mar 2016,BEL,Mar 2017,10.15082701095186,0.5043240228690988,16.65550909997825,714.861246651682,269.54482927072274
BEL,17,Mar 2017,16,BEL,Mar 2017,BEL,Mar 2018,6.731630926806416,0.8246486381995233,10.492316251919611,651.6374235070618,387.58943143594456
BEL,18,Mar 2018,16,BEL,Mar 2018,BEL,Mar 2019,19.80882529714289,0.763039536300651,17.689313634346846,292.9139279616198,452.1252709574097
BEL,19,Mar 2019,16,BEL,Mar 2019,BEL,Mar 2020,21.698531912334406,0.17671190189441788,11.279373706989048,961.3257615383811,213.550640830055
BEL,20,Mar 2020,16,BEL,Mar 2020,BEL,Mar 2021,21.33621838751319,1.6898359058280819,16.24256821852566,651.0572148904914,115.0315935934129
BEL,21,Mar 2021,16,BEL,Mar 2021,BEL,Mar 2022,19.74792115423316,0.5683882562076092,29.204620575482025,867.2906948785277,192.95921569531347
BEL,22,Mar 2022,16,BEL,Mar 2022,BEL,Mar 2023,13.839175718559883,1.7752645258731943,28.056175831617505,485.5998959724098,417.76074105740497
BEL,23,Mar 2023,16,BEL,Mar 2023,BEL,Mar 2024,9.754176259744598,0.3515020710205281,22.75985381000101,310.4338744527379,205.78258762990222
BEL,24,Mar 2024,16,BEL,Mar 2024,BEL,-1539.0,7.810095798579539,0.9628492577385668,20.007143845089395,190.40259631848681,355.85591008690557
BEL,25,TTM,16,BEL,Sep 2024,BEL,-569.0,21.823770461891463,1.4851966049387186,16.20234338923379,872.8888659434043,148.60357994824858
BHEL,13,Mar 2013,18,BHEL,Mar 2013,BHEL,Mar 2014,21.855827553831546,0.8387791850339665,21.276714719556523,795.8582795689605,428.16624234816493
BHEL,14,Mar 2014,18,BHEL,Mar 2014,BHEL,Mar 2015,16.191320708243467,0.003175357703528725,28.953229521195322,332.56460279305026,128.31129359651447
BHEL,15,Mar 2015,18,BHEL,Mar 2015,BHEL,Mar 2016,24.501033548233885,1.5648979855719483,10.502572433077727,852.777510938251,127.64601642434477
BHEL,16,Mar 2016,18,BHEL,Mar 2016,BHEL,Mar 2017,17.332302392033874,0.6440957627223687,27.80792479664746,739.9699620166642,190.49260439520702
BHEL,17,Mar 2017,18,BHEL,Mar 2017,BHEL,Mar 2018,12.01021355873701,0.8206922388943962,12.067191622656583,688.8543802049433,467.55844235469243
BHEL,18,Mar 2018,18,BHEL,Mar 2018,BHEL,Mar 2019,13.198993127446219,0.18938452115081916,23.901592562558562,196.9918354879053,139.66481706119313
BHEL,19,Mar 2019,18,BHEL,Mar 2019,BHEL,Mar 2020,16.052510719257956,1.4024095783537014,11.656326238923885,865.4116247359777,345.65224420046195
BHEL,20,Mar 2020,18,BHEL,Mar 2020,BHEL,Mar 2021,12.099114313444561,1.7899480955155849,23.758486746896246,127.30583721986216,249.3186212323188
BHEL,21,Mar 2021,18,BHEL,Mar 2021,BHEL,Mar 2022,16.382409782826855,1.9852871151555918,28.51859501957793,182.4507822071908,483.3775535559363
BHEL,22,Mar 2022,18,BHEL,Mar 2022,BHEL,Mar 2023,17.213866949660655,0.6779202863540357,11.590022203312678,931.3247282711765,437.2673036071863
BHEL,23,Mar 2023,18,BHEL,Mar 2023,BHEL,Mar 2024,5.24113715783275,1.282297848632119,12.24204469108615,223.91934999461517,393.29975066108545
BHEL,24,Mar 2024,18,BHEL,Mar 2024,BHEL,1759.0,22.48362355342702,0.26836705172621333,24.18096494960692,842.7651295887237,363.8981155566147
BHEL,25,TTM,18,BHEL,Sep 2024,BHEL,4512.0,24.658536052251797,1.4676529130431504,11.116380451142385,915.5844153468545,441.7756335394307
BOSCHLTD,13,Dec 2012,19,BOSCHLTD,Dec 2012,BOSCHLTD,Dec 2013,18.79640612190709,1.5808134019836624,20.135271045174996,867.7657726748347,436.78802058212693
BOSCHLTD,14,Dec 2013,19,BOSCHLTD,Dec 2013,BOSCHLTD,Mar 2015,16.968908626712256,0.16861571471960346,22.594468087333304,800.3617158426995,412.0034255615537
BOSCHLTD,15,Mar 2015,19,BOSCHLTD,Mar 2015,BOSCHLTD,Mar 2016,20.87503150462917,0.1155910710609509,12.721596921587455,696.6101240225787,407.8740529636754
BOSCHLTD,16,Mar 2016,19,BOSCHLTD,Mar 2016,BOSCHLTD,Mar 2017,24.71333308628765,0.7519962478200657,14.013966668193865,880.3707614211993,359.41546948942926
BOSCHLTD,17,Mar 2017,19,BOSCHLTD,Mar 2017,BOSCHLTD,Mar 2018,15.56841756962758,0.5733815407409943,28.856956576646212,637.78481992781,256.00220701858484
BOSCHLTD,18,Mar 2018,19,BOSCHLTD,Mar 2018,BOSCHLTD,Mar 2019,21.40735296784743,1.243524536520703,14.3503613517089,878.252179620246,177.64871306409066
BOSCHLTD,19,Mar 2019,19,BOSCHLTD,Mar 2019,BOSCHLTD,Mar 2020,21.580645564377598,1.9283606043217534,18.69324251115092,388.0667391157322,302.1911868377049
BOSCHLTD,20,Mar 2020,19,BOSCHLTD,Mar 2020,BOSCHLTD,Mar 2021,8.443958290147904,0.32474298302127136,12.657169158795307,254.55019444784182,216.3201868609799
BOSCHLTD,21,Mar 2021,19,BOSCHLTD,Mar 2021,BOSCHLTD,Mar 2022,23.023145402342948,0.6646796309540646,10.288102982087153,140.24647711420852,251.64886745054335
BOSCHLTD,22,Mar 2022,19,BOSCHLTD,Mar 2022,BOSCHLTD,Mar 2023,21.269005241817347,0.5480449068489694,24.280591370775348,148.73283801760402,315.8136076484064
BOSCHLTD,23,Mar 2023,19,BOSCHLTD,Mar 2023,BOSCHLTD,Mar 2024,23.89771630577442,0.48864005249725895,20.76583519009663,675.4784237317972,367.5175768364039
BOSCHLTD,24,Mar 2024,19,BOSCHLTD,Mar 2024,BOSCHLTD,871.0,20.93421158646204,1.6396704087427978,13.81967631349201,766.8101473121728,471.04674466225606
BOSCHLTD,25,TTM,19,BOSCHLTD,Sep 2024,BOSCHLTD,1057.0,24.374903150762343,1.2174190397462188,21.1833606383817,704.6523984234134,307.5435898295612
BPCL,13,Mar 2013,20,BPCL,Mar 2013,BPCL,Mar 2014,23.12996920090181,1.3813404660573774,14.10056844989592,507.4057945268174,481.4861601499943
BPCL,14,Mar 2014,20,BPCL,Mar 2014,BPCL,Mar 2015,20.029641076450243,0.16426393694916808,11.319649210243274,466.48289898739006,366.7561731620229
BPCL,15,Mar 2015,20,BPCL,Mar 2015,BPCL,Mar 2016,9.483996456856694,1.8873325760647741,23.086440652174492,779.0248331817595,428.1137473128348
BPCL,16,Mar 2016,20,BPCL,Mar 2016,BPCL,Mar 2017,16.521045089522048,1.9060693018194648,17.42123142533924,138.1481233994141,154.8020112350563
BPCL,17,Mar 2017,20,BPCL,Mar 2017,BPCL,Mar 2018,23.293722144470127,1.8246953739339473,12.70138975969154,777.9693203718712,122.08363191933176
BPCL,18,Mar 2018,20,BPCL,Mar 2018,BPCL,Mar 2019,18.661796701621327,0.40723188710958524,25.06070000765238,548.6397502963885,353.07742004064977
BPCL,19,Mar 2019,20,BPCL,Mar 2019,BPCL,Mar 2020,17.976980845199613,0.9810832137470222,15.078558452121545,788.0707184652304,146.49542249058368
BPCL,20,Mar 2020,20,BPCL,Mar 2020,BPCL,Mar 2021,11.244961716154005,0.42013591990921473,18.716234939295784,878.0592692333857,490.1979678090344
BPCL,21,Mar 2021,20,BPCL,Mar 2021,BPCL,Mar 2022,6.511058648488801,1.7839551125716917,12.022302364508333,321.17306069633275,167.39017569029892
BPCL,22,Mar 2022,20,BPCL,Mar 2022,BPCL,Mar 2023,15.43594218143169,1.3292378195978594,24.690348024556883,159.54976393230754,174.38771621033672
BPCL,23,Mar 2023,20,BPCL,Mar 2023,BPCL,Mar 2024,13.99757284210512,1.8487047451636247,17.02767751751317,841.0718135646671,331.23332203155223
BPCL,24,Mar 2024,20,BPCL,Mar 2024,BPCL,5926.0,23.130894662444124,0.44980775678450424,18.172653049915773,377.1666264034585,491.6240740504932
BPCL,25,TTM,20,BPCL,Sep 2024,BPCL,9588.0,12.975747830432729,1.9121604644811125,27.191796963233596,887.4339996498666,62.98904582596998
BRITANNIA,13,Mar 2013,21,BRITANNIA,Mar 2013,BRITANNIA,Mar 2014,7.710146516724277,1.8982138009325833,11.457314611299228,466.7195036171957,377.6954915728367
BRITANNIA,14,Mar 2014,21,BRITANNIA,Mar 2014,BRITANNIA,Mar 2015,7.023105041535354,0.6879236749562023,10.258520322108575,264.02532435955175,375.3571723456095
BRITANNIA,15,Mar 2015,21,BRITANNIA,Mar 2015,BRITANNIA,Mar 2016,19.78942154172705,1.7955589126660454,10.424850093871944,194.28749684622983,130.01538840766005
BRITANNIA,16,Mar 2016,21,BRITANNIA,Mar 2016,BRITANNIA,Mar 2017,9.259485189451475,1.4335524526420511,26.15479763532658,524.1596445979552,145.69217197730683
BRITANNIA,17,Mar 2017,21,BRITANNIA,Mar 2017,BRITANNIA,Mar 2018,24.79757755520932,1.845218902781716,11.342215557071079,518.8394527108221,68.33883003590259
BRITANNIA,18,Mar 2018,21,BRITANNIA,Mar 2018,BRITANNIA,Mar 2019,6.496486257242367,1.1379156437918119,23.13856635002307,122.59534115716356,429.0695989887073
BRITANNIA,19,Mar 2019,21,BRITANNIA,Mar 2019,BRITANNIA,Mar 2020,6.397883418807333,1.178431659971427,28.7327698568914,904.2992830885953,319.91027510375284
BRITANNIA,20,Mar 2020,21,BRITANNIA,Mar 2020,BRITANNIA,Mar 2021,13.281455941806746,0.5971484274963021,26.28505021191549,153.52419789215648,355.5763675553027
BRITANNIA,21,Mar 2021,21,BRITANNIA,Mar 2021,BRITANNIA,Mar 2022,24.983084282208424,0.2980388426459082,22.880745733935676,543.6314898811447,214.9063555440982
BRITANNIA,22,Mar 2022,21,BRITANNIA,Mar 2022,BRITANNIA,Mar 2023,8.891039936668172,1.5432066623809573,29.36147068244542,535.710300230031,304.27550543329414
BRITANNIA,23,Mar 2023,21,BRITANNIA,Mar 2023,BRITANNIA,Mar 2024,15.435292203369835,1.1297536571546076,17.680779006021194,767.5767617319169,254.9780884547744
BRITANNIA,24,Mar 2024,21,BRITANNIA,Mar 2024,BRITANNIA,320.0,24.016470468275074,0.08475578407186335,23.715074930411966,960.5230996592377,194.90084386265292
BRITANNIA,25,TTM,21,BRITANNIA,Sep 2024,BRITANNIA,671.0,6.230664090711054,0.6606447211943605,15.153341765000544,317.02487199419454,496.7096610604671
CANBK,13,Mar 2013,22,CANBK,Mar 2014,CANBK,Mar 2014,24.789601938114636,1.5602785217735218,17.509939080425134,998.3609289167915,414.54140086970534
CANBK,14,Mar 2014,22,CANBK,Mar 2015,CANBK,Mar 2015,22.199219367977456,1.7324705047440965,15.548863126302948,619.0559123593148,472.34810298163137
CANBK,15,Mar 2015,22,CANBK,Mar 2016,CANBK,Mar 2016,14.569814887203204,1.6299673639649062,29.192000563962416,414.96931070630046,397.17488432246034
CANBK,16,Mar 2016,22,CANBK,Mar 2017,CANBK,Mar 2017,15.536142521711033,0.04291374819134508,25.467593620104353,945.906886780626,223.07905762083564
CANBK,17,Mar 2017,22,CANBK,Mar 2018,CANBK,Mar 2018,19.38821114386266,1.984929657152698,13.085977952966672,599.5379396067051,118.8874361363306
CANBK,18,Mar 2018,22,CANBK,Mar 2019,CANBK,Mar 2019,5.9419024628502,1.9893929894494582,10.016181646398225,143.22991038108523,409.59728814815674
CANBK,19,Mar 2019,22,CANBK,Mar 2020,CANBK,Mar 2020,22.058440328745654,0.4921349148524836,14.90077105599977,467.9275435361504,478.41984315245463
CANBK,20,Mar 2020,22,CANBK,Mar 2021,CANBK,Mar 2021,6.484501143303232,1.7382025867829907,23.512446703916346,570.3919687576815,463.402556264065
CANBK,21,Mar 2021,22,CANBK,Mar 2022,CANBK,Mar 2022,10.442583314235765,1.8138432105641682,16.839801157655085,371.15906767736453,106.12774481062387
CANBK,22,Mar 2022,22,CANBK,Mar 2023,CANBK,Mar 2023,16.211915901974844,0.4453774528165828,26.42445662480195,813.2087132475576,229.10562683265744
CANBK,23,Mar 2023,22,CANBK,Mar 2024,CANBK,Mar 2024,22.987907696488307,1.941384377518419,21.550856457098615,741.9635004053177,84.47536199932695
CANBK,24,Mar 2024,22,CANBK,443.0,CANBK,8010.0,16.73257958541265,1.4339865402092749,26.493955262591136,922.8961847010418,260.72801714699676
CANBK,25,TTM,22,CANBK,461.0,CANBK,14244.0,17.177983603322716,0.7098249449548641,23.644726412207852,408.7746962585343,98.07705651759773
CHOLAFIN,13,Mar 2013,23,CHOLAFIN,Mar 2013,CHOLAFIN,Mar 2014,7.307939191376127,0.37046565243764973,13.43001588499769,788.9717843586809,369.96916866969656
CHOLAFIN,14,Mar 2014,23,CHOLAFIN,Mar 2014,CHOLAFIN,Mar 2015,15.842370057829259,0.7934924292169392,27.747505772265548,779.6984937856481,196.11851110106204
CHOLAFIN,15,Mar 2015,23,CHOLAFIN,Mar 2015,CHOLAFIN,Mar 2016,20.42448749807381,0.578548576226158,15.661438972261145,964.4754984568244,120.16095958623347
CHOLAFIN,16,Mar 2016,23,CHOLAFIN,Mar 2016,CHOLAFIN,Mar 2017,23.34151933159919,1.8540197220647656,11.866577318911393,596.3409278056827,260.59144196419106
CHOLAFIN,17,Mar 2017,23,CHOLAFIN,Mar 2017,CHOLAFIN,Mar 2018,15.688074794712266,0.17253236645529269,21.128123384899013,276.1198830963407,495.2564209399127
CHOLAFIN,18,Mar 2018,23,CHOLAFIN,Mar 2018,CHOLAFIN,Mar 2019,11.097006066417547,1.629223266427358,22.042744028153066,295.37863365201844,479.8207429713142
CHOLAFIN,19,Mar 2019,23,CHOLAFIN,Mar 2019,CHOLAFIN,Mar 2020,16.036358564419434,0.915826301348142,17.955931717292913,512.2256046475427,457.789035682937
CHOLAFIN,20,Mar 2020,23,CHOLAFIN,Mar 2020,CHOLAFIN,Mar 2021,13.113913787262552,0.19468484627927896,14.512372080167621,828.4069987679737,139.59719090513028
CHOLAFIN,21,Mar 2021,23,CHOLAFIN,Mar 2021,CHOLAFIN,Mar 2022,23.710742582951788,0.07412383925866273,12.123140916940702,826.0706270328025,447.8973566532747
CHOLAFIN,22,Mar 2022,23,CHOLAFIN,Mar 2022,CHOLAFIN,Mar 2023,13.708730741953435,0.59678726142673,19.824650811734376,740.7331983070505,407.2073000903571
CHOLAFIN,23,Mar 2023,23,CHOLAFIN,Mar 2023,CHOLAFIN,Mar 2024,24.82878060770907,0.07416740718312109,22.33556965227248,640.6664106257587,163.79335529697926
CHOLAFIN,24,Mar 2024,23,CHOLAFIN,Mar 2024,CHOLAFIN,-3754.0,5.527215887315715,1.3822962256364364,14.310332409419228,688.3567108238245,229.9302100056567
CHOLAFIN,25,TTM,23,CHOLAFIN,Sep 2024,CHOLAFIN,-2447.0,6.877313939054277,1.1456769089597592,21.33378819270382,712.1101750610626,236.32907246342816
CIPLA,13,Mar 2013,24,CIPLA,Mar 2013,CIPLA,Mar 2014,17.56368578226573,0.47860109256031746,20.889082671644385,159.98233707226618,326.1124257295464
CIPLA,14,Mar 2014,24,CIPLA,Mar 2014,CIPLA,Mar 2015,6.351175482539595,1.815563045759466,29.04627668031558,788.2464907027063,251.06621399346938
CIPLA,15,Mar 2015,24,CIPLA,Mar 2015,CIPLA,Mar 2016,14.449727393312253,1.4643218039230717,11.418190390350716,601.1200301828698,182.17616013056207
CIPLA,16,Mar 2016,24,CIPLA,Mar 2016,CIPLA,Mar 2017,22.013004852160748,1.900056159804077,28.679503461907604,222.68158127392104,73.25943582473715
CIPLA,17,Mar 2017,24,CIPLA,Mar 2017,CIPLA,Mar 2018,19.14398160967817,1.459853102021711,10.197324291987302,502.26248130544633,165.2774140064864
CIPLA,18,Mar 2018,24,CIPLA,Mar 2018,CIPLA,Mar 2019,5.826733380107161,0.6120234164330107,22.8992410804074,947.4838714420551,215.93018269589373
CIPLA,19,Mar 2019,24,CIPLA,Mar 2019,CIPLA,Mar 2020,20.03830969640036,0.9852820312976462,11.977075898282717,811.4181095281238,451.78590866568885
CIPLA,20,Mar 2020,24,CIPLA,Mar 2020,CIPLA,Mar 2021,11.586631172728696,0.2315652156151684,15.49548696213922,614.3109704728641,351.5207763361473
CIPLA,21,Mar 2021,24,CIPLA,Mar 2021,CIPLA,Mar 2022,19.355821297830666,0.2748970302499678,27.237561449015214,567.2916032007665,288.56529576132573
CIPLA,22,Mar 2022,24,CIPLA,Mar 2022,CIPLA,Mar 2023,12.888296159017223,1.454924148729128,12.315364760240307,407.5037926279569,53.86658088538549
CIPLA,23,Mar 2023,24,CIPLA,Mar 2023,CIPLA,Mar 2024,10.279313897098653,0.20708511397462792,12.300001482547142,446.4157727244176,450.4238201952293
CIPLA,24,Mar 2024,24,CIPLA,Mar 2024,CIPLA,1398.0,24.041120212254853,0.2447241620165499,29.95812252269473,542.7167310151531,70.0109807104433
CIPLA,25,TTM,24,CIPLA,Sep 2024,CIPLA,1563.0,22.80346153254557,1.6763725496197963,18.925396194605185,437.7735693443797,138.20398502443624
COALINDIA,13,Mar 2013,25,COALINDIA,Mar 2013,COALINDIA,Mar 2014,18.776231352001165,1.2848153325692566,16.791366196089193,508.3866385251754,127.0819625845563
COALINDIA,14,Mar 2014,25,COALINDIA,Mar 2014,COALINDIA,Mar 2015,11.859772781764201,1.6638409913528893,11.082669558912102,545.6516411079378,288.0630550248758
COALINDIA,15,Mar 2015,25,COALINDIA,Mar 2015,COALINDIA,Mar 2016,24.36414531520164,1.9269355540106081,22.06336797323818,129.03718443737856,499.81841331410675
COALINDIA,16,Mar 2016,25,COALINDIA,Mar 2016,COALINDIA,Mar 2017,9.64615546674347,1.0940578897574695,10.757856658375534,821.7503877125391,350.38896733044044
COALINDIA,17,Mar 2017,25,COALINDIA,Mar 2017,COALINDIA,Mar 2018,24.560274191361152,1.8750859562900948,21.224366993379064,209.6703061354731,356.7889600863799
COALINDIA,18,Mar 2018,25,COALINDIA,Mar 2018,COALINDIA,Mar 2019,5.624615792996986,1.9529756140857601,28.07064548010044,750.5454200381885,314.1389294045229
COALINDIA,19,Mar 2019,25,COALINDIA,Mar 2019,COALINDIA,Mar 2020,10.341469661736484,1.7120742952982007,16.22920574196085,991.4577989073993,341.9033252375244
COALINDIA,20,Mar 2020,25,COALINDIA,Mar 2020,COALINDIA,Mar 2021,8.816221497594345,0.8199262979867286,20.065660070906098,436.96400869882217,269.0389317096065
COALINDIA,21,Mar 2021,25,COALINDIA,Mar 2021,COALINDIA,Mar 2022,19.85798547228473,0.3285862071252972,23.645274571861286,291.03505133612134,202.94292318530435
COALINDIA,22,Mar 2022,25,COALINDIA,Mar 2022,COALINDIA,Mar 2023,7.988374607389453,1.8247717055956016,25.45732339492986,288.0555831597331,428.6928995315845
COALINDIA,23,Mar 2023,25,COALINDIA,Mar 2023,COALINDIA,Mar 2024,23.771047128870006,0.8022631930198985,27.21641376558895,404.85033271055863,410.5779623551877
COALINDIA,24,Mar 2024,25,COALINDIA,Mar 2024,COALINDIA,9109.0,10.28224564528324,0.5641171771936426,22.79797233699086,685.068407725455,70.70111231380997
COALINDIA,25,TTM,25,COALINDIA,Sep 2024,COALINDIA,14525.0,10.917023282317636,1.9575171163570344,23.04847701034281,229.91007786996352,309.36861336034525
DABUR,13,Mar 2013,26,DABUR,Mar 2013,DABUR,Mar 2014,5.526050091653474,1.3125005612615508,22.490576849577728,563.7072751494054,308.6242353520422
DABUR,14,Mar 2014,26,DABUR,Mar 2014,DABUR,Mar 2015,19.330884891027253,0.8892077082089245,28.72000355629631,647.9058991786432,431.8313994350233
DABUR,15,Mar 2015,26,DABUR,Mar 2015,DABUR,Mar 2016,7.7331874275626316,0.02225077001838649,28.867256547217217,293.1918563176922,281.529113709174
DABUR,16,Mar 2016,26,DABUR,Mar 2016,DABUR,Mar 2017,23.193552895365308,0.5876842685667627,13.158087645991314,863.5473887227541,148.60276296573252
DABUR,17,Mar 2017,26,DABUR,Mar 2017,DABUR,Mar 2018,10.318303820907799,0.6195525872542009,10.81859081424956,860.8634754745368,54.08232601769385
DABUR,18,Mar 2018,26,DABUR,Mar 2018,DABUR,Mar 2019,16.28161948032413,0.8138435467283252,19.499983635504453,244.03532992379755,432.76942873963094
DABUR,19,Mar 2019,26,DABUR,Mar 2019,DABUR,Mar 2020,9.339233416203516,1.4173453851190811,17.557412273841607,962.4005623030708,117.19038842105135
DABUR,20,Mar 2020,26,DABUR,Mar 2020,DABUR,Mar 2021,13.815502224306279,0.2200778368711105,28.37474277213343,914.5575466759794,411.74681116795466
DABUR,21,Mar 2021,26,DABUR,Mar 2021,DABUR,Mar 2022,12.9170879127106,0.8205182802798332,24.66047587300098,698.5505210071063,305.6719758732582
DABUR,22,Mar 2022,26,DABUR,Mar 2022,DABUR,Mar 2023,10.759682461612488,1.0020231593887525,25.508317245721553,140.11753641886006,120.19922513702623
DABUR,23,Mar 2023,26,DABUR,Mar 2023,DABUR,Mar 2024,21.625890027969017,0.23854167983532792,18.505949499973713,422.08258550591404,413.8885331832128
DABUR,24,Mar 2024,26,DABUR,Mar 2024,DABUR,870.0,6.111269091192224,0.8079880203876499,23.15387059013295,200.38219580625946,109.85507503727177
DABUR,25,TTM,26,DABUR,Sep 2024,DABUR,1098.0,17.647547921017,1.467101540176901,25.134021996331917,385.3705606206578,113.08058415043476
DIVISLAB,13,Mar 2013,27,DIVISLAB,Mar 2013,DIVISLAB,Mar 2014,9.760101903731409,1.1618090242744976,23.20150482060395,161.8601071005682,227.2888508019621
DIVISLAB,14,Mar 2014,27,DIVISLAB,Mar 2014,DIVISLAB,Mar 2015,10.793398017329494,0.8193073022825803,27.14454447152055,680.8581103919885,308.8492544094295
DIVISLAB,15,Mar 2015,27,DIVISLAB,Mar 2015,DIVISLAB,Mar 2016,16.68272292707839,1.0130039837334195,10.535165989373215,460.8522233198678,67.96919205687007
DIVISLAB,16,Mar 2016,27,DIVISLAB,Mar 2016,DIVISLAB,Mar 2017,15.128867966172965,0.3417382149506376,12.026726746186496,458.51474325583206,147.3616496011224
DIVISLAB,17,Mar 2017,27,DIVISLAB,Mar 2017,DIVISLAB,Mar 2018,6.714653860766939,0.4286338085920369,20.209628012927396,496.2550441518372,343.0561337543995
DIVISLAB,18,Mar 2018,27,DIVISLAB,Mar 2018,DIVISLAB,Mar 2019,23.25427128018648,1.9568970061654356,17.966407941203983,378.9905070695572,268.3773403086028
DIVISLAB,19,Mar 2019,27,DIVISLAB,Mar 2019,DIVISLAB,Mar 2020,7.508660702504142,1.4428302606156715,17.743151634760064,710.4598789103072,303.757915689612
DIVISLAB,20,Mar 2020,27,DIVISLAB,Mar 2020,DIVISLAB,Mar 2021,20.229003661562437,1.239817924765843,17.051081198356382,706.4367869200788,158.45584750871012
DIVISLAB,21,Mar 2021,27,DIVISLAB,Mar 2021,DIVISLAB,Mar 2022,23.09616246075821,0.2908174804286332,29.830533700560412,616.560276221596,304.6120958065422
DIVISLAB,22,Mar 2022,27,DIVISLAB,Mar 2022,DIVISLAB,Mar 2023,11.330575567541135,0.6421326878242006,28.042716190342812,932.37410921815,325.7196164366178
DIVISLAB,23,Mar 2023,27,DIVISLAB,Mar 2023,DIVISLAB,Mar 2024,17.952673622001363,1.850777789160401,16.890243061341252,758.8990928310628,438.61370405003663
DIVISLAB,24,Mar 2024,27,DIVISLAB,Mar 2024,DIVISLAB,480.0,9.74627667499567,1.864246585495925,19.357619670383748,551.7728458200197,391.20196641059727
DIVISLAB,25,TTM,27,DIVISLAB,Sep 2024,DIVISLAB,557.0,8.910179218449102,1.307445364385761,23.153771982579336,245.80396751553644,236.48706145488381
DLF,13,Mar 2013,28,DLF,Mar 2013,DLF,Mar 2014,20.769420961869436,0.7880657067993948,11.948006904324245,711.7252864431729,265.8358349202143
DLF,14,Mar 2014,28,DLF,Mar 2014,DLF,Mar 2015,21.786381743631864,1.936069919202505,20.449069795184343,561.5501395596507,452.64594606413795
DLF,15,Mar 2015,28,DLF,Mar 2015,DLF,Mar 2016,10.556928305748185,0.7864131165503863,15.3878716242379,815.5662123475137,225.73776727901858
DLF,16,Mar 2016,28,DLF,Mar 2016,DLF,Mar 2017,21.321506677793742,0.9764701295238858,16.10588545163195,853.7009111458361,216.40783466660628
DLF,17,Mar 2017,28,DLF,Mar 2017,DLF,Mar 2018,15.832708274438122,0.7049511021212784,26.659698780061014,586.5470777386495,215.24842373279088
DLF,18,Mar 2018,28,DLF,Mar 2018,DLF,Mar 2019,9.94344523445024,0.4218756454032526,13.356829314839425,124.25259868239027,157.19697481786494
DLF,19,Mar 2019,28,DLF,Mar 2019,DLF,Mar 2020,8.210068626676685,0.898474828852238,18.528923983103446,917.6607822936945,180.0597649838382
DLF,20,Mar 2020,28,DLF,Mar 2020,DLF,Mar 2021,13.598236819769106,0.4956175500889428,18.877081198694277,677.4072426020682,230.99663317076985
DLF,21,Mar 2021,28,DLF,Mar 2021,DLF,Mar 2022,13.973954791645507,1.2198442512707461,26.088054711804908,321.2641629880281,387.4485162041373
DLF,22,Mar 2022,28,DLF,Mar 2022,DLF,Mar 2023,6.465685063862829,1.245616157379737,22.610828054074073,314.9775024749454,187.10494399512424
DLF,23,Mar 2023,28,DLF,Mar 2023,DLF,Mar 2024,12.831468522886794,0.21884637626561276,17.701333538289823,689.6122205746044,100.05137138921748
DLF,24,Mar 2024,28,DLF,Mar 2024,DLF,2009.0,5.194611062679179,1.907803613298832,28.75756917053125,256.9338407447849,67.5933962651296
DLF,25,TTM,28,DLF,Sep 2024,DLF,1468.0,18.33322273145241,1.860788353976811,12.534671601463065,749.2435871951557,145.86496743756902
DMART,13,Mar 2013,29,DMART,Mar 2013,DMART,Mar 2014,8.221998545206695,1.5168433186388737,20.6300091611916,848.9514802168069,195.5876461472356
DMART,14,Mar 2014,29,DMART,Mar 2014,DMART,Mar 2015,11.484110858721909,0.4847962090770024,21.407756337385752,373.1635178816922,490.95972212467643
DMART,15,Mar 2015,29,DMART,Mar 2015,DMART,Mar 2016,14.962534361799111,1.7944274018048931,12.109008631993222,837.5936771803072,397.09019533414636
DMART,16,Mar 2016,29,DMART,Mar 2016,DMART,Mar 2017,19.326033088058992,0.5235923620489871,22.991498414330138,924.3703453699742,99.7362847118257
DMART,17,Mar 2017,29,DMART,Mar 2017,DMART,Mar 2018,5.367302987329598,0.5306076575606922,24.09110853384641,714.1548085168173,411.0809155724757
DMART,18,Mar 2018,29,DMART,Mar 2018,DMART,Mar 2019,12.087422000742883,0.03283845827211107,29.99405619514618,745.8196104486627,446.71175925816254
DMART,19,Mar 2019,29,DMART,Mar 2019,DMART,Mar 2020,7.734685612742611,0.40544463208156856,11.439607235003935,260.95005444701536,254.5438939265178
DMART,20,Mar 2020,29,DMART,Mar 2020,DMART,Mar 2021,11.032006510726532,0.6597231985386423,27.407792505193616,382.1753419298272,155.83792123166987
DMART,21,Mar 2021,29,DMART,Mar 2021,DMART,Mar 2022,7.438429735065249,0.49000521662973995,24.19463093074667,283.13037029311846,460.1577369141976
DMART,22,Mar 2022,29,DMART,Mar 2022,DMART,Mar 2023,16.787526314929835,1.6215292029681385,20.800746605896762,862.9158466064347,95.46466789169727
DMART,23,Mar 2023,29,DMART,Mar 2023,DMART,Mar 2024,15.855744388125023,1.3043711520494408,15.66255069288763,316.09954120882423,146.62031426576817
DMART,24,Mar 2024,29,DMART,Mar 2024,DMART,127.0,5.236402055159759,0.7226515761583059,27.854670640561274,692.3606849984868,258.9019394956515
DMART,25,TTM,29,DMART,Sep 2024,DMART,198.0,14.56573360743537,0.8230166451426968,29.504314195453897,894.9919598315474,403.60573986403995
DRREDDY,13,Mar 2013,30,DRREDDY,Mar 2013,DRREDDY,Mar 2014,5.457017528546801,0.40071551438572794,11.669745534016355,970.6584314434255,367.5780242443814
DRREDDY,14,Mar 2014,30,DRREDDY,Mar 2014,DRREDDY,Mar 2015,7.631887512712416,1.5427304659836023,16.02247636992567,338.3927432389893,72.79854118162349
DRREDDY,15,Mar 2015,30,DRREDDY,Mar 2015,DRREDDY,Mar 2016,7.586792831972176,1.6072444148994869,19.735891693191714,127.9280518328772,273.6110787914473
DRREDDY,16,Mar 2016,30,DRREDDY,Mar 2016,DRREDDY,Mar 2017,21.335898454519015,1.7633193914914362,26.477151680006937,148.3221285657076,409.89219219766284
DRREDDY,17,Mar 2017,30,DRREDDY,Mar 2017,DRREDDY,Mar 2018,18.08755249799141,0.43450475968701663,29.886371984477584,439.2626970019143,366.6972653332954
DRREDDY,18,Mar 2018,30,DRREDDY,Mar 2018,DRREDDY,Mar 2019,17.97596906863243,1.3884020137867197,26.249859983693792,768.0400547329933,158.960884676526
DRREDDY,19,Mar 2019,30,DRREDDY,Mar 2019,DRREDDY,Mar 2020,20.724469636944644,1.1407682838132163,14.492716830468009,488.8197465944881,215.32744359529147
DRREDDY,20,Mar 2020,30,DRREDDY,Mar 2020,DRREDDY,Mar 2021,13.732341228192881,1.2229967787248721,25.663947556068955,731.9637541015167,275.6840884633722
DRREDDY,21,Mar 2021,30,DRREDDY,Mar 2021,DRREDDY,Mar 2022,24.69163469088222,1.703739516639279,14.224359643882288,751.5328342381675,493.3623676481755
DRREDDY,22,Mar 2022,30,DRREDDY,Mar 2022,DRREDDY,Mar 2023,15.745169701003238,0.14472145489147104,14.77690732035324,136.87882333927843,285.9826163247282
DRREDDY,23,Mar 2023,30,DRREDDY,Mar 2023,DRREDDY,Mar 2024,5.646972768309078,1.994571124240736,21.129724533643422,632.8016209244611,351.1051822685645
DRREDDY,24,Mar 2024,30,DRREDDY,Mar 2024,DRREDDY,1378.0,8.812495290109371,1.267899472483732,12.270486641433001,576.6008635985556,350.27384453598756
DRREDDY,25,TTM,30,DRREDDY,Sep 2024,DRREDDY,1970.0,7.404633921766443,0.21282888523975885,24.562804549855347,678.967180899241,269.8499125145158
EICHERMOT,13,Dec 2012,31,EICHERMOT,Dec 2012,EICHERMOT,Dec 2013,5.9997471824119835,1.7804208198013984,17.45408873367313,943.5818228060762,278.22566986005563
EICHERMOT,14,Dec 2013,31,EICHERMOT,Dec 2013,EICHERMOT,Dec 2014,19.11403889157847,1.4744995226001463,18.96314020957159,839.1687842547009,447.851060826111
EICHERMOT,15,Dec 2014,31,EICHERMOT,Dec 2014,EICHERMOT,Mar 2016,21.71394027282307,1.482067063902776,17.1200500600939,926.8577804074494,77.63150416065824
EICHERMOT,16,Mar 2016,31,EICHERMOT,Mar 2016,EICHERMOT,Mar 2017,24.786762426708762,0.9125922833571423,29.489076300183708,109.0030794073688,234.44169458637933
EICHERMOT,17,Mar 2017,31,EICHERMOT,Mar 2017,EICHERMOT,Mar 2018,18.130088491376014,1.7626652264957412,27.034223578931513,748.1366937629193,236.9623421739399
EICHERMOT,18,Mar 2018,31,EICHERMOT,Mar 2018,EICHERMOT,Mar 2019,21.435212716760045,1.6753313445915425,11.626090569580171,136.8455547564826,91.63812096531271
EICHERMOT,19,Mar 2019,31,EICHERMOT,Mar 2019,EICHERMOT,Mar 2020,14.048416658991325,1.8400194973547805,17.553177548590945,721.4760836778853,347.89600385332625
EICHERMOT,20,Mar 2020,31,EICHERMOT,Mar 2020,EICHERMOT,Mar 2021,17.877225832246722,1.5540236764394662,23.15430709331632,121.32226179999938,371.28027457922025
EICHERMOT,21,Mar 2021,31,EICHERMOT,Mar 2021,EICHERMOT,Mar 2022,17.514899796205,1.6891044494637517,12.65844788067904,216.77735505313484,485.953933964956
EICHERMOT,22,Mar 2022,31,EICHERMOT,Mar 2022,EICHERMOT,Mar 2023,18.254829206073037,0.42260178481259913,13.386164011143421,896.4711551848765,366.6405091055306
EICHERMOT,23,Mar 2023,31,EICHERMOT,Mar 2023,EICHERMOT,Mar 2024,8.818899850950558,1.8209711245061833,27.059484122397688,808.4933451670124,469.1559873615272
EICHERMOT,24,Mar 2024,31,EICHERMOT,Mar 2024,EICHERMOT,496.0,20.646640260289224,0.27168079986350313,27.435855608500447,303.36072584523254,424.9566987480936
EICHERMOT,25,TTM,31,EICHERMOT,Sep 2024,EICHERMOT,716.0,7.35887803038862,0.7267989946897793,25.606978424450425,272.9884539317144,155.60364032674102
GAIL,13,Mar 2013,32,GAIL,Mar 2013,GAIL,Mar 2014,13.873635097298978,0.38691895843618007,22.541055012404833,647.9400185103622,489.8768072831214
GAIL,14,Mar 2014,32,GAIL,Mar 2014,GAIL,Mar 2015,11.82587475704296,0.8387331907894979,12.280795916588643,712.9099464574567,430.96282144072757
GAIL,15,Mar 2015,32,GAIL,Mar 2015,GAIL,Mar 2016,7.357535076472505,1.0903931182076314,16.73482029629887,188.8518599869103,384.05047163586386
GAIL,16,Mar 2016,32,GAIL,Mar 2016,GAIL,Mar 2017,7.060937252230768,0.7141743148487592,17.968321393626013,483.0952764935449,199.43618121670957
GAIL,17,Mar 2017,32,GAIL,Mar 2017,GAIL,Mar 2018,20.70029241077822,0.7144035936420638,23.654720925505636,132.75574017560598,150.1214585873237
GAIL,18,Mar 2018,32,GAIL,Mar 2018,GAIL,Mar 2019,12.53496211860937,1.3769778083430388,21.975315874749604,973.6417647053784,303.8089512729616
GAIL,19,Mar 2019,32,GAIL,Mar 2019,GAIL,Mar 2020,10.413984248730708,1.5311082016208264,28.084526031058324,414.37453096298196,473.01364177550516
GAIL,20,Mar 2020,32,GAIL,Mar 2020,GAIL,Mar 2021,7.278769727955401,0.4814919170278431,26.265135431614425,713.1348968268668,186.00040998284334
GAIL,21,Mar 2021,32,GAIL,Mar 2021,GAIL,Mar 2022,11.804828643355345,0.09192139368373797,13.347014267374437,319.3139667436726,369.2234737449747
GAIL,22,Mar 2022,32,GAIL,Mar 2022,GAIL,Mar 2023,10.18588572986989,1.1262036976215883,13.298252583448946,364.5232488616596,147.7909040548156
GAIL,23,Mar 2023,32,GAIL,Mar 2023,GAIL,Mar 2024,22.848935008426572,0.5306455000245838,22.791816239011744,486.6981275699212,115.86783327566592
GAIL,24,Mar 2024,32,GAIL,Mar 2024,GAIL,6603.0,21.495394302711652,1.1501131721703317,14.922304262547623,995.1733569746731,149.34740075935065
GAIL,25,TTM,32,GAIL,Sep 2024,GAIL,4615.0,17.945582208617168,0.13329135229847666,14.219224010004812,259.9804339006058,247.7085282406352
GODREJCP,13,Mar 2013,33,GODREJCP,Mar 2013,GODREJCP,Mar 2014,19.000351947211783,0.1386090546829073,12.717151446265131,311.4426545838901,472.7904819802966
GODREJCP,14,Mar 2014,33,GODREJCP,Mar 2014,GODREJCP,Mar 2015,16.498960853534456,1.9628275433961588,12.56022870732828,500.6496417502023,68.26639132768437
GODREJCP,15,Mar 2015,33,GODREJCP,Mar 2015,GODREJCP,Mar 2016,9.455744325521977,0.7152135833096702,24.25990122900991,190.37059252503064,250.24468188641572
GODREJCP,16,Mar 2016,33,GODREJCP,Mar 2016,GODREJCP,Mar 2017,20.07558371174899,1.3032905446866625,22.29305068867907,869.3049689893115,67.07210019315986
GODREJCP,17,Mar 2017,33,GODREJCP,Mar 2017,GODREJCP,Mar 2018,17.209415706850965,1.1461979379868228,13.216755224067684,867.2198717550731,151.63877184208314
GODREJCP,18,Mar 2018,33,GODREJCP,Mar 2018,GODREJCP,Mar 2019,7.488732170663727,0.10448208582141305,10.740421722582694,678.2395111810114,436.95678379231765
GODREJCP,19,Mar 2019,33,GODREJCP,Mar 2019,GODREJCP,Mar 2020,9.766291254883207,1.6830396175309688,14.246045965983738,778.8622342439701,263.9103494071096
GODREJCP,20,Mar 2020,33,GODREJCP,Mar 2020,GODREJCP,Mar 2021,19.5153226552446,0.7375411561750531,22.941664587793593,832.5038272644778,369.4897268738407
GODREJCP,21,Mar 2021,33,GODREJCP,Mar 2021,GODREJCP,Mar 2022,23.70163532958435,0.6420508732198928,19.99440689840374,833.9147002695398,234.75615762400045
GODREJCP,22,Mar 2022,33,GODREJCP,Mar 2022,GODREJCP,Mar 2023,9.652985053150044,1.299191845548306,10.52439963247376,513.4890492959848,71.45088761001952
GODREJCP,23,Mar 2023,33,GODREJCP,Mar 2023,GODREJCP,Mar 2024,9.674903692462703,0.522552451943997,19.576362428149984,451.52327609015117,113.91649002708482
GODREJCP,24,Mar 2024,33,GODREJCP,Mar 2024,GODREJCP,820.0,10.54174736906695,0.9808487841647024,26.27177737076915,912.4541174574333,325.25415119832263
GODREJCP,25,TTM,33,GODREJCP,Sep 2024,GODREJCP,1116.0,6.421985760153836,0.9365854363125163,29.71814872031589,659.9783929848595,160.49743014289396
GRASIM,13,Mar 2013,34,GRASIM,Mar 2013,GRASIM,Mar 2014,14.252937975389624,0.20646784804475882,11.245135659444546,834.695386499222,346.26218103337936
GRASIM,14,Mar 2014,34,GRASIM,Mar 2014,GRASIM,Mar 2015,5.965559767349362,1.5202871074762068,17.688596788275166,371.64888044179173,466.97439625607313
GRASIM,15,Mar 2015,34,GRASIM,Mar 2015,GRASIM,Mar 2016,18.400922378533775,1.2902809753329392,10.468263840656256,224.90942832833446,249.9698015278154
GRASIM,16,Mar 2016,34,GRASIM,Mar 2016,GRASIM,Mar 2017,18.18855284754956,0.43931220486866174,23.97647130217338,818.2620147649601,196.0241196066993
GRASIM,17,Mar 2017,34,GRASIM,Mar 2017,GRASIM,Mar 2018,11.391275724161353,1.2445103314454953,24.08970906315365,762.9040677594631,366.7396222593814
GRASIM,18,Mar 2018,34,GRASIM,Mar 2018,GRASIM,Mar 2019,18.246067829413786,0.8538145533390435,18.16667650496922,709.7930367207589,346.8431498186859
GRASIM,19,Mar 2019,34,GRASIM,Mar 2019,GRASIM,Mar 2020,9.0264169523074,1.9722597693173092,16.131837483338746,290.3924979767641,374.77052050129146
GRASIM,20,Mar 2020,34,GRASIM,Mar 2020,GRASIM,Mar 2021,24.69474426840094,0.4662106923486664,23.1105572085689,823.2494030510272,369.65101149387465
GRASIM,21,Mar 2021,34,GRASIM,Mar 2021,GRASIM,Mar 2022,22.468895081730963,0.8816269016525933,16.085869848278307,550.2003612891359,107.74587997451071
GRASIM,22,Mar 2022,34,GRASIM,Mar 2022,GRASIM,Mar 2023,7.796639880120928,0.3736026531301433,18.155197986245565,254.1991824528668,237.38291300261753
GRASIM,23,Mar 2023,34,GRASIM,Mar 2023,GRASIM,Mar 2024,24.981291328966286,0.05954219817931006,22.201908992565006,109.93666312179862,271.00695731510837
GRASIM,24,Mar 2024,34,GRASIM,Mar 2024,GRASIM,4242.0,10.877720233051454,0.5216304096447688,24.71687756920758,319.8303377620752,175.54443127381154
GRASIM,25,TTM,34,GRASIM,Sep 2024,GRASIM,3549.0,22.426407087650123,1.6298599924999708,10.88957254592775,134.6012285497062,232.50380090916235
HAL,13,Mar 2013,35,HAL,Mar 2019,HAL,Mar 2022,16.708414973168253,1.507165964722642,21.41994450749675,784.3133897841273,323.59678478163477
HAL,14,Mar 2014,35,HAL,Mar 2020,HAL,Mar 2023,7.252114096045599,0.288210824725897,16.136348604954083,114.81709841490706,192.17815633724464
HAL,15,Mar 2015,35,HAL,Mar 2021,HAL,Mar 2024,13.883038560382237,0.36037810184385166,17.82269464307921,110.99471975823249,143.7144048690609
HAL,16,Mar 2016,35,HAL,Mar 2022,HAL,-423.0,11.69840557767887,1.5906358680051513,17.63370690257581,715.7698716573658,417.5411294886996
HAL,17,Mar 2017,35,HAL,Mar 2023,HAL,-734.0,9.627504484825536,1.898318776124928,17.983150617905295,325.9430196498862,496.8362610890107
HAL,18,Mar 2018,35,HAL,Mar 2024,HAL,-7694.0,20.417704274914215,0.6041758168722589,29.985661143370134,222.9557857527683,452.7342605427933
HAL,19,Mar 2019,35,HAL,Sep 2024,HAL,1537.0,7.482976261461274,1.8329972898933145,20.140291074725756,159.4477008282351,163.0024677834606
HAL,20,Mar 2020,35,HAL,5.0,HAL,15124.0,23.303102398917574,1.7288588095104611,25.924312464021735,451.7796195856469,237.83047077481854
HAL,21,Mar 2021,35,HAL,5.0,HAL,10180.0,21.509170501405105,0.8063455372922812,21.038717780562056,970.6466823928772,68.3309707855931
HAL,22,Mar 2022,35,HAL,5.0,HAL,8836.0,20.84548759626653,1.4258482416592093,14.137893248437887,153.1318654856599,454.4429830520566
HAL,23,Mar 2023,35,HAL,5.0,HAL,8226.0,8.065334845654572,1.9589367244907925,17.750377183671493,115.0634639874667,494.56769490306993
HAL,24,Mar 2024,35,HAL,5.0,HAL,3021.0,23.758896787117507,1.513560331046382,18.457966420980963,757.3249731962402,397.9374257897135
HAL,25,TTM,35,HAL,5.0,HAL,594.0,19.30556067928446,1.3377294295417705,26.56287667929797,687.106483379073,372.9352686544362
HAVELLS,13,Mar 2013,36,HAVELLS,Mar 2013,HAVELLS,Mar 2014,12.29593117801842,1.4939149359669208,15.614915923101712,840.7396600818666,286.5503076194377
HAVELLS,14,Mar 2014,36,HAVELLS,Mar 2014,HAVELLS,Mar 2015,23.956924040791165,1.266504555439006,28.162456024405046,575.901513601533,185.77652174834768
HAVELLS,15,Mar 2015,36,HAVELLS,Mar 2015,HAVELLS,Mar 2016,12.20588259191702,0.776851594315616,29.626558384603477,711.504667693063,243.7219211880479
HAVELLS,16,Mar 2016,36,HAVELLS,Mar 2016,HAVELLS,Mar 2017,21.56901478585945,0.8240101949959016,12.458288487163664,807.8507425863919,70.17990070037533
HAVELLS,17,Mar 2017,36,HAVELLS,Mar 2017,HAVELLS,Mar 2018,11.69565307185282,0.8610785125314631,27.32055081780762,297.3711791602648,490.9181262467322
HAVELLS,18,Mar 2018,36,HAVELLS,Mar 2018,HAVELLS,Mar 2019,16.836674489486946,1.160025304205536,18.832613723447714,780.8453548474334,495.59637746174667
HAVELLS,19,Mar 2019,36,HAVELLS,Mar 2019,HAVELLS,Mar 2020,16.717981047626797,0.45688068694404826,26.930576133301358,260.3818393520488,60.406868627661574
HAVELLS,20,Mar 2020,36,HAVELLS,Mar 2020,HAVELLS,Mar 2021,16.97452320271976,0.9978116690003611,11.86113622721338,532.9023110365484,223.1640002435518
HAVELLS,21,Mar 2021,36,HAVELLS,Mar 2021,HAVELLS,Mar 2022,16.194074882135233,1.6330610586418337,11.054602246270713,975.0122564657014,387.77394340792245
HAVELLS,22,Mar 2022,36,HAVELLS,Mar 2022,HAVELLS,Mar 2023,14.601272851488083,1.4477534711177114,14.318961830523218,502.73218165287574,230.67163053946834
HAVELLS,23,Mar 2023,36,HAVELLS,Mar 2023,HAVELLS,Mar 2024,20.706352126004425,0.6605300110870382,14.938286671197769,159.91250625400693,186.3390579496249
HAVELLS,24,Mar 2024,36,HAVELLS,Mar 2024,HAVELLS,638.0,8.317753626175985,0.9825260012093675,16.07758218760627,339.72776798926463,331.82550513541855
HAVELLS,25,TTM,36,HAVELLS,Sep 2024,HAVELLS,868.0,23.238104332745614,1.4241384359346945,11.98323016521185,766.3283920039429,389.24595549638246
HCLTECH,13,Jun 2013,37,HCLTECH,Jun 2013,HCLTECH,Jun 2014,15.814789229113327,0.03778543752612551,15.4946051153036,713.2051008252413,60.20863569660568
HCLTECH,14,Jun 2014,37,HCLTECH,Jun 2014,HCLTECH,Jun 2015,14.588845161563944,1.943916279447724,24.814279116791578,897.2230059693065,387.5467331558789
HCLTECH,15,Jun 2015,37,HCLTECH,Jun 2015,HCLTECH,Mar 2016,6.376216536737756,1.79873185298536,10.383484148394938,351.4011570146004,157.36004428930787
HCLTECH,16,Mar 2016 9m,37,HCLTECH,Mar 2016,HCLTECH,Mar 2017,22.528135792981917,0.5754367040705684,17.049423965765058,936.2467166326915,344.2693453629422
HCLTECH,17,Mar 2017,37,HCLTECH,Mar 2017,HCLTECH,Mar 2018,10.775962985809656,1.7814932912655912,24.217983146982505,872.0224424987437,145.95212571291557
HCLTECH,18,Mar 2018,37,HCLTECH,Mar 2018,HCLTECH,Mar 2019,13.321569369621143,1.4633674532122392,27.492688655983223,882.2153846937634,93.04138490767028
HCLTECH,19,Mar 2019,37,HCLTECH,Mar 2019,HCLTECH,Mar 2020,16.700599293905647,0.99567895533263,14.77425256053284,349.1541317114919,393.5040350050165
HCLTECH,20,Mar 2020,37,HCLTECH,Mar 2020,HCLTECH,Mar 2021,17.995374286884978,1.3468255453552658,25.355380466250676,299.65532419152356,115.5422951000768
HCLTECH,21,Mar 2021,37,HCLTECH,Mar 2021,HCLTECH,Mar 2022,11.61786089370506,0.8240781521930305,16.996543340624306,898.394620335157,68.56313921201142
HCLTECH,22,Mar 2022,37,HCLTECH,Mar 2022,HCLTECH,Mar 2023,18.77819200794562,0.006816071311277927,14.150534720528622,823.7055847009003,232.89584183286576
HCLTECH,23,Mar 2023,37,HCLTECH,Mar 2023,HCLTECH,Mar 2024,21.47808547113913,1.0892241301819607,16.45997749627236,497.83275939909765,210.44761894347954
HCLTECH,24,Mar 2024,37,HCLTECH,Mar 2024,HCLTECH,4492.0,11.85132354387286,1.976066380532534,27.078009311035768,966.8930284718438,342.772570101528
HCLTECH,25,TTM,37,HCLTECH,Sep 2024,HCLTECH,6457.0,8.650520067195991,0.25622897658006916,20.460188132728153,954.8129957345036,442.6109642041253
HDFCBANK,13,Mar 2013,38,HDFCBANK,Mar 2014,HDFCBANK,Mar 2014,18.387847193026474,0.20175018051704208,15.425566325896982,498.98143240444773,228.53712540502423
HDFCBANK,14,Mar 2014,38,HDFCBANK,Mar 2015,HDFCBANK,Mar 2015,18.574719034719436,1.5248762620160445,17.782402587516884,526.1341752803355,323.99165624889565
HDFCBANK,15,Mar 2015,38,HDFCBANK,Mar 2016,HDFCBANK,Mar 2016,11.395382708299719,1.3178025636440105,27.498643810414304,532.8760828492889,52.58410048507196
HDFCBANK,16,Mar 2016,38,HDFCBANK,Mar 2017,HDFCBANK,Mar 2017,7.514609910744509,1.9671296653383774,19.050924227390748,695.581137606506,73.34898814262766
HDFCBANK,17,Mar 2017,38,HDFCBANK,Mar 2018,HDFCBANK,Mar 2018,18.03463087760922,1.4829201765171498,24.416699749926583,854.0032957132111,495.85549399083584
HDFCBANK,18,Mar 2018,38,HDFCBANK,Mar 2019,HDFCBANK,Mar 2019,5.740486569213317,0.290732883456035,23.133011293074045,317.143370131187,479.5622746156355
HDFCBANK,19,Mar 2019,38,HDFCBANK,Mar 2020,HDFCBANK,Mar 2020,20.4919221419961,1.026847878770809,11.134718554952732,744.8551103503611,146.250851165477
HDFCBANK,20,Mar 2020,38,HDFCBANK,Mar 2021,HDFCBANK,Mar 2021,24.79649274698297,1.6791269402916786,19.40114599422881,588.9861257415827,182.84967090190838
HDFCBANK,21,Mar 2021,38,HDFCBANK,Mar 2022,HDFCBANK,Mar 2022,23.160233071791033,0.47222248263510913,21.34977035155579,652.329405938361,138.70412787372715
HDFCBANK,22,Mar 2022,38,HDFCBANK,Mar 2023,HDFCBANK,Mar 2023,13.161529868930785,0.5307691252166795,19.559786484919314,555.1597319726629,227.78784956559377
HDFCBANK,23,Mar 2023,38,HDFCBANK,Mar 2024,HDFCBANK,Mar 2024,15.379859992274978,1.5546827838545483,19.785710735281448,297.8736119765698,469.12671631867596
HDFCBANK,24,Mar 2024,38,HDFCBANK,476.0,HDFCBANK,-5847.0,17.471576606367854,1.6203663432609259,25.225624560664087,521.1305311803721,369.0148135067499
HDFCBANK,25,TTM,38,HDFCBANK,480.0,HDFCBANK,4211.0,17.171765939929458,0.17764009548860793,14.219744646766186,890.2655880760112,143.86252616171777
HDFCLIFE,13,Mar 2013,39,HDFCLIFE,Mar 2013,HDFCLIFE,Mar 2014,15.643563918103027,0.26898768232740755,28.92116611823228,260.0814232795393,172.5184885574426
HDFCLIFE,14,Mar 2014,39,HDFCLIFE,Mar 2014,HDFCLIFE,Mar 2015,9.630219859650811,0.5039716482465102,26.835404553194202,842.0511563969152,461.29022804677203
HDFCLIFE,15,Mar 2015,39,HDFCLIFE,Mar 2015,HDFCLIFE,Mar 2016,21.87161377677816,1.0370627573552507,14.139782791263695,151.1954258157851,444.02771317033887
HDFCLIFE,16,Mar 2016,39,HDFCLIFE,Mar 2016,HDFCLIFE,Mar 2017,10.407382964235431,0.4045881597844587,14.901687711641463,122.42739508992273,179.4788854576073
HDFCLIFE,17,Mar 2017,39,HDFCLIFE,Mar 2017,HDFCLIFE,Mar 2018,15.696083774470859,0.563437226503994,25.118191369127807,305.8898457552731,434.2359013585322
HDFCLIFE,18,Mar 2018,39,HDFCLIFE,Mar 2018,HDFCLIFE,Mar 2019,10.124684275072163,1.7668004924358094,11.370535606337064,841.912569941773,250.58358070891202
HDFCLIFE,19,Mar 2019,39,HDFCLIFE,Mar 2019,HDFCLIFE,Mar 2020,11.382988115442194,0.6503947958374237,25.5053405716289,576.3193913539624,111.81614346161348
HDFCLIFE,20,Mar 2020,39,HDFCLIFE,Mar 2020,HDFCLIFE,Mar 2021,6.2382870109806365,0.07147687111411183,12.972519930360908,156.21279854005593,52.83020535972763
HDFCLIFE,21,Mar 2021,39,HDFCLIFE,Mar 2021,HDFCLIFE,Mar 2022,23.592337784361742,0.5724497853958048,29.072218764386054,150.63949260669304,103.34534110080705
HDFCLIFE,22,Mar 2022,39,HDFCLIFE,Mar 2022,HDFCLIFE,Mar 2023,11.333664439426926,1.6827025356846956,22.110499440811346,963.303558688659,123.93067549978302
HDFCLIFE,23,Mar 2023,39,HDFCLIFE,Mar 2023,HDFCLIFE,Mar 2024,5.244065591390596,0.20860250220508703,25.65602452754731,210.42671360740087,266.35251237173657
HDFCLIFE,24,Mar 2024,39,HDFCLIFE,Mar 2024,HDFCLIFE,,11.425007039475394,0.8870865465002897,12.03391353109485,552.9713591653508,478.7902042834803
HDFCLIFE,25,TTM,39,HDFCLIFE,Sep 2024,HDFCLIFE,,24.972951982981215,1.5813590509957414,11.253051421155277,958.9788737910555,458.98362140812543
HEROMOTOCO,12,Mar 2014,40,HEROMOTOCO,Mar 2014,HEROMOTOCO,Mar 2015,15.359131978255032,0.8814367773114442,23.22930784344914,572.1257587029022,201.84511817197867
HEROMOTOCO,13,Mar 2015,40,HEROMOTOCO,Mar 2015,HEROMOTOCO,Mar 2016,16.382942593431586,0.4353072107964473,15.018857149950867,125.2853184959383,284.2387231275386
HEROMOTOCO,14,Mar 2016,40,HEROMOTOCO,Mar 2016,HEROMOTOCO,Mar 2017,6.420504882010878,0.16270765198436132,25.384789220954833,230.45866100314825,476.03729212878795
HEROMOTOCO,15,Mar 2017,40,HEROMOTOCO,Mar 2017,HEROMOTOCO,Mar 2018,14.2871487593556,1.1044314614763804,18.75631969106023,753.2055483911025,461.4869085503808
HEROMOTOCO,16,Mar 2018,40,HEROMOTOCO,Mar 2018,HEROMOTOCO,Mar 2019,7.0057286398357865,1.0186614156177098,15.043212309193336,671.8636372973222,263.16810513118617
HEROMOTOCO,17,Mar 2019,40,HEROMOTOCO,Mar 2019,HEROMOTOCO,Mar 2020,8.053815406467793,1.0264733145853375,18.808957053552,823.5057540214827,266.7534974433544
HEROMOTOCO,18,Mar 2020,40,HEROMOTOCO,Mar 2020,HEROMOTOCO,Mar 2021,21.45158851005388,1.2073110177206885,19.472313150861147,335.107249062916,79.69523885264155
HEROMOTOCO,19,Mar 2021,40,HEROMOTOCO,Mar 2021,HEROMOTOCO,Mar 2022,22.175009375184537,1.6969335670831192,16.39779747617113,594.1558799208542,352.99896491865456
HEROMOTOCO,20,Mar 2022,40,HEROMOTOCO,Mar 2022,HEROMOTOCO,Mar 2023,10.745452697059124,1.3325632111795183,14.754495200927028,876.0308184821871,281.53523465150187
HEROMOTOCO,21,Mar 2023,40,HEROMOTOCO,Mar 2023,HEROMOTOCO,Mar 2024,21.346863009569454,1.0349212196783222,18.96872744963203,760.0259976391316,479.2716225148771
HEROMOTOCO,22,Mar 2024,40,HEROMOTOCO,Mar 2024,HEROMOTOCO,2963.0,22.19523415160755,0.5745164979870874,10.132317375135893,443.056015051809,375.15869208110547
HEROMOTOCO,23,TTM,40,HEROMOTOCO,Sep 2024,HEROMOTOCO,2186.0,19.42391431662162,0.912556236702823,29.571929499892402,224.58328856270964,227.99519443475577
HINDALCO,13,Mar 2013,41,HINDALCO,Mar 2013,HINDALCO,Mar 2014,20.30217481147494,1.2798332679681883,22.730059148095172,466.94814224064254,79.48936601735237
HINDALCO,14,Mar 2014,41,HINDALCO,Mar 2014,HINDALCO,Mar 2015,22.181481048067116,0.8907140444129455,12.76912531116755,954.9549465325048,92.96652841540063
HINDALCO,15,Mar 2015,41,HINDALCO,Mar 2015,HINDALCO,Mar 2016,24.750404126942446,1.790097060461915,25.76395229241652,247.6438411280806,461.01627586390595
HINDALCO,16,Mar 2016,41,HINDALCO,Mar 2016,HINDALCO,Mar 2017,21.50919740471728,0.2541764080500686,14.560302201266698,496.6727261486422,438.1729044267881
HINDALCO,17,Mar 2017,41,HINDALCO,Mar 2017,HINDALCO,Mar 2018,15.123043058615263,0.9956997039236617,13.162340053001241,696.5463718919734,169.0501108070944
HINDALCO,18,Mar 2018,41,HINDALCO,Mar 2018,HINDALCO,Mar 2019,19.62139017019182,0.9049853358881002,29.052705995965916,498.6080675931885,195.7497941672148
HINDALCO,19,Mar 2019,41,HINDALCO,Mar 2019,HINDALCO,Mar 2020,5.950638276776729,1.5268700557458446,12.662521028720855,483.752834310401,468.210220263317
HINDALCO,20,Mar 2020,41,HINDALCO,Mar 2020,HINDALCO,Mar 2021,5.455298954979176,1.7718879606567108,14.062690118441491,593.8580349461698,467.12591318213333
HINDALCO,21,Mar 2021,41,HINDALCO,Mar 2021,HINDALCO,Mar 2022,7.625050758969527,0.1670904561894242,12.512220020317667,896.1330595561883,345.66187170990816
HINDALCO,22,Mar 2022,41,HINDALCO,Mar 2022,HINDALCO,Mar 2023,14.483637496429793,1.5041834808094936,24.11644005504315,830.0915299708196,490.71655822185164
HINDALCO,23,Mar 2023,41,HINDALCO,Mar 2023,HINDALCO,Mar 2024,17.97221757754417,1.4906631085472808,17.154687536829577,817.5758551538466,498.64133799709003
HINDALCO,24,Mar 2024,41,HINDALCO,Mar 2024,HINDALCO,2977.0,15.926000873377557,0.8273003144635587,25.13454647729113,234.74276648945255,209.17329614834534
HINDALCO,25,TTM,41,HINDALCO,Sep 2024,HINDALCO,7956.0,9.36788997743475,1.1316664837834483,21.01708314955308,885.6110419207214,107.79683032887044
HINDUNILVR,13,Mar 2013,42,HINDUNILVR,Mar 2013,HINDUNILVR,Mar 2014,14.723461253367113,1.175559522898307,24.829961314090667,746.1947647410855,133.68466848569017
HINDUNILVR,14,Mar 2014,42,HINDUNILVR,Mar 2014,HINDUNILVR,Mar 2015,15.41551212259591,1.579229271239061,19.915676602770073,310.27351112226387,326.5794199502053
HINDUNILVR,15,Mar 2015,42,HINDUNILVR,Mar 2015,HINDUNILVR,Mar 2016,18.135757232382126,1.1175937136660377,24.594711108527015,650.0923428778715,152.8023156960474
HINDUNILVR,16,Mar 2016,42,HINDUNILVR,Mar 2016,HINDUNILVR,Mar 2017,12.836609261566425,1.6018731061763516,27.718959342325725,157.66852445538962,67.12561786894149
HINDUNILVR,17,Mar 2017,42,HINDUNILVR,Mar 2017,HINDUNILVR,Mar 2018,14.028075925212047,1.667793714786702,16.075522487285212,210.75434653225233,321.78128025787294
HINDUNILVR,18,Mar 2018,42,HINDUNILVR,Mar 2018,HINDUNILVR,Mar 2019,17.708194766709713,1.2677600438113006,20.686777480092037,226.0587447367228,88.06607581092837
HINDUNILVR,19,Mar 2019,42,HINDUNILVR,Mar 2019,HINDUNILVR,Mar 2020,11.61373446120868,0.7511059474872874,20.040968120558958,868.6073762843007,435.1222283747947
HINDUNILVR,20,Mar 2020,42,HINDUNILVR,Mar 2020,HINDUNILVR,Mar 2021,19.711671605899472,1.9655781914685233,25.7939008433627,617.4056722016412,397.11455008543066
HINDUNILVR,21,Mar 2021,42,HINDUNILVR,Mar 2021,HINDUNILVR,Mar 2022,8.130100180314194,1.288426547443908,24.19168977163193,949.2797317532115,159.5678597296005
HINDUNILVR,22,Mar 2022,42,HINDUNILVR,Mar 2022,HINDUNILVR,Mar 2023,19.495803081277007,1.918176143480868,18.419792782830037,401.7456300783977,390.4183197161955
HINDUNILVR,23,Mar 2023,42,HINDUNILVR,Mar 2023,HINDUNILVR,Mar 2024,6.258256108228519,1.5733889298920343,13.232876506864786,420.1650615838196,382.0725988201349
HINDUNILVR,24,Mar 2024,42,HINDUNILVR,Mar 2024,HINDUNILVR,3605.0,14.546968508867282,1.640431892000672,24.905424290072826,533.3235828518403,78.3453312756561
HINDUNILVR,25,TTM,42,HINDUNILVR,Sep 2024,HINDUNILVR,3818.0,10.432521951406358,0.879562587964535,27.74036069767671,445.85327122550524,498.644165516551
ICICIBANK,13,Mar 2013,43,ICICIBANK,Mar 2014,ICICIBANK,Mar 2014,9.629148139512875,0.23785821594587198,23.305269618886292,359.4941745264913,97.6449496765162
ICICIBANK,14,Mar 2014,43,ICICIBANK,Mar 2015,ICICIBANK,Mar 2015,14.79518404311415,0.3493087638504784,25.80517317125748,307.3369221253796,63.035628459933406
ICICIBANK,15,Mar 2015,43,ICICIBANK,Mar 2016,ICICIBANK,Mar 2016,19.38927694740049,1.9892732169231218,28.170061086953616,784.4744252984328,298.2438301956578
ICICIBANK,16,Mar 2016,43,ICICIBANK,Mar 2017,ICICIBANK,Mar 2017,18.588453501756895,1.2411060212313887,13.671618500881754,654.4048379491942,146.74274987509324
ICICIBANK,17,Mar 2017,43,ICICIBANK,Mar 2018,ICICIBANK,Mar 2018,23.241062425593427,1.70682578341865,12.347955573847734,100.42169671081311,262.8134815881393
ICICIBANK,18,Mar 2018,43,ICICIBANK,Mar 2019,ICICIBANK,Mar 2019,24.40419983657572,0.8013638020454434,19.78164167142186,916.3474253120517,367.96411699243095
ICICIBANK,19,Mar 2019,43,ICICIBANK,Mar 2020,ICICIBANK,Mar 2020,7.649708346378848,0.9103998562317415,29.92291640382871,383.9305401497069,245.8326183687671
ICICIBANK,20,Mar 2020,43,ICICIBANK,Mar 2021,ICICIBANK,Mar 2021,12.086114467768002,1.5627512389310687,12.553323025400019,212.66370236111544,226.99878036907575
ICICIBANK,21,Mar 2021,43,ICICIBANK,Mar 2022,ICICIBANK,Mar 2022,23.964253857121452,1.9180933260939421,27.569730888939628,241.00598652466124,386.28936972944086
ICICIBANK,22,Mar 2022,43,ICICIBANK,Mar 2023,ICICIBANK,Mar 2023,20.873093153297717,1.1897420373624308,17.133273071098948,191.88334492282573,306.7705111568034
ICICIBANK,23,Mar 2023,43,ICICIBANK,Mar 2024,ICICIBANK,Mar 2024,10.042892085593156,1.2247313300206735,12.243916462666842,838.4169474944244,499.1443663993306
ICICIBANK,24,Mar 2024,43,ICICIBANK,1154.0,ICICIBANK,17494.0,18.404706552714075,1.982379270615275,20.63357766602494,340.4029587886678,123.49423102344693
ICICIBANK,25,TTM,43,ICICIBANK,1155.0,ICICIBANK,6765.0,15.61262942879605,0.1401990890525795,23.935834019978735,798.0702411347311,252.1545915260114
ICICIGI,13,Mar 2013,44,ICICIGI,Mar 2013,ICICIGI,Mar 2014,8.281834989553856,1.1770403991648706,11.93748858274656,201.1364161759395,317.35549406673186
ICICIGI,14,Mar 2014,44,ICICIGI,Mar 2014,ICICIGI,Mar 2015,14.830415898759002,1.7504040909358864,24.932223365753376,347.3977252637853,473.7535786637514
ICICIGI,15,Mar 2015,44,ICICIGI,Mar 2015,ICICIGI,Mar 2016,7.44150539079365,0.47772871216080603,25.50783251587424,356.1685105496304,203.06193943824448
ICICIGI,16,Mar 2016,44,ICICIGI,Mar 2016,ICICIGI,Mar 2017,10.548212636129588,0.9945728841729422,14.903269421749965,950.564165962852,343.0608463895311
ICICIGI,17,Mar 2017,44,ICICIGI,Mar 2017,ICICIGI,Mar 2018,18.762154825256108,0.10171931368816267,21.47162030168475,668.4852348439451,293.34286214668043
ICICIGI,18,Mar 2018,44,ICICIGI,Mar 2018,ICICIGI,Mar 2019,23.79145428368372,0.31204283617489725,29.768144666399706,521.4305632420437,56.078860665155744
ICICIGI,19,Mar 2019,44,ICICIGI,Mar 2019,ICICIGI,Mar 2020,5.07674367554632,1.1112157199281014,12.662989651933525,843.8366509504933,442.92423194259914
ICICIGI,20,Mar 2020,44,ICICIGI,Mar 2020,ICICIGI,Mar 2021,15.208134540209336,0.14803434429540907,29.053286127414143,251.48119810417234,267.1956507647201
ICICIGI,21,Mar 2021,44,ICICIGI,Mar 2021,ICICIGI,Mar 2022,23.22822750961207,1.1021752021765006,17.228425434060348,956.2889145811339,405.6472116685598
ICICIGI,22,Mar 2022,44,ICICIGI,Mar 2022,ICICIGI,Mar 2023,19.683937455544957,1.477318798672915,10.338743468049291,107.9894350557501,382.8753699716391
ICICIGI,23,Mar 2023,44,ICICIGI,Mar 2023,ICICIGI,Mar 2024,22.49693981012678,0.25759405115682577,14.144590720804286,568.7030232858599,126.227403403167
ICICIGI,24,Mar 2024,44,ICICIGI,Mar 2024,ICICIGI,984.0,21.504973057024724,0.30555247865423585,26.80584324489152,778.3585766848277,411.94414908663333
ICICIGI,25,TTM,44,ICICIGI,Sep 2024,ICICIGI,595.0,5.691657960801686,1.5777424608894324,23.992561609837246,319.97546223892,61.46150793236576
ICICIPRULI,13,Mar 2013,45,ICICIPRULI,Mar 2013,ICICIPRULI,Mar 2014,6.082618965975475,1.783640284416814,20.03345408568257,337.54979428383695,453.614268553734
ICICIPRULI,14,Mar 2014,45,ICICIPRULI,Mar 2014,ICICIPRULI,Mar 2015,19.279576631368897,0.02338126876630975,13.572373573007697,622.9239460368517,423.97004307210443
ICICIPRULI,15,Mar 2015,45,ICICIPRULI,Mar 2015,ICICIPRULI,Mar 2016,16.67812140944634,0.13136696039096418,25.465172194915326,169.87229871376414,337.23068653157367
ICICIPRULI,16,Mar 2016,45,ICICIPRULI,Mar 2016,ICICIPRULI,Mar 2017,15.306451243986974,1.1461123634006478,13.882285971918929,700.1300238438278,474.20469572748016
ICICIPRULI,17,Mar 2017,45,ICICIPRULI,Mar 2017,ICICIPRULI,Mar 2018,15.068613077309504,1.7307458096598152,21.077570226107927,133.41662250248146,77.68546279301933
ICICIPRULI,18,Mar 2018,45,ICICIPRULI,Mar 2018,ICICIPRULI,Mar 2019,13.737363458312494,1.9816556743904379,14.779379215254753,501.31837730184446,168.08815279210552
ICICIPRULI,19,Mar 2019,45,ICICIPRULI,Mar 2019,ICICIPRULI,Mar 2020,6.431120873490903,1.435670106133227,17.54943231962625,999.0396199141505,324.3956060805391
ICICIPRULI,20,Mar 2020,45,ICICIPRULI,Mar 2020,ICICIPRULI,Mar 2021,13.542616221632482,1.5677523399592488,23.047432988513634,694.9078590052292,54.73530645099463
ICICIPRULI,21,Mar 2021,45,ICICIPRULI,Mar 2021,ICICIPRULI,Mar 2022,12.06380334631461,0.9299092362149093,24.760636539225267,114.70996801526209,394.52527263717633
ICICIPRULI,22,Mar 2022,45,ICICIPRULI,Mar 2022,ICICIPRULI,Mar 2023,11.359681935242483,1.8181945773719563,15.068343789746276,983.0006938767685,253.29519759882285
ICICIPRULI,23,Mar 2023,45,ICICIPRULI,Mar 2023,ICICIPRULI,Mar 2024,17.751971603745368,0.9199316427848305,22.892678064542242,717.8550089404204,372.8479881483259
ICICIPRULI,24,Mar 2024,45,ICICIPRULI,Mar 2024,ICICIPRULI,-2641.0,19.363609814235108,1.5237895056670991,28.039659976770828,400.89784421200363,85.64378010936039
ICICIPRULI,25,TTM,45,ICICIPRULI,Sep 2024,ICICIPRULI,-2382.0,8.732096895139353,1.3628561734853442,24.083545382319784,790.4770148911441,169.06735348471068
INDUSINDBK,13,Mar 2013,47,INDUSINDBK,Mar 2014,INDUSINDBK,Mar 2014,6.725636420213943,0.8447646268895859,11.939390353649461,683.834382073903,194.68241743186806
INDUSINDBK,14,Mar 2014,47,INDUSINDBK,Mar 2015,INDUSINDBK,Mar 2015,11.01020299669906,0.846589475708692,10.331441176602105,957.7436717536026,270.85990763734026
INDUSINDBK,15,Mar 2015,47,INDUSINDBK,Mar 2016,INDUSINDBK,Mar 2016,23.01381258933542,0.9130044453574089,16.25724960948983,870.0880119579097,249.18514768289415
INDUSINDBK,16,Mar 2016,47,INDUSINDBK,Mar 2017,INDUSINDBK,Mar 2017,9.933421467588612,1.3682437894719788,14.47634095302031,927.7136918628671,167.91493759382024
INDUSINDBK,17,Mar 2017,47,INDUSINDBK,Mar 2018,INDUSINDBK,Mar 2018,17.522339198086364,0.5053131320970157,11.877483226038198,543.2313302014908,211.52869979291356
INDUSINDBK,18,Mar 2018,47,INDUSINDBK,Mar 2019,INDUSINDBK,Mar 2019,23.10273797029461,0.8591305903381778,29.671170882718627,208.8257588751677,299.43103280308577
INDUSINDBK,19,Mar 2019,47,INDUSINDBK,Mar 2020,INDUSINDBK,Mar 2020,12.480099121888008,1.9197946680325935,29.373070388413648,418.51646556005795,421.05650807877964
INDUSINDBK,20,Mar 2020,47,INDUSINDBK,Mar 2021,INDUSINDBK,Mar 2021,9.334291086367923,0.922799417060181,11.494646261293855,242.30396479490815,341.3254036399168
INDUSINDBK,21,Mar 2021,47,INDUSINDBK,Mar 2022,INDUSINDBK,Mar 2022,15.09774151408765,1.5739414237641056,15.717084240917139,392.00496819514075,268.0695240688449
INDUSINDBK,22,Mar 2022,47,INDUSINDBK,Mar 2023,INDUSINDBK,Mar 2023,15.574655048096783,1.3421720474123564,27.331205064853712,433.97708642879104,279.52777870594576
INDUSINDBK,23,Mar 2023,47,INDUSINDBK,Mar 2024,INDUSINDBK,Mar 2024,10.967281741835183,1.4071964698238693,17.24241803467376,593.475475762534,264.7711082936198
INDUSINDBK,24,Mar 2024,47,INDUSINDBK,523.0,INDUSINDBK,-486.0,23.924545445995847,1.6066460662040771,26.709204078825177,675.8435412449224,223.16313630417892
INDUSINDBK,25,TTM,47,INDUSINDBK,526.0,INDUSINDBK,-4106.0,20.462053073227597,1.051225939343953,21.69906586963313,972.0606080154122,199.78483305953486
INFY,13,Mar 2013,48,INFY,Mar 2013,INFY,Mar 2014,14.924334958560115,1.633299600744426,26.917105102131682,802.4623933810611,119.20056872846698
INFY,14,Mar 2014,48,INFY,Mar 2014,INFY,Mar 2015,5.4833942502531,0.9447952293399884,28.789865072469553,507.7690038950411,385.6171196710089
INFY,15,Mar 2015,48,INFY,Mar 2015,INFY,Mar 2016,11.718774249475379,0.5166464088194589,14.572361313708726,818.1942861743263,376.04286145669505
INFY,16,Mar 2016,48,INFY,Mar 2016,INFY,Mar 2017,9.485935224165116,1.155393553302207,29.513865019979615,614.9810043839972,61.50888995733073
INFY,17,Mar 2017,48,INFY,Mar 2017,INFY,Mar 2018,20.614611462689016,1.31911022735492,16.248230611931223,673.9403748563238,308.99535187352393
INFY,18,Mar 2018,48,INFY,Mar 2018,INFY,Mar 2019,14.179398399662425,1.7518671364888794,26.100524247839285,208.9440894995904,226.36166005598227
INFY,19,Mar 2019,48,INFY,Mar 2019,INFY,Mar 2020,18.08220515877323,1.4949182900886153,27.518138503702854,388.9371334285318,161.50686910723147
INFY,20,Mar 2020,48,INFY,Mar 2020,INFY,Mar 2021,20.547889667734886,1.074734649038568,24.63148050529545,616.3887541477872,267.0286990433457
INFY,21,Mar 2021,48,INFY,Mar 2021,INFY,Mar 2022,23.601983313538035,1.7712997229298304,18.298431315291374,285.6036977765078,479.652370534078
INFY,22,Mar 2022,48,INFY,Mar 2022,INFY,Mar 2023,8.356888262374673,0.7781648939965964,27.45983464857017,653.3601845638915,370.9253687892496
INFY,23,Mar 2023,48,INFY,Mar 2023,INFY,Mar 2024,18.432460464414707,1.4639138355184114,14.034518970280205,849.0734434366915,361.5500713867623
INFY,24,Mar 2024,48,INFY,Mar 2024,INFY,7373.0,20.051313214635705,1.618590345196039,13.604651032607952,351.56621952688874,103.26855125516747
INFY,25,TTM,48,INFY,Sep 2024,INFY,9825.0,8.631472776518713,0.5720003599398429,21.401931207741782,542.4176696406374,278.98266169267686
IOC,13,Mar 2013,49,IOC,Mar 2013,IOC,Mar 2014,12.879455604715522,0.9777770354807112,24.070978346331806,409.6031459673651,470.8326554364087
IOC,14,Mar 2014,49,IOC,Mar 2014,IOC,Mar 2015,21.489102079735506,1.4205865169950236,12.710161550403257,273.4043824331044,187.26441425716484
IOC,15,Mar 2015,49,IOC,Mar 2015,IOC,Mar 2016,5.957525077761976,1.2951930697999299,23.166046038514704,870.9436003398595,304.5912789861127
IOC,16,Mar 2016,49,IOC,Mar 2016,IOC,Mar 2017,17.908886593290596,1.283258500607788,22.721318901259018,413.62094028842483,209.0753056638607
IOC,17,Mar 2017,49,IOC,Mar 2017,IOC,Mar 2018,19.451175131285275,1.21258920546044,14.887184277712217,315.6002747839186,496.2683754253879
IOC,18,Mar 2018,49,IOC,Mar 2018,IOC,Mar 2019,21.334675251744052,0.2039070730586916,22.647158539023113,525.4393181749442,198.24385339292203
IOC,19,Mar 2019,49,IOC,Mar 2019,IOC,Mar 2020,23.594894482764538,1.2287532537326755,16.552384830692873,355.0386092396032,146.11044205493369
IOC,20,Mar 2020,49,IOC,Mar 2020,IOC,Mar 2021,20.785062206414796,1.8186618104622636,26.784673020265092,718.5350448899968,336.7164873841986
IOC,21,Mar 2021,49,IOC,Mar 2021,IOC,Mar 2022,12.706092830403213,1.3914360179959386,11.4883326454898,732.3397868824769,285.561655973507
IOC,22,Mar 2022,49,IOC,Mar 2022,IOC,Mar 2023,20.173111573153086,1.4598635420689727,27.61731203795579,608.8326067592657,189.9663402902856
IOC,23,Mar 2023,49,IOC,Mar 2023,IOC,Mar 2024,16.4715680117233,0.4769976918561729,15.005605439411308,582.8801179446913,305.6622724765685
IOC,24,Mar 2024,49,IOC,Mar 2024,IOC,9340.0,16.188469857822753,0.8807737907182824,18.593276902959104,462.90131270974524,77.18692100392443
IOC,25,TTM,49,IOC,Sep 2024,IOC,24195.0,14.49270110565073,1.02946800940405,23.404434431649182,130.05046713846764,233.366900288422
IRCTC,11,Mar 2015,50,IRCTC,Mar 2015,IRCTC,Mar 2016,24.309649862666163,0.33336122024544035,16.323921045557242,712.4727817401446,117.52941349136375
IRCTC,12,Mar 2016,50,IRCTC,Mar 2016,IRCTC,Mar 2017,6.6638044022694,1.509633818819835,24.518506574007663,675.1116393228592,260.03613203045325
IRCTC,13,Mar 2017,50,IRCTC,Mar 2017,IRCTC,Mar 2018,12.95243685385481,0.7073109269816218,15.177917417280327,841.7658448728641,67.43527936212809
IRCTC,14,Mar 2018,50,IRCTC,Mar 2018,IRCTC,Mar 2019,7.039327764658809,1.9682585085917186,23.38810452777509,183.51656206198174,171.21749839526353
IRCTC,15,Mar 2019,50,IRCTC,Mar 2019,IRCTC,Mar 2020,14.927711259083836,1.0620994215898656,14.170582935983857,997.598211239185,396.2936321531196
IRCTC,16,Mar 2020,50,IRCTC,Mar 2020,IRCTC,Mar 2021,21.89174243981097,0.8356528414920374,22.565104916225454,316.05763160878104,220.8108308615597
IRCTC,17,Mar 2021,50,IRCTC,Mar 2021,IRCTC,Mar 2022,18.06687491757915,1.4765828671552392,28.261771488894297,245.91697678132522,104.5998822819787
IRCTC,18,Mar 2022,50,IRCTC,Mar 2022,IRCTC,Mar 2023,6.402949073929012,1.7204666243188484,14.97055737718096,618.3352613740389,457.2199257869304
IRCTC,19,Mar 2023,50,IRCTC,Mar 2023,IRCTC,Mar 2024,13.65125896831173,0.6180348159551181,27.370550673342336,782.3449024824705,105.07282032127483
IRCTC,20,Mar 2024,50,IRCTC,Mar 2024,IRCTC,69.0,11.960468580842784,0.7963888642958621,17.92063025371187,562.190642676054,52.612058387083394
IRCTC,21,TTM,50,IRCTC,Sep 2024,IRCTC,288.0,14.768606671756388,0.5680763627212235,12.437371211188292,766.73105680937,230.32155982613176
IRFC,13,Mar 2013,51,IRFC,Mar 2013,IRFC,Mar 2020,24.325465382676953,0.3230915420570515,15.268276098113546,166.57239081898877,194.51900037189614
IRFC,14,Mar 2014,51,IRFC,Mar 2014,IRFC,Mar 2021,8.12835938119412,1.364880847479632,17.192803892145232,927.7245928747886,349.3391757011417
IRFC,15,Mar 2015,51,IRFC,Mar 2015,IRFC,Mar 2022,17.05432373708328,1.7619248362780684,27.45196687911132,668.7134402586998,259.6085793055687
IRFC,16,Mar 2016,51,IRFC,Mar 2016,IRFC,Mar 2023,14.089208069956516,0.05365681577716308,23.15004913575175,403.2107360170196,488.72397323575865
IRFC,17,Mar 2017,51,IRFC,Mar 2017,IRFC,Mar 2024,12.660930176508518,1.0357327773299043,14.773661133626984,356.691192381919,491.43695872084135
IRFC,18,Mar 2018,51,IRFC,Mar 2018,IRFC,-16378.0,21.957565498606964,1.8651771612058667,19.328606475070934,487.16039355841815,277.0774777260862
IRFC,19,Mar 2019,51,IRFC,Mar 2019,IRFC,-19455.0,21.139323181378362,0.9299939382832789,11.557951344442593,372.2233681383546,325.8372136229016
IRFC,20,Mar 2020,51,IRFC,Mar 2020,IRFC,-28076.0,16.913161180832027,0.8994305211851412,28.435285690908596,357.30262083678616,306.3937485471771
IRFC,21,Mar 2021,51,IRFC,Mar 2021,IRFC,-41748.0,9.335925013114416,0.07087029832434077,28.33419491024558,893.6102175705723,216.34615596132969
IRFC,22,Mar 2022,51,IRFC,Mar 2022,IRFC,-62701.0,22.837752670946788,0.8479668250205348,25.817216396158656,660.0970872794072,126.09539904127219
IRFC,23,Mar 2023,51,IRFC,Mar 2023,IRFC,-89907.0,12.607125286478123,1.3188316915596232,27.18057292855419,902.6681520841234,185.27138322362998
IRFC,24,Mar 2024,51,IRFC,Mar 2024,IRFC,-64412.0,21.161844842779093,1.5089939827336818,15.798017193640126,760.6706926363647,391.9275016075174
IRFC,25,TTM,51,IRFC,Sep 2024,IRFC,-28588.0,11.661351838716323,1.956943339033194,21.38856979389252,803.9916885218945,479.9639111041417
ITC,13,Mar 2013,52,ITC,Mar 2013,ITC,Mar 2014,11.434510313767861,0.6823861116856795,15.875968818647186,227.82040600192383,122.96810526871266
ITC,14,Mar 2014,52,ITC,Mar 2014,ITC,Mar 2015,20.222397707969492,0.5969070902080302,29.95377973385603,569.8568789317894,351.3832213727442
ITC,15,Mar 2015,52,ITC,Mar 2015,ITC,Mar 2016,16.0918812237895,0.9684655337591177,19.825472670904148,123.94080836092576,384.57809054083623
ITC,16,Mar 2016,52,ITC,Mar 2016,ITC,Mar 2017,18.461556540560338,1.216806187809669,11.644560787460946,794.9763869369505,308.96923721496745
ITC,17,Mar 2017,52,ITC,Mar 2017,ITC,Mar 2018,21.555408957559766,1.2583506362790464,24.970046942089798,987.0594133840318,210.29493224827434
ITC,18,Mar 2018,52,ITC,Mar 2018,ITC,Mar 2019,14.942306672464909,1.2440057205020871,11.580125520398035,660.4019077386988,109.82393778214906
ITC,19,Mar 2019,52,ITC,Mar 2019,ITC,Mar 2020,19.529890064145597,0.12752197137503418,21.83958409171508,992.2864631499863,209.49690571447348
ITC,20,Mar 2020,52,ITC,Mar 2020,ITC,Mar 2021,9.465980806019235,1.0175465382215718,16.777798847414967,551.6100850052117,73.32274686854026
ITC,21,Mar 2021,52,ITC,Mar 2021,ITC,Mar 2022,17.671058175252217,1.3136672821628546,15.005218922554178,592.6696062173495,310.0607927008174
ITC,22,Mar 2022,52,ITC,Mar 2022,ITC,Mar 2023,9.150331794033782,1.0929444524611185,21.695080845157076,506.19729326828707,103.55894390159344
ITC,23,Mar 2023,52,ITC,Mar 2023,ITC,Mar 2024,14.25823784392085,0.6482464103818206,29.49129148698406,971.2869383004218,463.2855032773364
ITC,24,Mar 2024,52,ITC,Mar 2024,ITC,7102.0,13.918494124022086,0.14123590916851292,27.25479622174024,777.0842169797461,497.47830482763817
ITC,25,TTM,52,ITC,Sep 2024,ITC,7344.0,6.927092680194098,1.7510291951057708,14.926293999339302,922.0691342497595,79.95919356909573
JINDALSTEL,13,Mar 2013,53,JINDALSTEL,Mar 2013,JINDALSTEL,Mar 2014,24.854286310264,1.0830149423333353,14.220457628126312,940.1277205911509,424.76652097609775
JINDALSTEL,14,Mar 2014,53,JINDALSTEL,Mar 2014,JINDALSTEL,Mar 2015,15.48395518395687,1.6399856682387235,10.262452588302654,243.08723959853614,174.169525610787
JINDALSTEL,15,Mar 2015,53,JINDALSTEL,Mar 2015,JINDALSTEL,Mar 2016,5.842442482429455,1.2334233036986777,24.75564180079253,138.6624003916935,401.0462316448214
JINDALSTEL,16,Mar 2016,53,JINDALSTEL,Mar 2016,JINDALSTEL,Mar 2017,9.496085154716106,1.563404113125579,27.927253881662864,624.3560921675466,62.290561510748276
JINDALSTEL,17,Mar 2017,53,JINDALSTEL,Mar 2017,JINDALSTEL,Mar 2018,24.475612907196712,1.938138641466883,19.413943660625584,593.5416913256564,280.4450133178574
JINDALSTEL,18,Mar 2018,53,JINDALSTEL,Mar 2018,JINDALSTEL,Mar 2019,6.5587279985108875,1.5326920230767325,25.2402616451136,293.80320423136516,165.1077972690075
JINDALSTEL,19,Mar 2019,53,JINDALSTEL,Mar 2019,JINDALSTEL,Mar 2020,6.50246238304967,0.830246598474522,13.478848870776298,163.17643325012597,151.69998521920354
JINDALSTEL,20,Mar 2020,53,JINDALSTEL,Mar 2020,JINDALSTEL,Mar 2021,24.77862663616446,1.2708062997547964,13.947036516070693,653.8174959906606,209.0952481156159
JINDALSTEL,21,Mar 2021,53,JINDALSTEL,Mar 2021,JINDALSTEL,Mar 2022,16.16598354654851,1.7792288126449851,24.130670985312268,451.09534684388717,233.8434758710126
JINDALSTEL,22,Mar 2022,53,JINDALSTEL,Mar 2022,JINDALSTEL,Mar 2023,22.780191172310477,1.8004595149827194,16.67353206116193,129.3024956718064,338.3965390351583
JINDALSTEL,23,Mar 2023,53,JINDALSTEL,Mar 2023,JINDALSTEL,Mar 2024,17.751011108836035,1.5898719686970277,13.700153642634652,395.60717736420503,458.3085062886456
JINDALSTEL,24,Mar 2024,53,JINDALSTEL,Mar 2024,JINDALSTEL,3522.0,18.231135237030642,1.3881308753499808,24.074754937110463,853.7182682525628,213.43109134150714
JINDALSTEL,25,TTM,53,JINDALSTEL,Sep 2024,JINDALSTEL,4580.0,10.156610660754701,0.8353822238031918,11.339210974417348,645.4347804885779,83.917249922719
JIOFIN,3,Mar 2023,54,JIOFIN,Mar 2023,JIOFIN,Mar 2024,18.93708204853269,0.56043583673499,23.911003052053243,496.40981672423976,333.0630437698666
JIOFIN,4,Mar 2024,54,JIOFIN,Mar 2024,JIOFIN,2055.0,16.204323158320165,1.134813079959326,25.343986688188103,761.4280556075184,56.16413969807732
JIOFIN,5,TTM,54,JIOFIN,Sep 2024,JIOFIN,-678.0,8.717828461394792,1.9677439803768484,10.170405101079407,687.7446831383509,128.98098902111363
JSWENERGY,13,Mar 2013,55,JSWENERGY,Mar 2013,JSWENERGY,Mar 2014,16.877159347965833,1.567115824010177,29.340123681258106,706.3233954685936,320.9378361688578
JSWENERGY,14,Mar 2014,55,JSWENERGY,Mar 2014,JSWENERGY,Mar 2015,14.039901536141517,1.2072676801098967,16.381982256785417,846.2681869165494,496.14309471399423
JSWENERGY,15,Mar 2015,55,JSWENERGY,Mar 2015,JSWENERGY,Mar 2016,24.43867505221933,1.7751468339465573,13.088677760381335,654.9524926903495,266.22149965053836
JSWENERGY,16,Mar 2016,55,JSWENERGY,Mar 2016,JSWENERGY,Mar 2017,9.15005554382087,1.3631107105320859,11.948438568328164,289.8634972574597,246.73810552479065
JSWENERGY,17,Mar 2017,55,JSWENERGY,Mar 2017,JSWENERGY,Mar 2018,10.116808868936971,0.19054410942664513,12.803288347071335,633.5868724112876,278.8183598094183
JSWENERGY,18,Mar 2018,55,JSWENERGY,Mar 2018,JSWENERGY,Mar 2019,10.368697904148812,1.4417864537458274,26.691437523003636,187.6350718451207,435.5611750428733
JSWENERGY,19,Mar 2019,55,JSWENERGY,Mar 2019,JSWENERGY,Mar 2020,21.088580984072266,1.834985230472443,27.618781303189813,333.5258249467479,276.28519743220625
JSWENERGY,20,Mar 2020,55,JSWENERGY,Mar 2020,JSWENERGY,Mar 2021,5.769418342386556,0.14973137844859274,17.608893845257903,530.7073919529616,166.2172290005349
JSWENERGY,21,Mar 2021,55,JSWENERGY,Mar 2021,JSWENERGY,Mar 2022,6.404431390685696,0.059166189244070244,16.670272927750744,663.1867126325972,467.64897540244584
JSWENERGY,22,Mar 2022,55,JSWENERGY,Mar 2022,JSWENERGY,Mar 2023,11.698639398304087,0.5382089838111983,24.52316487524067,898.6028650300833,135.83522574329714
JSWENERGY,23,Mar 2023,55,JSWENERGY,Mar 2023,JSWENERGY,Mar 2024,16.236276523253984,0.45828301460737797,28.538053999765186,405.777281221128,150.67632597209234
JSWENERGY,24,Mar 2024,55,JSWENERGY,Mar 2024,JSWENERGY,1725.0,11.418718325120526,0.46827636670364137,20.392194674596762,500.42290385404084,391.69760462032644
JSWENERGY,25,TTM,55,JSWENERGY,Sep 2024,JSWENERGY,2269.0,10.918987621493512,0.4977061924817556,10.011810085705308,764.1727196801842,183.5141523433164
JSWSTEEL,13,Mar 2013,56,JSWSTEEL,Mar 2013,JSWSTEEL,Mar 2014,15.83383676962489,0.042075663823174736,20.896339492460484,529.1264881207899,139.42389472345639
JSWSTEEL,14,Mar 2014,56,JSWSTEEL,Mar 2014,JSWSTEEL,Mar 2015,7.833915100825042,1.5700420116661922,14.660028290087396,746.665491269847,188.69161591012457
JSWSTEEL,15,Mar 2015,56,JSWSTEEL,Mar 2015,JSWSTEEL,Mar 2016,22.609829678251593,1.1389929356804451,22.999599876024856,740.167588468208,251.78945947223758
JSWSTEEL,16,Mar 2016,56,JSWSTEEL,Mar 2016,JSWSTEEL,Mar 2017,10.410512046483811,0.88205903028502,26.58594115682173,350.7727513940413,180.6018754819535
JSWSTEEL,17,Mar 2017,56,JSWSTEEL,Mar 2017,JSWSTEEL,Mar 2018,8.701354482530913,1.8658255267154973,14.928307522226696,718.869896088624,347.9435050187244
JSWSTEEL,18,Mar 2018,56,JSWSTEEL,Mar 2018,JSWSTEEL,Mar 2019,14.225436771953564,1.4177019992151871,15.459259001005211,988.3849899101338,135.84317605363105
JSWSTEEL,19,Mar 2019,56,JSWSTEEL,Mar 2019,JSWSTEEL,Mar 2020,16.870985956626935,0.884275533505962,19.10071180485375,230.52624493699398,232.79152704615777
JSWSTEEL,20,Mar 2020,56,JSWSTEEL,Mar 2020,JSWSTEEL,Mar 2021,8.562207288859467,1.2123640668699487,13.803377233571364,830.2266805094098,483.39540322420737
JSWSTEEL,21,Mar 2021,56,JSWSTEEL,Mar 2021,JSWSTEEL,Mar 2022,5.428093999979062,1.887726411731208,14.045215512710474,928.7562011862946,132.7162363719497
JSWSTEEL,22,Mar 2022,56,JSWSTEEL,Mar 2022,JSWSTEEL,Mar 2023,5.072527057853284,1.7912053484783106,21.84130534670171,653.7165202689835,476.4866970325159
JSWSTEEL,23,Mar 2023,56,JSWSTEEL,Mar 2023,JSWSTEEL,Mar 2024,10.681796387942164,0.33178241758234206,18.182293051211982,806.9597815335281,61.400536236424955
JSWSTEEL,24,Mar 2024,56,JSWSTEEL,Mar 2024,JSWSTEEL,5844.0,13.358854160074017,0.17872551273909587,21.719276987088946,525.1584246147038,379.9141742095034
JSWSTEEL,25,TTM,56,JSWSTEEL,Sep 2024,JSWSTEEL,2594.0,18.87878382824392,1.895295796424239,29.21823810688798,654.1903715190277,372.9554620106273
KOTAKBANK,13,Mar 2013,57,KOTAKBANK,Mar 2014,KOTAKBANK,Mar 2014,7.866939038880034,0.721231077719414,24.416192854574295,550.4222271924712,286.87401845009475
KOTAKBANK,14,Mar 2014,57,KOTAKBANK,Mar 2015,KOTAKBANK,Mar 2015,15.05126932491067,1.4108877455353233,27.481839210110607,550.0444532606326,256.1532169929973
KOTAKBANK,15,Mar 2015,57,KOTAKBANK,Mar 2016,KOTAKBANK,Mar 2016,6.032585050154209,0.8649075189244002,25.90636269564493,396.9105412810199,489.3275111726262
KOTAKBANK,16,Mar 2016,57,KOTAKBANK,Mar 2017,KOTAKBANK,Mar 2017,8.662645851033785,1.6633191899170874,11.598940719699211,590.5230873720416,452.80378746080095
KOTAKBANK,17,Mar 2017,57,KOTAKBANK,Mar 2018,KOTAKBANK,Mar 2018,12.028602207471824,0.5379397347248951,29.706420194010956,522.6225801578203,60.237311590958406
KOTAKBANK,18,Mar 2018,57,KOTAKBANK,Mar 2019,KOTAKBANK,Mar 2019,13.73778129609595,0.987163047560023,19.18202811314631,540.564138124859,411.1096450800211
KOTAKBANK,19,Mar 2019,57,KOTAKBANK,Mar 2020,KOTAKBANK,Mar 2020,19.984331263819932,1.6306412539092265,16.062509929841596,433.0233670430878,247.6022394427425
KOTAKBANK,20,Mar 2020,57,KOTAKBANK,Mar 2021,KOTAKBANK,Mar 2021,22.46291944040499,0.4982560650081538,20.845262547615135,822.2173865156651,194.6951610807303
KOTAKBANK,21,Mar 2021,57,KOTAKBANK,Mar 2022,KOTAKBANK,Mar 2022,5.252415559747692,0.4366953295935565,17.682426295018484,811.7066972711037,152.4091100561945
KOTAKBANK,22,Mar 2022,57,KOTAKBANK,Mar 2023,KOTAKBANK,Mar 2023,12.76377729147798,1.360176320172562,24.05237117415225,570.5265125298768,413.2642046472817
KOTAKBANK,23,Mar 2023,57,KOTAKBANK,Mar 2024,KOTAKBANK,Mar 2024,9.487653386222812,1.9674772097794506,25.3375443356179,284.29271601739106,325.9886105582278
KOTAKBANK,24,Mar 2024,57,KOTAKBANK,373.0,KOTAKBANK,2878.0,10.717975207642356,0.8188938818043905,13.63450394354862,257.2210200374526,339.01888794468044
KOTAKBANK,25,TTM,57,KOTAKBANK,385.0,KOTAKBANK,9068.0,20.75890393151804,1.2858515428805832,16.152526628306756,679.056557498089,438.42778653688504
LICI,7,Mar 2019,58,LICI,Mar 2019,LICI,Mar 2020,23.68044001081039,1.2642751318718435,14.842984167262971,384.1387736554871,301.07627128195634
LICI,8,Mar 2020,58,LICI,Mar 2020,LICI,Mar 2021,16.414274882383204,0.6680017546278774,20.252326443798143,309.53503302222265,489.98466292417595
LICI,9,Mar 2021,58,LICI,Mar 2021,LICI,Mar 2022,22.98789680869345,1.8601509875626991,16.35829038877885,216.61147725393963,151.3911682778627
LICI,10,Mar 2022,58,LICI,Mar 2022,LICI,Mar 2023,9.43173835228172,0.9376720185094385,21.43281705507694,996.0409771344617,102.29252586734582
LICI,11,Mar 2023,58,LICI,Mar 2023,LICI,Mar 2024,13.381496073810752,1.5159468525153266,11.104689138100065,905.6464249492683,213.9159798335228
LICI,12,Mar 2024,58,LICI,Mar 2024,LICI,13274.0,7.578979370553345,0.9752527865944416,27.01955567118379,783.9001754548764,281.0715434039567
LICI,13,TTM,58,LICI,Sep 2024,LICI,54367.0,11.181203469209677,0.9499556775209632,12.085751800874869,119.30453619018301,143.53906968415478
LODHA,13,Mar 2011,59,LODHA,Mar 2011,LODHA,Mar 2020,21.672676281972546,0.7405771897789784,22.010382044650214,201.35519817478223,377.6844363495004
LODHA,14,Mar 2012,59,LODHA,Mar 2012,LODHA,Mar 2021,17.933186583837017,0.650503794788154,19.86734067917706,700.904922460984,492.2705725874794
LODHA,15,Mar 2015,59,LODHA,Mar 2015,LODHA,Mar 2022,9.01750609294151,0.6448900207975998,20.231830805871645,816.9482883876711,182.68454837160385
LODHA,16,Mar 2016,59,LODHA,Mar 2016,LODHA,Mar 2023,19.783249608031323,0.2568550451668403,27.53631451588848,996.2615018827535,339.1909386912508
LODHA,17,Mar 2017,59,LODHA,Mar 2017,LODHA,Mar 2024,15.596985519062383,1.4913498168757224,11.055047249360229,116.48179999878077,398.63585430135424
LODHA,18,Mar 2018,59,LODHA,Mar 2018,LODHA,387.0,7.597228946448508,0.7976662754270591,20.901698667641913,261.7162844395109,337.86397843912346
LODHA,19,Mar 2019,59,LODHA,Mar 2019,LODHA,1469.0,19.815823496421345,1.793796606853356,10.821274224958515,916.6684787192823,262.28190257364395
LODHA,20,Mar 2020,59,LODHA,Mar 2020,LODHA,696.0,19.316924572035838,1.5426847579765564,23.369282842206587,415.0068457429817,286.66766538357876
LODHA,21,Mar 2021,59,LODHA,Mar 2021,LODHA,-463.0,11.821284034582257,1.1469411446376057,29.63774892693327,213.19794796542394,166.82760423235163
LODHA,22,Mar 2022,59,LODHA,Mar 2022,LODHA,3772.0,19.6519287638562,1.7420488443061235,24.593220912686633,337.3472167646163,58.34910742332667
LODHA,23,Mar 2023,59,LODHA,Mar 2023,LODHA,2524.0,15.883519255464229,1.4005148135386756,15.636582104344576,489.8329270479586,336.506689005674
LODHA,24,Mar 2024,59,LODHA,Mar 2024,LODHA,1998.0,23.174961724260868,0.4864502948544951,20.639356922991244,395.5607413856096,71.68468094376739
LODHA,25,TTM,59,LODHA,Sep 2024,LODHA,2750.0,6.0045586067893275,0.9690751694810757,12.159678940886474,597.9987849614815,90.8592111292943
LT,13,Mar 2013,60,LT,Mar 2013,LT,Mar 2014,23.1664595661714,1.9016422951541394,18.1379006746104,233.32768023602645,213.60753041715728
LT,14,Mar 2014,60,LT,Mar 2014,LT,Mar 2015,14.269363166544496,0.7001489897103836,14.486855682190981,397.69880942578317,191.8587210806777
LT,15,Mar 2015,60,LT,Mar 2015,LT,Mar 2016,23.287274966710434,0.08751162464419449,17.907626088634686,466.77827739597336,227.022127949289
LT,16,Mar 2016,60,LT,Mar 2016,LT,Mar 2017,20.09742658930609,1.6034099920468337,26.63748563876795,900.1216736486374,290.1755109117843
LT,17,Mar 2017,60,LT,Mar 2017,LT,Mar 2018,13.670895696711131,0.2992598313231354,12.115650183367755,300.9363950080272,102.69604893212994
LT,18,Mar 2018,60,LT,Mar 2018,LT,Mar 2019,21.539322066045127,0.8739575884906843,23.43084306118459,322.32744025510254,378.55798659946834
LT,19,Mar 2019,60,LT,Mar 2019,LT,Mar 2020,14.275262923449045,1.346341757687024,11.46840881389701,290.33452189420655,90.30249091628136
LT,20,Mar 2020,60,LT,Mar 2020,LT,Mar 2021,11.27019705422422,0.26938098685800194,21.02164802121539,660.8725445075628,208.1889432374499
LT,21,Mar 2021,60,LT,Mar 2021,LT,Mar 2022,18.111995878970404,1.2745912351550661,26.412516545519523,157.0750461470161,135.3329132327429
LT,22,Mar 2022,60,LT,Mar 2022,LT,Mar 2023,15.587944957972443,1.7467196328122712,26.58596718596713,741.5447235977739,332.14972455504693
LT,23,Mar 2023,60,LT,Mar 2023,LT,Mar 2024,13.723241181230376,0.7248587675636,20.212764709988317,250.9033141337401,291.3298661508145
LT,24,Mar 2024,60,LT,Mar 2024,LT,-4355.0,5.720966015658895,1.660461391468442,29.23893351869762,309.9421013841328,156.3205634743499
LT,25,TTM,60,LT,Sep 2024,LT,-7143.0,13.891161875428473,0.6586092907963461,20.335018867883555,940.9072621825999,487.4400863729341
LTIM,13,Mar 2013,61,LTIM,Mar 2013,LTIM,Mar 2014,12.93078938332245,1.4706954435602957,19.935993288701077,898.1647730514425,443.82746459707687
LTIM,14,Mar 2014,61,LTIM,Mar 2014,LTIM,Mar 2015,10.311874083229641,1.2854716269504451,23.49916348481736,260.0207204710543,352.7255297306443
LTIM,15,Mar 2015,61,LTIM,Mar 2015,LTIM,Mar 2016,15.07550911788586,1.5706893129793085,19.613900463015135,820.7768441437075,372.06957372324445
LTIM,16,Mar 2016,61,LTIM,Mar 2016,LTIM,Mar 2017,5.7859007667343025,0.5447992918588556,27.91414729863728,200.8479512170992,223.20297924568803
LTIM,17,Mar 2017,61,LTIM,Mar 2017,LTIM,Mar 2018,12.134313869425618,1.5244952296072065,15.184295091885398,341.4548928427444,411.74459785907857
LTIM,18,Mar 2018,61,LTIM,Mar 2018,LTIM,Mar 2019,21.410806544961513,0.4923639918016889,18.585661288988717,979.1733024526893,412.4587158205865
LTIM,19,Mar 2019,61,LTIM,Mar 2019,LTIM,Mar 2020,22.784713980508343,0.28548721747901196,20.947860637088326,581.9223349178297,242.98255188537323
LTIM,20,Mar 2020,61,LTIM,Mar 2020,LTIM,Mar 2021,9.913609625164405,0.40224243936027304,22.40758242090401,474.271216101096,243.87234327365707
LTIM,21,Mar 2021,61,LTIM,Mar 2021,LTIM,Mar 2022,7.326200037623101,0.12577452370719344,21.421791527369574,462.62605776455695,110.13310427858443
LTIM,22,Mar 2022,61,LTIM,Mar 2022,LTIM,Mar 2023,20.46906690941472,1.0677824638568347,20.636396096984427,700.5452554792612,484.37605933352563
LTIM,23,Mar 2023,61,LTIM,Mar 2023,LTIM,Mar 2024,9.230258222924782,1.7879855397158635,22.590677012686633,295.33153605975787,243.30190773523074
LTIM,24,Mar 2024,61,LTIM,Mar 2024,LTIM,608.0,7.62945142913841,1.9883046460050757,26.8154513258103,291.09823973652766,207.58856765735655
LTIM,25,TTM,61,LTIM,Sep 2024,LTIM,628.0,24.216302530055998,1.7230232269422068,28.72525548082962,266.0397017849324,349.48530307628175
M&M,13,Mar 2013,62,M&M,Mar 2013,M&M,Mar 2014,17.65857389529817,1.280992288168622,27.752163826682327,937.8378757821215,142.1240674662073
M&M,14,Mar 2014,62,M&M,Mar 2014,M&M,Mar 2015,20.136086090742715,0.4822112571222612,20.67214357077326,350.9333981575248,316.5982691214507
M&M,15,Mar 2015,62,M&M,Mar 2015,M&M,Mar 2016,19.161966290359693,1.3901430992094646,20.20172606062564,195.02714502244118,233.79398362258178
M&M,16,Mar 2016,62,M&M,Mar 2016,M&M,Mar 2017,6.6704848117390885,0.2879961336012684,16.506196789382535,231.34728771343006,284.1312994413595
M&M,17,Mar 2017,62,M&M,Mar 2017,M&M,Mar 2018,10.15633887795353,1.796985222731027,16.024326698108176,173.0465423788097,278.061259503477
M&M,18,Mar 2018,62,M&M,Mar 2018,M&M,Mar 2019,9.532020376640123,0.6771567775941347,16.137275264356525,795.9924869561592,154.79865534893082
M&M,19,Mar 2019,62,M&M,Mar 2019,M&M,Mar 2020,10.392676879462039,0.9111750443536217,19.908661579993563,846.8795235390575,298.39723253947807
M&M,20,Mar 2020,62,M&M,Mar 2020,M&M,Mar 2021,13.814702616339165,1.091843886889508,11.78444760964382,189.88690821361195,131.50360692621302
M&M,21,Mar 2021,62,M&M,Mar 2021,M&M,Mar 2022,6.026620979386728,1.9786394499769422,22.597039213449385,911.173074543085,497.7833699210157
M&M,22,Mar 2022,62,M&M,Mar 2022,M&M,Mar 2023,13.094566795266658,1.5936998541658602,29.682497599581232,149.54684993020425,185.14438088783754
M&M,23,Mar 2023,62,M&M,Mar 2023,M&M,Mar 2024,7.095087591040723,1.6524089296849713,17.655044317309013,828.5579977043302,223.40757926104655
M&M,24,Mar 2024,62,M&M,Mar 2024,M&M,-922.0,24.201933722880796,1.0421263779346512,27.931335949486737,242.61863499976133,145.96404677082145
M&M,25,TTM,62,M&M,Sep 2024,M&M,-244.0,8.56647858629598,1.2096689637943974,15.476401103638773,575.5184984914044,299.5785953958871
MARUTI,13,Mar 2013,63,MARUTI,Mar 2013,MARUTI,Mar 2014,11.934130006405155,1.71644831916986,14.82128966630272,367.1480481366573,247.04819485607536
MARUTI,14,Mar 2014,63,MARUTI,Mar 2014,MARUTI,Mar 2015,22.080318072422564,1.339873831321911,10.813931807775452,315.654272863762,59.82027367171922
MARUTI,15,Mar 2015,63,MARUTI,Mar 2015,MARUTI,Mar 2016,7.381910938961211,0.3121012281361504,21.952481822767744,579.6191304659753,427.94942579891523
MARUTI,16,Mar 2016,63,MARUTI,Mar 2016,MARUTI,Mar 2017,16.712984885184472,0.9440676688358269,14.859756706602676,243.48394489878675,157.49043794831192
MARUTI,17,Mar 2017,63,MARUTI,Mar 2017,MARUTI,Mar 2018,12.665513800648586,0.09361253077519449,26.802012012089612,311.09890203622444,340.78780305441916
MARUTI,18,Mar 2018,63,MARUTI,Mar 2018,MARUTI,Mar 2019,13.423965079087596,1.833380003427077,23.036517981550958,340.25855677612606,262.06746193345816
MARUTI,19,Mar 2019,63,MARUTI,Mar 2019,MARUTI,Mar 2020,10.690536362521744,1.7500582594788345,13.042046714891963,384.520768657824,177.5849644829009
MARUTI,20,Mar 2020,63,MARUTI,Mar 2020,MARUTI,Mar 2021,24.626006265321806,1.4888981647508908,13.715155421307724,382.9776008651816,443.31951160799525
MARUTI,21,Mar 2021,63,MARUTI,Mar 2021,MARUTI,Mar 2022,21.38675391716587,1.8774801934876786,16.037219614901094,763.8626607239992,410.6689058926852
MARUTI,22,Mar 2022,63,MARUTI,Mar 2022,MARUTI,Mar 2023,10.214642443058775,1.172227154242305,18.86631828705344,570.169258855092,353.8101746079941
MARUTI,23,Mar 2023,63,MARUTI,Mar 2023,MARUTI,Mar 2024,5.39500981944223,1.379668301639457,29.29708978442999,996.5992946674425,228.85947228659137
MARUTI,24,Mar 2024,63,MARUTI,Mar 2024,MARUTI,4059.0,6.128937786341135,0.05324458448702063,25.471123994005758,227.61152035955024,498.325939413597
MARUTI,25,TTM,63,MARUTI,Sep 2024,MARUTI,4995.0,11.751309297099208,1.3237832705098809,14.470625508132834,515.2731547185285,480.47926048278094
MOTHERSON,13,Mar 2013,64,MOTHERSON,Mar 2013,MOTHERSON,Mar 2014,24.39745610490424,1.8746456847179394,19.9595056160371,733.1738087073297,81.57386213720729
MOTHERSON,14,Mar 2014,64,MOTHERSON,Mar 2014,MOTHERSON,Mar 2015,8.979552152670983,1.462131221788431,13.289269178059929,735.8262520286166,59.58228410932399
MOTHERSON,15,Mar 2015,64,MOTHERSON,Mar 2015,MOTHERSON,Mar 2016,17.526863795485845,1.3456729805911012,15.636247290679108,945.3899961863467,98.02749132857936
MOTHERSON,16,Mar 2016,64,MOTHERSON,Mar 2016,MOTHERSON,Mar 2017,22.375548955705383,0.3661891920228044,17.893102132450167,374.9474495572631,430.34322459573696
MOTHERSON,17,Mar 2017,64,MOTHERSON,Mar 2017,MOTHERSON,Mar 2018,19.749301618840377,1.304122167421624,10.149049529536988,962.5709036375823,267.1297667499175
MOTHERSON,18,Mar 2018,64,MOTHERSON,Mar 2018,MOTHERSON,Mar 2019,22.253689250427936,1.6374509709129195,22.636472064157232,476.1082977192773,271.30519954783085
MOTHERSON,19,Mar 2019,64,MOTHERSON,Mar 2019,MOTHERSON,Mar 2020,17.61841902501402,1.2162692246398925,29.166549875961977,907.5065732035497,383.55642934218747
MOTHERSON,20,Mar 2020,64,MOTHERSON,Mar 2020,MOTHERSON,Mar 2021,21.156511929570122,1.8319772431973615,25.63801006580463,400.48853719349904,472.57682121420527
MOTHERSON,21,Mar 2021,64,MOTHERSON,Mar 2021,MOTHERSON,Mar 2022,7.332639511401686,1.3649478294646902,13.606595566758008,150.58506878853993,210.43520583379305
MOTHERSON,22,Mar 2022,64,MOTHERSON,Mar 2022,MOTHERSON,Mar 2023,9.28117782794856,1.15529671939205,29.60720517590148,806.7143611637101,362.382027731572
MOTHERSON,23,Mar 2023,64,MOTHERSON,Mar 2023,MOTHERSON,Mar 2024,17.688706933592243,0.5248355226897083,27.205926156416382,895.9652319929809,438.2774055044602
MOTHERSON,24,Mar 2024,64,MOTHERSON,Mar 2024,MOTHERSON,1486.0,6.610090021727791,1.057915000163802,29.60005135811293,742.1383240063369,370.925592961611
MOTHERSON,25,TTM,64,MOTHERSON,Sep 2024,MOTHERSON,2695.0,22.592605424176025,1.875986184760278,15.812447603956414,348.61533395563896,226.67523145891434
NAUKRI,13,Mar 2013,65,NAUKRI,Mar 2013,NAUKRI,Mar 2014,15.910641262821969,0.772215702884397,26.398323525542725,261.1416623709354,204.39843563082061
NAUKRI,14,Mar 2014,65,NAUKRI,Mar 2014,NAUKRI,Mar 2015,11.677971901005995,0.29931502213795813,25.05445379924045,960.49176649483,419.5294386622991
NAUKRI,15,Mar 2015,65,NAUKRI,Mar 2015,NAUKRI,Mar 2016,24.794991956762615,0.5704551402190976,26.42600897766237,652.518488869377,431.46390834577966
NAUKRI,16,Mar 2016,65,NAUKRI,Mar 2016,NAUKRI,Mar 2017,23.626053945174966,1.4132365621580223,16.974481412535606,626.1754622317666,350.495092094344
NAUKRI,17,Mar 2017,65,NAUKRI,Mar 2017,NAUKRI,Mar 2018,5.4998876738828955,0.597428156663278,16.516155649176135,269.43442055565447,83.58199092061784
NAUKRI,18,Mar 2018,65,NAUKRI,Mar 2018,NAUKRI,Mar 2019,7.049389527697574,0.9486225088611464,14.703685084217186,164.18996788921004,98.93545521868728
NAUKRI,19,Mar 2019,65,NAUKRI,Mar 2019,NAUKRI,Mar 2020,22.787294336594655,1.7792161528610164,26.147216703044375,974.54326019971,103.79267733011598
NAUKRI,20,Mar 2020,65,NAUKRI,Mar 2020,NAUKRI,Mar 2021,13.135530086229332,0.443575950327205,22.68980489500399,217.0354891684189,470.20938899720505
NAUKRI,21,Mar 2021,65,NAUKRI,Mar 2021,NAUKRI,Mar 2022,12.65877724226193,0.22274146892971403,19.718486819659102,486.9763771405886,52.172164644000325
NAUKRI,22,Mar 2022,65,NAUKRI,Mar 2022,NAUKRI,Mar 2023,22.714492831045415,0.8950683520102238,28.62683602121539,229.77278248272904,417.62945097007
NAUKRI,23,Mar 2023,65,NAUKRI,Mar 2023,NAUKRI,Mar 2024,18.374828255892837,0.2438991300317468,24.59100704818372,452.6526864665849,97.84046167120103
NAUKRI,24,Mar 2024,65,NAUKRI,Mar 2024,NAUKRI,75.0,12.612194213530852,1.6286977539419287,25.67764081609087,125.84736609813217,101.61018102980877
NAUKRI,25,TTM,65,NAUKRI,Sep 2024,NAUKRI,81.0,9.00611637935468,1.9755241495809936,26.3296303266562,880.7820243771599,437.92944366859143
NESTLEIND,13,Dec 2013,66,NESTLEIND,Dec 2013,NESTLEIND,Dec 2014,6.443363628077012,1.6671685060236143,23.718652502771015,564.9297750201297,94.58868469506115
NESTLEIND,14,Dec 2014,66,NESTLEIND,Dec 2014,NESTLEIND,Dec 2015,8.765295292421353,0.7921343010162385,19.83172361196185,649.2580466656742,118.07784780196943
NESTLEIND,15,Dec 2015,66,NESTLEIND,Dec 2015,NESTLEIND,Dec 2016,16.533201178777002,1.510583863349617,20.181458758365192,492.110464662433,335.74049675303286
NESTLEIND,16,Dec 2016,66,NESTLEIND,Dec 2016,NESTLEIND,Dec 2017,8.445719213299078,1.0284308595059304,11.562981377987425,396.75087178507096,148.94445333002304
NESTLEIND,17,Dec 2017,66,NESTLEIND,Dec 2017,NESTLEIND,Dec 2018,11.014633677751696,1.52671896285459,21.26450552291176,527.6455770324717,160.23432241386325
NESTLEIND,18,Dec 2018,66,NESTLEIND,Dec 2018,NESTLEIND,Dec 2019,14.393569357419814,0.6850478561712889,14.511635972807841,217.23778414156814,442.63274213040324
NESTLEIND,19,Dec 2019,66,NESTLEIND,Dec 2019,NESTLEIND,Dec 2020,17.86484928134669,0.9587425460238039,20.80353105273654,111.38320698994431,348.4294078331546
NESTLEIND,20,Dec 2020,66,NESTLEIND,Dec 2020,NESTLEIND,Dec 2021,9.469339217425423,0.4906946807136445,25.92404810680467,714.5893691837008,257.83755834718943
NESTLEIND,21,Dec 2021,66,NESTLEIND,Dec 2021,NESTLEIND,Dec 2022,5.169495463266312,1.1496038205740633,29.988184597685695,223.25316743760038,348.27628440894375
NESTLEIND,22,Dec 2022,66,NESTLEIND,Dec 2022,NESTLEIND,Dec 2023,22.535996076669033,1.2568785662454292,19.772566640107073,542.7457563832895,273.70032980942017
NESTLEIND,23,Dec 2023,66,NESTLEIND,Dec 2023,NESTLEIND,Mar 2024,9.025942332919492,0.2265495046101984,17.601131479230823,938.2902010439514,285.72774072858454
NESTLEIND,24,Mar 2024,66,NESTLEIND,Mar 2024,NESTLEIND,1796.0,13.976096324638899,1.8580712775012653,22.652895541913303,868.6056202043193,391.19902207364817
NESTLEIND,25,TTM,66,NESTLEIND,Sep 2024,NESTLEIND,1644.0,16.79801040746189,0.8048624709526373,26.832805934868126,733.5746118472196,165.4911302300439
NHPC,13,Mar 2013,67,NHPC,Mar 2013,NHPC,Mar 2014,14.641666942810796,1.302763824184645,12.548525772968953,379.3899174628295,255.40858543949767
NHPC,14,Mar 2014,67,NHPC,Mar 2014,NHPC,Mar 2015,17.21626787407433,1.1964663080405715,27.570641225939486,968.6739533973274,439.9556472842402
NHPC,15,Mar 2015,67,NHPC,Mar 2015,NHPC,Mar 2016,7.022300509639301,1.3871406341955559,13.480827556581723,257.9638159487189,327.55723077104955
NHPC,16,Mar 2016,67,NHPC,Mar 2016,NHPC,Mar 2017,11.96733167285479,1.7853628215016506,12.26949534846488,248.00744097369846,144.50243673072228
NHPC,17,Mar 2017,67,NHPC,Mar 2017,NHPC,Mar 2018,11.90504783537952,0.2929132252236002,21.55285312645538,389.8645364133253,440.6831455296526
NHPC,18,Mar 2018,67,NHPC,Mar 2018,NHPC,Mar 2019,18.155614301965656,1.1901606720325653,10.446226364747563,544.201442306372,118.91875347360006
NHPC,19,Mar 2019,67,NHPC,Mar 2019,NHPC,Mar 2020,15.64865070340759,1.2117442580540738,21.242126428644617,663.413617293997,133.7457280198599
NHPC,20,Mar 2020,67,NHPC,Mar 2020,NHPC,Mar 2021,20.09350460583498,0.15386376567374005,22.875785517817,347.3089954372258,242.36742161753608
NHPC,21,Mar 2021,67,NHPC,Mar 2021,NHPC,Mar 2022,21.265533493066613,0.6984257177755908,10.17071125186953,611.1250378147295,195.96613332618432
NHPC,22,Mar 2022,67,NHPC,Mar 2022,NHPC,Mar 2023,5.94543491883371,0.4966008336016676,28.226484547536785,776.0650752603225,295.94184054428285
NHPC,23,Mar 2023,67,NHPC,Mar 2023,NHPC,Mar 2024,7.898768387119777,1.5180947347558833,28.375809018418327,877.4718733759014,136.97646210398005
NHPC,24,Mar 2024,67,NHPC,Mar 2024,NHPC,2846.0,17.34755693293865,1.5151953498425208,22.248556787563203,411.61914295524883,283.2680383116281
NHPC,25,TTM,67,NHPC,Sep 2024,NHPC,3824.0,9.871108241699876,0.3992320099097648,17.771913842468386,924.9179571568556,499.8409259414608
NTPC,13,Mar 2013,68,NTPC,Mar 2013,NTPC,Mar 2014,21.417349731683785,1.0031439007761183,20.011626211894956,112.21636095676837,62.952423810154286
NTPC,14,Mar 2014,68,NTPC,Mar 2014,NTPC,Mar 2015,5.5704418919904715,1.4759439733626265,12.039345095848821,222.15160997683154,421.2273608438475
NTPC,15,Mar 2015,68,NTPC,Mar 2015,NTPC,Mar 2016,14.717009673795499,0.3324949117553344,17.597756094944614,524.5678102362722,172.97065419662272
NTPC,16,Mar 2016,68,NTPC,Mar 2016,NTPC,Mar 2017,5.414680387238899,1.3225848247640162,26.248900776031913,928.8957497357628,317.3037693344312
NTPC,17,Mar 2017,68,NTPC,Mar 2017,NTPC,Mar 2018,16.678012872031083,0.6889660208093755,26.8609213616888,104.2953259564379,167.0390935996523
NTPC,18,Mar 2018,68,NTPC,Mar 2018,NTPC,Mar 2019,20.66877913860702,1.1427271482441557,26.37357322918775,942.2965589310647,443.094468383898
NTPC,19,Mar 2019,68,NTPC,Mar 2019,NTPC,Mar 2020,15.79950092197608,1.6855110989579967,25.783763246344524,758.8360190724989,415.0122017383595
NTPC,20,Mar 2020,68,NTPC,Mar 2020,NTPC,Mar 2021,8.533406651866894,0.8532810770816479,12.390954809339485,968.6511256710434,159.56802979585
NTPC,21,Mar 2021,68,NTPC,Mar 2021,NTPC,Mar 2022,23.6546646422517,0.3983660712022614,28.364478815158783,496.650693709413,248.1665534390525
NTPC,22,Mar 2022,68,NTPC,Mar 2022,NTPC,Mar 2023,22.118821164123858,0.24312400908778486,24.714724347128758,744.2970485529909,435.69808000239624
NTPC,23,Mar 2023,68,NTPC,Mar 2023,NTPC,Mar 2024,22.81725103977659,0.25920390623263123,10.252957727699364,579.5597870075098,339.57076924438263
NTPC,24,Mar 2024,68,NTPC,Mar 2024,NTPC,16508.0,15.501326966255798,1.5139837337714521,18.470198334749007,593.3309875941566,112.81005639560095
NTPC,25,TTM,68,NTPC,Sep 2024,NTPC,16531.0,7.737323035113799,1.734014674341515,20.76556987820443,438.3022681410524,330.09299089450934
ONGC,13,Mar 2013,69,ONGC,Mar 2013,ONGC,Mar 2014,21.495311778638108,0.9594974457341763,10.98924558548437,373.9198265279218,99.86043868291515
ONGC,14,Mar 2014,69,ONGC,Mar 2014,ONGC,Mar 2015,13.031823162327939,0.9335514629315802,22.058094280412362,809.8612870016931,156.79007353159437
ONGC,15,Mar 2015,69,ONGC,Mar 2015,ONGC,Mar 2016,18.038306246502078,1.2757820469562042,25.857838227582096,502.5261572920405,227.9984425536691
ONGC,16,Mar 2016,69,ONGC,Mar 2016,ONGC,Mar 2017,8.831770645009483,1.845099659705426,18.88004437794296,324.08281505998366,57.85034563147926
ONGC,17,Mar 2017,69,ONGC,Mar 2017,ONGC,Mar 2018,8.352954943168617,1.1002719116764166,28.071409110990814,910.4841692544185,121.42431331005413
ONGC,18,Mar 2018,69,ONGC,Mar 2018,ONGC,Mar 2019,13.709533972414732,1.6237902429181892,13.88909308678858,771.1266339213344,129.7335664475888
ONGC,19,Mar 2019,69,ONGC,Mar 2019,ONGC,Mar 2020,17.163604664105762,1.2678872793657079,29.834338956367418,601.5077435714365,303.1681668073269
ONGC,20,Mar 2020,69,ONGC,Mar 2020,ONGC,Mar 2021,24.791383445730194,0.43638354608481955,11.834521787779718,450.29505040622377,142.83877832007053
ONGC,21,Mar 2021,69,ONGC,Mar 2021,ONGC,Mar 2022,13.579251205465555,0.03876382216507501,16.50899407817213,309.73990705271797,203.47126671405826
ONGC,22,Mar 2022,69,ONGC,Mar 2022,ONGC,Mar 2023,12.752682211685869,0.12538635555514155,28.441294403456478,357.4335748620295,481.5473472798319
ONGC,23,Mar 2023,69,ONGC,Mar 2023,ONGC,Mar 2024,10.802962404780498,0.5549161982242732,12.485339855960431,278.42893234012206,438.4849187453431
ONGC,24,Mar 2024,69,ONGC,Mar 2024,ONGC,39874.0,15.009487770785078,1.2567045816218116,18.424270567528193,678.0336627755986,85.7464251425445
ONGC,25,TTM,69,ONGC,Sep 2024,ONGC,53270.0,21.69293123495138,0.30675156002028214,19.386895333204563,476.5692239592479,274.0587655799487
PFC,13,Mar 2013,70,PFC,Mar 2013,PFC,Mar 2014,9.06990211411828,0.08640528839316586,11.958717119429176,273.8278986295642,423.3320302848008
PFC,14,Mar 2014,70,PFC,Mar 2014,PFC,Mar 2015,15.595253520271811,1.9967095375961648,11.268792803434199,375.1837746063625,91.12839062086641
PFC,15,Mar 2015,70,PFC,Mar 2015,PFC,Mar 2016,12.597424459096453,1.8035060190927272,17.30929857598465,497.4768164055045,472.594733116825
PFC,16,Mar 2016,70,PFC,Mar 2016,PFC,Mar 2017,18.997971363155514,0.6238602694821174,11.444641569015907,521.4095687957278,62.75023926891962
PFC,17,Mar 2017,70,PFC,Mar 2017,PFC,Mar 2018,8.299287159888012,1.3211898042538075,11.861475671000914,981.8885408518711,221.06751888925484
PFC,18,Mar 2018,70,PFC,Mar 2018,PFC,Mar 2019,24.705348311112296,0.33297092104112047,13.913152791954104,183.47183353905547,325.4694850533592
PFC,19,Mar 2019,70,PFC,Mar 2019,PFC,Mar 2020,8.625343570125601,0.880598179732053,14.944500423817836,462.2422424279305,286.31624411879653
PFC,20,Mar 2020,70,PFC,Mar 2020,PFC,Mar 2021,22.43651451840213,1.4983818327661393,27.897620352459757,377.3978047053579,438.91054818890456
PFC,21,Mar 2021,70,PFC,Mar 2021,PFC,Mar 2022,6.989727013440612,0.36428597061705026,29.09277595062332,443.35042619996517,237.39310491807132
PFC,22,Mar 2022,70,PFC,Mar 2022,PFC,Mar 2023,8.822290927720404,1.8590987811846527,28.857279100823824,140.52636382095528,443.235099307401
PFC,23,Mar 2023,70,PFC,Mar 2023,PFC,Mar 2024,16.960353233075647,1.2717465454377561,28.73435404036645,173.23682870139697,375.44869695429475
PFC,24,Mar 2024,70,PFC,Mar 2024,PFC,-25102.0,5.585915310570102,0.4398191730646257,28.334864931122976,641.7979837026753,240.9791925965251
PFC,25,TTM,70,PFC,Sep 2024,PFC,-22473.0,10.555329645706697,0.9832194154573566,25.193191548314218,413.1949033544641,415.1199512345629
PIDILITIND,13,Mar 2013,71,PIDILITIND,Mar 2013,PIDILITIND,Mar 2014,21.45547669507321,1.900513913146889,19.1507723244535,779.7123694704464,466.78061042681975
PIDILITIND,14,Mar 2014,71,PIDILITIND,Mar 2014,PIDILITIND,Mar 2015,16.386038966013214,0.4009625172058864,10.440472370597425,117.86379287925627,296.72071571859016
PIDILITIND,15,Mar 2015,71,PIDILITIND,Mar 2015,PIDILITIND,Mar 2016,12.800514636298509,0.7470532648959005,18.700211661739736,210.00949438930576,369.502386820636
PIDILITIND,16,Mar 2016,71,PIDILITIND,Mar 2016,PIDILITIND,Mar 2017,21.7889594085905,1.1828804989173345,29.85675068112786,889.2035198248224,123.96729281763704
PIDILITIND,17,Mar 2017,71,PIDILITIND,Mar 2017,PIDILITIND,Mar 2018,13.286244218653778,1.043070062834607,11.327841667472264,544.4614239705888,329.56887778420287
PIDILITIND,18,Mar 2018,71,PIDILITIND,Mar 2018,PIDILITIND,Mar 2019,18.34817828408205,1.2913109181762001,26.775707430242882,545.1765733640859,105.91732517738224
PIDILITIND,19,Mar 2019,71,PIDILITIND,Mar 2019,PIDILITIND,Mar 2020,8.870158792192093,0.6108259785227972,23.783835587611556,126.09090533886874,284.4321890615106
PIDILITIND,20,Mar 2020,71,PIDILITIND,Mar 2020,PIDILITIND,Mar 2021,11.008453144876142,0.10108872776615563,22.20246633306866,556.152135243322,123.49129608944955
PIDILITIND,21,Mar 2021,71,PIDILITIND,Mar 2021,PIDILITIND,Mar 2022,18.54037720729376,0.6796250617105071,19.316072723333235,833.3707690684787,150.2971226093613
PIDILITIND,22,Mar 2022,71,PIDILITIND,Mar 2022,PIDILITIND,Mar 2023,23.642253694156988,1.269934375749852,18.936646611618485,272.5949751377185,308.74302159443005
PIDILITIND,23,Mar 2023,71,PIDILITIND,Mar 2023,PIDILITIND,Mar 2024,7.740490983112817,1.5391338155147394,16.091649417758074,531.8363498455344,371.76785332127963
PIDILITIND,24,Mar 2024,71,PIDILITIND,Mar 2024,PIDILITIND,472.0,12.841388577903757,0.7564475008899922,23.135593411557824,161.90924987678108,164.44565035896682
PIDILITIND,25,TTM,71,PIDILITIND,Sep 2024,PIDILITIND,394.0,16.436797529600366,1.777556476255358,18.703345693594766,484.0231720829719,51.09944906792955
PNB,13,Mar 2013,72,PNB,1088,PNB,Mar 2014,14.36588657062957,1.7802416461132116,26.984591283221675,824.0782667949788,347.5589924184408
PNB,14,Mar 2014,72,PNB,1089,PNB,Mar 2015,21.22879523583111,1.6911996791873771,17.490090452619803,253.09800754402727,120.20582701907422
PNB,15,Mar 2015,72,PNB,1090,PNB,Mar 2016,11.841771101544511,0.7346081854307398,20.67310293876558,668.723721734021,242.71478656729417
PNB,16,Mar 2016,72,PNB,1091,PNB,Mar 2017,10.586848658164863,1.9783037751945587,11.086351546611667,973.4691358502739,189.52645631789537
PNB,17,Mar 2017,72,PNB,1092,PNB,Mar 2018,9.984627700276045,1.8145756612825448,17.946731917459935,866.1943344906107,126.3313965632433
PNB,18,Mar 2018,72,PNB,1093,PNB,Mar 2019,24.938129570583737,0.12655867355347183,29.906935349358992,130.79728671213707,439.6078269849502
PNB,19,Mar 2019,72,PNB,1094,PNB,Mar 2020,19.012381420185804,1.7771301475952983,28.32755582695931,269.58266598086743,218.44573875262546
PNB,20,Mar 2020,72,PNB,1095,PNB,Mar 2021,7.219218128920481,1.4213553179246285,27.138975728175755,829.4489287172819,182.18602209542462
PNB,21,Mar 2021,72,PNB,1096,PNB,Mar 2022,20.18722232577536,0.021006523667396637,16.85554506708055,457.42918414430005,274.4490624117521
PNB,22,Mar 2022,72,PNB,1097,PNB,Mar 2023,17.315845387907213,1.6378158770551918,13.321577175807489,819.3610507335102,75.2850535563343
PNB,23,Mar 2023,72,PNB,1098,PNB,Mar 2024,10.637427610646192,1.4866802145821283,17.705569354408347,826.0949078430252,164.75878147799028
PNB,24,Mar 2024,72,PNB,1099,PNB,-692.0,18.190594083189076,0.23541189583954347,24.602274733729082,623.7818241623561,171.33696192760536
PNB,25,TTM,72,PNB,1100,PNB,16906.0,5.94229442206486,0.5650544993961091,29.906418694612647,579.4007368163103,92.02147437537303
POWERGRID,13,Mar 2013,73,POWERGRID,1148,POWERGRID,Mar 2014,24.553990822300864,0.6889801662434871,14.361452287874412,352.7161601944606,262.25704705915496
POWERGRID,14,Mar 2014,73,POWERGRID,1149,POWERGRID,Mar 2015,22.91157929471345,0.7940952640591317,14.948604386444455,527.9285030647775,252.19733608969278
POWERGRID,15,Mar 2015,73,POWERGRID,1150,POWERGRID,Mar 2016,8.763138198606965,0.9021406524008273,13.46423509504077,790.1720676203905,363.47614076958035
POWERGRID,16,Mar 2016,73,POWERGRID,1151,POWERGRID,Mar 2017,14.051291444038812,0.25392423792686114,16.171132921938035,700.0629919160897,56.95181891520727
POWERGRID,17,Mar 2017,73,POWERGRID,1152,POWERGRID,Mar 2018,6.027946423463741,0.6914123164900174,21.85264913089886,967.8999520368587,457.47313392370904
POWERGRID,18,Mar 2018,73,POWERGRID,1153,POWERGRID,Mar 2019,19.758060138010745,1.7108632862756403,25.62299320096178,705.0979112493134,256.3911949777613
POWERGRID,19,Mar 2019,73,POWERGRID,1154,POWERGRID,Mar 2020,23.317032686186298,1.0389810404505253,17.98403047592968,550.3002269682256,139.37566410172468
POWERGRID,20,Mar 2020,73,POWERGRID,1155,POWERGRID,Mar 2021,21.18243659876789,0.017378302052219574,12.252029944138389,310.00657843505763,137.35009424274762
POWERGRID,21,Mar 2021,73,POWERGRID,1156,POWERGRID,Mar 2022,24.741419728530786,1.5611366506402813,23.655262068798187,472.52285318225205,222.5216724226077
POWERGRID,22,Mar 2022,73,POWERGRID,1157,POWERGRID,Mar 2023,8.14409027021915,0.16102483473598528,18.546292434702174,359.1112841985909,353.640703701759
POWERGRID,23,Mar 2023,73,POWERGRID,1158,POWERGRID,Mar 2024,22.75660251579328,1.8648863390940944,29.439409313116844,267.90433446362744,363.7425227499358
POWERGRID,24,Mar 2024,73,POWERGRID,1159,POWERGRID,11690.0,15.73441525692198,1.3017217681252757,11.492643021072187,539.6855973630754,135.60424264058503
POWERGRID,25,TTM,73,POWERGRID,1160,POWERGRID,15223.0,7.500788207021445,1.1446563581397498,22.256381180800542,718.1641668030112,314.4394618516417
RECLTD,13,Mar 2013,74,RECLTD,Mar 2013,RECLTD,Mar 2014,9.03004176927028,0.5650019316758859,18.146347121715955,727.0765391757378,448.8834919225999
RECLTD,14,Mar 2014,74,RECLTD,Mar 2014,RECLTD,Mar 2015,13.798428101324694,0.5903421314184916,11.685302680560547,617.8302266475521,329.4186840930833
RECLTD,15,Mar 2015,74,RECLTD,Mar 2015,RECLTD,Mar 2016,8.607514175738268,0.8916577945832016,26.96139990189915,411.1591200036915,368.78316861988804
RECLTD,16,Mar 2016,74,RECLTD,Mar 2016,RECLTD,Mar 2017,8.120481725938626,1.6116333403309115,10.18409873425448,677.7203446785815,279.7700584096077
RECLTD,17,Mar 2017,74,RECLTD,Mar 2017,RECLTD,Mar 2018,21.640393702801862,0.8102198937221476,12.11746638994275,499.2903820086581,352.9511430484237
RECLTD,18,Mar 2018,74,RECLTD,Mar 2018,RECLTD,Mar 2019,10.993134912773572,0.5416597633178326,10.02842028901565,500.9397700267934,465.7466668849972
RECLTD,19,Mar 2019,74,RECLTD,Mar 2019,RECLTD,Mar 2020,13.40571773671658,1.7911722178255192,22.53835618422798,882.605371895454,355.74848182001017
RECLTD,20,Mar 2020,74,RECLTD,Mar 2020,RECLTD,Mar 2021,19.016511902118886,0.5667132365491505,29.958007986596098,305.5316229446675,151.08117363872603
RECLTD,21,Mar 2021,74,RECLTD,Mar 2021,RECLTD,Mar 2022,10.196142974318418,1.9354627890765375,13.142020142047844,216.13046181563863,416.62511623596146
RECLTD,22,Mar 2022,74,RECLTD,Mar 2022,RECLTD,Mar 2023,19.76976088583624,0.4455114219324081,27.301166493009433,679.9934092486598,350.8379760247228
RECLTD,23,Mar 2023,74,RECLTD,Mar 2023,RECLTD,Mar 2024,21.808133435232502,1.0867514589168659,16.174579326193573,366.6551242175888,265.59015392167055
RECLTD,24,Mar 2024,74,RECLTD,Mar 2024,RECLTD,-20059.0,23.90701572664821,1.579908529926943,26.135865564610747,477.94629823052105,298.67112558115684
RECLTD,25,TTM,74,RECLTD,Sep 2024,RECLTD,-17244.0,17.452421825382253,1.3173785296356193,20.249804800840955,884.874464041537,433.24968785611946
RELIANCE,13,Mar 2013,75,RELIANCE,Mar 2013,RELIANCE,Mar 2014,11.28808435981378,1.126132751269817,24.962306722881426,192.1690998263329,62.574608117456336
RELIANCE,14,Mar 2014,75,RELIANCE,Mar 2014,RELIANCE,Mar 2015,12.031725520420997,1.2564396315165247,13.37759074708978,879.1607583469753,227.90194543138557
RELIANCE,15,Mar 2015,75,RELIANCE,Mar 2015,RELIANCE,Mar 2016,16.355356858944244,1.7725983515407353,16.870123894730007,377.58921655418106,175.62873962160182
RELIANCE,16,Mar 2016,75,RELIANCE,Mar 2016,RELIANCE,Mar 2017,15.465500593838577,1.2857457800149128,25.667512426535126,233.09612275668064,428.56881791777755
RELIANCE,17,Mar 2017,75,RELIANCE,Mar 2017,RELIANCE,Mar 2018,17.043083744013302,0.7853951306174061,27.050832043680575,816.3870572633381,239.2955267971304
RELIANCE,18,Mar 2018,75,RELIANCE,Mar 2018,RELIANCE,Mar 2019,8.569405677381699,1.655532371646266,12.881855110123206,162.82029164820835,96.1465426309902
RELIANCE,19,Mar 2019,75,RELIANCE,Mar 2019,RELIANCE,Mar 2020,18.655204840730736,1.8584535557756938,19.458089597220773,193.53350684297635,445.00799918757014
RELIANCE,20,Mar 2020,75,RELIANCE,Mar 2020,RELIANCE,Mar 2021,9.419820688519946,1.3074309467033594,16.07873972269106,793.5071293249922,427.3387518791859
RELIANCE,21,Mar 2021,75,RELIANCE,Mar 2021,RELIANCE,Mar 2022,12.799676147862515,0.4162201560393579,16.94760882353477,961.5512410764504,69.988659799053
RELIANCE,22,Mar 2022,75,RELIANCE,Mar 2022,RELIANCE,Mar 2023,9.18784035730442,0.4378144837493081,12.573689590353892,960.4646415359789,134.86030571834422
RELIANCE,23,Mar 2023,75,RELIANCE,Mar 2023,RELIANCE,Mar 2024,17.27108483067831,1.011662754572601,26.835940957438467,451.7886903298425,497.4884909778032
RELIANCE,24,Mar 2024,75,RELIANCE,Mar 2024,RELIANCE,36918.0,11.187013962460352,0.9553140903743473,16.404714692437565,477.0033436409178,464.41327241245057
RELIANCE,25,TTM,75,RELIANCE,Sep 2024,RELIANCE,43261.0,10.330892433018786,1.2351241569836169,22.871337452918034,491.5992497448856,73.75547565411254
SBILIFE,13,Mar 2013,76,SBILIFE,Mar 2013,SBILIFE,Mar 2014,19.222935590754673,1.739301750924821,20.7398095664688,985.08498574554,83.16988416156224
SBILIFE,14,Mar 2014,76,SBILIFE,Mar 2014,SBILIFE,Mar 2015,12.853425175010994,1.9109018227243404,28.149896268576644,910.6809219087497,462.87001400825574
SBILIFE,15,Mar 2015,76,SBILIFE,Mar 2015,SBILIFE,Mar 2016,17.471083485544114,0.8877278921252483,24.75003420020706,849.459920732247,117.48015245827054
SBILIFE,16,Mar 2016,76,SBILIFE,Mar 2016,SBILIFE,Mar 2017,5.4863019936217405,1.5433196399311508,17.36199671873715,985.0913221584734,310.4167267615541
SBILIFE,17,Mar 2017,76,SBILIFE,Mar 2017,SBILIFE,Mar 2018,23.649850017506036,1.354637409060939,13.856213638634095,206.0024268808051,139.11323718071492
SBILIFE,18,Mar 2018,76,SBILIFE,Mar 2018,SBILIFE,Mar 2019,7.667598196040785,1.7568166766117248,11.848391807758915,812.3540727949012,196.89216671295964
SBILIFE,19,Mar 2019,76,SBILIFE,Mar 2019,SBILIFE,Mar 2020,18.72116177179562,0.5420688652191392,18.45759586764877,740.4141999138135,200.0317805511245
SBILIFE,20,Mar 2020,76,SBILIFE,Mar 2020,SBILIFE,Mar 2021,12.328825730401306,1.5946376995472302,16.338434532516754,794.7945587801723,390.4661929228778
SBILIFE,21,Mar 2021,76,SBILIFE,Mar 2021,SBILIFE,Mar 2022,19.884188617899902,0.9381271731021144,19.51677015671867,106.41838422080825,315.5955131309445
SBILIFE,22,Mar 2022,76,SBILIFE,Mar 2022,SBILIFE,Mar 2023,13.511015031086375,1.2597903475090217,28.064241162022963,838.0958686956022,485.72184321967046
SBILIFE,23,Mar 2023,76,SBILIFE,Mar 2023,SBILIFE,Mar 2024,9.862491399704199,1.2079103775015625,19.239150139174956,794.0964539795617,86.58669781230037
SBILIFE,24,Mar 2024,76,SBILIFE,Mar 2024,SBILIFE,1130.0,22.796124132117335,1.331876126700777,25.711643546841696,176.43504862152804,453.9698656884477
SBILIFE,25,TTM,76,SBILIFE,Sep 2024,SBILIFE,166.0,14.878427603775712,0.13174925407977778,21.58320027269899,626.6153725917904,246.74494739963723
SBIN,13,Mar 2013,77,SHREECEM,Jun 2013,SBIN,Mar 2014,18.253361759367912,0.6171332997843124,13.867453347965688,696.4716401302884,382.36122764078243
SBIN,14,Mar 2014,77,SHREECEM,Jun 2014,SBIN,Mar 2015,8.698478169228023,1.3709374747644754,25.306560667686128,820.4033712429274,457.9747007251401
SBIN,15,Mar 2015,77,SHREECEM,Jun 2015,SBIN,Mar 2016,22.996147247944094,1.9232191254427289,16.70269830363066,222.73156953538904,91.46745269381861
SBIN,16,Mar 2016,77,SHREECEM,Mar 2016,SBIN,Mar 2017,8.914156032819786,0.43162489418382566,16.98985300105693,304.53287653482437,135.05577163018725
SBIN,17,Mar 2017,77,SHREECEM,Mar 2017,SBIN,Mar 2018,17.29092180239122,1.9230826947288018,18.92323763213122,183.9330816686967,296.19172502402097
SBIN,18,Mar 2018,77,SHREECEM,Mar 2018,SBIN,Mar 2019,14.311553706972838,0.01149630557065473,20.97430705471939,471.0529032090846,323.10994834559136
SBIN,19,Mar 2019,77,SHREECEM,Mar 2019,SBIN,Mar 2020,15.591026535029336,1.914919313339999,20.565856180353748,295.05019755644014,301.07752437267413
SBIN,20,Mar 2020,77,SHREECEM,Mar 2020,SBIN,Mar 2021,24.48982691631032,0.2765701083911438,18.147420471811433,956.9080556146233,122.32988662436725
SBIN,21,Mar 2021,77,SHREECEM,Mar 2021,SBIN,Mar 2022,12.085355177868804,0.30524457166216856,10.151976005118392,714.4975397440166,204.130460629677
SBIN,22,Mar 2022,77,SHREECEM,Mar 2022,SBIN,Mar 2023,14.83786977226179,1.911723071976929,18.88197807135362,787.8375813563663,335.96970055112587
SBIN,23,Mar 2023,77,SHREECEM,Mar 2023,SBIN,Mar 2024,17.98348120145068,0.07441153947777135,22.770150715589565,567.4658159941137,480.4389435461979
SBIN,24,Mar 2024,77,SHREECEM,Mar 2024,SBIN,24332.0,6.042442517783475,1.8673633627815909,10.722181519883339,222.9497923885122,450.5281125171673
SBIN,25,TTM,77,SHREECEM,Sep 2024,SBIN,19142.0,16.503402445120646,1.1828060287706743,28.58937385365,853.5945269476067,481.0045490963858
SHREECEM,13,Jun 2013,78,SHRIRAMFIN,Mar 2013,SHREECEM,Jun 2014,12.131451613146467,1.3406837584115283,17.743430095166108,831.999838571514,228.7458530621128
SHREECEM,14,Jun 2014,78,SHRIRAMFIN,Mar 2014,SHREECEM,Jun 2015,13.90534195853917,1.904405030771859,16.90961955657815,183.9448055998281,308.63214049176355
SHREECEM,15,Jun 2015,78,SHRIRAMFIN,Mar 2015,SHREECEM,Mar 2016,12.257442162918966,0.3064107379344403,28.00118019872664,540.5669749752046,338.72843831418334
SHREECEM,16,Mar 2016 9m,78,SHRIRAMFIN,Mar 2016,SHREECEM,Mar 2017,9.043643354727152,1.457000317650227,29.929491134905298,683.4809901793296,383.1631938254502
SHREECEM,17,Mar 2017,78,SHRIRAMFIN,Mar 2017,SHREECEM,Mar 2018,12.015610905801623,0.20021871444059092,25.92817791489807,804.9641286348482,417.5880436676771
SHREECEM,18,Mar 2018,78,SHRIRAMFIN,Mar 2018,SHREECEM,Mar 2019,11.858454878663107,1.5201000641778637,13.476375006352724,894.4820400490896,92.94561167317742
SHREECEM,19,Mar 2019,78,SHRIRAMFIN,Mar 2019,SHREECEM,Mar 2020,24.607631388960666,1.995351049813433,14.71172668316926,763.3768028347596,414.53935399207376
SHREECEM,20,Mar 2020,78,SHRIRAMFIN,Mar 2020,SHREECEM,Mar 2021,23.604089686038105,0.1494027014704704,10.594748400310365,413.86534387367846,161.66943403505564
SHREECEM,21,Mar 2021,78,SHRIRAMFIN,Mar 2021,SHREECEM,Mar 2022,15.735602536533289,1.9831760675101047,13.024028603025112,709.2844077232455,434.99679450735556
SHREECEM,22,Mar 2022,78,SHRIRAMFIN,Mar 2022,SHREECEM,Mar 2023,17.646068702609483,0.5705500293986903,13.544315374625935,806.3611790408604,474.9932798101398
SHREECEM,23,Mar 2023,78,SHRIRAMFIN,Mar 2023,SHREECEM,Mar 2024,24.20787835308595,1.5593242857743361,17.263802797776403,269.3707025021456,423.1425190843833
SHREECEM,24,Mar 2024,78,SHRIRAMFIN,Mar 2024,SHREECEM,1260.0,12.811177126442704,0.4548371172927943,18.384893176022693,924.4582026567505,187.0003253372647
SHREECEM,25,TTM,78,SHRIRAMFIN,Sep 2024,SHREECEM,1401.0,8.99113053625854,1.3990997643411847,16.653245255953948,857.1522803555875,159.12640746216124
SHRIRAMFIN,13,Mar 2013,79,SIEMENS,Sep 2014,SHRIRAMFIN,Mar 2014,11.41038608887383,1.5428456457668598,29.634139561401103,899.232219621065,209.02905362497467
SHRIRAMFIN,14,Mar 2014,79,SIEMENS,Sep 2015,SHRIRAMFIN,Mar 2015,20.04454986332797,0.6964631311496141,20.307591194698038,823.9989198363992,429.5841672161557
SHRIRAMFIN,15,Mar 2015,79,SIEMENS,Sep 2016,SHRIRAMFIN,Mar 2016,18.817397093845777,1.4583852280297942,14.045879862579545,279.2889360924096,189.3762773159273
SHRIRAMFIN,16,Mar 2016,79,SIEMENS,Sep 2017,SHRIRAMFIN,Mar 2017,22.804176877664766,1.6722210512825526,19.642241511924375,544.038373876154,121.61670420111712
SHRIRAMFIN,17,Mar 2017,79,SIEMENS,Sep 2018,SHRIRAMFIN,Mar 2018,24.10097749702157,0.7667903682348602,29.309766702063147,810.9320602778533,297.53246512746796
SHRIRAMFIN,18,Mar 2018,79,SIEMENS,Sep 2019,SHRIRAMFIN,Mar 2019,24.00813402893126,0.6518589241683561,28.15703310021866,347.4918032045259,301.5429403130353
SHRIRAMFIN,19,Mar 2019,79,SIEMENS,Sep 2020,SHRIRAMFIN,Mar 2020,12.649073565151438,0.370004159751544,27.770882178009863,925.2849930811857,494.3074132065389
SHRIRAMFIN,20,Mar 2020,79,SIEMENS,Sep 2021,SHRIRAMFIN,Mar 2021,11.348285528864297,0.8757312373349762,17.631665660355033,243.66053269292857,459.5586903432778
SHRIRAMFIN,21,Mar 2021,79,SIEMENS,Sep 2022,SHRIRAMFIN,Mar 2022,10.543969935023705,1.3033597612088919,29.803818840503986,542.8570248551528,55.42890892550215
SHRIRAMFIN,22,Mar 2022,79,SIEMENS,Sep 2023,SHRIRAMFIN,Mar 2023,17.214063935366337,1.594209251750396,12.189472145058499,395.32481249752476,134.22150166758146
SHRIRAMFIN,23,Mar 2023,79,SIEMENS,Sep 2024,SHRIRAMFIN,Mar 2024,16.171560453744235,0.3067591351616388,10.151415340493786,367.7447894594166,297.56207566297803
SHRIRAMFIN,24,Mar 2024,79,SIEMENS,68.0,SHRIRAMFIN,-8359.0,5.779761940657526,0.46496479535121704,10.880746387669065,801.9938374108399,54.16284445383809
SHRIRAMFIN,25,TTM,79,SIEMENS,71.0,SHRIRAMFIN,-4055.0,23.153348059496466,1.507863638932986,16.093160010068726,396.41799067365986,494.67222940860376
SIEMENS,12,Sep 2011,80,SUNPHARMA,1322,SIEMENS,Sep 2011,15.181389642470176,1.425911103767025,13.04082367268415,776.2933464908175,268.2725864385719
SIEMENS,13,Sep 2014,80,SUNPHARMA,Mar 2013,SIEMENS,Sep 2014,11.343462516301754,0.41857802943246214,18.432222914718473,346.0916626052091,453.51534628062933
SIEMENS,14,Sep 2015,80,SUNPHARMA,Mar 2014,SIEMENS,Sep 2015,24.029299159292897,1.6133858587506429,25.444495833464273,531.6335636474555,110.95371093928637
SIEMENS,15,Sep 2016,80,SUNPHARMA,Mar 2015,SIEMENS,Sep 2016,12.214434404417535,0.5510392577273882,16.466314286872475,408.3427668134569,265.1338400474193
SIEMENS,16,Sep 2017,80,SUNPHARMA,Mar 2016,SIEMENS,Sep 2017,6.577299686152058,0.758617976805416,25.989460480639373,839.1281781801864,460.746250728027
SIEMENS,17,Sep 2018,80,SUNPHARMA,Mar 2017,SIEMENS,Sep 2018,20.990587473566023,1.677492970343825,16.99304405783737,929.0008238752863,455.7676335228005
SIEMENS,18,Sep 2019,80,SUNPHARMA,Mar 2018,SIEMENS,Sep 2019,6.818954907013737,1.0092546394033044,26.41847644814632,653.5914181344739,404.4328771655412
SIEMENS,19,Sep 2020,80,SUNPHARMA,Mar 2019,SIEMENS,Sep 2020,7.441384024991455,0.11817375094724558,10.130151071405937,124.18127716395034,103.5160108702226
SIEMENS,20,Sep 2021,80,SUNPHARMA,Mar 2020,SIEMENS,Sep 2021,22.06547264740943,1.7341998450990093,13.387154219430126,679.0439135804559,242.21218102907525
SIEMENS,21,Sep 2022,80,SUNPHARMA,Mar 2021,SIEMENS,Sep 2022,13.055088397975974,0.5854434748755153,20.044673118064658,509.122726908545,325.65079397262866
SIEMENS,22,Sep 2023,80,SUNPHARMA,Mar 2022,SIEMENS,Sep 2023,20.15857477521361,1.6232914078043692,10.378496708463917,229.80126998406675,143.1402614410258
SIEMENS,23,Sep 2024,80,SUNPHARMA,Mar 2023,SIEMENS,Sep 2024,8.810503749480112,0.83122807974415,11.799269166176018,609.8315026795428,390.71043375370226
SUNPHARMA,13,Mar 2013,81,TATACONSUM,Mar 2013,SUNPHARMA,Mar 2014,14.8852529097238,0.6348508105203308,23.934167764244776,373.0438129555205,318.9057250922944
SUNPHARMA,14,Mar 2014,81,TATACONSUM,Mar 2014,SUNPHARMA,Mar 2015,17.394599540177673,1.6390455482129935,29.588986457892137,959.6889874742727,263.76956572529593
SUNPHARMA,15,Mar 2015,81,TATACONSUM,Mar 2015,SUNPHARMA,Mar 2016,16.129742545403122,0.3654681754826339,19.732131720459776,247.6032612400097,425.7026966580448
SUNPHARMA,16,Mar 2016,81,TATACONSUM,Mar 2016,SUNPHARMA,Mar 2017,9.018588942185723,1.104785590600561,23.2424572529529,390.3083741044613,277.15178473936913
SUNPHARMA,17,Mar 2017,81,TATACONSUM,Mar 2017,SUNPHARMA,Mar 2018,16.489800755806428,1.6330434038050985,10.924499273952948,508.1376427149318,128.9742248060145
SUNPHARMA,18,Mar 2018,81,TATACONSUM,Mar 2018,SUNPHARMA,Mar 2019,21.420607932311498,0.015559953336532706,28.281340508419422,194.6330028537261,352.03042092959487
SUNPHARMA,19,Mar 2019,81,TATACONSUM,Mar 2019,SUNPHARMA,Mar 2020,15.342294151241546,0.13642014925216017,12.989922948013263,408.23442121109315,63.47220994235323
SUNPHARMA,20,Mar 2020,81,TATACONSUM,Mar 2020,SUNPHARMA,Mar 2021,16.91184604712377,1.7772657337745625,13.342152166927871,348.6598387998579,110.71039907327257
SUNPHARMA,21,Mar 2021,81,TATACONSUM,Mar 2021,SUNPHARMA,Mar 2022,14.758825396784651,0.3319239794802584,15.631375673621461,700.5580408313481,93.16110168453721
SUNPHARMA,22,Mar 2022,81,TATACONSUM,Mar 2022,SUNPHARMA,Mar 2023,6.408747012246943,1.2494564729695832,11.011027366040874,119.2694930754574,482.32548384615643
SUNPHARMA,23,Mar 2023,81,TATACONSUM,Mar 2023,SUNPHARMA,Mar 2024,11.699827909651939,1.6907038533027114,21.100501854931792,524.5728019093331,367.8648413356556
SUNPHARMA,24,Mar 2024,81,TATACONSUM,Mar 2024,SUNPHARMA,3357.0,17.269880756048313,1.0205196167532025,18.481824799518126,202.0062295892683,208.73801726990652
SUNPHARMA,25,TTM,81,TATACONSUM,Sep 2024,SUNPHARMA,3959.0,17.723098580081043,0.30575991740757646,15.107660056304791,354.01344100023107,173.78601021543375
TATACONSUM,13,Mar 2013,82,TATAMOTORS,Mar 2013,TATACONSUM,Mar 2014,15.114548078186212,0.7091149635383021,29.93778312532364,181.28308242493858,178.27179247151952
TATACONSUM,14,Mar 2014,82,TATAMOTORS,Mar 2014,TATACONSUM,Mar 2015,17.21550414710591,1.7469746894416305,21.67395960672561,235.9511096719142,380.53392458564474
TATACONSUM,15,Mar 2015,82,TATAMOTORS,Mar 2015,TATACONSUM,Mar 2016,18.422064536259832,1.2452605979314453,16.436196357291397,943.7136715911769,169.81332112923724
TATACONSUM,16,Mar 2016,82,TATAMOTORS,Mar 2016,TATACONSUM,Mar 2017,14.835556154939768,0.821330399016504,17.476927291534956,151.97018763513728,490.7176150212167
TATACONSUM,17,Mar 2017,82,TATAMOTORS,Mar 2017,TATACONSUM,Mar 2018,16.941952370545195,0.9776320770233489,17.924723716258125,303.95170619361767,326.665874704482
TATACONSUM,18,Mar 2018,82,TATAMOTORS,Mar 2018,TATACONSUM,Mar 2019,12.192235092055022,0.06897102658884524,19.571372236175346,548.2835790577228,356.2182232205553
TATACONSUM,19,Mar 2019,82,TATAMOTORS,Mar 2019,TATACONSUM,Mar 2020,14.433771119304517,1.8176488098994725,15.669362228936432,233.85662961685438,388.5806484948
TATACONSUM,20,Mar 2020,82,TATAMOTORS,Mar 2020,TATACONSUM,Mar 2021,15.415308234517571,1.404422993892758,28.871528339201273,314.0619234473298,355.47631614749423
TATACONSUM,21,Mar 2021,82,TATAMOTORS,Mar 2021,TATACONSUM,Mar 2022,15.990696064301934,0.5070172569498292,11.483743321435547,973.0307426289066,350.11417803256245
TATACONSUM,22,Mar 2022,82,TATAMOTORS,Mar 2022,TATACONSUM,Mar 2023,20.803601431273165,0.7837964519177985,16.195655445417753,366.73808757481544,407.340110075204
TATACONSUM,23,Mar 2023,82,TATAMOTORS,Mar 2023,TATACONSUM,Mar 2024,23.843586926085017,1.6850358702892647,14.774042365237847,471.22840965368744,457.84567952745857
TATACONSUM,24,Mar 2024,82,TATAMOTORS,Mar 2024,TATACONSUM,173.0,12.535233098490599,0.6048171384305039,14.726114218987318,558.4906869535286,363.0279217630824
TATACONSUM,25,TTM,82,TATAMOTORS,Sep 2024,TATACONSUM,422.0,18.940198473370085,0.18707173032847768,11.181875045174863,853.7213978023728,215.71369523168735
TATAMOTORS,13,Mar 2013,83,TATAPOWER,Mar 2013,TATAMOTORS,Mar 2014,13.109679496815412,0.841318756088322,25.154037754029115,163.0194833371479,330.4861740296614
TATAMOTORS,14,Mar 2014,83,TATAPOWER,Mar 2014,TATAMOTORS,Mar 2015,5.153591355327604,1.689702128718187,18.827619176775052,676.3568322416679,454.96899693482095
TATAMOTORS,15,Mar 2015,83,TATAPOWER,Mar 2015,TATAMOTORS,Mar 2016,8.19193380812269,0.9277125091686134,15.363523328722952,286.08754453149925,60.33522629422717
TATAMOTORS,16,Mar 2016,83,TATAPOWER,Mar 2016,TATAMOTORS,Mar 2017,24.843160072951555,1.5240020246614017,11.00274995524124,468.7847490947943,107.07537867081132
TATAMOTORS,17,Mar 2017,83,TATAPOWER,Mar 2017,TATAMOTORS,Mar 2018,18.72571968196258,1.3485968355332114,29.3359565915445,273.37537691746013,371.21692331713984
TATAMOTORS,18,Mar 2018,83,TATAPOWER,Mar 2018,TATAMOTORS,Mar 2019,19.54521582700693,0.8256057111580262,16.60437855622837,747.7270715617118,468.6196500752834
TATAMOTORS,19,Mar 2019,83,TATAPOWER,Mar 2019,TATAMOTORS,Mar 2020,13.301812919613742,1.881005574829626,27.084764969463382,303.6079341663029,251.86320567706233
TATAMOTORS,20,Mar 2020,83,TATAPOWER,Mar 2020,TATAMOTORS,Mar 2021,16.04578767096825,0.30261235841002176,21.907131075969218,152.14521310880008,395.72273435693387
TATAMOTORS,21,Mar 2021,83,TATAPOWER,Mar 2021,TATAMOTORS,Mar 2022,5.128243703858355,1.6210661290670776,25.960625098411995,228.94236693954466,154.75731720789074
TATAMOTORS,22,Mar 2022,83,TATAPOWER,Mar 2022,TATAMOTORS,Mar 2023,13.451762772835025,0.5099226582628467,11.11603486764549,734.0066598851389,308.2037894408672
TATAMOTORS,23,Mar 2023,83,TATAPOWER,Mar 2023,TATAMOTORS,Mar 2024,15.30460366665422,0.4830406190895715,25.664521044536684,897.7348078681376,259.4894480190516
TATAMOTORS,24,Mar 2024,83,TATAPOWER,Mar 2024,TATAMOTORS,22163.0,6.361715949780313,0.7056058307784165,21.671684279406854,146.8179491220806,331.3481349390996
TATAMOTORS,25,TTM,83,TATAPOWER,Sep 2024,TATAMOTORS,36151.0,18.796296314961847,0.5461758785820559,15.15249860501698,109.57097593238905,215.26400439034055
TATAPOWER,13,Mar 2013,84,TATASTEEL,Mar 2013,TATAPOWER,Mar 2014,18.45776420780865,0.84075646330363,23.472901833999877,467.0961799959346,458.61889597656204
TATAPOWER,14,Mar 2014,84,TATASTEEL,Mar 2014,TATAPOWER,Mar 2015,13.825922706828852,1.7229626393833584,17.96545006892937,115.15730014561164,430.11100729873743
TATAPOWER,15,Mar 2015,84,TATASTEEL,Mar 2015,TATAPOWER,Mar 2016,14.247080577317494,0.886511014458305,23.78328837246108,735.8256602033465,145.7017370856815
TATAPOWER,16,Mar 2016,84,TATASTEEL,Mar 2016,TATAPOWER,Mar 2017,20.606260512444607,1.9006582746313492,22.801502169289066,886.9539199809943,259.9098859460008
TATAPOWER,17,Mar 2017,84,TATASTEEL,Mar 2017,TATAPOWER,Mar 2018,8.638346519159885,0.26155974633476653,29.441534928629476,354.88406575467485,152.41149484983112
TATAPOWER,18,Mar 2018,84,TATASTEEL,Mar 2018,TATAPOWER,Mar 2019,15.650259109281379,0.6205260462343762,14.43130217116404,514.7251088374292,100.87937975279229
TATAPOWER,19,Mar 2019,84,TATASTEEL,Mar 2019,TATAPOWER,Mar 2020,11.607236378715054,0.34831344202417824,15.52635628104027,750.4403211978312,71.73062285201324
TATAPOWER,20,Mar 2020,84,TATASTEEL,Mar 2020,TATAPOWER,Mar 2021,11.825481433372842,0.6329474620753883,18.907969973627736,363.1454581095271,398.75361606943534
TATAPOWER,21,Mar 2021,84,TATASTEEL,Mar 2021,TATAPOWER,Mar 2022,21.205692709702557,0.2572490562334804,16.15082971564015,759.4552668292447,496.5514494491127
TATAPOWER,22,Mar 2022,84,TATASTEEL,Mar 2022,TATAPOWER,Mar 2023,18.88819956065659,1.9603526288011501,11.021956000578236,302.2686405428309,447.2533511535635
TATAPOWER,23,Mar 2023,84,TATASTEEL,Mar 2023,TATAPOWER,Mar 2024,11.843763670746343,1.7737516941426588,19.40940270080364,252.20879351365403,247.51374217163644
TATAPOWER,24,Mar 2024,84,TATASTEEL,Mar 2024,TATAPOWER,3286.0,11.88442122965376,1.6263707636438753,14.922560886674091,168.6539019815312,242.45863220126228
TATAPOWER,25,TTM,84,TATASTEEL,Sep 2024,TATAPOWER,6483.0,19.811827710638816,0.27299502313471335,28.796151679891015,493.3925856441565,391.7722389578741
TATASTEEL,13,Mar 2013,85,TCS,Mar 2013,TATASTEEL,Mar 2014,15.28726697920327,0.8855052957565972,22.75400990358322,585.4491732926707,289.2520727635844
TATASTEEL,14,Mar 2014,85,TCS,Mar 2014,TATASTEEL,Mar 2015,18.993882578300077,0.3800900609064568,23.001274499486527,201.27732719263742,136.85718763463007
TATASTEEL,15,Mar 2015,85,TCS,Mar 2015,TATASTEEL,Mar 2016,19.086881254147457,0.34135510719820017,22.987895292837223,237.53523372366345,128.53303028040665
TATASTEEL,16,Mar 2016,85,TCS,Mar 2016,TATASTEEL,Mar 2017,20.581065473722155,0.5816442686324641,21.393470563931487,925.6998538742167,274.3107630861742
TATASTEEL,17,Mar 2017,85,TCS,Mar 2017,TATASTEEL,Mar 2018,21.806522390648013,1.1879835304833504,12.576657694110862,765.1595611826178,112.0909075884806
TATASTEEL,18,Mar 2018,85,TCS,Mar 2018,TATASTEEL,Mar 2019,12.722982965089818,1.8903864120006777,13.457050251037126,485.5460211422765,122.41526521088889
TATASTEEL,19,Mar 2019,85,TCS,Mar 2019,TATASTEEL,Mar 2020,24.181394394650507,0.16094870550952955,24.757012496332095,461.550880426075,464.04269269382945
TATASTEEL,20,Mar 2020,85,TCS,Mar 2020,TATASTEEL,Mar 2021,18.68146794957628,0.01922374615962963,16.322710782508786,970.5227302085702,178.1109197051942
TATASTEEL,21,Mar 2021,85,TCS,Mar 2021,TATASTEEL,Mar 2022,21.58720579929249,0.42400152467004903,18.873309477651024,781.0806611388656,227.67817458290142
TATASTEEL,22,Mar 2022,85,TCS,Mar 2022,TATASTEEL,Mar 2023,21.07742605447843,0.7929568991081093,24.99380454094585,216.9938349811029,235.25651059008737
TATASTEEL,23,Mar 2023,85,TCS,Mar 2023,TATASTEEL,Mar 2024,14.954682928525301,0.7253360147365813,29.18554257589198,373.9000852672456,467.32389787063477
TATASTEEL,24,Mar 2024,85,TCS,Mar 2024,TATASTEEL,14035.0,8.158524827264152,0.7077078254780589,20.70871719295046,874.1676009919066,424.4826284967687
TATASTEEL,25,TTM,85,TCS,Sep 2024,TATASTEEL,13146.0,7.850215259761022,1.0395982523419498,11.333380504311943,921.6341487091519,73.11352609071473
TCS,13,Mar 2013,86,TECHM,1440,TCS,1099,11.640036377135258,1.8817598501814972,28.876450267338054,840.0437529120725,255.98205812723393
TCS,14,Mar 2014,86,TECHM,1441,TCS,1100,20.60703988252865,0.9828130469226781,11.738892757199284,996.3784726720016,71.43632504576075
TCS,15,Mar 2015,86,TECHM,1442,TCS,1101,10.902550749014228,0.9064607736729913,28.5192528873886,556.0854409933024,207.96344691438588
TCS,16,Mar 2016,86,TECHM,1443,TCS,1102,5.221876112823692,1.0465261075733454,19.010545878583137,732.8148462578469,134.07679050973252
TCS,17,Mar 2017,86,TECHM,1444,TCS,1103,9.109638863127028,0.8086048959246486,14.61521985489934,635.2371964551553,300.58644598807996
TCS,18,Mar 2018,86,TECHM,1445,TCS,1104,16.637103618506565,0.0988902095421631,23.80723370646739,466.1066477762317,451.30602055070665
TCS,19,Mar 2019,86,TECHM,1446,TCS,1105,12.173299586345543,0.6659667452705724,24.476925784083996,829.1840299822157,173.99008621666712
TCS,20,Mar 2020,86,TECHM,1447,TCS,1106,21.54198124805304,0.9255447311396428,19.369400065478537,959.1217379908096,256.8387785973979
TCS,21,Mar 2021,86,TECHM,1448,TCS,1107,16.988846976791145,1.6149216734701541,24.16899457070797,303.2494222264731,492.7122774641286
TCS,22,Mar 2022,86,TECHM,1449,TCS,1108,24.004572133673893,1.2345824050666359,12.22590608754908,942.5569585713936,228.9073586972967
TCS,23,Mar 2023,86,TECHM,1450,TCS,1109,18.328557647139903,1.2009304536814547,24.55770073697132,902.7233832269343,489.2071679002527
TCS,24,Mar 2024,86,TECHM,1451,TCS,Mar-13,15.190751173462607,0.005897221539820086,12.127744920476971,415.36228921597933,123.06139692682228
TCS,25,TTM,86,TECHM,1452,TCS,Mar-14,13.141834019942682,0.13370971498254014,16.970851710083338,108.81548878844181,405.2127120083554
TECHM,13,Mar 2013,87,TITAN,Mar 2013,TECHM,Mar 2014,13.707300741606685,1.712385486662077,16.155615569670452,942.6720944902555,456.38881924198506
TECHM,14,Mar 2014,87,TITAN,Mar 2014,TECHM,Mar 2015,6.448100405884296,1.9312248160243848,15.435991978842164,402.5976021517978,227.06592411707982
TECHM,15,Mar 2015,87,TITAN,Mar 2015,TECHM,Mar 2016,11.87291295018743,0.3143546094530967,18.928592330709048,659.3775448687385,394.516946875071
TECHM,16,Mar 2016,87,TITAN,Mar 2016,TECHM,Mar 2017,19.070857464921275,0.38307807093548374,14.392064644622087,184.80241912669374,484.6228298576234
TECHM,17,Mar 2017,87,TITAN,Mar 2017,TECHM,Mar 2018,14.410934818342021,1.7626582921503058,28.74137887064172,328.08406991467314,144.06869526164303
TECHM,18,Mar 2018,87,TITAN,Mar 2018,TECHM,Mar 2019,11.848760512398936,0.5767985525129828,18.41377729668723,125.47765797051231,373.89287165735385
TECHM,19,Mar 2019,87,TITAN,Mar 2019,TECHM,Mar 2020,16.711816922315137,0.3048978637447948,10.532242564636666,951.581292919058,323.24462464476943
TECHM,20,Mar 2020,87,TITAN,Mar 2020,TECHM,Mar 2021,22.882571766365555,1.5749799715341029,29.107323751053393,531.8082826911498,462.1696578281781
TECHM,21,Mar 2021,87,TITAN,Mar 2021,TECHM,Mar 2022,12.916445630660524,0.8256286815321268,20.901261862128944,522.5173197581706,381.63180387305766
TECHM,22,Mar 2022,87,TITAN,Mar 2022,TECHM,Mar 2023,16.55533164198904,0.0562287942045836,19.90399060884765,111.30631382028979,194.7371771415489
TECHM,23,Mar 2023,87,TITAN,Mar 2023,TECHM,Mar 2024,7.832800427302267,1.741635678010101,12.677158231410605,680.8859155927415,402.7111486707405
TECHM,24,Mar 2024,87,TITAN,Mar 2024,TECHM,855.0,9.286509526847437,1.671783634257035,15.959614902949383,459.49084549268326,457.4844435637237
TECHM,25,TTM,87,TITAN,Sep 2024,TECHM,1596.0,22.883932530435487,0.6996315988822805,19.889866111364206,295.80122301386365,273.57257847981145
TITAN,13,Mar 2013,88,TORNTPHARM,Mar 2013,TITAN,Mar 2014,16.239746257201567,1.1120889802503622,29.28298497868877,540.0121406464214,471.89280334738135
TITAN,14,Mar 2014,88,TORNTPHARM,Mar 2014,TITAN,Mar 2015,16.490291033194207,1.0275860558878667,15.027780462512057,688.9707425490267,453.0416879610731
TITAN,15,Mar 2015,88,TORNTPHARM,Mar 2015,TITAN,Mar 2016,5.9113702773446235,1.252902130799026,15.330009164448633,378.1632873249583,163.96610767717394
TITAN,16,Mar 2016,88,TORNTPHARM,Mar 2016,TITAN,Mar 2017,13.937428933720632,0.9890729337328026,12.732812724053204,742.6338192041221,461.48252032697116
TITAN,17,Mar 2017,88,TORNTPHARM,Mar 2017,TITAN,Mar 2018,11.664224665537892,1.0417144839532977,13.410665223607385,730.7216837724558,357.82408247534204
TITAN,18,Mar 2018,88,TORNTPHARM,Mar 2018,TITAN,Mar 2019,14.439158919611009,1.0741221739732103,21.674902360387083,476.18664217824124,86.1712528447963
TITAN,19,Mar 2019,88,TORNTPHARM,Mar 2019,TITAN,Mar 2020,14.066142675791768,0.7520631935310489,15.43677316708881,843.5328231776144,88.15560195172753
TITAN,20,Mar 2020,88,TORNTPHARM,Mar 2020,TITAN,Mar 2021,22.27842168692942,1.2186141619269655,21.78573266727693,254.05609313664885,167.35361854119748
TITAN,21,Mar 2021,88,TORNTPHARM,Mar 2021,TITAN,Mar 2022,21.91612947457776,1.1083356088416056,25.13772404012978,898.2180416979804,99.43791369181709
TITAN,22,Mar 2022,88,TORNTPHARM,Mar 2022,TITAN,Mar 2023,5.206699054390318,0.9408059858218922,17.24711319808845,113.66103839307908,160.48357481136333
TITAN,23,Mar 2023,88,TORNTPHARM,Mar 2023,TITAN,Mar 2024,15.406094293079091,1.1855160152688533,28.709622270995364,296.8387636969568,299.47360130213747
TITAN,24,Mar 2024,88,TORNTPHARM,Mar 2024,TITAN,553.0,23.580600949365483,1.343023896344322,20.20941758441313,703.756011653477,235.81404314034418
TITAN,25,TTM,88,TORNTPHARM,Sep 2024,TITAN,-555.0,7.570062018664528,0.8686965699727118,18.705699540108952,565.5870699203911,220.76866748635422
TORNTPHARM,13,Mar 2013,89,TRENT,Mar 2013,TORNTPHARM,Mar 2014,5.911701434995596,0.9364768424198899,20.18163108107078,774.1039070037315,368.7290563509036
TORNTPHARM,14,Mar 2014,89,TRENT,Mar 2014,TORNTPHARM,Mar 2015,19.606175831829653,1.0309722833735382,15.916141922607865,603.6459726184389,220.8076048968893
TORNTPHARM,15,Mar 2015,89,TRENT,Mar 2015,TORNTPHARM,Mar 2016,19.688100432211534,0.4149977321882683,12.475830045966948,585.7003992330028,116.37543268579863
TORNTPHARM,16,Mar 2016,89,TRENT,Mar 2016,TORNTPHARM,Mar 2017,16.78795046281072,1.0139961125430124,20.831634648191887,929.9680113888345,276.5832858388753
TORNTPHARM,17,Mar 2017,89,TRENT,Mar 2017,TORNTPHARM,Mar 2018,13.400632070937366,1.1902098328001314,28.678429103618214,630.2109851979257,257.39998120876294
TORNTPHARM,18,Mar 2018,89,TRENT,Mar 2018,TORNTPHARM,Mar 2019,13.121156363032743,1.4089894381796881,29.722961789681154,838.0567629912304,404.10522700791466
TORNTPHARM,19,Mar 2019,89,TRENT,Mar 2019,TORNTPHARM,Mar 2020,8.841965401226986,0.9185570048226939,10.081076478623434,369.8929552696378,402.55978093145944
TORNTPHARM,20,Mar 2020,89,TRENT,Mar 2020,TORNTPHARM,Mar 2021,10.09434642528144,0.157945980918744,24.012335836789102,416.2771550241558,54.439339734341864
TORNTPHARM,21,Mar 2021,89,TRENT,Mar 2021,TORNTPHARM,Mar 2022,5.170763058234873,1.1495894871576524,12.12922706117074,582.5272648627842,447.72114168555964
TORNTPHARM,22,Mar 2022,89,TRENT,Mar 2022,TORNTPHARM,Mar 2023,17.789632259757262,0.015626221422643027,15.134812243723443,563.7047937935281,297.5074937639603
TORNTPHARM,23,Mar 2023,89,TRENT,Mar 2023,TORNTPHARM,Mar 2024,11.901335075748811,0.9422946333343729,18.194661478186358,102.02846410322005,142.8541132835805
TORNTPHARM,24,Mar 2024,89,TRENT,Mar 2024,TORNTPHARM,153.0,17.82073605625262,0.7874851184299707,28.507956599964363,275.82517262677254,492.7452043362417
TORNTPHARM,25,TTM,89,TRENT,Sep 2024,TORNTPHARM,599.0,15.003571313291657,0.817489696522155,23.22705711851622,869.9430521008833,283.3557837577945
TRENT,13,Mar 2013,90,TVSMOTOR,Mar 2013,TRENT,Mar 2014,14.522255470006485,0.1637552117946115,12.536864393675407,649.0864607935372,125.322871080281
TRENT,14,Mar 2014,90,TVSMOTOR,Mar 2014,TRENT,Mar 2015,7.2620260893613615,0.44822903375914414,13.958407174727924,264.5915874216052,199.24608013717793
TRENT,15,Mar 2015,90,TVSMOTOR,Mar 2015,TRENT,Mar 2016,20.278013974693113,0.11446105026721587,20.54733514905093,778.7611847466455,401.20205278000606
TRENT,16,Mar 2016,90,TVSMOTOR,Mar 2016,TRENT,Mar 2017,18.461680796698204,0.538125483594103,25.89094735801511,587.6534550343588,301.1199654917583
TRENT,17,Mar 2017,90,TVSMOTOR,Mar 2017,TRENT,Mar 2018,15.396201119862296,0.7236137600672077,18.06792952802457,939.957881063808,136.90274360629155
TRENT,18,Mar 2018,90,TVSMOTOR,Mar 2018,TRENT,Mar 2019,17.373399304576786,0.3194586523500629,23.233135347052638,284.73394562069177,253.4228216135939
TRENT,19,Mar 2019,90,TVSMOTOR,Mar 2019,TRENT,Mar 2020,23.015115979424284,0.05065190981287593,23.447232047713836,911.8098624438302,353.6618427976631
TRENT,20,Mar 2020,90,TVSMOTOR,Mar 2020,TRENT,Mar 2021,22.015207496158325,1.5523441834318537,20.620524489351048,622.5681851161354,253.20366097552406
TRENT,21,Mar 2021,90,TVSMOTOR,Mar 2021,TRENT,Mar 2022,10.38450193211223,0.17613445901827984,17.941277568488175,275.77437208843105,232.14526738479984
TRENT,22,Mar 2022,90,TVSMOTOR,Mar 2022,TRENT,Mar 2023,17.781051062820268,0.7799633814592268,23.461033029501984,206.2627586272827,161.30128322544056
TRENT,23,Mar 2023,90,TVSMOTOR,Mar 2023,TRENT,Mar 2024,21.616556539164392,0.8811669647401272,26.16022471401933,526.0582764830398,428.45255744929983
TRENT,24,Mar 2024,90,TVSMOTOR,Mar 2024,TRENT,31.0,8.600687967824312,1.519213501784825,12.864211993789192,665.536146212761,376.8364908540059
TRENT,25,TTM,90,TVSMOTOR,Sep 2024,TRENT,-46.0,14.148630018450294,0.9288077365369145,13.706865459118065,821.4764241010456,77.42816380508037
TVSMOTOR,13,Mar 2013,91,ULTRACEMCO,Mar 2013,TVSMOTOR,Mar 2014,23.671427622597342,0.6665317970519871,28.440069409666435,616.7573560246435,176.3793365457222
TVSMOTOR,14,Mar 2014,91,ULTRACEMCO,Mar 2014,TVSMOTOR,Mar 2015,6.463570300919006,1.1408803505048142,14.188418380786448,406.4648138631013,198.87441589294647
TVSMOTOR,15,Mar 2015,91,ULTRACEMCO,Mar 2015,TVSMOTOR,Mar 2016,15.567214792509247,0.5515181902744504,28.86173377002808,807.5587508205703,297.48704348870626
TVSMOTOR,16,Mar 2016,91,ULTRACEMCO,Mar 2016,TVSMOTOR,Mar 2017,24.152441627370315,0.21589698804287982,25.97828666960808,942.20133838195,104.30598238525553
TVSMOTOR,17,Mar 2017,91,ULTRACEMCO,Mar 2017,TVSMOTOR,Mar 2018,15.542986904024092,0.7731961253033115,20.339004518324295,894.1943321256914,412.7464798733579
TVSMOTOR,18,Mar 2018,91,ULTRACEMCO,Mar 2018,TVSMOTOR,Mar 2019,5.574164644452422,1.5797710540924832,17.163673849984242,229.52738782016203,253.02174281015772
TVSMOTOR,19,Mar 2019,91,ULTRACEMCO,Mar 2019,TVSMOTOR,Mar 2020,16.226006674213135,0.2415045741597508,21.361633455437065,893.9152154349808,154.1187817531523
TVSMOTOR,20,Mar 2020,91,ULTRACEMCO,Mar 2020,TVSMOTOR,Mar 2021,20.54729410196574,1.0220920690550532,22.04363722962613,361.36363719665405,263.46102976655226
TVSMOTOR,21,Mar 2021,91,ULTRACEMCO,Mar 2021,TVSMOTOR,Mar 2022,23.35435781528897,1.799791515977298,15.827617660350878,112.66848407166322,52.87784177547109
TVSMOTOR,22,Mar 2022,91,ULTRACEMCO,Mar 2022,TVSMOTOR,Mar 2023,19.99205011264959,1.4049296747591713,16.782880343774146,219.71261338188216,482.6011674373909
TVSMOTOR,23,Mar 2023,91,ULTRACEMCO,Mar 2023,TVSMOTOR,Mar 2024,18.716281703568917,0.5003669545760561,19.726547445945393,165.07478770032313,438.2772273866711
TVSMOTOR,24,Mar 2024,91,ULTRACEMCO,Mar 2024,TVSMOTOR,464.0,24.253287512805535,0.15718420739588934,17.536667071611994,283.87954978339747,190.0350138702149
TVSMOTOR,25,TTM,91,ULTRACEMCO,Sep 2024,TVSMOTOR,470.0,6.8305117571093525,0.9160480332549277,27.980101378450883,161.2988906006774,152.07543798563856
ULTRACEMCO,13,Mar 2013,92,UNIONBANK,Mar 2014,ULTRACEMCO,Mar 2014,22.57532266276885,0.2708000777983046,19.917618127035038,367.7346661326868,241.7327295562907
ULTRACEMCO,14,Mar 2014,92,UNIONBANK,Mar 2015,ULTRACEMCO,Mar 2015,19.040721026928388,1.4168057245064394,25.055717359722017,334.670897131463,318.4743068483983
ULTRACEMCO,15,Mar 2015,92,UNIONBANK,Mar 2016,ULTRACEMCO,Mar 2016,22.535022313094622,1.7796475601772095,13.532797269133326,723.611363662493,328.111937066276
ULTRACEMCO,16,Mar 2016,92,UNIONBANK,Mar 2017,ULTRACEMCO,Mar 2017,11.155847609003068,0.8316548248772877,16.81102823528278,228.4651066085283,422.13552422802263
ULTRACEMCO,17,Mar 2017,92,UNIONBANK,Mar 2018,ULTRACEMCO,Mar 2018,16.432070195114044,0.4774410818278174,22.99714519384049,985.4915000623556,471.54698181892275
ULTRACEMCO,18,Mar 2018,92,UNIONBANK,Mar 2019,ULTRACEMCO,Mar 2019,19.825428284587048,0.4359584133731613,11.642538222689083,805.5711025467052,215.25941238177933
ULTRACEMCO,19,Mar 2019,92,UNIONBANK,Mar 2020,ULTRACEMCO,Mar 2020,22.023507869065703,1.274531782313315,13.133792163395249,363.4599012383822,422.58692936078563
ULTRACEMCO,20,Mar 2020,92,UNIONBANK,Mar 2021,ULTRACEMCO,Mar 2021,13.011278221382893,0.5994641352458328,17.390133153206147,683.3537519713793,324.0099939903586
ULTRACEMCO,21,Mar 2021,92,UNIONBANK,Mar 2022,ULTRACEMCO,Mar 2022,12.50284253677819,1.7897262713604798,20.494175925105676,795.4627502884161,446.5473904237649
ULTRACEMCO,22,Mar 2022,92,UNIONBANK,Mar 2023,ULTRACEMCO,Mar 2023,23.08890570543596,1.3346787183324629,26.32809640232448,298.99073016645195,308.310811323556
ULTRACEMCO,23,Mar 2023,92,UNIONBANK,Mar 2024,ULTRACEMCO,Mar 2024,21.566939238552468,0.27942008178990796,27.584717212431688,402.01226116085354,63.39674198166204
ULTRACEMCO,24,Mar 2024,92,UNIONBANK,597.0,ULTRACEMCO,3618.0,21.018517632916325,1.5668535822526304,20.61504429749526,414.4265392581527,326.40452976096884
ULTRACEMCO,25,TTM,92,UNIONBANK,630.0,ULTRACEMCO,3455.0,8.506594137247072,0.28997400723896694,20.003490130730718,264.4436372526411,188.04348717286442
UNIONBANK,13,Mar 2013,93,UNITDSPR,2013,UNIONBANK,Mar 2014,18.5336318663663,1.7255740024841482,13.884749181881597,875.311300210432,88.11881407413827
UNIONBANK,14,Mar 2014,93,UNITDSPR,2014,UNIONBANK,Mar 2015,7.387211711198416,1.9033753900617096,21.7586107484897,984.0754205926145,282.47341055105767
UNIONBANK,15,Mar 2015,93,UNITDSPR,2015,UNIONBANK,Mar 2016,12.335413352800849,0.4288662188586181,23.73576087042075,241.71181381921502,52.54211808134472
UNIONBANK,16,Mar 2016,93,UNITDSPR,2016,UNIONBANK,Mar 2017,5.640111359824232,1.0504567996071545,11.690181169399425,251.2958746343731,391.74583159956586
UNIONBANK,17,Mar 2017,93,UNITDSPR,2017,UNIONBANK,Mar 2018,11.573516941315114,1.26957783717499,15.320068998131994,978.2682078654774,448.51246291675744
UNIONBANK,18,Mar 2018,93,UNITDSPR,2018,UNIONBANK,Mar 2019,12.694843244176266,1.997170801251977,29.559620794825662,487.08886329228517,130.49783475455305
UNIONBANK,19,Mar 2019,93,UNITDSPR,2019,UNIONBANK,Mar 2020,13.772877548472056,0.10451296527758291,25.649746219771817,238.00363788336185,194.496892065994
UNIONBANK,20,Mar 2020,93,UNITDSPR,2020,UNIONBANK,Mar 2021,6.48129828799304,0.5689079453750734,20.978031347044073,645.3995491387702,77.96129756910634
UNIONBANK,21,Mar 2021,93,UNITDSPR,2021,UNIONBANK,Mar 2022,7.906310241274809,1.8024777800283145,28.58668928842,110.40486302552476,199.87236945851916
UNIONBANK,22,Mar 2022,93,UNITDSPR,2022,UNIONBANK,Mar 2023,24.16349851737776,1.456647942311154,28.371978437921893,825.8619945442061,213.14597194122277
UNIONBANK,23,Mar 2023,93,UNITDSPR,2023,UNIONBANK,Mar 2024,11.388441573894479,1.0019218553210973,20.85385000596683,892.9292664150919,418.9023434813154
UNIONBANK,24,Mar 2024,93,UNITDSPR,2024,UNIONBANK,-4245.0,15.850509196258361,1.1923272620182925,13.345566709234033,456.7654369562734,458.61889237484155
UNIONBANK,25,TTM,93,UNITDSPR,2024.5,UNIONBANK,2570.0,17.232017792753776,0.6325269180520019,11.085711661625288,156.7933802654403,57.93522301106224
UNITDSPR,13,Mar 2013,94,VEDL,2013,UNITDSPR,Mar 2014,17.969749261315982,0.897203651326308,22.55978094946099,846.1254226274607,378.70546090965973
UNITDSPR,14,Mar 2014,94,VEDL,2014,UNITDSPR,Mar 2015,11.571241871259774,0.0354811590064108,28.987569243396948,338.26144045025194,402.4061144619299
UNITDSPR,15,Mar 2015,94,VEDL,2015,UNITDSPR,Mar 2016,8.893062107665058,0.17890100919259333,13.426323903663743,266.2500728084002,99.59327501266814
UNITDSPR,16,Mar 2016,94,VEDL,2016,UNITDSPR,Mar 2017,17.938534909204872,0.7644754743816256,10.685964884205259,699.4642857869811,213.49483898520774
UNITDSPR,17,Mar 2017,94,VEDL,2017,UNITDSPR,Mar 2018,13.647583873690223,0.8783167677273782,28.024084714889565,598.2875525859074,161.13830240500187
UNITDSPR,18,Mar 2018,94,VEDL,2018,UNITDSPR,Mar 2019,14.385616855758993,0.410362547164836,11.790606529646592,666.2498814214681,255.84110300379314
UNITDSPR,19,Mar 2019,94,VEDL,2019,UNITDSPR,Mar 2020,18.09504924164272,1.6199809595935637,27.90907576750872,665.1654004190167,103.33301217105213
UNITDSPR,20,Mar 2020,94,VEDL,2020,UNITDSPR,Mar 2021,21.610063728054477,0.7026037235686147,10.100128016573786,646.6937858051334,395.22035367899906
UNITDSPR,21,Mar 2021,94,VEDL,2021,UNITDSPR,Mar 2022,18.040946660535205,1.7623822500658475,24.932433321743055,324.10831073537975,469.5595645786493
UNITDSPR,22,Mar 2022,94,VEDL,2022,UNITDSPR,Mar 2023,17.108429035544432,1.3747818166715762,28.397842965938445,207.4286933841006,321.8330900880096
UNITDSPR,23,Mar 2023,94,VEDL,2023,UNITDSPR,Mar 2024,20.858827056653105,0.32503168294597784,19.100676874923863,321.82101427283317,252.64726826125576
UNITDSPR,24,Mar 2024,94,VEDL,2024,UNITDSPR,1969.0,21.003533368583412,1.489772600013089,29.02682663600601,971.2506715651749,420.40861556831186
UNITDSPR,25,TTM,94,VEDL,2024.5,UNITDSPR,-552.0,10.713438261072092,0.26733679713648195,22.73154344113334,300.7412658458382,408.4255433423032
VBL,13,Dec 2012,95,WIPRO,2013,VBL,Dec 2013,15.885898901138258,1.4795940795073226,11.927288847535191,398.5230675179127,159.80685446568674
VBL,14,Dec 2013,95,WIPRO,2014,VBL,Dec 2014,12.326942055361037,1.5850063971348531,16.637813774130148,209.47069775765308,290.33409028807336
VBL,15,Dec 2014,95,WIPRO,2015,VBL,Dec 2015,9.014047149554997,1.8077177218472902,20.05095949106619,782.3985965119188,431.2276504534315
VBL,16,Dec 2015,95,WIPRO,2016,VBL,Dec 2016,24.543237299660397,0.04037962922029936,18.693665309878995,460.44914048073593,86.14401350489398
VBL,17,Dec 2016,95,WIPRO,2017,VBL,Dec 2017,18.467733781878295,0.8292636831328299,17.47580470851606,314.8852876996481,397.31879413856825
VBL,18,Dec 2017,95,WIPRO,2018,VBL,Dec 2018,15.482549437658985,1.0400787229808086,29.881121618047096,257.41170447398827,329.38992621264947
VBL,19,Dec 2018,95,WIPRO,2019,VBL,Dec 2019,18.78929504985814,0.04317077271548486,26.11680421687983,991.3292055055017,164.01018311046596
VBL,20,Dec 2019,95,WIPRO,2020,VBL,Dec 2020,11.295227750638094,0.4721699712112979,28.626814807138906,467.13717562262724,71.64183433257766
VBL,21,Dec 2020,95,WIPRO,2021,VBL,Dec 2021,13.072906994148841,1.6069716475133562,22.382847185065373,684.8915537139646,351.9838723438142
VBL,22,Dec 2021,95,WIPRO,2022,VBL,Dec 2022,12.236799375685585,1.1152802099358197,25.777169819777285,575.5389840083703,417.89677794927843
VBL,23,Dec 2022,95,WIPRO,2023,VBL,Dec 2023,8.075189730111278,0.19861253562865855,10.291093754080478,522.6495523507837,390.7686337239
VBL,24,Dec 2023,95,WIPRO,2024,VBL,280.0,13.673424267995829,0.32286873583094855,24.56675040456126,507.0058064142437,466.1641944414441
VBL,25,TTM,95,WIPRO,2024.5,VBL,297.0,16.391818104177453,0.9807286414479377,11.00794786024483,978.4059504035486,111.96000050568598
VEDL,13,Mar 2013,96,ZOMATO,2023,VEDL,Mar 2014,17.61930920601792,1.2351378366814005,27.91248655470371,623.4165256980879,158.62809407208223
VEDL,14,Mar 2014,96,ZOMATO,2024,VEDL,Mar 2015,20.82189154097064,0.5965435456256634,26.09688114827017,615.5855933442085,265.72187442603547
VEDL,15,Mar 2015,96,ZOMATO,2024.5,VEDL,Mar 2016,13.889922942032415,0.11460271393486954,13.80014165857695,526.5092910710578,295.7655844012313
VEDL,16,Mar 2016,96,ZOMATO,0.0,VEDL,Mar 2017,8.720619889742572,0.8960874113063073,21.068327004115893,141.47550273922138,74.08420585122357
VEDL,17,Mar 2017,96,ZOMATO,0.0,VEDL,Mar 2018,22.19319525936703,1.5049260816120442,19.806740210063527,347.524818831327,82.13758905669623
VEDL,18,Mar 2018,96,ZOMATO,0.0,VEDL,Mar 2019,20.04490708575726,0.28586863970176135,23.660139535022825,158.21690207778127,393.680358223074
VEDL,19,Mar 2019,96,ZOMATO,0.0,VEDL,Mar 2020,13.65454088719828,0.4383649876539766,28.97887032261127,119.50378033984882,395.1187164728359
VEDL,20,Mar 2020,96,ZOMATO,764.0,VEDL,Mar 2021,14.572589290828708,1.856223157814213,18.463807793025026,277.44596471459363,219.1438908354114
VEDL,21,Mar 2021,96,ZOMATO,836.0,VEDL,Mar 2022,17.533268820500812,0.9023839601818393,21.774060888314185,164.77608530711086,283.70064480966437
VEDL,22,Mar 2022,96,ZOMATO,868.0,VEDL,Mar 2023,22.124798763168656,0.7237227385306426,15.081185307825493,754.2061034204456,240.34261599731332
VEDL,23,Mar 2023,96,ZOMATO,872.0,VEDL,Mar 2024,12.65329910223333,0.6617204545523034,21.701996272929463,837.1930091593885,134.29756236061772
VEDL,24,Mar 2024,96,ZOMATO,1036,VEDL,22.0,10.085161616848064,0.4541411626281755,28.272208962699366,313.0485135752311,392.85998043526814
VEDL,25,TTM,96,ZOMATO,2356,VEDL,15601.0,19.128255082115977,1.0176668402366873,23.31443832385691,237.5228686451098,272.8402740761927
WIPRO,13,Mar 2013,97,ZYDUSLIFE,2013,WIPRO,Mar 2014,23.85913717480903,1.263826631331846,10.542189672328515,524.8352744251658,291.38379844673904
WIPRO,14,Mar 2014,97,ZYDUSLIFE,2014,WIPRO,Mar 2015,19.94748007516456,1.7912936764757095,17.088736610362666,201.02785440731657,368.0508995121667
WIPRO,15,Mar 2015,97,ZYDUSLIFE,2015,WIPRO,Mar 2016,19.149701939821,1.0420909270512966,11.311767068257229,693.0597641472832,388.38993227077856
WIPRO,16,Mar 2016,97,ZYDUSLIFE,2016,WIPRO,Mar 2017,8.422345474166251,0.15871499949793266,10.80124717291806,995.7343210168189,440.2285704652001
WIPRO,17,Mar 2017,97,ZYDUSLIFE,2017,WIPRO,Mar 2018,13.191988445582322,1.2571528623652244,17.58664179529738,326.4958443232979,416.7866338006003
WIPRO,18,Mar 2018,97,ZYDUSLIFE,2018,WIPRO,Mar 2019,13.255258775239495,0.2160739856362328,12.287351740329557,336.9874948681353,487.66079227165466
WIPRO,19,Mar 2019,97,ZYDUSLIFE,2019,WIPRO,Mar 2020,20.412541923622268,0.3885909255004263,12.585741924192524,755.6631372551924,203.7469304093959
WIPRO,20,Mar 2020,97,ZYDUSLIFE,2020,WIPRO,Mar 2021,8.324223840017108,1.5925482415288743,16.018253689061797,277.33715805979494,245.44947752208162
WIPRO,21,Mar 2021,97,ZYDUSLIFE,2021,WIPRO,Mar 2022,24.36837432589733,1.1431927373631,24.232207285852574,924.5831745826309,108.24133789530245
WIPRO,22,Mar 2022,97,ZYDUSLIFE,2022,WIPRO,Mar 2023,7.516146956374659,1.4491056237190807,11.084488462244675,391.0864130219288,494.94354338050886
WIPRO,23,Mar 2023,97,ZYDUSLIFE,2023,WIPRO,Mar 2024,23.371405357412367,0.12985962667898088,13.945335276388276,316.78931127095217,382.866362087349
WIPRO,24,Mar 2024,97,ZYDUSLIFE,2024,WIPRO,6394.0,23.658286730682775,0.5010977648335471,21.207205802474878,843.4897190540783,92.97476804599646
WIPRO,25,TTM,97,ZYDUSLIFE,2024.5,WIPRO,6790.0,21.35609982540244,0.4145910557817989,17.658781708180054,119.12026705840375,492.47748002077145
INDIGO,13,Mar 2013,46,INDIGO,Mar 2013,INDIGO,Mar 2014,23.67479024534985,0.6985180375415034,16.15569487478313,216.36857908241328,234.27902123000837
INDIGO,14,Mar 2014,46,INDIGO,Mar 2014,INDIGO,Mar 2015,20.873399248086777,0.026783321679613614,13.540466958312038,916.9213917075015,134.95023507247225
INDIGO,15,Mar 2015,46,INDIGO,Mar 2015,INDIGO,Mar 2016,21.45080341700428,1.1424933780012874,13.09092167772014,561.3208495894572,266.719544069933
INDIGO,16,Mar 2016,46,INDIGO,Mar 2016,INDIGO,Mar 2017,6.1231096404944125,0.6424016255148064,22.020603789336672,820.3704481072787,327.19816118448176
INDIGO,17,Mar 2017,46,INDIGO,Mar 2017,INDIGO,Mar 2018,9.159634843659068,1.9341511304817565,19.86533548518358,139.21054903589112,192.58202437734008
INDIGO,18,Mar 2018,46,INDIGO,Mar 2018,INDIGO,Mar 2019,22.72260990635023,1.6348396941834076,17.256597461604468,537.4900830647699,317.97408065817666
INDIGO,19,Mar 2019,46,INDIGO,Mar 2019,INDIGO,Mar 2020,18.177056722084288,0.8913260439497979,25.806505199831946,861.9586451866505,435.2991273355539
INDIGO,20,Mar 2020,46,INDIGO,Mar 2020,INDIGO,Mar 2021,23.743878475975794,1.1559776496928877,22.014434975154664,561.1300013476161,163.39608582870153
INDIGO,21,Mar 2021,46,INDIGO,Mar 2021,INDIGO,Mar 2022,19.333674026545605,1.4492033010729461,10.457583422300594,747.1126103210058,351.9986082478518
INDIGO,22,Mar 2022,46,INDIGO,Mar 2022,INDIGO,Mar 2023,18.237536860867074,0.22677496545146125,12.05993688347603,627.3720508295662,479.5758407113903
INDIGO,23,Mar 2023,46,INDIGO,Mar 2023,INDIGO,Mar 2024,14.059212943377213,0.9907795251288849,27.693941434294594,686.3779856026229,60.667805098268644
INDIGO,24,Mar 2024,46,INDIGO,Mar 2024,INDIGO,1741.0,7.919263517011117,1.7354978248361461,26.118161636769845,687.5318945132829,430.4416263117248
INDIGO,25,TTM,46,INDIGO,Sep 2024,INDIGO,1595.0,22.768156291705736,1.1515038730048233,10.866226264003082,515.2041993751959,302.5648376262204
ABB,26,1653,0,ABB,21.0,ABB,Mar 2016,19.351093957153044,1.2882714700599633,26.14679888042602,499.0952311542017,86.5607856010064
ABB,27,2276,0,ABB,21.0,ABB,Mar 2017,10.81266458807217,0.8411197238965948,25.036261398287245,818.811785315258,141.10821908348825
ABB,28,2289,0,ABB,21.0,ABB,Mar 2018,14.23329577031158,1.9054631491691179,20.38483952970615,698.1174741729491,236.78459747562377
ABB,29,2614,0,ABB,21.0,ABB,Mar 2019,19.987063223173763,0.1742127202286039,18.833684359678756,783.4446139672358,148.50134769207096
ABB,30,2903,0,ABB,21.0,ABB,Mar 2020,8.327163589154544,1.0461962944547196,10.35759737892709,431.0572873527416,342.73179029279424
ABB,31,3298,0,ABB,21.0,ABB,Mar 2021,23.453951884671945,0.40220117444214876,27.46710289801833,279.7987099559319,394.64721046488455
ABB,32,3679,0,ABB,21.0,ABB,Mar 2022,16.870869925115084,0.8122932625604822,11.127628162209708,797.5252442637596,163.58714351691862
ABB,33,4093,0,ABB,21.0,ABB,Mar 2023,22.505993705372497,0.1586115418541998,23.492915016791503,920.7526408737084,213.9683689488098
ABB,34,4310,0,ABB,21.0,ABB,Mar 2024,17.20099221950672,1.640085180290173,27.041321151842297,244.48024138636896,309.369015575321
ABB,35,4913,0,ABB,21.0,ABB,Mar 2014,17.529764353416496,0.060330049937163066,25.21021166708939,855.169265124568,191.1107093828542
ABB,36,5349,0,ABB,21.0,ABB,Mar 2015,13.801263405071854,1.2861419100791764,23.333218650845758,227.5504659873505,136.40832262352762
ABB,37,5849,0,ABB,21.0,ABB,Mar 2016,7.959578454191794,1.5834380664854673,29.43886285321327,913.1083364670394,85.6181632816253
ABB,38,6066,0,ABB,21.0,ABB,Mar 2017,15.92113559050177,0.3568270260273736,25.41720919617152,787.287630098602,76.31222473891549
ADANIENSOL,24,0,1,ADANIENSOL,0.1,ADANIENSOL,1544.0,15.846610076058639,1.927033155965061,17.085159276285772,984.7191451347617,361.53300869379854
ADANIENSOL,25,131,1,ADANIENSOL,1090.0,ADANIENSOL,2189.0,20.279023425378043,1.6639587402709177,25.95314728551362,714.2366786092498,66.22356686931255
ADANIENSOL,26,2194,1,ADANIENSOL,1100.0,ADANIENSOL,2198.0,19.870101825845133,1.6431162435418007,13.265251589840162,368.20344936915245,233.81877353565312
ADANIENSOL,27,2876,1,ADANIENSOL,1100.0,ADANIENSOL,2591.0,14.550233929609087,1.1775069716307502,11.090347154088093,126.40800357172085,228.55686337285385
ADANIENSOL,28,3944,1,ADANIENSOL,1100.0,ADANIENSOL,5437.0,18.29737993901775,1.3231456790882548,13.179022702784547,598.061915950565,410.5621201290132
ADANIENSOL,29,7305,1,ADANIENSOL,1100.0,ADANIENSOL,3784.0,22.29105032773281,1.7715900056180407,28.682510203531507,397.9172246042288,63.86912750884606
ADANIENSOL,30,11416,1,ADANIENSOL,1100.0,ADANIENSOL,4097.0,13.788670658236448,0.1582265832427101,16.05375005040724,234.21738673058294,345.53663741045006
ADANIENSOL,31,9926,1,ADANIENSOL,1100.0,ADANIENSOL,3777.0,18.64883322891538,1.079371309997358,20.488341024031428,823.4077973655801,64.77781838431859
ADANIENSOL,32,11258,1,ADANIENSOL,1100.0,ADANIENSOL,6038.0,5.198192670627691,1.7690326358217117,15.174063955028533,791.9994522248119,483.367213637472
ADANIENSOL,33,13293,1,ADANIENSOL,1115.0,ADANIENSOL,0.0,13.05095860944202,0.12160714495543634,12.501935757908324,302.77659950750956,345.53386765148935
ADANIENSOL,34,16607,1,ADANIENSOL,1115.0,ADANIENSOL,-1864.0,22.502944494834004,1.825294034130686,17.70128087516178,676.900755696529,144.66551558163985
ADANIENSOL,35,22099,1,ADANIENSOL,1201.0,ADANIENSOL,-816.0,9.229909091689311,0.30849418331195366,27.24055857730544,964.6637038360662,378.12047775630947
ADANIENT,26,46375,2,ADANIENT,110.0,ADANIENT,8532.0,24.34636500787404,1.2182270493351202,23.49980512913998,727.8635476613053,148.84564298673033
ADANIENT,27,54947,2,ADANIENT,110.0,ADANIENT,5112.0,18.771001442383575,1.8750754834475027,16.1862853558978,172.84898313658238,237.13604244805063
ADANIENT,28,64465,2,ADANIENT,110.0,ADANIENT,774.0,8.877077361157578,1.2746623532825274,21.124643903525904,175.529670826802,478.2691296664646
ADANIENT,29,34008,2,ADANIENT,110.0,ADANIENT,2942.0,22.675769793316277,1.6097107223375144,17.886742574255685,644.1146570264034,467.36345319052964
ADANIENT,30,36533,2,ADANIENT,110.0,ADANIENT,3236.0,15.37264884221546,1.2757489463172236,21.824736268667156,513.3266525484911,94.38620063079719
ADANIENT,31,35924,2,ADANIENT,110.0,ADANIENT,2454.0,14.19082009178146,0.3238618674510354,11.027252724776089,390.6504505727055,284.58783868785787
ADANIENT,32,40379,2,ADANIENT,110.0,ADANIENT,4043.0,5.686627745885151,1.2483293601463616,13.369042289997674,394.7970507421595,259.7276602987059
ADANIENT,33,43403,2,ADANIENT,110.0,ADANIENT,1385.0,5.854935315552141,1.1970842825306067,18.2983004213135,655.5334465427292,382.84764706099503
ADANIENT,34,39537,2,ADANIENT,110.0,ADANIENT,17626.0,8.022906341082496,0.30906839495312677,23.472557226054356,294.21787131304836,245.45352263116362
ADANIENT,35,69420,2,ADANIENT,110.0,ADANIENT,10312.0,8.067225787658217,1.8034426945944442,18.086721512016286,478.8476704525069,128.60621724414648
ADANIENT,36,127540,2,ADANIENT,114.0,ADANIENT,-14790.0,5.667740209288549,1.113041619902337,25.755098202874137,654.7913613154097,229.96506662563795
ADANIENT,37,96421,2,ADANIENT,114.0,ADANIENT,-8007.0,7.966748395989627,0.8292379311605309,16.400200154537096,409.4793101049424,109.03696825808228
ADANIENT,38,102311,2,ADANIENT,114.0,ADANIENT,-11465.0,19.78650611210001,1.4451074224157736,26.84723623269552,578.2275820843898,226.2671649831551
ADANIGREEN,18,502,3,ADANIGREEN,1274.0,ADANIGREEN,1625.0,8.251319368293753,1.2196005118456092,28.98328501770367,898.2097275228464,93.86814762946241
ADANIGREEN,19,1480,3,ADANIGREEN,1564.0,ADANIGREEN,1965.0,16.681096071798436,1.6052918725753145,20.280780665483935,504.2375638015581,468.14401760337637
ADANIGREEN,20,2058,3,ADANIGREEN,1564.0,ADANIGREEN,1601.0,23.38427617464084,0.7687561312850248,19.742049944767718,207.6361446574723,395.6451825218331
ADANIGREEN,21,2549,3,ADANIGREEN,1564.0,ADANIGREEN,3127.0,12.627133639072362,0.6564887569096476,19.224364193107096,838.3768259496106,206.0592094370471
ADANIGREEN,22,3124,3,ADANIGREEN,1564.0,ADANIGREEN,7265.0,12.095800259755112,0.9946441119391922,13.016822856107133,375.46502382110367,51.51118817720617
ADANIGREEN,23,5133,3,ADANIGREEN,1564.0,ADANIGREEN,7713.0,10.51846286708222,0.4123694000936602,25.97704901241445,193.78426840008274,220.99414173081314
ADANIGREEN,24,7776,3,ADANIGREEN,1584.0,ADANIGREEN,-1511.0,17.234071271447394,0.8389581364361338,14.967809837049554,476.7136268337657,82.75241935372134
ADANIGREEN,25,9220,3,ADANIGREEN,1584.0,ADANIGREEN,-4428.0,15.794743130165346,0.5929798644346551,13.223763015842533,551.9096015856153,137.68817206189522
ADANIGREEN,26,10782,3,ADANIGREEN,1584.0,ADANIGREEN,-2666.0,23.38642063409696,0.35668596859505186,24.69840077310748,491.26057835663414,286.01375448286217
ADANIPORTS,52,3577,4,ADANIPORTS,11620,ADANIPORTS,-1325.0,21.673739579548563,1.9384501057851407,29.7957402879729,607.7840603739523,331.03142818990847
ADANIPORTS,53,4830,4,ADANIPORTS,12979,ADANIPORTS,-1889.0,19.924872367140914,1.8775635156676915,27.96893919622556,923.7786357199334,412.8364376025108
ADANIPORTS,54,6152,4,ADANIPORTS,17776,ADANIPORTS,2313.0,22.51257937294683,0.9653421296586207,17.419683112770134,384.40847901900327,255.40006657460052
ADANIPORTS,55,7109,4,ADANIPORTS,22342,ADANIPORTS,-4256.0,23.56878013101144,1.822884035391116,11.849225484860247,287.4181842549111,271.07063854610084
ADANIPORTS,56,8439,4,ADANIPORTS,22214,ADANIPORTS,3514.0,17.200780295566396,1.0847809096621377,20.346748861327097,871.2689615077995,226.76542563301183
ADANIPORTS,57,11323,4,ADANIPORTS,22370,ADANIPORTS,-586.0,5.940847155602116,0.8392275672928613,19.682070102123447,793.4270149705426,211.41404815976583
ADANIPORTS,58,10925,4,ADANIPORTS,27712,ADANIPORTS,-2734.0,5.688824626712585,0.3477219439782522,28.978951843336517,465.6475930168116,124.81520409622684
ADANIPORTS,59,11873,4,ADANIPORTS,30242,ADANIPORTS,-7800.0,9.46577181368715,0.2476872340259706,15.554762140674487,984.0772582098663,472.51638525097974
ADANIPORTS,60,12550,4,ADANIPORTS,35855,ADANIPORTS,381.0,16.606443995400696,1.631192248574309,23.840647345632995,490.07266778716286,301.5849435305631
ADANIPORTS,61,17119,4,ADANIPORTS,47935,ADANIPORTS,-606.0,13.794897986848984,1.4383684688518688,16.840730486499066,659.0808699912473,106.32183110232677
ADANIPORTS,62,20852,4,ADANIPORTS,53434,ADANIPORTS,335.0,5.510011969734263,1.2503368680508609,17.211895481866346,633.3107431602671,487.5927548249372
ADANIPORTS,63,26711,4,ADANIPORTS,49470,ADANIPORTS,398.0,20.202526003930277,0.9217118770446511,19.28766940024802,933.7044238262235,422.0323733232607
ADANIPORTS,64,28443,4,ADANIPORTS,50485,ADANIPORTS,109.0,14.9709764480074,0.02921028233415357,20.228399305545146,501.25978447305846,164.82360357199138
ADANIPORTS,65,3577,4,ADANIPORTS,3022,ADANIPORTS,-127.0,8.172849706411059,0.5883381848517844,26.351494238513258,709.6482538961848,102.51723456408833
ADANIPORTS,66,4830,4,ADANIPORTS,2933,ADANIPORTS,3975.0,14.977410857671778,0.9016239721350519,14.332800039389852,206.05673580518663,249.8524244478743
ADANIPORTS,67,6152,4,ADANIPORTS,3541,ADANIPORTS,2397.0,17.37432499645183,1.0119412791461406,25.467189806393126,969.8343907630034,369.82762222718407
ADANIPORTS,68,7109,4,ADANIPORTS,2538,ADANIPORTS,-2994.0,13.042608894141276,0.7284539887264614,10.51407377925104,629.7772943422204,188.8553101846428
ADANIPORTS,69,8439,4,ADANIPORTS,3629,ADANIPORTS,4341.0,14.735547369778015,1.3231556481316196,17.687002209960138,337.6894396209341,485.13231057407455
ADANIPORTS,70,11323,4,ADANIPORTS,3960,ADANIPORTS,-7550.0,12.295679350094865,1.5222943491692784,15.321148097340016,600.0086084191036,406.5246774824674
ADANIPORTS,71,10925,4,ADANIPORTS,4228,ADANIPORTS,450.0,13.080644725639374,0.6040516076928526,22.238054595817086,429.2523630062406,364.9901166935731
ADANIPOWER,26,6692,5,ADANIPOWER,2393.0,ADANIPOWER,5824.0,19.548552898626973,1.2026215759405812,15.291366249872498,768.2948338202359,122.54868079405453
ADANIPOWER,27,15328,5,ADANIPOWER,2872.0,ADANIPOWER,5257.0,13.44456946664544,0.2722969540933684,10.832938719648556,589.2361335828975,313.59724713416523
ADANIPOWER,28,18683,5,ADANIPOWER,2872.0,ADANIPOWER,4725.0,15.135556711858953,1.4097840183290336,22.273901209346498,162.31040535849002,455.6526689736608
ADANIPOWER,29,25377,5,ADANIPOWER,3334.0,ADANIPOWER,5101.0,7.01025293398859,1.7096470223979767,10.500911076785844,652.8765258398712,407.87526421104667
ADANIPOWER,30,22616,5,ADANIPOWER,3857.0,ADANIPOWER,5610.0,24.452886520396536,1.1723879053194775,15.922588964169666,900.1174167708392,457.604281145771
ADANIPOWER,31,20304,5,ADANIPOWER,3857.0,ADANIPOWER,5598.0,17.18804230191887,1.5726044016182306,11.543150651301302,632.3925309144485,84.85933696630397
ADANIPOWER,32,23884,5,ADANIPOWER,3857.0,ADANIPOWER,7014.0,13.347715252374371,0.6200022381874362,17.663878007614414,825.1739527422122,226.969067851462
ADANIPOWER,33,26468,5,ADANIPOWER,3857.0,ADANIPOWER,10233.0,17.30580222428125,1.9649764422102574,10.159632354155704,975.2889225562741,465.6316933423688
ADANIPOWER,34,26221,5,ADANIPOWER,3857.0,ADANIPOWER,8431.0,20.542995101470723,1.3791385386610973,27.300953926976838,582.7362335349436,394.2569966503087
ADANIPOWER,35,27711,5,ADANIPOWER,3857.0,ADANIPOWER,14170.0,20.891438771926985,1.7594441789204394,17.658582497335377,178.85417815848757,268.35336213921113
ADANIPOWER,36,38773,5,ADANIPOWER,3857.0,ADANIPOWER,-4064.0,5.887006690924728,0.5565194523086088,19.685847144534378,234.0553508799863,68.30195071506071
ADANIPOWER,37,50351,5,ADANIPOWER,3857.0,ADANIPOWER,-4700.0,14.750454780551184,1.9539901336193657,19.736292615011166,544.5837119858065,370.52606727781375
ADANIPOWER,38,54650,5,ADANIPOWER,3857.0,ADANIPOWER,-4737.0,24.66836797524961,1.6478736395023494,20.420183239455998,408.0822485168668,166.07414409252135
AMBUJACEM,26,9749,6,AMBUJACEM,308.0,AGTL,-1167.0,12.648315902993286,1.5434566612110796,13.991040332913101,894.5194820659118,234.07810981374635
AMBUJACEM,27,9161,6,AMBUJACEM,309.0,AGTL,-752.0,17.15664850989965,1.8329260737272075,24.24646318269506,259.6684525163382,477.57618179668333
AMBUJACEM,28,9955,6,AMBUJACEM,310.0,AGTL,779.0,10.898161024535158,0.08804015866516002,10.466035615330608,718.5124879247271,88.7375229164214
AMBUJACEM,29,9437,6,AMBUJACEM,310.0,AGTL,-1077.0,24.207729690816937,0.6338840745030547,24.933008969134324,715.8328432879596,122.77870686465577
AMBUJACEM,30,20094,6,AMBUJACEM,397.0,AGTL,-102.0,18.558262486510344,1.157705456781207,28.456600983728958,446.0739860641803,274.50647402649753
AMBUJACEM,31,23609,6,AMBUJACEM,397.0,AGTL,39.0,8.293830189842016,0.3017083412118242,20.791135929530604,248.88131810753384,181.47449575653758
AMBUJACEM,32,26041,6,AMBUJACEM,397.0,AGTL,422.0,9.629607097048165,0.8406433954331414,12.762444183273182,670.5615701028055,334.1961714614186
AMBUJACEM,33,27104,6,AMBUJACEM,397.0,AGTL,295.0,18.91128519198767,1.2649220185635672,25.83399582735324,503.9456539667277,237.2135346532749
AMBUJACEM,34,24516,6,AMBUJACEM,397.0,AGTL,-78.0,8.676928460365964,1.2016371710887264,28.078242212060772,932.9699584279492,204.8790800663052
AMBUJACEM,35,28965,6,AMBUJACEM,397.0,AGTL,68.0,21.617793102998473,0.3082086946971925,24.3392114300255,279.3604322483201,463.55097497066237
AMBUJACEM,36,38937,6,AMBUJACEM,397.0,AGTL,70.0,13.902591143586495,1.896838735720002,16.98250597040414,290.14011947379777,96.57962172772704
AMBUJACEM,37,33160,6,AMBUJACEM,440.0,AGTL,-71.0,23.605481419486473,0.6000772629361042,20.921049421378015,525.6969442699674,187.05403351836213
AMBUJACEM,38,32850,6,AMBUJACEM,493.0,AGTL,-78.0,18.835390415933798,1.682544118129242,28.777464792615135,199.1783621413236,465.50642005772687
APOLLOHOSP,26,3769,7,APOLLOHOSP,70.0,AMBUJACEM,1675.0,19.564039392903197,0.8706854243560396,20.498886920680064,679.8180590235265,79.063997685021
APOLLOHOSP,27,4357,7,APOLLOHOSP,70.0,AMBUJACEM,1557.0,21.73092043830353,0.3763313280675633,26.021483249085502,798.8584619571942,208.4738491934176
APOLLOHOSP,28,5129,7,APOLLOHOSP,70.0,AMBUJACEM,2810.0,22.74423815690662,1.2718299760497005,17.237612292206837,414.65900621100036,184.2847172755774
APOLLOHOSP,29,6150,7,APOLLOHOSP,70.0,AMBUJACEM,3416.0,7.7678385133175,1.722012327741291,22.23000574277786,166.2106460140003,131.6410657434547
APOLLOHOSP,30,7256,7,APOLLOHOSP,70.0,AMBUJACEM,1703.0,23.061404862676127,1.8831294218511194,17.136461462249315,199.53999031486273,319.01828880487454
APOLLOHOSP,31,8243,7,APOLLOHOSP,70.0,AMBUJACEM,4739.0,19.348090155026995,1.957297369180815,10.560369991051298,491.868273232001,356.5961299213882
APOLLOHOSP,32,9617,7,APOLLOHOSP,70.0,AMBUJACEM,4832.0,8.48339658259051,0.26373841538885157,27.845562022969215,578.9602185057151,291.33490392902
APOLLOHOSP,33,11247,7,APOLLOHOSP,70.0,AMBUJACEM,5309.0,22.025800446850067,1.729772892070377,14.321720730148492,793.8946519808659,382.9967524306182
APOLLOHOSP,34,10560,7,APOLLOHOSP,72.0,AMBUJACEM,735.0,17.687326263790467,0.4038040538739982,17.86512877435623,428.55605308963965,296.78754798432755
APOLLOHOSP,35,14663,7,APOLLOHOSP,72.0,AMBUJACEM,5646.0,16.082574994721455,1.093392122423946,20.069136190687406,359.0855929059917,233.15366831930658
APOLLOHOSP,36,16612,7,APOLLOHOSP,72.0,AMBUJACEM,-388.0,9.780801195314432,0.5344046288813245,17.735598647577078,283.19561857607687,202.90321525618577
APOLLOHOSP,37,19059,7,APOLLOHOSP,72.0,AMBUJACEM,-496.0,17.109778520528828,0.5133772874726794,22.916451536902933,469.0247694427254,91.91902510844022
APOLLOHOSP,38,20469,7,APOLLOHOSP,72.0,AMBUJACEM,-456.0,20.41760151152861,0.47726260329620307,27.902800032593667,882.5758221044509,110.33310263982216
ASIANPAINT,26,10504,8,ASIANPAINT,Mar 2013,APOLLOHOSP,470.0,17.4497613660521,1.1948258365053759,17.59686393263822,314.850829702965,397.93755705019083
ASIANPAINT,27,12220,8,ASIANPAINT,Mar 2014,APOLLOHOSP,597.0,5.1823237650787,1.722725693418577,16.911216429124906,320.90798177658655,208.75324272245678
ASIANPAINT,28,13615,8,ASIANPAINT,Mar 2015,APOLLOHOSP,623.0,14.068630494960425,1.6669166842190948,11.017570599250018,985.0534099141923,53.086095288412146
ASIANPAINT,29,14271,8,ASIANPAINT,Mar 2016,APOLLOHOSP,537.0,24.825218258879115,0.5266550384574993,22.593543908305893,627.0480876588572,76.46563017383977
ASIANPAINT,30,15062,8,ASIANPAINT,Mar 2017,APOLLOHOSP,905.0,19.083543401456936,1.478433466309604,21.863006552706274,573.4621546531392,76.82282005898259
ASIANPAINT,31,16825,8,ASIANPAINT,Mar 2018,APOLLOHOSP,1293.0,22.80040930373807,1.7822965803327624,19.91283469887659,307.7130556630092,207.45504428882876
ASIANPAINT,32,19240,8,ASIANPAINT,Mar 2019,APOLLOHOSP,1265.0,9.16388355681946,1.313762891169141,19.324826251761493,919.3883258671196,382.3641878152102
ASIANPAINT,33,20211,8,ASIANPAINT,Mar 2020,APOLLOHOSP,1696.0,21.83730013695921,1.9491403046464466,14.460333615934855,512.2948487093697,478.34038678479885
ASIANPAINT,34,21713,8,ASIANPAINT,Mar 2021,APOLLOHOSP,1377.0,12.596282790775353,1.81752054776539,22.656748943508305,433.4526840844776,437.7428665851753
ASIANPAINT,35,29101,8,ASIANPAINT,Mar 2022,APOLLOHOSP,1920.0,18.210013646508717,1.2885107062928836,14.954368424028804,627.0904431972939,314.0350224619108
ASIANPAINT,36,34489,8,ASIANPAINT,Mar 2023,APOLLOHOSP,-733.0,16.76598382548707,0.28450485566879635,28.080375301731465,998.6387718773103,492.4211748429654
ASIANPAINT,37,35495,8,ASIANPAINT,Mar 2024,APOLLOHOSP,-356.0,21.24757148001166,0.0599911622676379,24.58740543228794,908.4353441066262,266.47326291634727
ASIANPAINT,38,34831,8,ASIANPAINT,Sep 2024,APOLLOHOSP,-759.0,16.717428983539804,0.4501290327203713,22.297414066790044,396.0477565518142,408.42625806214653
ATGL,16,1374,9,ATGL,257.0,ASIANPAINT,Mar 2017,7.787459654856179,1.0772282231211867,28.77363116385341,373.0439002908312,442.73315864274826
ATGL,17,1719,9,ATGL,110.0,ASIANPAINT,Mar 2018,8.942368921958044,0.44717981748456137,19.258597383559493,176.42022092571705,153.21667427521288
ATGL,18,1875,9,ATGL,110.0,ASIANPAINT,Mar 2019,14.167037115120172,1.1693072470268515,17.30103830749929,464.0634611931719,109.2173098597081
ATGL,19,1696,9,ATGL,110.0,ASIANPAINT,Mar 2020,5.990063003775954,1.8102562812386238,24.311859826308527,544.066412034906,375.2285056655767
ATGL,20,3038,9,ATGL,110.0,ASIANPAINT,Mar 2021,9.408238060954556,0.23915480999227334,15.02469530917864,647.7839819283565,284.05800089917625
ATGL,21,4378,9,ATGL,110.0,ASIANPAINT,Mar 2022,19.41603932592452,0.539861442488339,19.079728996800775,634.7416315421169,279.1264766135646
ATGL,22,4475,9,ATGL,110.0,ASIANPAINT,Mar 2023,9.727966947275565,0.8453677404696887,15.661000200375273,838.9864568841608,166.02050439744835
ATGL,23,4826,9,ATGL,110.0,ASIANPAINT,Mar 2024,21.269717634916216,1.5997342049352776,15.754064268254236,993.7866824930047,112.88807219440139
BAJAJ-AUTO,26,20025,11,BAJAJ-AUTO,289.0,BAJAJ-AUTO,Mar 2015,5.0198214655082545,1.8054261236031832,23.074503458232158,111.74554349567447,100.71138453514246
BAJAJ-AUTO,27,20137,11,BAJAJ-AUTO,289.0,BAJAJ-AUTO,Mar 2016,17.67128433068774,0.8268326338371446,24.45323660484929,776.0916647319581,228.29942381025185
BAJAJ-AUTO,28,21595,11,BAJAJ-AUTO,289.0,BAJAJ-AUTO,Mar 2017,18.598583506868174,0.056338200165169994,25.218332175018134,290.47102144486837,132.42322915789296
BAJAJ-AUTO,29,22574,11,BAJAJ-AUTO,289.0,BAJAJ-AUTO,Mar 2018,13.882527596387852,1.855975613890313,13.134601505975077,858.3161317216617,385.2128125288085
BAJAJ-AUTO,30,21755,11,BAJAJ-AUTO,289.0,BAJAJ-AUTO,Mar 2019,11.696657190786794,0.8278570200347306,16.908109828359436,181.03079945531732,369.4689017244734
BAJAJ-AUTO,31,25210,11,BAJAJ-AUTO,289.0,BAJAJ-AUTO,Mar 2020,5.612519059597139,1.3159020899020077,11.139475727815451,905.7342808939067,300.90149563459113
BAJAJ-AUTO,32,30358,11,BAJAJ-AUTO,289.0,BAJAJ-AUTO,Mar 2021,10.898352105154741,1.460696330165822,14.562883203307278,103.09672802655415,393.90335244189487
BAJAJ-AUTO,33,29919,11,BAJAJ-AUTO,289.0,BAJAJ-AUTO,Mar 2022,6.794021473225154,1.8379538181424275,25.38723772167806,846.7510309435103,109.69864513284764
BAJAJ-AUTO,34,27741,11,BAJAJ-AUTO,289.0,BAJAJ-AUTO,Mar 2023,5.031696218853467,1.2616354851658902,17.809990344989153,907.1693973230102,231.98622813374757
BAJAJ-AUTO,35,33145,11,BAJAJ-AUTO,289.0,BAJAJ-AUTO,Mar 2024,24.655508475839174,1.5408949065931115,14.219813873718813,696.438956807927,246.43793014259097
BAJAJ-AUTO,36,36455,11,BAJAJ-AUTO,283.0,BAJAJ-AUTO,Mar 2013,12.893664190218555,1.3770024146156645,26.431201253523415,886.1908644765458,472.2928285635509
BAJAJ-AUTO,37,44870,11,BAJAJ-AUTO,279.0,BAJAJ-AUTO,Mar 2014,13.807201337745065,1.6690579470326767,23.030347524955474,240.11581060321,386.01066272191395
BAJAJ-AUTO,38,48900,11,BAJAJ-AUTO,279.0,BAJAJ-AUTO,Mar 2015,22.18050156629745,0.8751597093861307,29.250187589498847,496.73496776080214,80.14337055610264
AXISBANK,26,27183,10,AXISBANK,474.0,AXISBANK,-15162.0,18.388561264499792,1.3104186817780725,27.458129488367582,597.0585147123861,211.1429029092695
AXISBANK,27,30641,10,AXISBANK,477.0,AXISBANK,-34495.0,21.9038070383586,0.639376682606404,12.784711974677155,302.20178991812514,498.9243499970004
AXISBANK,28,35479,10,AXISBANK,479.0,AXISBANK,32209.0,24.053118057869163,1.1339370356103942,25.200581100217427,828.3628602926511,499.53507572680087
AXISBANK,29,40988,10,AXISBANK,513.0,AXISBANK,-38390.0,19.47337113617306,0.028010973102942538,23.168369647504846,502.4870723210784,338.95747847026166
AXISBANK,30,44542,10,AXISBANK,514.0,AXISBANK,37125.0,9.461515866215528,0.5264095795402142,27.8986570161911,648.451511068608,247.87644205440833
AXISBANK,31,45780,10,AXISBANK,564.0,AXISBANK,30416.0,10.554011065801918,1.2102517257589398,11.146649758669787,125.14446619451934,428.0258598083259
AXISBANK,32,54986,10,AXISBANK,613.0,AXISBANK,12633.0,19.753691576683654,0.14344889203160793,20.881179980660715,702.5057395908243,100.41313520207098
AXISBANK,33,62635,10,AXISBANK,614.0,AXISBANK,28137.0,24.475059801323297,1.888894852382431,28.408208253672395,620.647252799758,396.75397862524056
AXISBANK,34,63346,10,AXISBANK,615.0,AXISBANK,22075.0,14.575356400122994,0.5921797368253381,11.014778590474954,439.99980420174506,193.3442068572389
AXISBANK,35,67377,10,AXISBANK,617.0,AXISBANK,-5555.0,9.299624526512634,0.7082123529852842,22.115283270164763,671.6377584231825,142.76343232986244
AXISBANK,36,85164,10,AXISBANK,32690,AXISBANK,-10939.0,24.693923237847933,1.5827604282570007,17.46587058178855,882.6173469978622,396.64338594098916
AXISBANK,37,109369,10,AXISBANK,37926,AXISBANK,-14166.0,6.374560698257053,1.0555386280876218,21.39372534218796,382.6722174324172,180.9493886885346
AXISBANK,38,120659,10,AXISBANK,44475,AXISBANK,-7972.0,5.726432086435073,1.3460161775297381,21.07504906999715,654.2446113343271,78.12863201409962
BAJAJFINSV,26,8055,12,BAJAJFINSV,80.0,BAJAJFINSV,-10731.0,20.769633142861863,1.8047802360105478,13.769942424489566,286.8607849122444,147.79009350273765
BAJAJFINSV,27,6023,12,BAJAJFINSV,80.0,BAJAJFINSV,-9795.0,15.643297852778996,0.28583152196793615,16.7088409791307,405.21681467916505,427.7517493475315
BAJAJFINSV,28,11335,12,BAJAJFINSV,80.0,BAJAJFINSV,-10922.0,15.006159198853155,1.3642763092254362,14.501722305484819,200.54894995514877,361.07952494061
BAJAJFINSV,29,20533,12,BAJAJFINSV,80.0,BAJAJFINSV,-19580.0,21.646170761763837,0.12738403940131593,28.18926011740725,291.5867859919846,333.23814286245863
BAJAJFINSV,30,24507,12,BAJAJFINSV,80.0,BAJAJFINSV,-27076.0,23.847038821843395,1.7503399455745112,19.952083595608077,690.336940747995,484.69036742085825
BAJAJFINSV,31,32862,12,BAJAJFINSV,80.0,BAJAJFINSV,-23369.0,11.98901255384095,0.4313582642342002,29.472719588699754,112.81237094723323,55.45292139266346
BAJAJFINSV,32,42605,12,BAJAJFINSV,80.0,BAJAJFINSV,4547.0,5.023956129046889,1.6903197075078422,28.764022026019177,634.4036092565157,65.57630397549414
BAJAJFINSV,33,54351,12,BAJAJFINSV,80.0,BAJAJFINSV,-33670.0,5.767442967739487,0.008173631690773897,22.55111764910444,449.14488516497784,411.3364876558363
BAJAJFINSV,34,60592,12,BAJAJFINSV,80.0,BAJAJFINSV,-39480.0,10.468640017872644,0.3209436376325747,29.536853681362626,552.3946972363899,446.28316180691036
BAJAJFINSV,35,68406,12,BAJAJFINSV,80.0,BAJAJFINSV,-68674.0,5.569390226827819,0.10014244490716262,21.874663912146833,905.7811002910873,406.51539725490494
BAJAJFINSV,36,82072,12,BAJAJFINSV,159.0,BAJAJFINSV,2953.0,11.11050455340477,1.6317458645125729,27.464071853238586,904.4146129836565,52.46496906148406
BAJAJFINSV,37,110382,12,BAJAJFINSV,159.0,BAJAJFINSV,3764.0,17.634199449637023,0.33705092777729107,29.414025894180536,539.7503805178019,413.18323027350755
BAJAJFINSV,38,126263,12,BAJAJFINSV,160.0,BAJAJFINSV,3709.0,20.35023006801398,1.8266029270679291,21.788077434635014,200.23846196165783,292.47817485372707
BAJAJHLDNG,26,337,13,BAJAJHLDNG,111.0,BAJAJHLDNG,796.0,10.463551967342381,0.6452431305959614,26.732453841427265,285.7488971786379,85.93548008277914
BAJAJHLDNG,27,423,13,BAJAJHLDNG,111.0,BAJAJHLDNG,1147.0,16.364816495455642,0.24586174484745005,17.923766697706238,676.5807935294887,308.68815366200647
BAJAJHLDNG,28,524,13,BAJAJHLDNG,111.0,BAJAJHLDNG,-923.0,22.622124031114755,1.3915302298611916,11.817790198917253,263.1259832101978,294.3468959350487
BAJAJHLDNG,29,470,13,BAJAJHLDNG,111.0,BAJAJHLDNG,1631.0,13.822809511342147,0.938078554605144,24.886158353659855,490.5495979815336,460.81182587468254
BAJAJHLDNG,30,842,13,BAJAJHLDNG,111.0,BAJAJHLDNG,628.0,17.29722062143495,1.4985932827901958,18.988838316144474,865.7056835633397,462.45867351159677
BAJAJHLDNG,31,420,13,BAJAJHLDNG,111.0,BAJAJHLDNG,1920.0,6.12498944100105,0.525007534987812,27.438400064147224,171.38547573757376,431.0431172336718
BAJAJHLDNG,32,431,13,BAJAJHLDNG,111.0,BAJAJHLDNG,272.0,9.566200469960398,0.27414407410793196,27.521866320171775,275.3530433989913,338.28522251493547
BAJAJHLDNG,33,435,13,BAJAJHLDNG,111.0,BAJAJHLDNG,1610.0,16.550021546531198,0.11458270324313458,26.85647480647636,648.3935977411179,452.3851343111122
BAJAJHLDNG,34,457,13,BAJAJHLDNG,111.0,BAJAJHLDNG,1728.0,22.798695149640274,1.1629352982561179,16.515441232399816,302.66689238513186,182.1795184283519
BAJAJHLDNG,35,484,13,BAJAJHLDNG,111.0,BAJAJHLDNG,1941.0,19.700131172411528,1.8305050677341785,17.470603714103397,910.2590840792149,392.5303588577961
BAJAJHLDNG,36,522,13,BAJAJHLDNG,111.0,BAJAJHLDNG,-369.0,9.059393692516682,0.20485798009610834,10.80138645391479,331.4442908266594,379.18069255189573
BAJAJHLDNG,37,1702,13,BAJAJHLDNG,111.0,BAJAJHLDNG,-519.0,8.524044683873752,1.855901208014317,23.833996272457384,816.3595899737436,293.760914125256
BAJAJHLDNG,38,1733,13,BAJAJHLDNG,111.0,BAJAJHLDNG,-464.0,16.891077925362175,1.1248674353130863,23.745186025935457,234.91922715041616,273.08194330998714
BAJFINANCE,22,5392,14,BAJFINANCE,50.0,BAJFINANCE,-10439.0,19.261863751630976,0.5979380899523048,11.024820402384863,814.1767846320714,279.15650016396376
BAJFINANCE,23,7299,14,BAJFINANCE,54.0,BAJFINANCE,-20566.0,22.95304652881794,0.5051733490091364,24.463792212810503,376.7047803745813,365.5126875848333
BAJFINANCE,24,9970,14,BAJFINANCE,109.0,BAJFINANCE,-29062.0,5.555318892942069,1.0921538218164468,14.453811185184511,376.05307495749855,232.6091092705249
BAJFINANCE,25,12746,14,BAJFINANCE,115.0,BAJFINANCE,-24412.0,18.362695034743837,0.623418385397037,16.363892791574237,449.11064230304805,344.8508405938434
BAJFINANCE,26,18487,14,BAJFINANCE,115.0,BAJFINANCE,-807.0,10.358963493752197,1.4602061403940945,18.953215631255727,574.3601997830729,267.53151065038105
BAJFINANCE,27,26374,14,BAJFINANCE,120.0,BAJFINANCE,-37090.0,11.516362433268686,0.25941835738105623,19.431291945659396,759.8823457239178,270.94205202394926
BAJFINANCE,28,26673,14,BAJFINANCE,120.0,BAJFINANCE,-42112.0,13.878247870226021,0.6690936015772313,23.09563268605834,723.7143983691176,391.90942322530475
BAJFINANCE,29,31641,14,BAJFINANCE,121.0,BAJFINANCE,-72760.0,17.62693164940333,1.1912777906433325,13.466547484872414,101.61251340042205,102.59901382108124
BAJFINANCE,30,41411,14,BAJFINANCE,121.0,BAJFINANCE,-360.0,8.349935688902445,1.6129732215850754,14.902216755623224,104.07032438951343,494.58414590980385
BAJFINANCE,31,54972,14,BAJFINANCE,124.0,BAJFINANCE,-687.0,22.246591697636227,1.884350624114649,20.93410810138655,286.25463705277696,143.14560130570823
BAJFINANCE,32,62279,14,BAJFINANCE,124.0,BAJFINANCE,-3047.0,6.311842401430114,1.6433996934567454,19.067248778040458,605.0450627107298,217.3189628156238
BANKBARODA,26,36442,15,BANKBARODA,444.0,BANKBARODA,17838.0,22.47468569751778,0.33315671500460575,15.126839140544806,656.8686248826108,145.65837636767526
BANKBARODA,27,40463,15,BANKBARODA,462.0,BANKBARODA,-10011.0,20.141974579877967,0.7725782140232527,26.663100313014308,665.791321069954,392.14746779826703
BANKBARODA,28,44915,15,BANKBARODA,462.0,BANKBARODA,17865.0,21.964733187259583,1.275684609582318,10.916019758582024,490.7374263573492,174.39199634056746
BANKBARODA,29,45799,15,BANKBARODA,530.0,BANKBARODA,-59692.0,10.917708111031256,1.0784753018257995,13.17173121821794,115.01886341812546,255.51053357936186
BANKBARODA,30,44473,15,BANKBARODA,530.0,BANKBARODA,-1449.0,17.589877861999973,1.0113485078968965,22.076343538241105,457.84691124362513,176.5860788185914
BANKBARODA,31,46056,15,BANKBARODA,925.0,BANKBARODA,18531.0,12.801822104575045,0.03623944530488976,19.0895589092257,601.4860035030131,360.44459225679356
BANKBARODA,32,52906,15,BANKBARODA,1036.0,BANKBARODA,-887.0,22.317523102019837,1.4486571357590532,10.845405095992533,693.6325265827227,204.0887105950608
BANKBARODA,33,78895,15,BANKBARODA,1036.0,BANKBARODA,6210.0,6.35180305892467,0.6568254176463406,24.95927690674512,172.44613029991234,142.58055860102837
BANKBARODA,34,74314,15,BANKBARODA,1036.0,BANKBARODA,-21354.0,22.512690326909567,1.9058697046017037,26.780282451159,972.4913052252933,199.16393692849482
BANKBARODA,35,73385,15,BANKBARODA,1036.0,BANKBARODA,-6274.0,23.575919251977254,0.17561177124607252,14.786759406313292,236.5560807781143,129.6023310598272
BANKBARODA,36,94503,15,BANKBARODA,32859,BANKBARODA,-514.0,23.181402157024216,1.3257221347348622,11.632337097053142,670.9156674837509,55.66802749924999
BANKBARODA,37,118379,15,BANKBARODA,37416,BANKBARODA,-730.0,19.119995252854583,0.07954266056637671,13.44985833354625,798.0417094414966,231.26998586624768
BANKBARODA,38,124144,15,BANKBARODA,41574,BANKBARODA,-556.0,23.006402836242255,1.2045552695551078,21.420825647016834,173.21477375736748,161.9181281623256
BHARTIARTL,26,76947,17,BHARTIARTL,1899.0,BHARTIARTL,28059.0,24.303019414718076,0.8394565099565297,12.36700554535064,489.3686214058697,147.23326324393764
BHARTIARTL,27,85864,17,BHARTIARTL,1999.0,BHARTIARTL,27942.0,8.809320312923578,1.4391934520782415,25.30312114302707,695.3286354215202,131.40833195897656
BHARTIARTL,28,96101,17,BHARTIARTL,1999.0,BHARTIARTL,28280.0,10.716815163581677,1.6142361410937722,17.540118431230276,284.07244027218286,162.24299939553867
BHARTIARTL,29,96532,17,BHARTIARTL,1999.0,BHARTIARTL,29854.0,5.4203786320741365,1.9004955329841284,26.683001824131214,977.9456931352361,413.1072965192151
BHARTIARTL,30,95468,17,BHARTIARTL,1999.0,BHARTIARTL,20070.0,9.04628483660905,0.7970716799680273,27.77332795917357,819.4862943894108,408.4379083091373
BHARTIARTL,31,82639,17,BHARTIARTL,1999.0,BHARTIARTL,18129.0,9.96008121746171,0.7278397808637755,16.071571136657376,985.6195930750861,327.13847970459915
BHARTIARTL,32,80780,17,BHARTIARTL,1999.0,BHARTIARTL,48205.0,24.132647886937487,0.31385697006111113,11.433707088694662,235.35632287878116,381.9481433768949
BHARTIARTL,33,87539,17,BHARTIARTL,2728.0,BHARTIARTL,55017.0,10.62027064892036,1.7828436493629223,13.6807348312853,245.96691799133757,470.311268193455
BHARTIARTL,34,100616,17,BHARTIARTL,2746.0,BHARTIARTL,65325.0,21.9548054413444,1.659573680420151,17.25417272803556,568.196774808978,460.6851293529611
BHARTIARTL,35,116547,17,BHARTIARTL,2795.0,BHARTIARTL,78898.0,8.564389517292678,1.0775546616212575,16.94028644630603,506.8026382282611,351.3586386200468
BHARTIARTL,36,139145,17,BHARTIARTL,2837.0,BHARTIARTL,-18676.0,10.499825466767568,1.182233727397295,28.10994407552587,936.6551005113602,454.64357709666695
BHARTIARTL,37,149982,17,BHARTIARTL,2877.0,BHARTIARTL,-25181.0,15.495555561307075,1.6482609411606046,20.585814925260788,344.0098531973699,159.03098235633496
BHARTIARTL,38,155478,17,BHARTIARTL,2896.0,BHARTIARTL,-22301.0,10.734816172739148,1.5041803513426257,14.081007082844303,581.1146503529106,233.59963889946224
BEL,26,6273,16,BEL,2.0,BEL,1434.0,16.163196597229373,1.1336897186908632,20.504121715845574,960.3736267398551,250.34553533746487
BEL,27,6518,16,BEL,2.0,BEL,2260.0,5.34995244558472,0.28528881586490984,16.66665864807638,778.3192407295633,59.45625490487795
BEL,28,7093,16,BEL,2.0,BEL,-61.0,6.615445819694166,0.1451038418620283,24.735535404159343,915.5654355396314,497.9539691856391
BEL,29,7354,16,BEL,9.0,BEL,-687.0,18.193489632189994,0.06891291772770236,29.283474818279693,992.3871890630902,419.58381854922663
BEL,30,8656,16,BEL,9.0,BEL,1514.0,17.735415083212803,0.26865021607388795,24.344195035954527,103.47974094792542,442.05517736574717
BEL,31,10401,16,BEL,10.0,BEL,2570.0,15.561878602362553,0.6815704720582572,23.665212322224214,323.9310509260706,175.12949103032744
BEL,32,12164,16,BEL,11.0,BEL,5093.0,13.943313082934134,0.034961732964645,20.841975594165383,162.19427346718328,314.0056590301442
BEL,33,12968,16,BEL,11.0,BEL,4207.0,11.047781789000714,1.4663869261195788,24.361843161205357,408.35810189036187,274.6791004124689
BEL,34,14109,16,BEL,11.0,BEL,1199.0,6.135340533122271,0.7357511185613117,16.268146603301943,227.70384035289985,163.34421544087036
BEL,35,15368,16,BEL,11.0,BEL,4659.0,20.427715303521154,0.06548942299166405,15.921844038750287,895.6635088466419,67.86804319587259
BEL,36,17734,16,BEL,11.0,BEL,1753.0,11.810866736499612,0.02087180085454321,24.133121383130593,456.43651793599565,103.26775003455151
BEL,37,20268,16,BEL,11.0,BEL,759.0,13.984112157929442,1.8945993585397944,28.903002474716363,353.3214616407648,132.56563227191475
BEL,38,21575,16,BEL,11.0,BEL,-839.0,14.250325340735813,1.3041066842139848,25.26251369782267,760.9489022306745,303.12950347155675
BHEL,26,48903,18,BHEL,490.0,BHEL,821.0,13.655569531688094,0.8674684616974335,26.64028975480482,791.0245668694929,354.49660525592145
BHEL,27,39561,18,BHEL,490.0,BHEL,374.0,13.561185008690424,0.210677004206141,24.12249640441877,332.2756163281967,324.2407153494859
BHEL,28,31323,18,BHEL,490.0,BHEL,560.0,12.7038775977387,0.7508705691967466,17.044812580579503,382.9948691985018,369.02807011057166
BHEL,29,25505,18,BHEL,490.0,BHEL,989.0,16.338444996703515,1.0467968929203697,23.516304592004097,928.2833088102359,226.75470649966135
BHEL,30,28465,18,BHEL,490.0,BHEL,-3860.0,18.7092691899964,0.6268912690209658,24.37265025719619,628.9741913328588,123.39573095935665
BHEL,31,28827,18,BHEL,734.0,BHEL,-2892.0,20.947286360424535,0.5869769017985866,18.413323888531423,141.1615162221285,380.7175161569409
BHEL,32,30441,18,BHEL,696.0,BHEL,560.0,21.73180479690961,0.49535634086591185,25.592099461743043,523.4137717219828,61.3993951526333
BHEL,33,21463,18,BHEL,696.0,BHEL,660.0,21.9956674507532,0.08082897861397753,12.181110368393673,575.7385658290018,370.77107747703786
BHEL,34,17309,18,BHEL,696.0,BHEL,-741.0,16.077490116966352,0.32658028737406153,26.780781515758175,664.0430986108488,136.1929634839278
BHEL,35,21211,18,BHEL,696.0,BHEL,-3713.0,11.266135855438497,0.659974620834662,20.067448433851467,443.18101003530586,256.2934943647107
BHEL,36,23365,18,BHEL,696.0,BHEL,-1113.0,10.828951005732073,0.24746252297198978,26.930058991398294,856.8652314710756,484.0860090601905
BHEL,37,23893,18,BHEL,696.0,BHEL,-868.0,16.47508420669424,1.3875581620465058,15.290739368303285,782.2742430373315,274.20322186878525
BHEL,38,25833,18,BHEL,696.0,BHEL,650.0,12.088895184435867,1.8561739185964317,20.04893160839591,364.25983442472983,120.55489663472895
BOSCHLTD,26,8659,19,BOSCHLTD,31.0,BOSCHLTD,1396.0,21.44129894017949,0.41208034897061796,25.76340773652454,456.43162968478674,442.8581756734131
BOSCHLTD,27,8757,19,BOSCHLTD,31.0,BOSCHLTD,1318.0,20.968972492205616,1.3607683658791179,24.207520958541657,885.5601085833675,399.8200261542603
BOSCHLTD,28,12086,19,BOSCHLTD,31.0,BOSCHLTD,1457.0,22.59110326043135,0.4687164626597933,29.99918576298295,197.34370391232375,429.06392986041715
BOSCHLTD,29,9701,19,BOSCHLTD,31.0,BOSCHLTD,1729.0,8.946453225454114,0.7573368390085293,18.492003774964406,212.71877430163104,205.3054238189762
BOSCHLTD,30,10435,19,BOSCHLTD,30.0,BOSCHLTD,593.0,23.05421234072021,1.8633202230679806,14.109120843404295,935.9591754871267,416.58127841053795
BOSCHLTD,31,11690,19,BOSCHLTD,30.0,BOSCHLTD,1336.0,20.065284213537307,0.740581776339098,11.820326967564156,521.0985797136298,252.04316062583132
BOSCHLTD,32,12085,19,BOSCHLTD,30.0,BOSCHLTD,835.0,8.378331880014311,1.9185863019890477,22.66169451195245,403.45524560984586,468.5670857266875
BOSCHLTD,33,9842,19,BOSCHLTD,30.0,BOSCHLTD,271.0,19.584676199022812,0.9633338360319301,20.680895213322554,821.8377451634773,69.50054447370786
BOSCHLTD,34,9718,19,BOSCHLTD,30.0,BOSCHLTD,1214.0,22.898890805627687,0.5162791838968939,14.902647389478599,430.3765903645563,390.1123755775982
BOSCHLTD,35,11782,19,BOSCHLTD,30.0,BOSCHLTD,1253.0,9.847288035130212,0.6371556979505602,24.44614594816243,531.9147686983147,233.86675759592936
BOSCHLTD,36,14929,19,BOSCHLTD,30.0,BOSCHLTD,-824.0,12.074604926738317,0.6418767655495179,15.424108661725624,230.31261766875502,415.72330776383217
BOSCHLTD,37,16727,19,BOSCHLTD,30.0,BOSCHLTD,-846.0,6.020441103440453,0.6491785971301751,11.758471290293738,521.6425945628145,431.79609218024564
BOSCHLTD,38,17150,19,BOSCHLTD,30.0,BOSCHLTD,-1183.0,7.00054082804475,1.2083841014147256,11.399519281883713,981.1210818351176,178.5063105223188
BPCL,26,242181,20,BPCL,723.0,BPCL,20742.0,17.67123723436729,0.9419353377566846,29.18049024773823,848.9925998059914,263.04572605453546
BPCL,27,264421,20,BPCL,723.0,BPCL,11119.0,10.06501647353556,0.37964608522457244,11.682470890165328,831.9900548347429,68.73131103169776
BPCL,28,242598,20,BPCL,723.0,BPCL,9041.0,18.69686482479232,1.1204487383899127,23.504569653869986,199.16455842499082,122.41776265484913
BPCL,29,187815,20,BPCL,656.0,BPCL,11068.0,20.045307291816123,0.9966135161757745,15.644849320049444,268.3942592673842,291.36084269784806
BPCL,30,201251,20,BPCL,1311.0,BPCL,10157.0,13.84254934240045,0.6539426300343159,18.818987077399186,837.6425091159938,497.97545182398903
BPCL,31,235895,20,BPCL,1967.0,BPCL,7881.0,21.375074725551745,0.5435120958169151,22.625404461869742,214.91836655195846,186.2645714833708
BPCL,32,298226,20,BPCL,1967.0,BPCL,23455.0,12.699671687857599,1.3995240353172074,29.281883778100916,861.1435167288282,224.74961311422513
BPCL,33,284572,20,BPCL,1967.0,BPCL,20336.0,8.337313229317045,1.253363737721779,10.579149801490118,349.5155061934087,232.8928212624947
BPCL,34,230171,20,BPCL,2093.0,BPCL,12466.0,11.54867737542997,0.02985535918989335,27.10057177283182,728.0050799468138,197.31796562520867
BPCL,35,346791,20,BPCL,2129.0,BPCL,35936.0,17.658525499736157,0.2856187171228448,28.95709590097341,651.4999759351583,245.98248908789492
BPCL,36,473187,20,BPCL,2129.0,BPCL,-3604.0,21.783605205961226,1.673392703019608,10.977083085853131,706.104037160587,318.0032777918529
BPCL,37,448083,20,BPCL,2136.0,BPCL,-6881.0,23.39031542560474,0.5916338424488954,23.069041914712294,513.4191195702371,347.9494263969678
BPCL,38,445601,20,BPCL,4273.0,BPCL,-10536.0,15.768969004269396,1.601085956534524,10.46300288242371,977.100757622134,495.8528124580389
BRITANNIA,26,6185,21,BRITANNIA,24.0,BRITANNIA,584.0,16.06521075182196,1.14473734338112,17.589373650169,813.104193303948,152.13814495503783
BRITANNIA,27,6913,21,BRITANNIA,24.0,BRITANNIA,959.0,16.9661963383053,1.9371369834291574,17.194658371309323,279.7014006246007,264.5170856542028
BRITANNIA,28,7858,21,BRITANNIA,24.0,BRITANNIA,441.0,19.66799672002404,0.5855280432364349,11.812098023222664,977.5307060195162,191.65929714188542
BRITANNIA,29,8397,21,BRITANNIA,24.0,BRITANNIA,1249.0,17.918984705626066,1.3878865032482615,14.671009200530168,560.3924444664021,243.91673730478453
BRITANNIA,30,9054,21,BRITANNIA,24.0,BRITANNIA,1156.0,10.153890768002345,1.2134789947502103,25.030992461846566,623.6423130105742,220.56335083730303
BRITANNIA,31,9914,21,BRITANNIA,24.0,BRITANNIA,1485.0,12.258197937775607,0.5509054074318462,12.925800647754087,628.1936875309101,143.27951067110507
BRITANNIA,32,11055,21,BRITANNIA,24.0,BRITANNIA,1876.0,19.48958319145929,1.8611117923087839,24.234100759331092,546.5740199865301,286.2980810742886
BRITANNIA,33,11600,21,BRITANNIA,24.0,BRITANNIA,1300.0,8.05538321278478,0.11551871507916833,17.59156026842161,501.51958530796213,248.88525891362872
BRITANNIA,34,13136,21,BRITANNIA,24.0,BRITANNIA,2526.0,18.493826529976644,1.4623320248610088,12.261795287941336,470.66120761293627,150.44999548723013
BRITANNIA,35,14136,21,BRITANNIA,24.0,BRITANNIA,2573.0,19.64364098594608,1.7004190355824418,22.36727266597454,589.869323493941,197.91282155562212
BRITANNIA,36,16301,21,BRITANNIA,24.0,BRITANNIA,28.0,5.682188871128345,1.7678093298930466,21.999356517071483,871.3590368431918,246.80940529142848
BRITANNIA,37,16769,21,BRITANNIA,24.0,BRITANNIA,-246.0,7.261128618491075,0.37645877165468944,29.065924766133527,208.3814141433681,492.2170035821938
BRITANNIA,38,17244,21,BRITANNIA,24.0,BRITANNIA,-450.0,13.583847453796519,0.6583956852183017,22.001429478405882,657.3357973808324,263.17751710929736
CANBK,26,34070,22,CANBK,475.0,CANBK,6344.0,18.07137564862252,0.41154230273825565,29.06241854245714,621.5458805514468,359.6136415977367
CANBK,27,39570,22,CANBK,543.0,CANBK,9346.0,24.899001476672705,1.159218986377541,28.617734873995484,800.1667725779281,186.65288473942627
CANBK,28,43813,22,CANBK,597.0,CANBK,2575.0,12.198385798733359,0.37560082373663883,10.53284045589896,962.1717328732407,489.15882703667035
CANBK,29,44039,22,CANBK,733.0,CANBK,-11120.0,24.74897449695843,1.1370447339884042,23.870229927471378,569.1491518406676,471.433721856005
CANBK,30,41457,22,CANBK,753.0,CANBK,18237.0,17.710572415156413,0.36947797809255656,23.19820631020523,869.5469279243708,319.77478316233896
CANBK,31,41345,22,CANBK,1030.0,CANBK,-5289.0,16.210293407723178,1.9130628480819976,23.557545681371508,396.22344839170495,174.87814780347946
CANBK,32,47951,22,CANBK,1647.0,CANBK,59118.0,9.885860515466323,1.7903265527515833,25.601882871802218,532.3178746669653,493.40205667875995
CANBK,33,49759,22,CANBK,1814.0,CANBK,919.0,10.253587640175017,1.6767201570986894,12.777512218018522,651.1576970450974,324.5563079999732
CANBK,34,70253,22,CANBK,1814.0,CANBK,-39978.0,21.43935431776671,1.9932832627200823,25.899828134836447,291.0048328557566,405.8375565901714
CANBK,35,70614,22,CANBK,1814.0,CANBK,15046.0,10.77326970321823,1.5981446293920811,18.674225474711573,885.663587786343,390.47835033542776
CANBK,36,85885,22,CANBK,24733,CANBK,-435.0,17.16914087822645,1.9035645809526738,20.18643026950044,560.3116791761636,72.91128155838442
CANBK,37,110519,22,CANBK,29715,CANBK,-380.0,18.251524943944535,1.2387561156825382,10.198094972526162,606.1498881907787,412.6137735867663
CANBK,38,119392,22,CANBK,32017,CANBK,-1104.0,9.68559655081509,1.7599624021004037,18.46810619925757,143.0654104160626,191.07074507264534
CHOLAFIN,26,2570,23,CHOLAFIN,143.0,CHOLAFIN,-2264.0,17.683203975901545,0.7109893828005811,16.979777636540227,287.5142411976798,281.6336772329272
CHOLAFIN,27,3279,23,CHOLAFIN,143.0,CHOLAFIN,-2809.0,6.678102921902842,1.2140005045773807,19.141694526222977,543.0347702564084,303.3913603482645
CHOLAFIN,28,3715,23,CHOLAFIN,144.0,CHOLAFIN,-1468.0,13.68819757135713,0.6592291284887757,22.021650515835187,762.0898396757179,381.4090972309194
CHOLAFIN,29,4214,23,CHOLAFIN,156.0,CHOLAFIN,-7926.0,9.842459785142728,0.6628019549730135,21.16006110645671,187.40490620495575,329.31616848997515
CHOLAFIN,30,4694,23,CHOLAFIN,156.0,CHOLAFIN,-9317.0,11.646033397942197,1.4894583321285677,14.34480459961743,310.41134230079376,165.22364543003926
CHOLAFIN,31,5559,23,CHOLAFIN,156.0,CHOLAFIN,-2075.0,12.058902124445567,1.9836795884900258,20.058095229483587,213.24567090345886,246.42986495916801
CHOLAFIN,32,7108,23,CHOLAFIN,156.0,CHOLAFIN,-8848.0,18.36147170565687,1.8316498355336783,25.066468322673746,340.21602911715394,212.93870145969748
CHOLAFIN,33,8712,23,CHOLAFIN,164.0,CHOLAFIN,-5571.0,23.41419698838064,0.2656669030559211,17.99019653385575,513.7426531415545,92.91992562346778
CHOLAFIN,34,9583,23,CHOLAFIN,164.0,CHOLAFIN,-27105.0,11.660988799808038,1.0700236820607831,13.770258088011806,127.82154943279926,160.32233583088347
CHOLAFIN,35,10148,23,CHOLAFIN,164.0,CHOLAFIN,-35683.0,8.448461081180332,0.23040149518631892,12.978541756598164,108.77479591295986,456.1920068820176
CHOLAFIN,36,12884,23,CHOLAFIN,164.0,CHOLAFIN,5.0,14.43346644619098,1.2190842372560218,27.263697773334272,929.7737118973457,103.7793779816912
CHOLAFIN,37,19163,23,CHOLAFIN,168.0,CHOLAFIN,-83.0,9.381469457952479,1.3043531628824176,12.11360117629553,812.3436138092299,270.06243554346474
CHOLAFIN,38,22502,23,CHOLAFIN,168.0,CHOLAFIN,-40.0,16.808258764537165,1.28823459387016,17.473817219460614,176.01584077141297,347.77063782852156
CIPLA,26,8279,24,CIPLA,161.0,CIPLA,1173.0,8.317860638512958,1.989660729640975,21.48728935080527,324.1186488039599,302.2175205567911
CIPLA,27,10173,24,CIPLA,161.0,CIPLA,1741.0,5.0276771252986645,1.2013375969114983,17.47402730428625,392.33636099802254,178.23792029910524
CIPLA,28,11345,24,CIPLA,161.0,CIPLA,2382.0,19.036342698425127,0.6316487140342391,10.64529390918372,296.74115168859487,230.51324403335684
CIPLA,29,13790,24,CIPLA,161.0,CIPLA,1463.0,24.21312822644578,1.8039989149373847,21.706771825561013,831.1956083358152,370.2763186137437
CIPLA,30,14394,24,CIPLA,161.0,CIPLA,1691.0,16.45276803071913,0.8027082915220582,17.242390282583052,828.6828775648926,258.30446323300635
CIPLA,31,15156,24,CIPLA,161.0,CIPLA,3068.0,20.821728389416517,0.7211071944532408,12.513076831287355,998.9512123824218,62.49194571117272
CIPLA,32,16362,24,CIPLA,161.0,CIPLA,3755.0,22.276255274951037,1.2546100811541219,25.747723272645885,829.7795581434274,74.89636471302197
CIPLA,33,17132,24,CIPLA,161.0,CIPLA,3326.0,17.484936942874896,1.0870551781710014,17.484476991589467,749.8940045295975,161.48697357887903
CIPLA,34,19160,24,CIPLA,161.0,CIPLA,3238.0,20.411663855691362,0.48408599103784167,14.87952182684804,525.366847165119,183.99129315788056
CIPLA,35,21763,24,CIPLA,161.0,CIPLA,4134.0,7.6624147118640185,1.0747821839102814,28.57084646035908,406.76648091767356,117.51112360384614
CIPLA,36,22753,24,CIPLA,161.0,CIPLA,-2063.0,18.86913924237514,0.06693227486360454,13.907856194801118,338.8992878600584,481.62178935130083
CIPLA,37,25774,24,CIPLA,161.0,CIPLA,-1265.0,10.071358274841336,1.6161368814468078,27.83333104635233,896.8490336529981,321.4077122301237
CIPLA,38,26981,24,CIPLA,162.0,CIPLA,-950.0,21.96288286546867,0.7099159817746192,14.632030862236078,977.0621286892582,384.4869330199515
COALINDIA,26,68303,25,COALINDIA,6316.0,COALINDIA,14382.0,19.34588935023164,1.6474312080988993,11.596329958674561,774.2283564098661,334.3943072395698
COALINDIA,27,70608,25,COALINDIA,6316.0,COALINDIA,13154.0,17.1881477892479,1.4936502206772868,26.60102555243447,385.59218718638937,296.23721899761614
COALINDIA,28,74120,25,COALINDIA,6316.0,COALINDIA,16461.0,15.596841789603618,0.32087521554990817,24.277140110724105,817.5920106818704,212.12663195252372
COALINDIA,29,77861,25,COALINDIA,6316.0,COALINDIA,21115.0,8.747670644284547,0.05609831771679841,12.299733490910576,473.95982118900525,147.2754177432588
COALINDIA,30,78164,25,COALINDIA,6207.0,COALINDIA,16356.0,18.261643334434332,0.725333543080654,14.196068776532496,302.1740290558174,76.21563987068392
COALINDIA,31,85244,25,COALINDIA,6207.0,COALINDIA,4977.0,19.418375859135175,1.1757398797108407,24.956677296865408,840.8106568478152,160.55532178738088
COALINDIA,32,99586,25,COALINDIA,6163.0,COALINDIA,10592.0,7.760756773522754,1.244242463299145,29.2271198897923,695.9965496684556,237.16579822899334
COALINDIA,33,96080,25,COALINDIA,6163.0,COALINDIA,41107.0,15.213152688574583,0.9540574933762285,13.810809257981461,800.0251208749554,133.2951363119139
COALINDIA,34,90026,25,COALINDIA,6163.0,COALINDIA,35734.0,23.76418408532477,0.9287294165880542,19.458959055401955,246.94078820867074,431.5134771230384
COALINDIA,35,109715,25,COALINDIA,6163.0,COALINDIA,18103.0,14.001831667421188,1.3155497977011628,12.800742502268985,315.6369513778519,385.4081607241598
COALINDIA,36,138252,25,COALINDIA,6163.0,COALINDIA,-1833.0,15.37659502670142,1.9737315411860834,23.383817733102145,342.87301495169754,341.787651868805
COALINDIA,37,142324,25,COALINDIA,6163.0,COALINDIA,8580.0,19.869381631753228,0.432615190902351,23.289196961158755,173.67344372366273,145.0798906867006
COALINDIA,38,140328,25,COALINDIA,6163.0,COALINDIA,894.0,6.843042613661845,1.4173279395295915,12.126121628203624,106.69489720879065,134.74598052513386
DABUR,26,6140,26,DABUR,174.0,DABUR,1047.0,23.14463544187037,1.2634883841439906,12.94397775810337,931.7316091114416,228.33694365359412
DABUR,27,7058,26,DABUR,174.0,DABUR,1187.0,21.6037528674065,0.9823862490093787,19.244473443986415,883.4093076495795,187.5962682917995
DABUR,28,7795,26,DABUR,176.0,DABUR,1227.0,20.819158552227663,0.12746704979204893,15.306421068427428,442.79885682917114,438.9047944878791
DABUR,29,7780,26,DABUR,176.0,DABUR,1092.0,6.901549520322476,0.8197558152523279,19.71179514828419,509.62353589687785,101.60331148327346
DABUR,30,7614,26,DABUR,176.0,DABUR,1499.0,24.07053134614554,0.6200447815034855,29.227702845891383,532.8049503352155,332.6092896595954
DABUR,31,7722,26,DABUR,176.0,DABUR,1614.0,15.836059493580096,0.7581598220522738,24.411983877644182,232.5341387654222,119.14975451112724
DABUR,32,8515,26,DABUR,177.0,DABUR,2115.0,16.499281365532106,0.9163585804058538,20.076841186853507,855.5105595040767,208.92635813079966
DABUR,33,8685,26,DABUR,177.0,DABUR,1802.0,23.460548169805897,1.6472977486324796,26.092221511514314,969.9220152378015,239.54976902686255
DABUR,34,9562,26,DABUR,177.0,DABUR,1488.0,8.533507969859471,1.9560470944895243,25.18582503098591,687.5116704966607,299.4900732973488
DABUR,35,10889,26,DABUR,177.0,DABUR,2013.0,12.940466736328926,1.4496497309829695,20.166155308728065,988.4839451891726,257.58035558193615
DABUR,36,11530,26,DABUR,177.0,DABUR,-622.0,24.868178326977024,0.46156574499501657,29.232840970299844,983.757288236551,382.1213893467894
DABUR,37,12404,26,DABUR,177.0,DABUR,-104.0,22.313985797967067,1.9701078046608507,23.16020147142978,402.05971576281655,375.242924018228
DABUR,38,12447,26,DABUR,177.0,DABUR,-876.0,9.772834447834928,0.7617092704074466,16.865313587734935,385.69957163141436,467.2005492247029
DIVISLAB,26,2145,27,DIVISLAB,27.0,DIVISLAB,826.0,12.343043490348203,1.3403507686205547,25.995430282735732,126.88208239251335,478.0229493926642
DIVISLAB,27,2532,27,DIVISLAB,27.0,DIVISLAB,1038.0,9.881361854301947,0.14603822614134154,28.548799312289784,620.6698216926558,340.2427479061901
DIVISLAB,28,3115,27,DIVISLAB,27.0,DIVISLAB,1150.0,8.515335162820858,0.8937971651702703,29.936063531285726,576.8319865964452,385.2347552434985
DIVISLAB,29,3776,27,DIVISLAB,53.0,DIVISLAB,776.0,7.424332512568233,1.7358483772766673,13.381388186297853,715.1170146537031,241.51342466836078
DIVISLAB,30,4064,27,DIVISLAB,53.0,DIVISLAB,954.0,15.496630644981428,0.3900151281641471,13.651536074220909,332.6643595615412,105.01740375367021
DIVISLAB,31,3891,27,DIVISLAB,53.0,DIVISLAB,1216.0,5.467398385301738,0.5691228343345964,26.10074774522811,322.753968966627,238.0256790920624
DIVISLAB,32,4946,27,DIVISLAB,53.0,DIVISLAB,1947.0,10.05029457140498,1.541695376520576,10.618424344405797,487.2077883998937,114.92371335122805
DIVISLAB,33,5394,27,DIVISLAB,53.0,DIVISLAB,1912.0,16.867555875068394,0.018917194740710075,22.962060506797037,669.9584391623553,289.79274463482454
DIVISLAB,34,6969,27,DIVISLAB,53.0,DIVISLAB,2459.0,7.840105565378453,0.6790684555219961,19.966306082396873,810.5759567757964,372.27608624574844
DIVISLAB,35,8960,27,DIVISLAB,53.0,DIVISLAB,1261.0,23.724799092113024,1.3880982518829645,12.102125925292675,374.9867163327163,153.65851186195306
DIVISLAB,36,7767,27,DIVISLAB,53.0,DIVISLAB,-255.0,20.573696418257217,0.7159710768447172,27.633420602267204,860.429112530804,57.87455164204432
DIVISLAB,37,7845,27,DIVISLAB,53.0,DIVISLAB,-305.0,11.01183605931594,0.6172272225452811,13.954592567058695,743.034135714632,411.63600098732536
DIVISLAB,38,8614,27,DIVISLAB,53.0,DIVISLAB,-521.0,19.6556342035967,0.9998641438080331,13.944560848379927,863.9919994584203,129.49593064150866
DLF,26,7773,28,DLF,340.0,DLF,2037.0,23.924477459725676,1.7922529948508805,15.220598477458676,489.51692271948264,94.5910263238471
DLF,27,8298,28,DLF,356.0,DLF,2957.0,5.515755862613161,1.1239763940842187,17.361448724679022,134.52238267891929,159.02162097904102
DLF,28,7649,28,DLF,356.0,DLF,-898.0,7.155837858760736,0.96125897849734,29.236412726148608,849.9377963370758,82.48258039188198
DLF,29,9926,28,DLF,357.0,DLF,270.0,20.386835810268746,1.2552341079521876,24.152640919520188,395.80564715103327,283.82701372044824
DLF,30,8221,28,DLF,357.0,DLF,2043.0,13.901474944894494,0.7323645064247795,19.66671494814478,917.0100942169722,273.8152939180844
DLF,31,6707,28,DLF,357.0,DLF,356.0,21.623379460573965,1.7429102365907683,15.936394655438615,102.21127760376947,257.6013512864022
DLF,32,8366,28,DLF,441.0,DLF,1460.0,11.009559040652608,1.349145122431582,20.547389119839828,842.1185754653418,313.8673501534402
DLF,33,6083,28,DLF,495.0,DLF,2832.0,13.862111594533747,0.002546087621760229,15.017350488163464,492.37022574012934,184.67855672041827
DLF,34,5414,28,DLF,495.0,DLF,2375.0,15.677525027316424,0.7749528057550334,13.843541317184036,989.8620069704468,458.6306760327662
DLF,35,5717,28,DLF,495.0,DLF,2539.0,21.686774715123505,1.2727658883518993,27.016325819140004,995.3762458772609,177.28885536054133
DLF,36,5695,28,DLF,495.0,DLF,1995.0,8.265795398532106,0.6228996432111191,13.71910585426092,653.4765534760938,227.85031274772473
DLF,37,6427,28,DLF,495.0,DLF,3924.0,14.94695016868433,1.7666755406784826,12.203371992285243,425.8736233398563,358.5704296809832
DLF,38,7001,28,DLF,495.0,DLF,98.0,24.814398273980196,1.1744988123364875,12.254390086570897,969.3795573979058,487.3673992652698
DMART,26,3341,29,DMART,544.0,DMART,222.0,19.896109807015797,1.9082816687962934,12.391309173850129,243.28924404905314,290.1318800247043
DMART,27,4686,29,DMART,547.0,DMART,433.0,13.649535515042807,1.3764786978832773,15.243018386833374,123.21798963429893,84.10465067108672
DMART,28,6439,29,DMART,562.0,DMART,455.0,8.921099587968362,1.5258844243039247,25.832912408834304,488.0781693152759,178.91708868884916
DMART,29,8584,29,DMART,562.0,DMART,730.0,22.598924780881838,0.029324920171192703,19.02447256982145,500.6769100816968,460.7835658089727
DMART,30,11898,29,DMART,624.0,DMART,807.0,11.461856694053473,1.8439002069856296,13.574035748821938,253.40440642162383,97.76247934980111
DMART,31,15033,29,DMART,624.0,DMART,1280.0,9.037232652291005,1.7158501933803254,16.19262392575768,449.51692402508763,89.19541910108467
DMART,32,20005,29,DMART,624.0,DMART,1375.0,24.73946609358553,0.6808747003416644,27.489944441284774,261.96456334503625,84.24431310619968
DMART,33,24870,29,DMART,648.0,DMART,1372.0,24.911493290813382,1.657784128463586,24.208008099302134,496.9433345041935,359.2152808744275
DMART,34,24143,29,DMART,648.0,DMART,2630.0,17.933801091575077,0.24021805694299503,20.15665091694266,314.7954196592551,219.1274338760047
DMART,35,30976,29,DMART,648.0,DMART,2746.0,16.090667627113117,1.5632421756226527,15.077832606812462,342.8779350741179,401.5563275608587
DMART,36,42840,29,DMART,648.0,DMART,-231.0,16.04959725486181,1.979920275121199,12.774304442371564,393.34359056482094,122.84506184420341
DMART,37,50789,29,DMART,651.0,DMART,-270.0,9.386168261613317,1.8946203443184282,26.681923899589684,744.0811078089658,317.06934098870215
DMART,38,57213,29,DMART,651.0,DMART,-474.0,24.234864688895705,1.6390284445109635,23.014172336087093,737.7834748042409,449.6924122132763
DRREDDY,26,11833,30,DRREDDY,85.0,DRREDDY,2524.0,21.527618435115357,0.9524887722452335,24.517135436771333,262.729323978318,303.4286090563861
DRREDDY,27,13415,30,DRREDDY,85.0,DRREDDY,3263.0,18.380708755066774,0.18302571057664863,28.878914018207876,342.6319376912683,134.91277943192506
DRREDDY,28,15023,30,DRREDDY,85.0,DRREDDY,2144.0,17.164187022993573,1.7687035208807553,26.282609709177372,640.2245657975122,235.64616064306418
DRREDDY,29,15568,30,DRREDDY,85.0,DRREDDY,1803.0,24.19159642813179,0.6298621354133802,23.149919581107994,254.12440068075279,281.3368232857715
DRREDDY,30,14196,30,DRREDDY,83.0,DRREDDY,2870.0,8.412088821839816,0.5660335815109276,28.463428935274514,486.7707937357293,140.99561609313565
DRREDDY,31,14281,30,DRREDDY,83.0,DRREDDY,2984.0,16.53631494255248,0.8903699707529706,15.973565005262264,857.9820661650567,100.84705729300246
DRREDDY,32,15448,30,DRREDDY,83.0,DRREDDY,3570.0,13.487463025092852,1.5130972953932071,20.50574464905125,707.3310908820779,295.3866807066869
DRREDDY,33,17517,30,DRREDDY,83.0,DRREDDY,2811.0,14.800605156359874,1.1086806320853324,19.8348225827832,765.7767193820041,359.3954030184281
DRREDDY,34,19048,30,DRREDDY,83.0,DRREDDY,5888.0,21.272170244632896,1.0018114178781126,26.900083719029205,985.4236117435108,218.6551086568364
DRREDDY,35,21545,30,DRREDDY,83.0,DRREDDY,4543.0,13.952669596640863,0.3850936969639065,16.393542850854438,704.9757922817932,198.67452188418244
DRREDDY,36,24670,30,DRREDDY,83.0,DRREDDY,-1437.0,10.241674316003657,0.5970643707588366,12.06293194505876,222.40966791631251,318.5061359236325
DRREDDY,37,28011,30,DRREDDY,83.0,DRREDDY,-1604.0,10.412183074271645,1.008348231229377,26.663294752553995,826.7075579692034,191.85145506475152
DRREDDY,38,31229,30,DRREDDY,83.0,DRREDDY,-2370.0,5.092708092513291,0.85879542242447,26.761159793331824,721.4676724901265,491.882292408972
EICHERMOT,26,6390,31,EICHERMOT,27.0,EICHERMOT,1047.0,9.20763760916615,1.5664306532065126,21.769513555587434,884.7959802736526,339.6137544285933
EICHERMOT,27,6810,31,EICHERMOT,27.0,EICHERMOT,1463.0,6.971245517623304,0.8741171431147923,22.055702434210275,566.0530039799412,232.103258146415
EICHERMOT,28,8738,31,EICHERMOT,27.0,EICHERMOT,1708.0,13.177517677112615,0.6992624883023149,28.82686516950592,643.0949599498791,447.5021287198654
EICHERMOT,29,6173,31,EICHERMOT,27.0,EICHERMOT,2482.0,21.7009807071943,0.7060011394965089,24.706742194156714,722.1526259231722,65.37314510459014
EICHERMOT,30,7033,31,EICHERMOT,27.0,EICHERMOT,1575.0,16.22518824505336,1.0232084601250546,13.545877484160432,838.5924746159026,481.31285332375455
EICHERMOT,31,8965,31,EICHERMOT,27.0,EICHERMOT,1694.0,14.41831300878442,0.913334826440598,22.72164925293987,607.5871551304763,432.2720683809733
EICHERMOT,32,9797,31,EICHERMOT,27.0,EICHERMOT,1691.0,24.18601652485209,0.7616465277917615,26.02667788858513,324.90477364549736,197.8191662194762
EICHERMOT,33,9154,31,EICHERMOT,27.0,EICHERMOT,1527.0,9.444970889359375,1.4446222709861836,19.801976790208762,183.62071476288435,119.96153968137753
EICHERMOT,34,8720,31,EICHERMOT,27.0,EICHERMOT,2823.0,23.149428600230042,0.5303691559587633,14.809198374854411,801.5093891136106,234.6698347788598
EICHERMOT,35,10298,31,EICHERMOT,27.0,EICHERMOT,3724.0,6.828165363217384,1.1229624017618591,21.525572148722397,432.68074472828823,414.9047403268957
EICHERMOT,36,14442,31,EICHERMOT,27.0,EICHERMOT,-773.0,20.265785006203068,0.4570069102059531,12.364323327814105,413.20115880306525,464.30376108276045
EICHERMOT,37,16536,31,EICHERMOT,27.0,EICHERMOT,-790.0,22.790390977845153,1.6261147566072256,14.368736238564086,323.80591919930146,317.0165113994338
EICHERMOT,38,17091,31,EICHERMOT,27.0,EICHERMOT,-1214.0,24.82586707254392,0.3213533098256982,28.756713399162006,566.216192920147,308.2024115366306
GAIL,26,50974,32,GAIL,1268.0,GAIL,4214.0,19.8013023578794,0.8998350763516803,16.248557700078102,211.1480927426368,269.5052332916707
GAIL,27,61765,32,GAIL,1268.0,GAIL,3960.0,14.648591054639367,1.2235236641291396,10.478843048136287,853.1775939607188,167.44549127077883
GAIL,28,60557,32,GAIL,1268.0,GAIL,6024.0,5.847892658060861,0.7407928293719295,25.82470194895927,787.2572855053595,488.0543390493478
GAIL,29,52053,32,GAIL,1268.0,GAIL,8769.0,19.38305612358085,1.3249383609105057,22.329346424788845,946.4395459404049,362.35638335684934
GAIL,30,48552,32,GAIL,1691.0,GAIL,7984.0,23.850181673022174,1.9978373917566388,11.110059577853681,638.9130439759224,97.99095648651364
GAIL,31,54496,32,GAIL,2255.0,GAIL,8345.0,13.966129036507661,1.7583430456421032,10.801166026420134,400.35931175260635,417.8346243082591
GAIL,32,76190,32,GAIL,2255.0,GAIL,8993.0,5.788332211715268,1.8629010843347595,17.867118071250374,487.54733141527726,416.3813325717158
GAIL,33,72518,32,GAIL,4510.0,GAIL,9420.0,9.890595874649797,0.21480057989752588,25.79094551590588,667.6978170063445,385.32708160103005
GAIL,34,57372,32,GAIL,4440.0,GAIL,3205.0,21.951102222128785,0.2556972566733984,12.43173750872366,935.8042781500823,438.352653881811
GAIL,35,92770,32,GAIL,4440.0,GAIL,12586.0,11.870208233913111,0.6760867630686034,11.962127344977507,269.0039779287349,331.848677011984
GAIL,36,145668,32,GAIL,6575.0,GAIL,-8626.0,18.814571159336225,0.11480127402508034,21.011386940426167,657.4005304269186,153.42195403045912
GAIL,37,133228,32,GAIL,6575.0,GAIL,-4466.0,18.991324256260764,1.2681825840023102,24.473672469211536,569.6732770491195,89.71792490290856
GAIL,38,136081,32,GAIL,6575.0,GAIL,-2809.0,5.124119436754892,1.2769398487919996,25.47153496794082,313.2814343592062,446.81866786437456
GODREJCP,26,6412,33,GODREJCP,34.0,GODREJCP,1027.0,8.757012530496853,0.6904846866611394,10.837688012460713,869.9198428719545,111.82358767445433
GODREJCP,27,7599,33,GODREJCP,34.0,GODREJCP,847.0,5.80006043274744,0.9229350044576843,28.521805225070604,636.9280066335169,222.5836504589255
GODREJCP,28,8273,33,GODREJCP,34.0,GODREJCP,1860.0,12.033516743219309,1.385463214640567,16.241200074002467,122.81666486610936,371.76048400337584
GODREJCP,29,8424,33,GODREJCP,34.0,GODREJCP,1723.0,11.907289985362304,0.24021857353267917,17.60976443338736,140.81170914590376,378.32718084722234
GODREJCP,30,9268,33,GODREJCP,34.0,GODREJCP,1729.0,18.773235848912975,1.960676731769578,24.3261801177639,897.089611230672,274.4940101142306
GODREJCP,31,9847,33,GODREJCP,68.0,GODREJCP,1588.0,24.822626587956577,1.904930637069703,19.525132994104904,715.7301786231915,135.45926983019172
GODREJCP,32,10314,33,GODREJCP,102.0,GODREJCP,2030.0,7.680416449266849,1.0766492642162238,12.49739805494466,189.89873086449853,465.65781705777914
GODREJCP,33,9911,33,GODREJCP,102.0,GODREJCP,1451.0,11.292743921137344,1.493318160493139,15.636009075002203,226.2285058001204,330.32529674887553
GODREJCP,34,11029,33,GODREJCP,102.0,GODREJCP,2151.0,10.768143702766928,1.949515020367242,19.721037144086615,899.6923398009529,415.24093710427786
GODREJCP,35,12276,33,GODREJCP,102.0,GODREJCP,2070.0,16.100821341901202,0.0966733285889152,16.64661604769684,846.6138877499602,227.40426004507657
GODREJCP,36,13316,33,GODREJCP,102.0,GODREJCP,-865.0,21.729680345352953,0.9012390975743261,28.421026352898075,290.3784144404025,382.74819263150795
GODREJCP,37,14096,33,GODREJCP,102.0,GODREJCP,-494.0,22.07944761552073,0.9292022040190064,12.849117571628899,200.69792447262466,487.993018220596
GODREJCP,38,14152,33,GODREJCP,102.0,GODREJCP,-1236.0,6.987479117147977,0.057718653599016845,18.990906914094857,110.94320857472853,167.54989280025944
GRASIM,26,27909,34,GRASIM,92.0,GRASIM,4594.0,7.698333699061994,1.9821341647844801,21.901100970676787,171.82779279463227,419.2642372655944
GRASIM,27,28331,34,GRASIM,92.0,GRASIM,5868.0,9.387389959179442,0.9418600702497075,16.863666886500056,908.9497725232259,388.18045227705284
GRASIM,28,31734,34,GRASIM,92.0,GRASIM,7288.0,19.3941100260676,1.4955712466561923,15.09556990971545,213.27091082947447,344.99243247602027
GRASIM,29,34487,34,GRASIM,93.0,GRASIM,-4140.0,21.461991582982236,1.449791786823718,19.640579304597978,465.8280549251133,499.4178990553404
GRASIM,30,36068,34,GRASIM,93.0,GRASIM,-1659.0,19.138968723560914,1.5633965380782322,20.27789871825837,147.24239290439294,196.6771172688616
GRASIM,31,55894,34,GRASIM,131.0,GRASIM,16620.0,20.729663509744277,1.0047458551588606,27.855193252099472,360.12178789874304,265.38310048260485
GRASIM,32,77200,34,GRASIM,132.0,GRASIM,15075.0,5.895541001581828,0.6329398797212173,10.117305852984801,588.4950993735462,376.64835441614184
GRASIM,33,68252,34,GRASIM,132.0,GRASIM,7038.0,16.42168271160242,1.8593636115672074,19.263395961610097,700.2737842526504,75.96393902480298
GRASIM,34,76404,34,GRASIM,132.0,GRASIM,-12685.0,13.021406833992353,0.20832572523161486,25.436087257262184,131.0986059824555,196.95977275504407
GRASIM,35,95701,34,GRASIM,132.0,GRASIM,-10719.0,21.575406566924716,0.29874962566804864,17.65720883074895,981.639500955252,427.2397926160711
GRASIM,36,117627,34,GRASIM,132.0,GRASIM,-5687.0,13.215713348643032,0.9239968460581534,18.621549339976145,584.5867258293935,324.77591228219654
GRASIM,37,130978,34,GRASIM,133.0,GRASIM,-2336.0,9.725221082826248,0.7073704860552765,29.787288771699743,769.4924511819792,233.6774981281686
GRASIM,38,137116,34,GRASIM,134.0,GRASIM,-2359.0,15.359110866840911,0.046280962022039907,23.81148109638236,453.5498184688759,336.5428487092266
HAL,26,14328,35,HAL,5.0,HAL,5292.0,9.740898916118974,0.5056551317067035,22.11525054714479,184.78538615431182,422.11959382564436
HAL,27,15135,35,HAL,5.0,HAL,-1334.0,14.667405108100935,1.6877307560286983,25.964234373449948,931.0890334442073,182.1771739335117
HAL,28,15730,35,HAL,5.0,HAL,-1190.0,24.538631908556678,1.6993128963182829,17.425445780129586,653.8104522253161,105.2153045293512
HAL,29,16758,35,HAL,5.0,HAL,-12789.0,10.776180478503035,0.011852225224272983,22.85551895498923,272.1741099371691,160.32768566332982
HAL,30,17950,35,HAL,115,HAL,-5734.0,8.449696150435638,0.2229679015916386,24.59490124379139,172.81663686071659,283.7020962500476
HAL,31,18519,35,HAL,128,HAL,-6412.0,10.108388593280624,1.3359778412687118,15.087617754790264,637.7293737561496,295.84348756706265
HAL,32,20008,35,HAL,125,HAL,-164.0,20.37754096432995,1.1820350189493922,24.881687893749938,305.66024889143887,331.7569185002437
HAL,33,21445,35,HAL,128,HAL,-2540.0,21.348699195444084,0.335879498972379,17.276718705099025,523.0775991559016,230.26604668603574
HAL,34,22882,35,HAL,133,HAL,2321.0,17.86236320289946,0.7057218393217628,29.143102466067308,731.3878961547621,450.33495089418835
HAL,35,24620,35,HAL,139,HAL,64.0,5.063453923591094,0.5637536078058141,26.819711355725712,537.0225542419189,466.8896073747882
HAL,36,26928,35,HAL,148,HAL,-7070.0,8.269926448142694,1.6577933187962772,27.971461989104228,800.3826238759085,397.80944898921837
HAL,37,30381,35,HAL,172,HAL,-1464.0,11.25855345220282,0.27548444948387374,12.22121385571634,958.6394497184676,466.286991309093
HAL,38,31154,35,HAL,194,HAL,-1731.0,17.80695386758611,1.0034572699083752,10.000590068316267,599.2834303228498,390.59961254887384
HAVELLS,26,7135,36,HAVELLS,62.0,HAVELLS,963.0,21.092603556567102,0.30202163708547847,22.993800640450154,149.97106965265488,443.85389616695545
HAVELLS,27,8051,36,HAVELLS,62.0,HAVELLS,513.0,9.190146110706811,0.32942887691607914,14.21808857998792,472.0325956566724,80.26086110663874
HAVELLS,28,8468,36,HAVELLS,62.0,HAVELLS,767.0,23.723670314069484,1.438778153557696,26.143656805256146,663.2607660912695,83.45449116067033
HAVELLS,29,7594,36,HAVELLS,62.0,HAVELLS,1100.0,18.121226763681605,1.4502395102433017,16.410909774525926,281.69870387654385,223.70962797794596
HAVELLS,30,6130,36,HAVELLS,62.0,HAVELLS,501.0,6.6384828655466155,1.0503730302695065,18.567680793103857,311.26273789471156,381.7079815167428
HAVELLS,31,8116,36,HAVELLS,63.0,HAVELLS,827.0,14.203997298208623,1.3449514018784197,26.61391728364843,454.49113855091684,195.51780184417274
HAVELLS,32,10073,36,HAVELLS,63.0,HAVELLS,660.0,18.636787585669296,0.08469828068185836,20.906331893098212,684.0338039282079,266.1429120856397
HAVELLS,33,9440,36,HAVELLS,63.0,HAVELLS,1728.0,20.140987779104393,1.907428336046501,17.852977434552702,302.9667987009389,282.01998753711905
HAVELLS,34,10457,36,HAVELLS,63.0,HAVELLS,565.0,22.129721222709815,1.1135015757470292,24.187998397368126,145.15984488372817,452.52263445475205
HAVELLS,35,13938,36,HAVELLS,63.0,HAVELLS,1953.0,19.46099999163966,0.6640200128758367,16.3824500316719,526.5233105386352,357.21570026492043
HAVELLS,36,16911,36,HAVELLS,63.0,HAVELLS,-144.0,6.571999811403943,0.9480464319119164,29.38877346811523,763.5594638977989,290.7950559175924
HAVELLS,37,18590,36,HAVELLS,63.0,HAVELLS,-376.0,12.379596083032467,1.0957092117098313,11.355490696882777,416.18627568113936,364.22054799050903
HAVELLS,38,20677,36,HAVELLS,63.0,HAVELLS,-485.0,15.107135579543522,0.13775664659862086,23.912514913347987,552.3507713240094,392.07691804400093
HCLTECH,26,25581,37,HCLTECH,139.0,HCLTECH,5539.0,8.438503085633702,0.46325334207548563,14.379145441009964,611.6620203352554,344.0482692402835
HCLTECH,27,32144,37,HCLTECH,140.0,HCLTECH,3823.0,20.897277389149586,1.3924851041553166,21.05358936420268,840.3184008367316,301.60733294595974
HCLTECH,28,36701,37,HCLTECH,281.0,HCLTECH,8995.0,20.264174083035215,1.3260934179859765,24.41878223736517,634.8993527902304,336.7234931518482
HCLTECH,29,31136,37,HCLTECH,282.0,HCLTECH,8328.0,23.525080503981897,1.385803676879265,27.27760818059097,639.028504808529,186.93382596052427
HCLTECH,30,47568,37,HCLTECH,285.0,HCLTECH,8971.0,7.072917038722208,0.716109720136155,11.088837104511027,419.5132980255972,291.5254420261163
HCLTECH,31,50569,37,HCLTECH,278.0,HCLTECH,13359.0,22.057921866090386,1.5390208171006658,16.043757841145265,589.9380850013208,56.53047961952511
HCLTECH,32,60427,37,HCLTECH,271.0,HCLTECH,19618.0,10.892544324703216,0.07048899538281339,26.219453361065067,197.36406897031793,62.3607772983147
HCLTECH,33,70676,37,HCLTECH,543.0,HCLTECH,16900.0,5.8759630933007,1.0080921540137946,23.360074854901907,378.5588408560903,496.69392456599417
HCLTECH,34,75379,37,HCLTECH,543.0,HCLTECH,18009.0,21.311559898084354,0.5340917629078936,13.593941142682342,118.89385983776366,107.029986598385
HCLTECH,35,85651,37,HCLTECH,543.0,HCLTECH,22448.0,22.884739911219903,1.7854038147323756,26.193225633594565,855.1749907229627,153.95907279550852
HCLTECH,36,101456,37,HCLTECH,543.0,HCLTECH,-2361.0,13.292145540327594,1.799307249868454,17.93268188233511,317.5343155688628,367.3614561127232
HCLTECH,37,109913,37,HCLTECH,543.0,HCLTECH,-4842.0,19.18781458566942,1.185176784481456,26.075123236357662,305.661093263455,230.35431493286762
HCLTECH,38,115308,37,HCLTECH,543.0,HCLTECH,-2088.0,20.963323932856753,1.0186457606262627,18.828756553002037,881.1395205476289,458.6181733195014
HDFCBANK,26,35861,38,HDFCBANK,501.0,HDFCBANK,-21281.0,10.92544269056317,1.5112501982693518,11.466784310376674,559.1243926558183,390.6177636176631
HDFCBANK,27,42555,38,HDFCBANK,506.0,HDFCBANK,-34435.0,11.926520126296795,1.6782611744260871,24.18268533826246,175.07195569861074,397.03825540877256
HDFCBANK,28,50666,38,HDFCBANK,513.0,HDFCBANK,17282.0,12.95585287654498,1.336258097134468,21.604335670368982,494.5517666993952,441.66188128072713
HDFCBANK,29,63162,38,HDFCBANK,519.0,HDFCBANK,17214.0,11.533920634845424,0.0010914514010818,14.281181935499399,601.1607469155449,389.61238396352854
HDFCBANK,30,73271,38,HDFCBANK,545.0,HDFCBANK,-62872.0,5.20379344352619,1.4867888031435674,21.664712052249296,338.7739018214048,499.72578634734606
HDFCBANK,31,85288,38,HDFCBANK,548.0,HDFCBANK,-16869.0,19.560976115129982,1.0865860137385577,18.74767471560647,556.1904438938645,115.70593405397726
HDFCBANK,32,105161,38,HDFCBANK,551.0,HDFCBANK,42476.0,22.361528408577378,0.8952794821513093,28.82814428002485,707.2559590663072,498.0492191106808
HDFCBANK,33,122189,38,HDFCBANK,555.0,HDFCBANK,-11960.0,9.179418083652568,1.4807026438844577,15.119002945518758,387.8893943713697,206.8994447977177
HDFCBANK,34,128552,38,HDFCBANK,558.0,HDFCBANK,20814.0,21.160077791087723,0.9191873277889959,23.339318991959203,321.7662980804722,368.3904926271482
HDFCBANK,35,135936,38,HDFCBANK,760.0,HDFCBANK,19069.0,9.80189655686823,0.1500876160895448,20.238676890215732,848.6906816366417,247.11295119056106
HDFCBANK,36,170754,38,HDFCBANK,36167,HDFCBANK,-902.0,18.54207437485222,1.6490646545031196,13.581243786147878,530.33813148394,244.88609168934633
HDFCBANK,37,283649,38,HDFCBANK,43687,HDFCBANK,-1099.0,19.013372984133017,1.9320771077900976,21.684434602747757,321.6964659253083,310.297098260427
HDFCBANK,38,329022,38,HDFCBANK,62653,HDFCBANK,-800.0,10.042086310804358,1.083681891251094,12.063200136020685,907.7057168677535,91.66980839926178
HDFCLIFE,26,14060,39,HDFCLIFE,1995.0,HDFCLIFE,4459.0,22.369422433773725,0.05466571920202523,22.420442952086162,591.0658405912943,469.20598796488287
HDFCLIFE,27,17166,39,HDFCLIFE,1995.0,HDFCLIFE,5687.0,17.922170133559256,0.9329912164296872,17.34831496255922,984.2818991116869,190.56141988784094
HDFCLIFE,28,27215,39,HDFCLIFE,1995.0,HDFCLIFE,6230.0,14.836833894429937,0.6586880023466406,18.90933226532389,113.4585878380137,446.98498870962675
HDFCLIFE,29,18141,39,HDFCLIFE,1995.0,HDFCLIFE,6739.0,17.83407528540624,0.8725462151732946,26.879715046927494,747.864754931952,420.1205175589756
HDFCLIFE,30,30647,39,HDFCLIFE,1998.0,HDFCLIFE,9868.0,24.40531675028734,0.16322904586795928,14.72151550631861,611.5777460143015,458.27751392982447
HDFCLIFE,31,32260,39,HDFCLIFE,2012.0,HDFCLIFE,7388.0,19.150758559182535,0.550487706592345,26.658366325200124,511.826679460472,389.63319305576556
HDFCLIFE,32,38855,39,HDFCLIFE,2017.0,HDFCLIFE,9703.0,14.216921816044017,0.016702446223784362,15.117084453893172,174.58453234039078,466.0949520346136
HDFCLIFE,33,29380,39,HDFCLIFE,2019.0,HDFCLIFE,5943.0,16.87325437577114,1.1119029748554652,10.900708100077136,771.8820326664268,424.70798941847346
HDFCLIFE,34,71528,39,HDFCLIFE,2021.0,HDFCLIFE,6883.0,5.668536544331841,0.532002815057341,19.413886034057874,200.9091283931742,304.8013964440049
HDFCLIFE,35,67126,39,HDFCLIFE,2113.0,HDFCLIFE,10721.0,16.756944667457585,1.1755817443543553,27.612685665578557,184.800324458571,337.8339847435714
HDFCLIFE,36,70207,39,HDFCLIFE,2149.0,HDFCLIFE,,8.503596430705354,0.7730629913442526,21.981466698628935,718.8000558864736,210.03553939514381
HDFCLIFE,37,101482,39,HDFCLIFE,2151.0,HDFCLIFE,,21.84973575488266,1.7219738830736886,26.42319506506299,680.214262328547,71.17160252575515
HDFCLIFE,38,100772,39,HDFCLIFE,2152.0,HDFCLIFE,-3514.0,20.879973417457343,1.9162227508862137,21.713137829868323,478.5851380408865,166.34943137522674
HEROMOTOCO,24,25275,40,HEROMOTOCO,40.0,HEROMOTOCO,3722.0,21.021233245760563,1.4479589348847421,20.311947452411193,549.722563585193,242.71257523962933
HEROMOTOCO,25,27538,40,HEROMOTOCO,40.0,HEROMOTOCO,4007.0,19.692607672324495,1.2562758070159885,24.991285199343057,451.2497851569553,245.19242560185313
HEROMOTOCO,26,28457,40,HEROMOTOCO,40.0,HEROMOTOCO,4017.0,15.934241369539084,0.4783252848824042,16.857109241268244,496.8142309503912,350.75116491734195
HEROMOTOCO,27,28610,40,HEROMOTOCO,40.0,HEROMOTOCO,1032.0,10.324919080968225,0.8626923316727124,18.885646571170632,803.4320973971533,187.13400382980944
HEROMOTOCO,28,32458,40,HEROMOTOCO,40.0,HEROMOTOCO,5518.0,20.967775038696654,1.51950571722171,12.702584712132532,744.8455731552096,75.10094053330874
HEROMOTOCO,29,33971,40,HEROMOTOCO,40.0,HEROMOTOCO,4110.0,6.079933723215465,1.9347348421536839,23.900857170559036,531.0300431610818,126.85221156540972
HEROMOTOCO,30,29254,40,HEROMOTOCO,40.0,HEROMOTOCO,2104.0,10.310224497741194,0.4467360544912413,18.014702766903305,605.5163083179098,106.691914847372
HEROMOTOCO,31,30959,40,HEROMOTOCO,40.0,HEROMOTOCO,2614.0,20.070192997366618,1.7544701322569285,16.5173910831043,307.27132367353795,440.3898253394989
HEROMOTOCO,32,29551,40,HEROMOTOCO,40.0,HEROMOTOCO,4923.0,13.908375093376415,1.5909491238074012,16.323265181872966,353.6129415457129,277.855478767996
HEROMOTOCO,33,34158,40,HEROMOTOCO,40.0,HEROMOTOCO,-1616.0,8.328785812411624,1.7664148150765038,29.842372697022313,467.09486316347443,86.31118212536816
HEROMOTOCO,34,37789,40,HEROMOTOCO,40.0,HEROMOTOCO,31.0,23.411123533240144,0.5477072796044506,15.271120590955967,313.6623793928509,335.1743213818858
HEROMOTOCO,35,40098,40,HEROMOTOCO,40.0,HEROMOTOCO,-2300.0,23.82193935517862,1.9457418140803977,18.312019013832412,176.33424400402527,363.9852780950619
HINDALCO,26,80193,41,HINDALCO,191.0,HINDALCO,7143.0,7.826790186645194,0.1766818833427417,22.190668630230775,109.92125577664441,462.40330670942
HINDALCO,27,87695,41,HINDALCO,206.0,HINDALCO,11688.0,12.375233379905545,1.6844493463091743,20.81718368655464,349.14968149125275,315.65868268732464
HINDALCO,28,104281,41,HINDALCO,207.0,HINDALCO,12687.0,18.594431726003734,1.7777588287750774,16.3072222819101,486.6269095366087,78.9813863813695
HINDALCO,29,98759,41,HINDALCO,207.0,HINDALCO,10898.0,12.195506326765422,1.5640208108973441,20.279843237042375,856.8059133887326,498.04599867772924
HINDALCO,30,100184,41,HINDALCO,223.0,HINDALCO,11977.0,17.15727805153869,0.7411281306213846,24.44724045901458,248.7216036718317,69.63120296525676
HINDALCO,31,115183,41,HINDALCO,223.0,HINDALCO,12745.0,22.454808637840046,0.9901584788757725,26.01439975728441,228.90138351104247,125.19764550449048
HINDALCO,32,130542,41,HINDALCO,222.0,HINDALCO,17232.0,8.817144807451221,1.012609662255333,19.836983759087552,348.68625885138135,219.31213937344123
HINDALCO,33,118144,41,HINDALCO,222.0,HINDALCO,16838.0,7.073832764574579,1.659290990208311,12.90549875065905,361.98581745527576,423.1378640801766
HINDALCO,34,132008,41,HINDALCO,222.0,HINDALCO,19208.0,10.516196342124822,1.3878947579815495,27.491687611218243,795.8741902673969,219.2735937615614
HINDALCO,35,195059,41,HINDALCO,222.0,HINDALCO,24056.0,9.753349669720867,0.4804447099990421,28.425624740119623,934.8556371917247,252.44971881771085
HINDALCO,36,223202,41,HINDALCO,222.0,HINDALCO,-13801.0,8.77487947438155,1.1666940936833472,23.46744634204136,675.2683859127801,324.4428311399284
HINDALCO,37,215962,41,HINDALCO,222.0,HINDALCO,-8095.0,14.698153294024095,1.6190091998894203,11.116311538370622,951.0132285534432,225.3432576585665
HINDALCO,38,224018,41,HINDALCO,222.0,HINDALCO,-3873.0,11.122455739987078,1.1304282944226247,24.49977484586912,378.17929119392403,413.9295254823003
HINDUNILVR,26,27004,42,HINDUNILVR,216.0,HINDUNILVR,3292.0,20.314182271352752,0.26290935320992603,29.220028192108664,984.0763477915016,160.64790950266337
HINDUNILVR,27,29234,42,HINDUNILVR,216.0,HINDUNILVR,4171.0,14.761868094911343,1.6634212888200688,20.429223961293545,435.7511857335398,151.5510175900112
HINDUNILVR,28,31972,42,HINDUNILVR,216.0,HINDUNILVR,5185.0,21.791180927769148,0.026965623911208603,25.686028862415572,111.09471807615917,464.3156669743107
HINDUNILVR,29,32186,42,HINDUNILVR,216.0,HINDUNILVR,6059.0,8.530267754648879,1.7601631174235621,29.458599223267175,339.99607510481894,367.591892698142
HINDUNILVR,30,33162,42,HINDUNILVR,216.0,HINDUNILVR,5800.0,13.128546334346172,1.0268997487642944,18.394352384702163,138.01970908514008,85.84314040761043
HINDUNILVR,31,35545,42,HINDUNILVR,216.0,HINDUNILVR,7623.0,18.912185420340755,0.7421195642036209,23.22273165588082,175.29986212377497,109.24470772857038
HINDUNILVR,32,39310,42,HINDUNILVR,216.0,HINDUNILVR,9163.0,16.768770467366124,1.3723714325455423,17.452479875208674,664.6929214449985,126.48277105602827
HINDUNILVR,33,39783,42,HINDUNILVR,216.0,HINDUNILVR,9048.0,23.397047589953587,1.5975286569370115,28.276208353338443,306.91648206597813,155.42939171654353
HINDUNILVR,34,47028,42,HINDUNILVR,235.0,HINDUNILVR,9991.0,11.45431740156033,0.8983105257533597,22.712381637319233,851.1527531358831,225.61502032077567
HINDUNILVR,35,52446,42,HINDUNILVR,235.0,HINDUNILVR,15469.0,12.569453146803422,0.24250829316429878,11.31494554678605,765.1070493872035,328.9387122148103
HINDUNILVR,36,60580,42,HINDUNILVR,235.0,HINDUNILVR,63.0,16.133766970474365,1.7769031651065583,14.557543438230189,812.3692666889448,288.27425836086917
HINDUNILVR,37,61896,42,HINDUNILVR,235.0,HINDUNILVR,-475.0,15.574918529815438,0.06517913880696291,15.398857056082386,118.14525533394556,234.20319721044208
HINDUNILVR,38,62661,42,HINDUNILVR,235.0,HINDUNILVR,138.0,18.61588233237385,1.0724887473588045,23.19837860958897,406.18182179082913,469.5567315976662
ICICIBANK,26,44885,43,ICICIBANK,1160.0,ICICIBANK,-12273.0,22.157241363644207,0.7871402529799199,27.63741695599417,111.69551930253564,172.03455989697284
ICICIBANK,27,49479,43,ICICIBANK,1163.0,ICICIBANK,23645.0,8.739991669917622,1.0055908136573086,13.674625429663818,292.76696585771566,421.28961272090726
ICICIBANK,28,54964,43,ICICIBANK,1165.0,ICICIBANK,52636.0,24.491977223577713,1.689189677918838,14.143585606293097,405.0349345739622,478.8848255123723
ICICIBANK,29,59294,43,ICICIBANK,1286.0,ICICIBANK,19383.0,20.252350704441856,0.2219192374540615,25.56706835442764,859.3735698519055,357.295049537117
ICICIBANK,30,60940,43,ICICIBANK,1289.0,ICICIBANK,48671.0,23.75661962495867,1.1967706542479029,24.40947299298464,996.2541405460938,157.2481506605464
ICICIBANK,31,62162,43,ICICIBANK,1295.0,ICICIBANK,79565.0,18.904467566729792,0.6262234232371078,20.626828360857026,601.4984536806109,314.3374147820985
ICICIBANK,32,71982,43,ICICIBANK,1383.0,ICICIBANK,138015.0,11.666173472682724,0.21934547244637614,26.483034251439822,544.1999162822801,432.354153148844
ICICIBANK,33,84836,43,ICICIBANK,1390.0,ICICIBANK,58111.0,15.453007487696837,0.9632427842303595,16.5886863902382,457.5063018738026,80.28490321237575
ICICIBANK,34,89163,43,ICICIBANK,1397.0,ICICIBANK,-3771.0,15.69422860995518,1.3778757456202242,28.16849346725806,898.7369335083913,291.14773214200056
ICICIBANK,35,95407,43,ICICIBANK,1405.0,ICICIBANK,157284.0,16.698439991112863,1.2057825267526787,28.84543552490951,845.3284322615895,343.0841446787281
ICICIBANK,36,121067,43,ICICIBANK,67609,ICICIBANK,-18563.0,8.168815625784141,0.8067777966427419,12.606990678339056,951.9151138774946,239.71126987400876
ICICIBANK,37,159516,43,ICICIBANK,75275,ICICIBANK,-15750.0,19.03683368443744,1.1576287241358332,14.674877127413826,895.7169476596466,326.1770001903763
ICICIBANK,38,180551,43,ICICIBANK,83545,ICICIBANK,-13175.0,14.743916575019293,1.1199690443920685,22.421096722529825,503.7999406150436,411.0950225586264
ICICIGI,26,4012,44,ICICIGI,437.0,ICICIGI,-98.0,10.245210673374856,0.18348755901477842,18.782832006544425,250.912781077182,231.58800615473794
ICICIGI,27,4352,44,ICICIGI,445.0,ICICIGI,511.0,16.464459768701843,0.8524315124552155,19.95165001902564,161.07879362507703,59.4643797356205
ICICIGI,28,4234,44,ICICIGI,447.0,ICICIGI,1628.0,18.975811680109622,0.6907595627066785,23.34301605733696,256.8074527986359,343.56371961025746
ICICIGI,29,6033,44,ICICIGI,448.0,ICICIGI,2390.0,8.671570030817596,1.351554692877723,21.559566606001564,489.9664938961909,127.57304466926624
ICICIGI,30,7520,44,ICICIGI,451.0,ICICIGI,2976.0,14.258588547299901,0.26348391635502555,18.59702488140684,447.3735934054577,320.15457080356464
ICICIGI,31,6912,44,ICICIGI,454.0,ICICIGI,3433.0,6.280656221523461,1.5606754381214831,20.826574282606778,952.2623981841316,482.073826873305
ICICIGI,32,11163,44,ICICIGI,454.0,ICICIGI,1774.0,15.639802987754685,1.4039324323298596,10.372354635173949,803.412717001911,268.5942695836242
ICICIGI,33,11517,44,ICICIGI,454.0,ICICIGI,809.0,12.237845027164838,1.923647758339496,21.240151844364654,383.57186222073443,237.0743010408418
ICICIGI,34,12161,44,ICICIGI,455.0,ICICIGI,2290.0,10.81204558259821,0.6567750182869361,13.493678957826607,632.6966532709603,68.50148626630912
ICICIGI,35,16026,44,ICICIGI,491.0,ICICIGI,2407.0,12.28562762182837,0.024168676662867927,29.140273711212583,907.2317623114214,346.3679567188829
ICICIGI,36,17876,44,ICICIGI,491.0,ICICIGI,-962.0,17.064485964244952,1.7980290589001584,14.919261765220227,231.27779214802348,280.1192165850079
ICICIGI,37,20487,44,ICICIGI,493.0,ICICIGI,-706.0,17.41124060590389,0.07205758717486699,21.830472489221208,886.3361832153797,288.36491376462834
ICICIGI,38,23301,44,ICICIGI,495.0,ICICIGI,171.0,5.126523240328627,0.6715780281591037,16.540305523209252,440.99150648394675,394.62556913573366
ICICIPRULI,26,20025,45,ICICIPRULI,1429.0,ICICIPRULI,523.0,7.8385406252384815,0.4623934124299709,12.265133000847008,245.24133885294157,382.72410123587554
ICICIPRULI,27,21888,45,ICICIPRULI,1429.0,ICICIPRULI,3634.0,12.950624277050792,1.8727339465608812,25.75993956640238,954.7185065581666,227.919178170605
ICICIPRULI,28,34453,45,ICICIPRULI,1432.0,ICICIPRULI,4130.0,23.403681963684274,1.8433388667773887,12.607639131471146,230.80798120932053,138.3247258264868
ICICIPRULI,29,20849,45,ICICIPRULI,1432.0,ICICIPRULI,5690.0,20.878123553373925,0.12888112663745543,13.651644723606358,302.77970944098,183.4603129665508
ICICIPRULI,30,37816,45,ICICIPRULI,1435.0,ICICIPRULI,11377.0,11.202288376145892,1.8327626683025608,12.319017623431757,476.4882991029529,409.224200973381
ICICIPRULI,31,38832,45,ICICIPRULI,1436.0,ICICIPRULI,8596.0,5.249757538964214,1.932421452296019,23.42534085587058,832.593175871071,231.39548901793506
ICICIPRULI,32,41463,45,ICICIPRULI,1436.0,ICICIPRULI,7314.0,12.767916989366508,1.456711220319445,18.682421375028852,361.74430125537805,206.24531521455867
ICICIPRULI,33,21025,45,ICICIPRULI,1436.0,ICICIPRULI,1831.0,15.878142047626584,0.9880065571108341,14.819826475666058,850.6427973001049,375.60206507878866
ICICIPRULI,34,83182,45,ICICIPRULI,1436.0,ICICIPRULI,89.0,18.978277728498217,1.3044911464708402,16.12069132061801,384.7671726538543,475.1482076109555
ICICIPRULI,35,63564,45,ICICIPRULI,1437.0,ICICIPRULI,-7315.0,23.211349992957324,0.6528498271541725,14.67748546464348,442.6869198024782,307.27233191190885
ICICIPRULI,36,50478,45,ICICIPRULI,1439.0,ICICIPRULI,1564.0,24.208778295230147,0.8479435271105173,13.742379443950302,864.5574091092108,421.19753592837554
ICICIPRULI,37,90307,45,ICICIPRULI,1441.0,ICICIPRULI,6012.0,24.87004561221971,1.3429377770718594,27.98399430559052,451.7913814521379,96.76284221246911
ICICIPRULI,38,77572,45,ICICIPRULI,1444.0,ICICIPRULI,-1822.0,11.344929572498454,0.5664976470873988,27.29545612436987,333.2616665633931,112.6626765675278
INDUSINDBK,26,6983,47,INDUSINDBK,529.0,INDUSINDBK,-1421.0,13.688062370628515,0.27719766342089813,21.49489870349083,869.5319757500966,277.96902827665724
INDUSINDBK,27,8254,47,INDUSINDBK,595.0,INDUSINDBK,-2927.0,23.077700075224207,0.5495306110203342,25.319288309912054,450.93742896972265,425.9169985661299
INDUSINDBK,28,9692,47,INDUSINDBK,598.0,INDUSINDBK,11569.0,19.74122851086714,0.7064714756867465,27.112958699677947,142.56951554307344,318.9800652027434
INDUSINDBK,29,11872,47,INDUSINDBK,600.0,INDUSINDBK,-20700.0,6.315842084719607,1.7395244930267912,12.787216311051356,412.3874914398296,364.82746165494285
INDUSINDBK,30,14406,47,INDUSINDBK,603.0,INDUSINDBK,-6389.0,12.563413552978808,0.756137340850594,11.383030195072344,725.5606238462299,119.4120763037075
INDUSINDBK,31,17281,47,INDUSINDBK,694.0,INDUSINDBK,-12039.0,19.29533405134495,1.3944232467292628,26.546889210291695,273.8552888342026,102.14897643330687
INDUSINDBK,32,22261,47,INDUSINDBK,773.0,INDUSINDBK,44646.0,12.828986168945216,1.1791431589450319,17.550881866366055,993.3938390863467,440.31215640074555
INDUSINDBK,33,28783,47,INDUSINDBK,775.0,INDUSINDBK,16600.0,11.582591779620326,0.6062234587635869,15.3426621828097,119.10683013024281,363.6291015877901
INDUSINDBK,34,29000,47,INDUSINDBK,776.0,INDUSINDBK,-12438.0,22.375606787657183,0.3022883762202855,29.708107313902616,419.79659925914683,235.6435591050793
INDUSINDBK,35,30822,47,INDUSINDBK,778.0,INDUSINDBK,-16843.0,7.590719660931957,1.9559146527757179,10.060814764547512,937.2424469101319,163.42306037723932
INDUSINDBK,36,36368,47,INDUSINDBK,7107,INDUSINDBK,-174.0,13.539263197160622,1.4636768520492225,23.82858706390291,227.69956440370453,310.9872350157651
INDUSINDBK,37,45748,47,INDUSINDBK,8517,INDUSINDBK,-174.0,12.594697597041078,0.7427778049464653,29.09049050983033,101.45419824250195,89.54653416433933
INDUSINDBK,38,49004,47,INDUSINDBK,10115,INDUSINDBK,-276.0,7.377738883047098,1.9493651912240961,10.717416545489083,129.63709942573027,51.97007187965595
INFY,26,40352,48,INFY,286.0,INFY,8353.0,22.78362051443191,1.640878801855109,15.612026886963983,257.92140008777994,452.77842172228065
INFY,27,50133,48,INFY,286.0,INFY,10028.0,20.881729837542892,0.9666816247359171,24.42640712570242,476.6051342605443,68.15653749754526
INFY,28,53319,48,INFY,572.0,INFY,11531.0,19.100004523791966,1.1280748954689455,12.974013851715846,176.3269353872074,220.8335118463142
INFY,29,62441,48,INFY,1144.0,INFY,13218.0,24.561003878375935,0.4536699037514076,14.785667030212778,435.0636242366934,246.66220446664153
INFY,30,68484,48,INFY,1144.0,INFY,14841.0,21.619165559342616,0.5383971690026481,28.418933424359054,510.72921115607863,346.66788694136847
INFY,31,70522,48,INFY,1088.0,INFY,17003.0,24.648395902297437,0.6246734259239102,27.7447911263352,849.897664498077,210.65968161141816
INFY,32,82675,48,INFY,2170.0,INFY,23224.0,12.703796705771971,1.5652496869604888,15.09062914234004,320.63308235065745,200.87798561041586
INFY,33,90791,48,INFY,2122.0,INFY,23885.0,19.02749635095369,1.550454664294505,20.82091912841314,184.8661693384299,475.156405611841
INFY,34,100472,48,INFY,2124.0,INFY,22467.0,8.334829525319389,1.0580676430159377,12.74752862131618,383.1090783633442,379.2674820057878
INFY,35,121641,48,INFY,2098.0,INFY,25210.0,8.164184907221323,0.6425282606280804,24.53436184696913,734.5068029972887,417.4690766021657
INFY,36,146767,48,INFY,2069.0,INFY,-2922.0,23.185232545185364,1.3092182280629938,27.73757464015182,157.04613596201577,148.75374737295644
INFY,37,153670,48,INFY,2071.0,INFY,-2563.0,22.88245697832557,1.3122722185753974,23.839452747348524,671.2098953837756,101.62484811766367
INFY,38,159988,48,INFY,2072.0,INFY,999.0,20.785906949673034,0.14725333769964655,28.33722685987079,881.8539452753283,60.540711885540276
IOC,26,461780,49,IOC,2428.0,IOC,46092.0,23.906300560136618,1.044515719819598,10.009155991557714,845.849702850254,497.8982538932473
IOC,27,488345,49,IOC,2428.0,IOC,25624.0,9.847176327306464,1.667697406074452,17.762208748777795,461.22068286142854,115.8573075858275
IOC,28,449507,49,IOC,2428.0,IOC,28216.0,16.84379568479602,0.4488683639726878,11.567451640542608,774.1448325974635,438.39696874889796
IOC,29,346045,49,IOC,2370.0,IOC,29115.0,10.661966355356501,0.733953722437962,27.64634777653075,832.1227376385291,288.16032944748486
IOC,30,355379,49,IOC,4739.0,IOC,12747.0,13.268754989318364,0.4602285080149302,21.896888280585777,270.14809763137106,136.46686387889133
IOC,31,421492,49,IOC,9479.0,IOC,7146.0,19.05155613111315,0.20980678683983123,11.44587657543916,314.66262213000425,227.90780395517598
IOC,32,528158,49,IOC,9181.0,IOC,49650.0,16.988452427819123,1.9448276380512708,12.24476345324447,845.880821918514,156.93868515216712
IOC,33,483763,49,IOC,9181.0,IOC,25747.0,20.18625605177777,0.3858237112627487,28.968665918950926,478.5725531769401,298.1129872549519
IOC,34,363950,49,IOC,9181.0,IOC,29644.0,22.28680420116894,0.8905330701134255,22.2887238954972,702.6942350925385,195.02060073416382
IOC,35,589321,49,IOC,9181.0,IOC,71099.0,18.920492665024785,1.9371847903312218,29.690774122032053,513.6283395566097,381.5995900092274
IOC,36,841756,49,IOC,13772.0,IOC,-9294.0,19.553599943224576,1.0677800681375635,15.158429562634417,503.18804221231863,191.97633386530322
IOC,37,776352,49,IOC,13772.0,IOC,-18594.0,10.611958007457861,1.4675126492113353,18.686423254901214,549.1635986652491,305.5119834563835
IOC,38,761485,49,IOC,13772.0,IOC,-10215.0,21.32857127585838,1.1555733375229211,11.248800653454442,985.5579185540214,108.98061946876282
IRCTC,22,1059,50,IRCTC,20.0,IRCTC,338.0,22.33814851568092,1.9169006589983728,19.3438970013024,963.880409960603,79.6471641490275
IRCTC,23,1367,50,IRCTC,20.0,IRCTC,24.0,10.946945881857676,1.84617179941817,16.899634123699165,751.5414259713498,376.28521761097795
IRCTC,24,1520,50,IRCTC,40.0,IRCTC,499.0,22.19844992221307,1.3300887386668958,18.728497568429702,503.3669849313853,116.8683018213847
IRCTC,25,1466,50,IRCTC,40.0,IRCTC,409.0,20.19381766441375,0.5935084534675812,11.491318950156792,646.6386373430578,449.9253628491079
IRCTC,26,1870,50,IRCTC,160.0,IRCTC,248.0,21.930123579067985,0.49527032943996296,26.27550231292606,648.2697588860648,180.05072661581494
IRCTC,27,2264,50,IRCTC,160.0,IRCTC,524.0,19.23820572301304,1.4688273221783588,21.664935893907895,297.6519186084314,450.2974148107487
IRCTC,28,777,50,IRCTC,160.0,IRCTC,812.0,21.257597131586785,1.7563808885670324,21.077925819291156,765.7337920917126,398.8007259853044
IRCTC,29,1879,50,IRCTC,160.0,IRCTC,882.0,12.80977740639882,1.3746820257554182,13.702150536796672,244.95964759324494,298.15451322383547
IRCTC,30,3541,50,IRCTC,160.0,IRCTC,-46.0,9.696747986534458,1.448883403451717,26.10155610789942,124.0552548076472,53.755391621955134
IRCTC,31,4270,50,IRCTC,160.0,IRCTC,7.0,6.823547597405099,1.1647212533371312,13.640443123164323,213.33151784982795,120.44197812910386
IRCTC,32,4455,50,IRCTC,160.0,IRCTC,94.0,16.611840687545442,1.2404133743564374,12.96740231724591,162.0111002630899,89.05735126016798
IRFC,26,5550,51,IRFC,2352.0,IRFC,7914.0,20.180735225524355,1.2138301041376114,11.187075066739734,978.4312126192606,282.1185528492409
IRFC,27,6197,51,IRFC,3352.0,IRFC,2.0,13.092878688897084,1.0746939045206518,25.455236814929314,806.1619516646929,187.96518159487914
IRFC,28,6939,51,IRFC,3584.0,IRFC,2.0,11.053533188468457,1.6037341123797704,23.876353632345072,390.09350278005667,455.7292209254414
IRFC,29,7507,51,IRFC,4526.0,IRFC,2.0,12.289822660375897,1.3618493099955207,20.33053052421944,951.7633867751799,159.5363430160773
IRFC,30,9047,51,IRFC,6526.0,IRFC,1.0,11.28814992580763,1.3612999009540396,22.182619165987248,421.2628508826089,349.8279441933544
IRFC,31,9267,51,IRFC,6526.0,IRFC,1.0,14.858694887561217,1.8643215798603303,16.80024744429127,813.0975382695473,402.55247126430015
IRFC,32,11134,51,IRFC,9380.0,IRFC,0.0,23.698665925666557,0.028591660431586563,12.841378529995016,849.3328587953336,492.3937932207281
IRFC,33,13421,51,IRFC,11880.0,IRFC,-5.0,13.976756771871116,1.1236207957476783,13.478984486797831,877.9644966805265,78.4131570644234
IRFC,34,15771,51,IRFC,13069.0,IRFC,0.0,22.30212424549157,1.4163446943578146,18.53158712105708,986.5095626059048,218.72468700597955
IRFC,35,20299,51,IRFC,13069.0,IRFC,-8.0,16.865352138073668,1.8136819340597174,28.520156145615246,289.8666690637756,440.9171309275941
IRFC,36,23722,51,IRFC,13069.0,IRFC,17582.0,14.09354807717655,1.4022727909357167,19.508410259996335,796.523585187845,304.95756549842326
IRFC,37,26645,51,IRFC,13069.0,IRFC,18250.0,6.208029050962168,1.3327058862726904,11.953881727607705,383.78118830277964,113.55757071271265
IRFC,38,26902,51,IRFC,13069.0,IRFC,28075.0,9.525876953129078,1.7397543874975732,24.335904199709013,425.05152646290423,397.6107450920925
ITC,26,31618,52,ITC,790.0,ITC,9843.0,12.716301606473229,1.6828602259324674,20.464390297997376,954.2439609185936,347.12791273272194
ITC,27,35306,52,ITC,795.0,ITC,9799.0,19.39813102442727,1.205726510997474,22.22584700490328,499.1413309914518,125.95404311859278
ITC,28,38817,52,ITC,802.0,ITC,10627.0,7.936950154031372,0.612970301981804,24.394577462559504,463.4045121530114,424.37757771558927
ITC,29,39192,52,ITC,805.0,ITC,13169.0,11.827326920247279,1.347832259508086,11.213568182265618,362.5904709023156,183.26045921177342
ITC,30,42768,52,ITC,1215.0,ITC,12583.0,15.288814777243807,0.4026723474537943,10.087182812142002,457.9973677673238,431.86716624232577
ITC,31,43449,52,ITC,1220.0,ITC,14690.0,10.544317168342655,1.2443918881178615,26.502565894654925,743.7176167447104,356.1157227390543
ITC,32,48340,52,ITC,1226.0,ITC,12527.0,7.45387176787956,0.9883787177993624,17.302061229765574,261.8977481887233,433.2909186149369
ITC,33,49388,52,ITC,1229.0,ITC,15776.0,19.3657999335434,0.2838472221333457,14.457167600553973,785.6100580107873,482.48300319354604
ITC,34,49257,52,ITC,1231.0,ITC,18878.0,6.936789188610555,1.4294515720293672,28.106900090308294,511.21790316868385,178.85345189127636
ITC,35,60645,52,ITC,1232.0,ITC,17179.0,20.791367664298736,0.21480723377520117,23.104952600637578,677.0648014483431,335.7879982737167
ITC,36,70919,52,ITC,1243.0,ITC,-3881.0,14.612850590175375,0.10911599279857942,12.854455597044447,931.9815777698425,247.37447790180124
ITC,37,70866,52,ITC,1248.0,ITC,-3254.0,6.282742509858141,0.7875405931569017,15.565292162561509,849.0995206232836,273.83954689867016
ITC,38,75135,52,ITC,1251.0,ITC,-5275.0,5.8026562774943375,0.9551558716403707,22.73713849298015,358.62615311812516,282.6514685657274
JINDALSTEL,26,19807,53,JINDALSTEL,93.0,JINDALSTEL,1182.0,23.48046900331523,0.44712520833564207,11.630719745659677,209.2460355956338,464.97412588981797
JINDALSTEL,27,19286,53,JINDALSTEL,91.0,JINDALSTEL,4333.0,22.97648685601982,0.14486768444786402,23.686154230761673,490.41329506635196,460.55848247764396
JINDALSTEL,28,19401,53,JINDALSTEL,91.0,JINDALSTEL,6850.0,20.14727103482674,0.6854247171883305,22.03360682575053,794.8350852614309,412.71433242187226
JINDALSTEL,29,19469,53,JINDALSTEL,91.0,JINDALSTEL,7724.0,23.828867179750485,0.46291375935450696,13.60303832841187,603.6159215052523,424.80970328913116
JINDALSTEL,30,21603,53,JINDALSTEL,92.0,JINDALSTEL,9027.0,19.990356335485536,0.9005470294632172,15.792997499254078,834.7832156008551,465.04877084382224
JINDALSTEL,31,33286,53,JINDALSTEL,97.0,JINDALSTEL,8814.0,21.087271748112073,1.629883058719006,10.740213625363968,960.5458810025442,496.46818648682716
JINDALSTEL,32,46966,53,JINDALSTEL,97.0,JINDALSTEL,11961.0,11.194388040500813,0.0004121387872697557,21.691187482111776,460.3746368873874,427.2596663134914
JINDALSTEL,33,37923,53,JINDALSTEL,102.0,JINDALSTEL,16048.0,17.688524937404928,1.490868155867147,20.15683522086539,129.95131477849813,160.64957100977753
JINDALSTEL,34,34579,53,JINDALSTEL,102.0,JINDALSTEL,7347.0,19.64979675515597,1.5005159190634891,11.376272671658782,775.6349390092632,467.56765819068863
JINDALSTEL,35,51166,53,JINDALSTEL,101.0,JINDALSTEL,6008.0,17.079177494796546,1.951337573850314,25.01212680526296,801.2087362649518,298.4102015647185
JINDALSTEL,36,53212,53,JINDALSTEL,100.0,JINDALSTEL,-9591.0,12.310350002515719,1.7567575423944273,21.860517366071598,729.7653829763759,246.42428942860641
JINDALSTEL,37,50354,53,JINDALSTEL,100.0,JINDALSTEL,-12694.0,24.84466103850336,0.7066789391268371,17.111512367632315,380.00851692438164,366.27906905597456
JINDALSTEL,38,50019,53,JINDALSTEL,101.0,JINDALSTEL,-6717.0,16.22170522852617,1.1404698101310984,20.072566908446607,297.0356603700653,447.10130024321063
JIOFIN,6,45,54,JIOFIN,2.0,JIOFIN,-1110.0,7.318136543227094,0.767955507946646,21.195046797283815,238.90808052620295,128.70082379499962
JIOFIN,7,1855,54,JIOFIN,6353.0,JIOFIN,1441.0,16.551707856979526,1.9302448693781258,17.161792433815144,500.22268112624306,85.24349692559639
JIOFIN,8,1968,54,JIOFIN,6353.0,JIOFIN,-889.0,17.716328946225843,1.8889879918057944,25.865829185490018,862.0945150489719,293.8336897993822
JSWENERGY,26,8870,55,JSWENERGY,1640.0,JSWENERGY,3394.0,12.334883877876301,1.1085045665581656,19.320191434407356,308.56083750641113,456.1933825774977
JSWENERGY,27,8648,55,JSWENERGY,1640.0,JSWENERGY,3538.0,9.287605262972638,0.47638229747783445,29.212033692080745,100.46989170344796,219.22641829767403
JSWENERGY,28,9347,55,JSWENERGY,1640.0,JSWENERGY,3853.0,20.859986760958254,1.8815340541368348,26.738930721455425,778.0747808372803,467.7190067727523
JSWENERGY,29,9824,55,JSWENERGY,1627.0,JSWENERGY,3934.0,22.454621204144637,0.12294507133766386,17.191522378930273,293.58436577107295,220.58440109383508
JSWENERGY,30,8263,55,JSWENERGY,1628.0,JSWENERGY,2491.0,21.60840307648901,0.7280849284092552,26.81442726973963,802.525892299288,194.16429021113197
JSWENERGY,31,8049,55,JSWENERGY,1640.0,JSWENERGY,2082.0,14.981474814079661,0.2781006329341933,16.07927670083047,477.6553657733135,104.52126899823595
JSWENERGY,32,9138,55,JSWENERGY,1641.0,JSWENERGY,3700.0,9.179429255136695,1.743125468752602,14.64898683752008,302.7143636990007,104.55349395079045
JSWENERGY,33,8273,55,JSWENERGY,1642.0,JSWENERGY,2952.0,10.47450229751716,1.2466173853819675,20.74332243591033,171.22636927363936,374.62841783968764
JSWENERGY,34,6922,55,JSWENERGY,1642.0,JSWENERGY,2084.0,15.72570350240287,1.0875106823713736,26.493865289303436,746.8673803661169,122.95532743821401
JSWENERGY,35,8167,55,JSWENERGY,1640.0,JSWENERGY,6234.0,10.968783385392499,0.4550930971631113,11.252016804180204,316.169450552384,430.3498113776458
JSWENERGY,36,10332,55,JSWENERGY,1641.0,JSWENERGY,-944.0,14.365975950955693,1.7615552430014643,13.510133325615756,467.5450763469076,497.3719400730701
JSWENERGY,37,11486,55,JSWENERGY,1641.0,JSWENERGY,-363.0,12.88188105628053,1.6164872049099508,23.080386549104063,345.53976153676024,247.33805910782607
JSWENERGY,38,11416,55,JSWENERGY,1745.0,JSWENERGY,-422.0,6.980915795357088,0.1439804271366485,17.5164114477882,814.9518079577189,167.2360052249299
JSWSTEEL,26,38210,56,JSWSTEEL,284.0,JSWSTEEL,7876.0,14.480863169370501,0.9454546633152454,21.9329076164235,921.8465923570332,172.2453537462315
JSWSTEEL,27,51220,56,JSWSTEEL,303.0,JSWSTEEL,6897.0,22.742515795699934,0.8735635808227242,14.257482500337844,249.84323875626768,240.56392738529513
JSWSTEEL,28,52972,56,JSWSTEEL,303.0,JSWSTEEL,7888.0,19.958076167590363,0.14098371425791711,17.715825472654387,185.21979044769134,184.22159219832494
JSWSTEEL,29,41546,56,JSWSTEEL,301.0,JSWSTEEL,12379.0,15.785265378412879,1.6332146150730542,21.57466273573549,723.9725175853397,480.7258994779453
JSWSTEEL,30,55604,56,JSWSTEEL,301.0,JSWSTEEL,14633.0,6.088625496425242,1.6476336914007923,16.883879887050043,588.0296101266078,165.99950211557547
JSWSTEEL,31,71933,56,JSWSTEEL,302.0,JSWSTEEL,12785.0,9.49940870364995,1.7973486523853421,16.577625252237656,541.9474684671247,203.7420202109688
JSWSTEEL,32,84757,56,JSWSTEEL,301.0,JSWSTEEL,18789.0,9.249226737776329,0.8263106229332768,22.036831422730607,888.3687484273645,340.8372341741871
JSWSTEEL,33,73326,56,JSWSTEEL,301.0,JSWSTEEL,26270.0,7.619921734153334,0.3570661806079174,15.107388445463265,956.6244410216098,346.35060651632256
JSWSTEEL,34,79839,56,JSWSTEEL,302.0,JSWSTEEL,23323.0,23.257256737116194,1.2910416452460292,29.758204373423624,787.8934657652547,296.97625763396366
JSWSTEEL,35,146371,56,JSWSTEEL,301.0,JSWSTEEL,12078.0,12.432016186447346,1.6197914675811076,21.73983950955033,454.93771636757856,212.33984330137366
JSWSTEEL,36,165960,56,JSWSTEEL,301.0,JSWSTEEL,-5433.0,6.021788815085474,1.8863900363859771,25.04063535952331,183.61893081140738,281.189786599139
JSWSTEEL,37,175006,56,JSWSTEEL,305.0,JSWSTEEL,-5618.0,21.79257338074813,0.06810068077749709,23.356967222570127,927.5746342202377,209.58399787374069
JSWSTEEL,38,170274,56,JSWSTEEL,305.0,JSWSTEEL,-7372.0,17.342011248701358,0.4092358918722847,15.881108720336641,443.4470088639342,87.9521163875745
KOTAKBANK,26,10838,57,KOTAKBANK,386.0,KOTAKBANK,2302.0,6.176714339564107,1.1521776477967405,26.153913609639933,396.0934137778562,82.44102186734997
KOTAKBANK,27,11986,57,KOTAKBANK,917.0,KOTAKBANK,5025.0,24.541964562503104,0.6231231831044752,14.96742437606169,198.67882258933392,140.29019876720827
KOTAKBANK,28,13319,57,KOTAKBANK,920.0,KOTAKBANK,13222.0,9.830334541197043,0.773075606001048,25.372854773214197,602.0729465410669,72.40213619067862
KOTAKBANK,29,20402,57,KOTAKBANK,953.0,KOTAKBANK,-10392.0,7.438247888188818,0.15089861113429826,21.08930165665941,241.87056712369267,162.59828926916316
KOTAKBANK,30,22324,57,KOTAKBANK,954.0,KOTAKBANK,1822.0,14.419352756060844,0.5126563458205964,25.456150350909677,975.5848142480986,492.98293860829904
KOTAKBANK,31,25131,57,KOTAKBANK,957.0,KOTAKBANK,46619.0,7.404263333117392,1.9850187576678575,12.994679097576698,578.5266509681398,443.40300370877605
KOTAKBANK,32,29831,57,KOTAKBANK,991.0,KOTAKBANK,4881.0,7.316483332361381,1.084495816604049,12.048000700293704,859.701015924384,169.97939644277554
KOTAKBANK,33,33474,57,KOTAKBANK,992.0,KOTAKBANK,8308.0,24.157587953583175,1.3554296079898194,23.759855192125947,415.2287859677468,352.3119576611533
KOTAKBANK,34,32820,57,KOTAKBANK,993.0,KOTAKBANK,-1242.0,11.486252888472475,1.8078629482422657,28.5821688434198,353.2943706739919,67.68572325803467
KOTAKBANK,35,33741,57,KOTAKBANK,994.0,KOTAKBANK,15685.0,17.90538290763184,1.7077181427325279,11.300358593131408,452.2938373583882,135.09900618885558
KOTAKBANK,36,42151,57,KOTAKBANK,14894,KOTAKBANK,-9035.0,14.899719677790198,0.4212460131159401,21.524682604291314,465.3902051309517,114.18777855584413
KOTAKBANK,37,56237,57,KOTAKBANK,18699,KOTAKBANK,-1130.0,20.809565741650637,0.7740048360217784,26.82887433452889,348.96065981348283,154.21976431185166
KOTAKBANK,38,64053,57,KOTAKBANK,21770,KOTAKBANK,-4467.0,7.421936941924958,1.4413884733231876,11.717436097881302,772.6847696275476,243.44263343439323
LICI,14,571508,58,LICI,100.0,LICI,80602.0,9.325210821713014,1.493177540235834,29.936331996284025,615.6590447268184,496.81996506680247
LICI,15,628043,58,LICI,100.0,LICI,-3783.0,22.644249828252498,1.4000443590581808,28.21398855904866,387.5599245954403,494.0479990896333
LICI,16,690914,58,LICI,100.0,LICI,54519.0,13.46314426755052,0.5319233539125023,16.787297471379894,710.9839685452552,108.37078036401795
LICI,17,723606,58,LICI,6325.0,LICI,26122.0,21.871211773010263,0.15223561474337766,21.986073573963818,181.87137916430714,477.3915274345154
LICI,18,784628,58,LICI,6325.0,LICI,9636.0,18.046659700374953,1.9694297748396636,29.96495862295983,473.02727712038285,79.14672515410865
LICI,19,845966,58,LICI,6325.0,LICI,-40415.0,13.454809238764962,0.8769332597510633,21.8680538537215,160.9876711250221,383.73792934346335
LICI,20,896106,58,LICI,6325.0,LICI,148447.0,13.001092286274282,1.6935645959130072,25.883191524189286,780.306986598894,310.2317855573056
LODHA,26,2173,59,LODHA,108.0,LODHA,2512.0,7.281307397728818,1.6826443157156956,10.349885061930912,784.8416587943685,225.56615353749245
LODHA,27,2954,59,LODHA,108.0,LODHA,-854.0,7.040648806725169,1.229092791542837,10.108372707454638,973.4271766159834,272.6760518115444
LODHA,28,6236,59,LODHA,108.0,LODHA,-1174.0,16.72484834097997,1.0968075793356524,13.020019082495416,601.5365106307437,467.62099935520973
LODHA,29,8249,59,LODHA,108.0,LODHA,-651.0,7.311584634364243,1.7957551128341582,25.143195169756964,862.3612051080053,305.5000951843159
LODHA,30,7926,59,LODHA,113.0,LODHA,-175.0,5.213867476819567,0.7816231267197289,11.662678451965512,702.0731918663715,342.207026410453
LODHA,31,9677,59,LODHA,396.0,LODHA,182.0,11.438915545331112,0.6568013427257251,23.670169317598337,189.08687663391134,113.4227039008154
LODHA,32,11907,59,LODHA,396.0,LODHA,420.0,7.045113560488363,0.5300963758867121,14.843393541697655,283.9160913271564,193.6624523566995
LODHA,33,12443,59,LODHA,396.0,LODHA,1139.0,8.760893876083225,1.921139666991139,12.886361757931207,451.7677189799321,174.9856157561477
LODHA,34,5449,59,LODHA,396.0,LODHA,1789.0,6.928921722452026,0.06416214281352661,15.868018227363844,556.7010822226251,263.6618044725549
LODHA,35,9233,59,LODHA,482.0,LODHA,-2947.0,22.13396134221756,1.2478769637890832,12.538251729127392,348.2631759667524,251.0947486932594
LODHA,36,9470,59,LODHA,482.0,LODHA,330.0,23.307626404867484,0.49557176337337205,18.377067137559337,675.1360587036206,265.97236984315737
LODHA,37,10316,59,LODHA,994.0,LODHA,-312.0,18.577201429601473,0.022394821197810444,19.78124121932602,348.6379124060366,388.7088739295347
LODHA,38,13574,59,LODHA,995.0,LODHA,24.0,5.385808375918641,0.9839140888808833,14.433322051465602,683.9022622715432,191.4230368771586
LT,26,74426,60,LT,16.0,LT,-1365.0,24.55458833138963,0.07130475034487227,22.572479288548116,251.44092175272516,365.32311123172303
LT,27,85054,60,LT,16.0,LT,-3240.0,24.71914666688431,1.1051801440270013,14.22927624842748,704.9347241452751,441.2098760787909
LT,28,91929,60,LT,16.0,LT,6655.0,15.652726938781056,0.5560450588973167,25.265617228561215,499.9003130820368,82.34903759246534
LT,29,101122,60,LT,17.0,LT,-10031.0,20.343890143495926,0.4408798208320541,21.279028572249313,117.29412137712993,185.8034757139722
LT,30,109312,60,LT,17.0,LT,-4756.0,11.412470619521732,0.6148080950171413,10.987907056103516,899.4407648168549,54.41929834526816
LT,31,119683,60,LT,17.0,LT,6694.0,12.224932456275763,1.2669088014154646,12.86971045471506,401.2759496582485,77.24389739634515
LT,32,135220,60,LT,17.0,LT,23074.0,8.465056123259227,1.834286958770875,15.740602745492659,793.838878973039,110.9975124814505
LT,33,145452,60,LT,17.0,LT,19164.0,22.476084406529203,1.6023550428417026,19.59951727281848,111.26259209678254,213.7422002953009
LT,34,135979,60,LT,18.0,LT,22777.0,5.929450760231809,1.217485796673186,16.136186949538885,847.3547126231176,328.66433116893626
LT,35,156521,60,LT,30.0,LT,18266.0,15.385270707280618,1.817716637222403,27.31843478017765,615.1818885773748,361.40520531980803
LT,36,183341,60,LT,30.0,LT,-6922.0,7.0826893627806875,0.17975774816086676,21.978806574398362,386.785177192826,194.443704986309
LT,37,221113,60,LT,30.0,LT,-5510.0,15.770596471295713,0.39766257772841196,26.591337158834364,577.6279597559686,324.9706710734554
LT,38,238881,60,LT,30.0,LT,-4778.0,8.075685489257463,1.7675893999277676,16.332989424941367,911.4267442672808,341.89363414654673
LTIM,26,3851,61,LTIM,16.0,LTIM,642.0,23.652373157615088,1.3941347772993737,23.927930213877712,664.7655385529947,372.9461659419899
LTIM,27,4920,61,LTIM,16.0,LTIM,858.0,13.397371545019084,0.10283582488280985,15.10573846647446,499.68172159513904,338.5502824888211
LTIM,28,4978,61,LTIM,16.0,LTIM,1170.0,13.422972138051719,1.535115768912406,18.821381875799347,284.77004351163373,302.1986524144321
LTIM,29,5846,61,LTIM,17.0,LTIM,844.0,7.2455794457968725,1.0630620212855415,19.37540837947845,101.2166379441265,450.43804958965677
LTIM,30,6501,61,LTIM,17.0,LTIM,1395.0,17.727447468223044,0.2834081195089564,15.968449422038542,135.37456086928503,259.21040748237436
LTIM,31,7306,61,LTIM,17.0,LTIM,1644.0,18.987561691740076,1.9471996338032682,29.60804130142424,586.7217663919328,147.54892719546817
LTIM,32,9446,61,LTIM,17.0,LTIM,2400.0,19.18604734981833,1.115287850015311,25.913414099208094,304.2348750772779,236.53375436977964
LTIM,33,10879,61,LTIM,17.0,LTIM,3251.0,13.797291515678992,0.7799027845253517,12.391449341225208,973.030307868635,422.95404280374674
LTIM,34,12370,61,LTIM,18.0,LTIM,3095.0,12.226888515648755,0.506747525070069,13.83160018772253,768.0194509247225,384.8628567557585
LTIM,35,26109,61,LTIM,30.0,LTIM,5670.0,18.455232571978364,1.377963868899761,15.545415018540131,830.8553567390006,314.02419924769976
LTIM,36,33183,61,LTIM,30.0,LTIM,-224.0,6.192342659444203,0.33799795513809605,15.716669270974613,127.25215442981052,169.15275654328605
LTIM,37,35517,61,LTIM,30.0,LTIM,180.0,22.033640424704938,0.17775299193606875,12.928780433193223,347.9791943083037,489.7625554185391
LTIM,38,37129,61,LTIM,30.0,LTIM,-103.0,14.320821223858658,0.949818768677331,21.831714673557524,550.7378143940198,478.66658387829176
M&M,26,68693,62,M&M,295.0,M&M,1055.0,20.39892717226156,1.9397844118730059,17.955878677132162,465.0818491879102,441.9386285230376
M&M,27,74001,62,M&M,295.0,M&M,2385.0,21.25111310947818,1.5425655979437103,14.934481671110017,145.5683268881388,264.12851073970137
M&M,28,71448,62,M&M,296.0,M&M,183.0,16.778129880244414,0.0753621551989978,17.58144229206723,334.0158165813936,339.0340093499145
M&M,29,75841,62,M&M,270.0,M&M,682.0,20.48033579440651,1.7339339860193574,29.67139341226749,223.34799706775556,107.34884861292184
M&M,30,83773,62,M&M,311.0,M&M,-4347.0,15.446839896580762,0.5008578353747484,14.415838952691624,138.44677190351277,56.35776914457156
M&M,31,92094,62,M&M,543.0,M&M,-1457.0,6.762629294167619,1.7401121006868645,27.52785010059351,696.6418101258824,80.76277111384687
M&M,32,104721,62,M&M,544.0,M&M,17909.0,16.746877656253627,0.5049471652837094,10.930240663296537,464.81559597498006,270.3477818333748
M&M,33,75382,62,M&M,554.0,M&M,9248.0,6.798449150734558,0.550036471799052,22.300917039187702,692.2580545123475,280.58126487573463
M&M,34,74278,62,M&M,555.0,M&M,-7074.0,23.655869278126175,1.7629425303631314,18.46240489607934,228.6505975435762,86.11638347396497
M&M,35,90171,62,M&M,556.0,M&M,-5630.0,13.271718438936196,1.134730006490372,17.738008842896114,176.94394824416895,350.34378972183464
M&M,36,121269,62,M&M,557.0,M&M,-2903.0,11.854296484564022,1.6843352048634284,26.804821284323562,718.5875016482111,455.2501226614337
M&M,37,139078,62,M&M,557.0,M&M,-4524.0,21.165537393872413,1.740501307775917,28.96467748084204,267.8560011690311,412.14469383430753
M&M,38,145893,62,M&M,558.0,M&M,-4357.0,14.18077101850638,0.5669979045868809,28.143523010973187,223.89830277081836,154.22676902974953
MARUTI,26,44304,63,MARUTI,151.0,MARUTI,6449.0,16.54560044923645,1.8385029376207103,28.344413352625807,435.689763188915,61.61126380412862
MARUTI,27,44542,63,MARUTI,151.0,MARUTI,8482.0,8.993056090017582,1.477776340791649,19.514155036195227,791.9025176373001,77.63558026751627
MARUTI,28,50801,63,MARUTI,151.0,MARUTI,10282.0,18.06528125773673,0.5403473286938516,22.82209555316527,379.0953613885061,479.16342413920466
MARUTI,29,57589,63,MARUTI,151.0,MARUTI,11788.0,15.135898191271837,1.5364205631037235,27.38589632158056,555.7369980666983,173.58076679125153
MARUTI,30,68085,63,MARUTI,151.0,MARUTI,6601.0,17.50959312770242,0.3572482836358992,10.516478439168807,136.56419024255365,186.97461484773854
MARUTI,31,79809,63,MARUTI,151.0,MARUTI,3496.0,14.72000044165805,1.526602415331208,29.64511534422889,281.93687267338953,184.4972362385556
MARUTI,32,86068,63,MARUTI,151.0,MARUTI,8856.0,8.557387614430784,0.8326498704496166,16.77627370291133,655.9479821894059,426.9899412046493
MARUTI,33,75660,63,MARUTI,151.0,MARUTI,1840.0,5.400290679324553,0.3172283499002766,26.136264685822027,573.6759990051294,278.27311875717896
MARUTI,34,70372,63,MARUTI,151.0,MARUTI,10815.0,15.705473435402224,0.5934056012115916,17.39933619737646,218.6862235796028,290.82110318474645
MARUTI,35,88330,63,MARUTI,151.0,MARUTI,16801.0,6.5100913350262175,1.5370040688886495,11.546345625624648,508.80409492250465,181.12655583691412
MARUTI,36,118410,63,MARUTI,157.0,MARUTI,-3119.0,20.29183197849981,0.5978815327536544,29.58039641805254,799.7415088177854,263.7001495367481
MARUTI,37,141858,63,MARUTI,157.0,MARUTI,-4997.0,23.56089970011444,1.4326205528455325,16.1159436402457,387.1975116834177,67.46520718784843
MARUTI,38,145213,63,MARUTI,157.0,MARUTI,-4491.0,9.788847275976249,1.8491849181264846,14.264153500840898,160.9854997078009,51.39800180517173
MOTHERSON,26,25298,64,MOTHERSON,59.0,MOTHERSON,3390.0,24.396988907866906,1.1671639408147452,27.342768980272318,473.2907870043459,76.2544456578568
MOTHERSON,27,30414,64,MOTHERSON,88.0,MOTHERSON,2188.0,12.006856202686969,0.3099418953165447,24.876088698353254,395.30954004368726,231.3347432145463
MOTHERSON,28,34661,64,MOTHERSON,88.0,MOTHERSON,3800.0,8.883742274219316,1.3615179994252327,28.42801842612832,206.53652899580575,215.12760631034604
MOTHERSON,29,37216,64,MOTHERSON,132.0,MOTHERSON,3264.0,16.07447308900462,0.0192176620989426,10.805837896946318,674.215733903842,411.41239919566226
MOTHERSON,30,42376,64,MOTHERSON,140.0,MOTHERSON,4312.0,13.06558485763605,1.5125948057448266,16.254690422037434,333.3717428329401,255.6528655955477
MOTHERSON,31,56303,64,MOTHERSON,210.0,MOTHERSON,6352.0,19.40208075647171,0.6377835083745371,29.18689735056731,700.194054976513,184.06503926639667
MOTHERSON,32,63523,64,MOTHERSON,316.0,MOTHERSON,5051.0,6.577321727379544,1.5174100498807774,29.51641874224565,179.92271304725153,375.62254141642444
MOTHERSON,33,60729,64,MOTHERSON,316.0,MOTHERSON,2463.0,24.753380101536656,0.1355706631013731,16.87885308528069,950.7558580981795,234.76292250131166
MOTHERSON,34,57370,64,MOTHERSON,316.0,MOTHERSON,4643.0,6.0602352504328145,1.274658106928862,15.107379401180667,739.3271450720542,285.29574865870734
MOTHERSON,35,63774,64,MOTHERSON,452.0,MOTHERSON,7569.0,12.402242191810696,1.9135708643170426,27.08306091341938,724.7290672626594,471.8487957969531
MOTHERSON,36,78788,64,MOTHERSON,678.0,MOTHERSON,-1089.0,22.738348138146392,1.5624366410068018,19.343891742218783,671.5053644315245,309.39629837085516
MOTHERSON,37,98692,64,MOTHERSON,678.0,MOTHERSON,-1372.0,9.282922261294129,1.1004356519102272,29.343534570842287,294.7816612149094,60.41890554250219
MOTHERSON,38,109382,64,MOTHERSON,704.0,MOTHERSON,-2844.0,21.253925327111574,0.02235218404436279,13.681828452968332,989.4290215788185,125.72564342077699
NAUKRI,26,472,65,NAUKRI,109.0,NAUKRI,51.0,20.59172298703761,0.3212608584323138,22.643655764226278,473.3869344015547,425.4614377089644
NAUKRI,27,567,65,NAUKRI,109.0,NAUKRI,78.0,24.4758066473176,1.85782364755074,29.26294466473818,751.2764866504654,480.8009150688151
NAUKRI,28,732,65,NAUKRI,120.0,NAUKRI,213.0,6.517092957075235,1.005883762320281,29.744771770113886,380.70217041985313,105.38062989362675
NAUKRI,29,748,65,NAUKRI,121.0,NAUKRI,253.0,21.62778773410399,1.002025544140488,25.59814700959947,988.3266097424026,437.5040063793647
NAUKRI,30,888,65,NAUKRI,121.0,NAUKRI,276.0,19.628743444917607,1.7649833611716912,10.893984612798453,647.0231586987293,204.1975303835679
NAUKRI,31,988,65,NAUKRI,122.0,NAUKRI,350.0,24.792612268449876,0.6557722656172187,23.811068154475542,386.9856218016003,82.43242908058764
NAUKRI,32,1151,65,NAUKRI,122.0,NAUKRI,276.0,16.249196681730226,1.701878967056625,11.644505814481965,522.495442399981,411.6741143413997
NAUKRI,33,1312,65,NAUKRI,122.0,NAUKRI,707.0,17.78539640479387,1.4094038573540013,26.912887660421195,715.0583364920813,250.1240733652324
NAUKRI,34,1128,65,NAUKRI,129.0,NAUKRI,512.0,15.646546220525963,0.11269084166949339,12.056687443859248,504.92958850322395,72.21539791025984
NAUKRI,35,1589,65,NAUKRI,129.0,NAUKRI,702.0,24.04205420549686,1.8402969042928483,14.543654169388326,526.2466280614524,342.9498206445988
NAUKRI,36,2346,65,NAUKRI,129.0,NAUKRI,-46.0,24.0440073893577,0.5104441634878503,15.61670501968631,547.9716200461606,382.95046212806164
NAUKRI,37,2536,65,NAUKRI,129.0,NAUKRI,-204.0,21.78890964864092,1.1879949422398037,11.469667655609115,396.3767147910062,412.3380256311512
NAUKRI,38,2662,65,NAUKRI,129.0,NAUKRI,-1051.0,21.52501284764863,1.73075976887045,17.166869314720675,312.7739663976139,90.89672269457407
NESTLEIND,26,9101,66,NESTLEIND,96.0,NESTLEIND,1098.0,20.076211395649132,1.9380088652258367,28.67457041277055,719.5330118129477,323.2140174291472
NESTLEIND,27,9855,66,NESTLEIND,96.0,NESTLEIND,1466.0,18.161186458254697,1.4285180196008882,20.16550264104858,904.5088387157309,292.78691379761045
NESTLEIND,28,8175,66,NESTLEIND,96.0,NESTLEIND,1818.0,5.154097399578033,1.5696616009562259,24.158304470892602,860.4538192128695,374.3489191868305
NESTLEIND,29,9141,66,NESTLEIND,96.0,NESTLEIND,2052.0,6.187012836160264,0.6986182046479301,24.895261503078537,585.1631445417731,354.01978308227945
NESTLEIND,30,10010,66,NESTLEIND,96.0,NESTLEIND,2295.0,5.120809950761307,0.6682096224077909,26.58300210130303,830.781375234557,319.93946606743367
NESTLEIND,31,11292,66,NESTLEIND,96.0,NESTLEIND,2454.0,16.766961502003337,0.09878981963071465,28.58380202885073,213.68053190156493,312.9981418271884
NESTLEIND,32,12369,66,NESTLEIND,96.0,NESTLEIND,2236.0,22.91190319845654,1.6557246608476317,24.408057103327685,374.2715013221599,69.57070189826177
NESTLEIND,33,13350,66,NESTLEIND,96.0,NESTLEIND,2737.0,9.74125705576454,0.7735225847970573,13.847526315996143,436.12576665415327,455.78667236377055
NESTLEIND,34,14741,66,NESTLEIND,96.0,NESTLEIND,3392.0,24.873764764615263,0.5239780667651257,13.610405526174386,604.7563853295798,207.63963843315204
NESTLEIND,35,16897,66,NESTLEIND,96.0,NESTLEIND,4175.0,6.150579257488036,0.4807056231813147,27.13746813556655,906.4516974647393,315.3615532440653
NESTLEIND,36,19126,66,NESTLEIND,96.0,NESTLEIND,-441.0,12.922976225545813,1.5537015008507675,11.764697885059622,697.9181534837954,179.6895521049057
NESTLEIND,37,24394,66,NESTLEIND,96.0,NESTLEIND,-432.0,9.513557604078773,1.6854734762640602,22.276293026728318,869.8739579691329,400.39895733188007
NESTLEIND,38,19786,66,NESTLEIND,96.0,NESTLEIND,-70.0,20.122495035241887,1.1144268091133398,21.50511354453645,818.2382333606508,477.54166208998817
NHPC,26,6381,67,NHPC,12301.0,NHPC,4061.0,6.578736989457557,0.7026908964386405,19.168850701859114,866.4990118101227,499.82190186494876
NHPC,27,7389,67,NHPC,11071.0,NHPC,5971.0,13.622026475431223,0.554804017401511,24.571195643158593,161.6439483054643,289.63318492506266
NHPC,28,8221,67,NHPC,11071.0,NHPC,8329.0,16.9280528028265,1.6890803532137717,12.020003866873012,922.9280216866659,74.11715311876274
NHPC,29,8354,67,NHPC,11071.0,NHPC,4696.0,5.558939772670001,0.24978116737677092,23.68692665122598,922.1924239603358,273.870173656544
NHPC,30,8623,67,NHPC,10259.0,NHPC,3824.0,21.80202053766773,0.9261572375173235,17.256346556509783,333.2552661868265,399.9106046271816
NHPC,31,7755,67,NHPC,10259.0,NHPC,2993.0,22.497611557420452,1.4405504889035734,28.39035206291918,288.5809074689409,216.10164435244124
NHPC,32,8983,67,NHPC,10045.0,NHPC,5070.0,14.137623756083196,0.38076571522088365,25.31667331251974,320.43234858143046,417.4569321313695
NHPC,33,10008,67,NHPC,10045.0,NHPC,4590.0,11.548513313718779,0.35769371165037644,27.66729063077965,333.96943031849537,401.8886817636378
NHPC,34,9648,67,NHPC,10045.0,NHPC,4705.0,9.135043337925673,0.07932463916203125,29.2466726973129,335.29997697382623,421.70924246943673
NHPC,35,9144,67,NHPC,10045.0,NHPC,6938.0,12.897050769081348,0.4605301851349737,14.856850765179356,618.8053089883942,426.39173978182527
NHPC,36,10607,67,NHPC,10045.0,NHPC,-1330.0,13.441071369862751,1.3614039107306188,25.628509309991614,700.1360343655305,424.13233099051973
NHPC,37,9632,67,NHPC,10045.0,NHPC,-1122.0,22.51776271925256,0.8674231671646078,27.811524861653016,236.3307430615639,88.17224837892934
NHPC,38,9690,67,NHPC,10045.0,NHPC,-768.0,17.96548697448919,0.7825044972220698,26.516871932204264,269.96184772129686,104.1779952325906
NTPC,26,71518,68,NTPC,8245.0,NTPC,14889.0,10.82307701278876,0.9180223721891405,19.389246078383422,968.5341805377378,108.23762571108307
NTPC,27,78330,68,NTPC,8245.0,NTPC,24125.0,21.348416482289746,1.3169094515176496,14.61992727077151,350.50376300284574,60.0761665298776
NTPC,28,79957,68,NTPC,8245.0,NTPC,20167.0,20.405068911010602,0.05821744859991096,17.437386921740433,566.6514435420818,244.5181686238192
NTPC,29,73396,68,NTPC,8245.0,NTPC,19670.0,22.845606474000107,0.6318117254092244,14.275166505061978,495.8761476857187,471.6405466953387
NTPC,30,82042,68,NTPC,8245.0,NTPC,18686.0,9.552123366214895,1.7798376955809785,23.36550131013586,920.1847373327305,474.77614917499545
NTPC,31,88083,68,NTPC,8245.0,NTPC,23890.0,13.862309951542073,1.2949012959279724,16.380314426832136,613.9895078451087,445.58147984039607
NTPC,32,100287,68,NTPC,9895.0,NTPC,32444.0,11.761355746004385,0.6551023581766369,25.06891491068926,365.9755904534171,81.68112604929986
NTPC,33,109464,68,NTPC,9895.0,NTPC,41788.0,14.40704817587888,1.666156301929146,18.93443112937561,874.7011820500976,373.30565257704336
NTPC,34,111531,68,NTPC,9697.0,NTPC,47152.0,7.032290946928638,0.11465195247209503,14.464644027516595,305.786991263349,291.9332647824958
NTPC,35,132669,68,NTPC,9697.0,NTPC,40785.0,5.179409722498367,0.8996107029013451,18.947746084352026,755.6689638998537,308.49959021305654
NTPC,36,176207,68,NTPC,9697.0,NTPC,-16845.0,10.294448705811268,1.4380679388597286,27.704552521703594,414.72622926827665,297.9136878766021
NTPC,37,178501,68,NTPC,9697.0,NTPC,-15509.0,13.88441281687905,1.490035690431658,19.827361910861274,134.98296106327692,373.68191042976497
NTPC,38,185892,68,NTPC,9697.0,NTPC,-15977.0,7.580169738097289,0.626702583637696,23.182776743483686,184.04852756084438,442.6932257811386
ONGC,26,161984,69,ONGC,4278.0,ONGC,33950.0,14.710197635977032,1.7251548334575748,11.972384681538129,880.8486857934663,67.36226571688458
ONGC,27,174121,69,ONGC,4278.0,ONGC,46292.0,14.835850898219993,0.79496312754556,26.33777694458273,459.75109915457585,224.660319446575
ONGC,28,160923,69,ONGC,4278.0,ONGC,45780.0,10.27810059567843,1.2080629979673492,10.263438834213972,915.9319921751015,264.29931922163394
ONGC,29,124036,69,ONGC,4278.0,ONGC,56792.0,19.31271722843166,0.04888397787298859,14.250549250104124,929.1981399357575,493.12275860034345
ONGC,30,282506,69,ONGC,6417.0,ONGC,61458.0,24.37119457866943,1.4369590987317007,18.624753499781516,627.3501898268071,166.38418808451553
ONGC,31,322706,69,ONGC,6417.0,ONGC,70593.0,16.126970875439763,0.17382694118535524,16.944814348165607,358.8428868223756,235.30650702258242
ONGC,32,421624,69,ONGC,6290.0,ONGC,47185.0,10.528122234359943,1.538907172441853,14.246869036590383,380.0388447342497,411.81647586687376
ONGC,33,396728,69,ONGC,6290.0,ONGC,78248.0,10.777304213170563,1.6320189714395856,12.879209263825661,801.7476354366291,298.70076197605096
ONGC,34,303849,69,ONGC,6290.0,ONGC,86062.0,22.70143620920565,0.7046733308670861,12.340049962402638,164.92519259787343,431.52527084619265
ONGC,35,491246,69,ONGC,6290.0,ONGC,99263.0,16.67052528969198,0.5399850379646554,26.62103085750555,506.4140432166765,307.15376282478104
ONGC,36,632291,69,ONGC,6290.0,ONGC,-41220.0,12.759358660717613,0.7142784853366881,24.274376116622484,138.23724336001942,430.66368444262304
ONGC,37,591396,69,ONGC,6290.0,ONGC,-63633.0,8.166866304463927,1.1021402917254641,21.81011984756073,675.8982423318586,120.15945544979257
ONGC,38,658694,69,ONGC,6290.0,ONGC,-30058.0,20.1273238219284,1.053267174110251,20.889056008963802,767.4426337859763,304.07756826066907
PFC,26,17314,70,PFC,1320.0,PFC,-21455.0,18.031606564189914,1.6811148895042158,19.031764664149925,974.6464437178254,81.52388981929492
PFC,27,21407,70,PFC,1320.0,PFC,-13298.0,19.55412965484072,1.765428797520217,10.18381595800095,599.7083327587037,484.9972444614178
PFC,28,24988,70,PFC,1320.0,PFC,1795.0,15.748377022911415,1.9279592568439978,20.61217184459806,342.0867171133998,116.13765566180322
PFC,29,27861,70,PFC,1320.0,PFC,-57148.0,10.798533977257964,1.5557030416841002,21.518791500294,909.5411742334109,490.7339723141395
PFC,30,27581,70,PFC,2640.0,PFC,-80252.0,10.578275570567834,1.9449865560860378,25.247905933106587,835.7532354019352,231.37761676179423
PFC,31,48624,70,PFC,2640.0,PFC,-42148.0,19.1567214292129,0.0420858555075494,18.650678997225924,526.2218199486845,149.22970312580242
PFC,32,54106,70,PFC,2640.0,PFC,-59143.0,19.401660687019003,1.6829668045269757,16.12303609536687,236.06297841024022,157.65486975697053
PFC,33,62189,70,PFC,2640.0,PFC,4904.0,21.256925066886105,1.0615428818950996,23.45319362468608,325.6614560898221,389.0183717186326
PFC,34,71656,70,PFC,2640.0,PFC,-74717.0,13.57786668853642,0.6098220892545012,27.383326548568856,218.18637394621757,271.8494059284508
PFC,35,76262,70,PFC,2640.0,PFC,-97820.0,22.4740571210989,0.22153032917973547,15.972550868144966,507.36284732455726,276.3453710003342
PFC,36,77684,70,PFC,2640.0,PFC,22.0,5.911186534704997,1.7815043541581947,27.634972488707515,708.2505224440745,281.1634905507495
PFC,37,91508,70,PFC,3300.0,PFC,9.0,18.280480213549474,1.6481662889787123,14.170277257081878,245.0521887340762,396.5491175426748
PFC,38,98152,70,PFC,3300.0,PFC,-491.0,24.76885886894492,0.22341797296950472,18.862989058986077,877.7249482221845,290.75462269020227
PIDILITIND,26,3678,71,PIDILITIND,51.0,PIDILITIND,552.0,7.012687768128463,0.8473361241139046,24.235387555584758,269.3330643687218,350.93134853832817
PIDILITIND,27,4283,71,PIDILITIND,51.0,PIDILITIND,907.0,6.654608319589279,1.7342508043246476,28.29640288148555,245.58848988993697,306.08489611353235
PIDILITIND,28,4844,71,PIDILITIND,51.0,PIDILITIND,794.0,19.502295387095245,0.9098761699740987,11.97054820835069,222.63865076484876,118.11407491815032
PIDILITIND,29,5361,71,PIDILITIND,51.0,PIDILITIND,796.0,10.006012439784797,1.7276316753557674,10.17818414109637,283.49111035546684,310.93680371639215
PIDILITIND,30,5617,71,PIDILITIND,51.0,PIDILITIND,845.0,5.656363156136606,1.6315544278582905,11.948416106694173,531.9241005161016,244.88703773410884
PIDILITIND,31,6078,71,PIDILITIND,51.0,PIDILITIND,1280.0,10.879675637231028,1.0020834503836156,21.339234006380536,241.87547643340343,354.66156392706154
PIDILITIND,32,7078,71,PIDILITIND,51.0,PIDILITIND,1392.0,7.289770943796525,1.0318113941253417,21.0737057264817,450.44903748083095,470.6584377320075
PIDILITIND,33,7294,71,PIDILITIND,51.0,PIDILITIND,955.0,17.96646010950093,1.7553626759762733,18.743483845067843,517.6868188080409,270.2866866190704
PIDILITIND,34,7293,71,PIDILITIND,51.0,PIDILITIND,1558.0,5.82786881907804,1.7156902110000303,27.59764723012577,641.7303891953131,303.8741211288244
PIDILITIND,35,9921,71,PIDILITIND,51.0,PIDILITIND,2724.0,21.382066187656534,1.4852925767330523,20.27232163519589,720.6374229459468,401.50915263533307
PIDILITIND,36,11799,71,PIDILITIND,51.0,PIDILITIND,-144.0,18.796428522419188,1.399663728040496,16.770908995215624,426.24780777935365,174.68766580973414
PIDILITIND,37,12383,71,PIDILITIND,51.0,PIDILITIND,-99.0,19.20776531881313,0.5698425019355471,27.232650142194753,752.7418877112556,404.5513366984504
PIDILITIND,38,12901,71,PIDILITIND,51.0,PIDILITIND,-436.0,5.23297351388234,1.3262615335258672,19.351087331200386,721.9404843716529,271.85205587958535
PNB,26,43071,72,PNB,1101,PNB,4814.0,14.389777894611127,0.9923945339215969,16.82159088407299,174.51875717641326,204.22170557191893
PNB,27,44958,72,PNB,1102,PNB,14167.0,20.431450347604905,0.49875575761524815,12.360611098214582,600.8945504345904,116.42443298759304
PNB,28,48710,72,PNB,1103,PNB,21938.0,17.789428981405685,0.4817427650843473,14.518378974756374,246.72257932548985,70.59673997698923
PNB,29,50804,72,PNB,1104,PNB,-1742.0,20.935230843254068,0.31544088536321824,21.93511280802569,267.5983814244129,94.43760734566096
PNB,30,48058,72,PNB,1105,PNB,-33532.0,11.341673901387498,0.2661780782665941,13.18772686552551,664.9152438954231,270.30388041282765
PNB,31,48725,72,PNB,1106,PNB,-12793.0,8.964282575414344,0.23815168219299987,16.967074331379376,713.6175355395713,452.08570458000776
PNB,32,52147,72,PNB,1107,PNB,30950.0,23.568322377986597,0.2515190146771955,18.339714812000416,990.1557221404411,173.73467890235776
PNB,33,54918,72,PNB,1108,PNB,20032.0,23.82448633644428,0.491357571833011,18.372348082074907,462.7072739238158,469.1194230631608
PNB,34,81935,72,PNB,1109,PNB,22592.0,21.099126739172085,0.4484398849965958,11.8128373346047,450.0543065816529,401.2772892306922
PNB,35,76242,72,PNB,1110,PNB,-27939.0,10.265452485144468,1.9570529110875339,11.6316923964302,176.496558046458,213.11966527228753
PNB,36,86845,72,PNB,1111,PNB,-600.0,11.327809432313643,1.5089431886481584,16.003879883627715,290.6178778370868,209.21078107045687
PNB,37,109065,72,PNB,1112,PNB,-302.0,14.42537851570394,1.0437633500323629,20.68167383773322,543.8236040963839,76.19682871462578
PNB,38,116126,72,PNB,1113,PNB,-872.0,14.981112291336114,0.1964175041597933,29.767003564759158,719.7079727571969,157.54117532239576
POWERGRID,26,13081,73,POWERGRID,Mar 2013,POWERGRID,15800.0,9.897487619679266,0.42946507775188913,15.50030462919344,949.3529840334858,435.977113235155
POWERGRID,27,15555,73,POWERGRID,Mar 2014,POWERGRID,15008.0,10.948734576322622,0.10653517452455818,20.55284755147395,710.6012417293724,466.6809019530927
POWERGRID,28,17540,73,POWERGRID,Mar 2015,POWERGRID,21575.0,16.01013045597601,0.7573978752407404,15.22188830442241,623.7214022248993,440.1310387627322
POWERGRID,29,20652,73,POWERGRID,Mar 2016,POWERGRID,22710.0,21.227214779633716,1.1083892068208596,15.850945923450922,177.22153056599083,379.32948579210927
POWERGRID,30,25697,73,POWERGRID,Mar 2017,POWERGRID,23271.0,17.807558443131036,1.5414184647289235,16.58692892658269,456.79398769015336,97.30193787007067
POWERGRID,31,29954,73,POWERGRID,Mar 2018,POWERGRID,30739.0,21.5357976784388,1.791438412305834,24.574735690376865,987.9701989676171,491.3164002244288
POWERGRID,32,35059,73,POWERGRID,Mar 2019,POWERGRID,29403.0,19.64922946065053,1.4380490106499055,20.421637321629902,624.5496675245749,273.5077725446456
POWERGRID,33,37744,73,POWERGRID,Mar 2020,POWERGRID,26124.0,18.491427047005097,1.493010618703896,10.704580271139143,522.1792104678791,390.14510089518274
POWERGRID,34,39640,73,POWERGRID,Mar 2021,POWERGRID,40203.0,15.352354078499253,0.4060291795530673,15.972915412109302,180.4790861684902,392.733719143074
POWERGRID,35,41622,73,POWERGRID,Mar 2022,POWERGRID,37290.0,13.975544428622644,0.14860312639639184,20.83875976202986,221.82118509720297,53.86288554489184
POWERGRID,36,45603,73,POWERGRID,Mar 2023,POWERGRID,-22084.0,20.395136116049123,0.02567781024432758,26.817933900972243,266.0512457600993,440.28653907884836
POWERGRID,37,45843,73,POWERGRID,Mar 2024,POWERGRID,-26639.0,24.79708676513974,0.7392605794181735,23.12105485709162,196.14344236939317,242.34170509523292
POWERGRID,38,45812,73,POWERGRID,Sep 2024,POWERGRID,-24185.0,21.831327440726124,0.9948017096815778,18.10375795442419,985.8471501436551,316.9712957774625
RECLTD,26,13634,74,RECLTD,987.0,RECLTD,-23898.0,24.55378620380649,1.8267270883206117,21.661776296115427,141.2936411085269,388.8472198401859
RECLTD,27,17223,74,RECLTD,987.0,RECLTD,-13278.0,23.046079674297957,1.188045382659524,21.192030749641123,497.3367276726759,317.2743411964667
RECLTD,28,20544,74,RECLTD,987.0,RECLTD,6805.0,20.17069897635668,0.41606038525021494,21.04995075777473,925.9934588744526,247.58195359662196
RECLTD,29,24125,74,RECLTD,987.0,RECLTD,-32510.0,8.55412794739655,0.15512434945071707,11.46705352307535,256.42964684722347,486.31464604370524
RECLTD,30,24338,74,RECLTD,1975.0,RECLTD,-35866.0,23.365946426004843,1.0260763728118505,23.714943015330576,651.8072048517605,436.7073620130776
RECLTD,31,22658,74,RECLTD,1975.0,RECLTD,-32712.0,17.39472481281625,0.1952314519507412,26.301620992778705,266.00398701984636,257.6259599524001
RECLTD,32,25408,74,RECLTD,1975.0,RECLTD,-43512.0,16.641607804462325,1.3192335342690231,17.248473217978017,347.4548849299367,491.11767741545987
RECLTD,33,29942,74,RECLTD,1975.0,RECLTD,-819.0,20.436604561912233,1.1218941697271543,23.361557222732827,793.7432066764438,61.03551391802384
RECLTD,34,35557,74,RECLTD,1975.0,RECLTD,-37360.0,20.3817690956868,0.5909420213429339,23.801106274599817,163.25488933614554,139.63708420466776
RECLTD,35,39276,74,RECLTD,1975.0,RECLTD,-57723.0,11.722464840775242,1.1840734214979038,26.397333554643254,103.73058079137874,299.0086188102192
RECLTD,36,39486,74,RECLTD,2633.0,RECLTD,152.0,14.204618633240447,1.7401086273653823,19.135993063173935,431.24372924424017,360.031895572721
RECLTD,37,47517,74,RECLTD,2633.0,RECLTD,136.0,12.953496446739221,1.887532077308312,11.854319766338373,444.3729299977159,394.03283535877307
RECLTD,38,51490,74,RECLTD,2633.0,RECLTD,151.0,14.38888367604343,0.9097598640717326,19.477192956747725,268.12790073520495,78.19250397763847
RELIANCE,26,395957,75,RELIANCE,2936.0,RELIANCE,34374.0,11.655972269213887,1.9420855489616262,12.473150030129613,513.8359612129312,297.71899851521164
RELIANCE,27,433521,75,RELIANCE,2940.0,RELIANCE,38134.0,21.38470999679045,1.6785464443361517,16.935209798068243,515.1276423632987,435.88250404900924
RELIANCE,28,374372,75,RELIANCE,2943.0,RELIANCE,49550.0,20.967128829308386,1.4138199782167935,12.684893535532712,632.3290819757217,356.77573998797965
RELIANCE,29,272583,75,RELIANCE,2948.0,RELIANCE,71459.0,11.894049644707891,1.4282417564898908,27.070077456632184,888.9639024025661,151.3660595445602
RELIANCE,30,303954,75,RELIANCE,2959.0,RELIANCE,42346.0,16.24283581181392,1.7736551234408007,12.71567185214532,219.81126077448354,251.94134419318237
RELIANCE,31,390823,75,RELIANCE,5922.0,RELIANCE,94877.0,14.298360819330751,1.2069405628293133,15.37287316894081,776.226741431853,266.88013295854483
RELIANCE,32,568337,75,RELIANCE,5926.0,RELIANCE,26958.0,13.224700963207534,1.1306568208010768,24.530370285072166,508.11540271087006,113.15997924335696
RELIANCE,33,596679,75,RELIANCE,6339.0,RELIANCE,110654.0,12.64824246134038,1.0804314240727213,29.544237852521896,984.2722334764543,431.0922330953438
RELIANCE,34,466307,75,RELIANCE,6445.0,RELIANCE,115032.0,6.624796399645028,1.8375931442773008,15.111601391376722,133.28369226827843,322.2820437845674
RELIANCE,35,694673,75,RELIANCE,6765.0,RELIANCE,158788.0,10.370796554494717,0.5887603798005714,10.841539401779505,539.0728339807703,406.59407672131016
RELIANCE,36,876396,75,RELIANCE,6766.0,RELIANCE,-27601.0,10.871808314145477,0.8480126155069851,13.731212274919544,478.8408858426023,418.1265986016117
RELIANCE,37,899041,75,RELIANCE,6766.0,RELIANCE,-73070.0,7.197244970003489,1.3407339641791118,27.70874117176181,917.4959852534978,303.66858250175943
RELIANCE,38,939838,75,RELIANCE,6766.0,RELIANCE,-64706.0,7.335472058835886,1.7057674594069887,19.499094217592116,557.5867458183052,467.52292084722376
SBILIFE,26,14870,76,SBILIFE,1000.0,SBILIFE,2711.0,16.91252790287353,0.13525309957457377,25.683005735240663,102.12176330203009,124.03366323600132
SBILIFE,27,17258,76,SBILIFE,1000.0,SBILIFE,5778.0,10.229986191373149,1.420014716899686,12.23017002351833,751.9796872036379,325.6605493307106
SBILIFE,28,23399,76,SBILIFE,1000.0,SBILIFE,8525.0,16.164357493468607,0.3181650720169513,23.781264649118935,116.73307397700214,330.9037497585255
SBILIFE,29,19324,76,SBILIFE,1000.0,SBILIFE,10395.0,12.08941705579744,1.8004831534668697,27.51035376826313,977.4514119544133,316.5673668995757
SBILIFE,30,30548,76,SBILIFE,1000.0,SBILIFE,13473.0,20.55697617364703,0.24096002862977373,18.7612666107151,443.93172594340206,286.8435067686776
SBILIFE,31,34068,76,SBILIFE,1000.0,SBILIFE,19299.0,24.92639778774402,1.4568268023130393,21.680189526072255,567.0267102285061,222.6496354484011
SBILIFE,32,44604,76,SBILIFE,1000.0,SBILIFE,23878.0,7.709579258446917,0.1580939791820195,13.348956712518078,367.1572752684596,112.21045735143696
SBILIFE,33,43798,76,SBILIFE,1000.0,SBILIFE,21852.0,13.15326353599444,1.686937186607294,20.67145920068617,220.75799483682295,205.57886066520894
SBILIFE,34,81913,76,SBILIFE,1000.0,SBILIFE,28656.0,22.51565480354341,1.9969407224806475,26.172229668831918,787.7949882842144,269.0434420166657
SBILIFE,35,82983,76,SBILIFE,1000.0,SBILIFE,29122.0,17.31794012973327,0.7334544071336286,27.97177770959607,595.7320656442755,195.06708226871322
SBILIFE,36,80636,76,SBILIFE,1001.0,SBILIFE,-227.0,20.751990967818653,1.5145890809416367,24.12069228288727,867.9528328289091,461.6978377062599
SBILIFE,37,131988,76,SBILIFE,1001.0,SBILIFE,-708.0,13.131523964752885,1.4703590113742329,11.357544507649424,328.7214260254691,427.18070937401575
SBILIFE,38,130073,76,SBILIFE,1002.0,SBILIFE,-178.0,8.928841724803899,0.4672809861272611,20.70291983125037,745.2867276877091,340.1483948632283
SBIN,26,167976,77,SHREECEM,35.0,SBIN,26297.0,8.98140073712292,0.22763775655431462,18.903348993915294,449.31974440273774,112.12572354089212
SBIN,27,189062,77,SHREECEM,35.0,SBIN,14477.0,22.377430207531738,0.8006936115827032,10.701982460035318,852.6283208479557,257.72810921194895
SBIN,28,207974,77,SHREECEM,35.0,SBIN,77406.0,13.341276434548796,0.8805356078405315,12.153941486768467,197.05015103642506,245.6181522073874
SBIN,29,220633,77,SHREECEM,35.0,SBIN,-96508.0,16.99788840344923,0.09265702213553517,27.46118563660894,175.14363549769115,471.0002512017207
SBIN,30,230447,77,SHREECEM,35.0,SBIN,29556.0,15.619200171773194,0.995015929316915,21.416722224199983,233.0796470244932,450.4504452006305
SBIN,31,228970,77,SHREECEM,35.0,SBIN,23929.0,19.523533367929268,1.9001617085169058,15.634502122980155,363.88878030377595,74.74816136153784
SBIN,32,253322,77,SHREECEM,35.0,SBIN,89919.0,10.780807787912854,0.773387430488991,12.507348822919969,513.2585830204963,450.96804997079215
SBIN,33,269852,77,SHREECEM,36.0,SBIN,57695.0,24.16349474225392,0.7094138626331077,23.311319062145326,512.7053664986786,381.12310115885685
SBIN,34,278115,77,SHREECEM,36.0,SBIN,-86014.0,21.701539278450664,1.573832130388263,13.283376914147807,303.71426870616244,152.00781478558005
SBIN,35,289973,77,SHREECEM,36.0,SBIN,21632.0,21.32112482925827,1.0730080215245548,26.15808786373045,978.8298149904665,473.31494991347563
SBIN,36,350845,77,SHREECEM,36.0,SBIN,-2271.0,6.074612115460147,1.724456483418866,16.346766185634586,592.1968417360024,434.99350552751275
SBIN,37,439189,77,SHREECEM,36.0,SBIN,-791.0,11.741344908365889,0.9045693393222933,19.759569069422078,673.4915174425073,385.15204522402837
SBIN,38,469625,77,SHREECEM,36.0,SBIN,-3424.0,13.550315907453125,0.34810440858150793,28.15900031787527,182.25920415320905,496.3391807386517
SHREECEM,26,5418,78,SHRIRAMFIN,227.0,SHREECEM,1239.0,12.665213188338926,0.5522231471876307,26.655415268518748,134.72010322130706,486.98095863793844
SHREECEM,27,5715,78,SHRIRAMFIN,227.0,SHREECEM,1566.0,15.121979246375524,1.5622668256145646,26.0261486267187,959.3815721420236,195.53305839056497
SHREECEM,28,6259,78,SHRIRAMFIN,227.0,SHREECEM,2202.0,22.29034767616918,1.7387167634379765,22.018293301629704,895.9051816997016,476.8054907859603
SHREECEM,29,5514,78,SHRIRAMFIN,227.0,SHREECEM,1879.0,8.409084803151469,1.185911807553497,13.065968583597652,584.7131984630691,122.85239412076332
SHREECEM,30,8594,78,SHRIRAMFIN,227.0,SHREECEM,2080.0,19.427021283591223,1.4897315840752496,29.86161882315718,511.664538414301,468.51779836584296
SHREECEM,31,9833,78,SHRIRAMFIN,227.0,SHREECEM,3973.0,12.578600808970076,1.3657190908787757,15.670798327421089,960.7820154316337,64.8378577016184
SHREECEM,32,12555,78,SHRIRAMFIN,227.0,SHREECEM,4254.0,21.127556891488705,1.3075508862635181,17.67085804816063,833.067134799814,420.3260938489803
SHREECEM,33,12868,78,SHRIRAMFIN,227.0,SHREECEM,2668.0,5.896709799838669,0.9843545681535761,17.12663755503994,149.11017683973904,128.2037614653655
SHREECEM,34,13560,78,SHRIRAMFIN,253.0,SHREECEM,2569.0,18.425496004372473,1.5432849477929123,26.11374271052912,403.86649840664353,337.494595353527
SHREECEM,35,15010,78,SHRIRAMFIN,271.0,SHREECEM,3347.0,12.87621905106281,1.6643981618817534,15.77091975995635,783.0457150543739,324.5452462679039
SHREECEM,36,17852,78,SHRIRAMFIN,374.0,SHREECEM,-270.0,18.80166542971224,0.9067238559893367,27.111745372762993,171.49260708878649,285.2690065595657
SHREECEM,37,20521,78,SHRIRAMFIN,376.0,SHREECEM,-1234.0,8.339082138497817,0.6936730779290488,18.076854043383754,222.65628116161758,473.8278710069343
SHREECEM,38,19802,78,SHRIRAMFIN,376.0,SHREECEM,-990.0,9.635058188435524,0.49727262194304434,19.882006443432235,601.1433965380195,433.1958330106343
SHRIRAMFIN,26,7009,79,SIEMENS,71.0,SHRIRAMFIN,-9611.0,5.9710438735597915,0.6147900240920248,22.57426436009794,758.4978995612007,375.49230152979897
SHRIRAMFIN,27,8476,79,SIEMENS,71.0,SHRIRAMFIN,-5507.0,24.630196912859756,0.8484771106260267,16.75031035095776,529.3329840231668,136.20253540849367
SHRIRAMFIN,28,9177,79,SIEMENS,71.0,SHRIRAMFIN,-2677.0,19.506231193036747,0.7157821578163959,21.416077097092412,355.06224287103566,497.5459949583648
SHRIRAMFIN,29,10359,79,SIEMENS,71.0,SHRIRAMFIN,-13142.0,24.16387188249956,1.1760020527363584,20.24155175872756,677.9573325105489,452.7582769427958
SHRIRAMFIN,30,10903,79,SIEMENS,71.0,SHRIRAMFIN,-5535.0,16.38029208322676,0.11098889309659743,11.954529079316327,247.4159962855234,429.1124852094774
SHRIRAMFIN,31,13502,79,SIEMENS,71.0,SHRIRAMFIN,-2464.0,13.168266787161382,0.01127238583263801,13.438568055508377,349.7853864633058,457.04956379579215
SHRIRAMFIN,32,15536,79,SIEMENS,71.0,SHRIRAMFIN,-4239.0,17.086367489061494,0.09938771678689151,13.538975947891673,608.8178459368414,426.90571559860894
SHRIRAMFIN,33,16561,79,SIEMENS,71.0,SHRIRAMFIN,-8859.0,21.334337781499798,0.8567948300993828,19.303463118330157,864.69560790557,225.835187342156
SHRIRAMFIN,34,17422,79,SIEMENS,71.0,SHRIRAMFIN,-17625.0,15.591908814461085,1.1877654741449428,17.47482627114535,929.9131802969238,138.69367394455892
SHRIRAMFIN,35,19255,79,SIEMENS,71.0,SHRIRAMFIN,-31101.0,10.738915605792593,0.6994264190476807,13.247557442235799,722.0006536800427,395.25586549378045
SHRIRAMFIN,36,30492,79,SIEMENS,3748,SHRIRAMFIN,-41.0,21.229092577296946,0.07732904490786652,12.594217743206693,500.0748309395968,174.0816740482459
SHRIRAMFIN,37,36388,79,SIEMENS,4304,SHRIRAMFIN,-112.0,21.747114847144694,0.887867671649512,24.397735979022997,921.0641363063388,106.72147609892372
SHRIRAMFIN,38,39864,79,SIEMENS,5046,SHRIRAMFIN,-45.0,21.66400858438276,1.4257852509465128,10.751663217060376,259.2015837644276,420.89132892600577
SIEMENS,24,11955,80,SUNPHARMA,Mar 2024,SIEMENS,3.0,13.933253549448679,1.2106534746253432,18.87858863529725,407.9394925323172,143.30661822689905
SIEMENS,25,10678,80,SUNPHARMA,Sep 2024,SIEMENS,608.0,11.774540071222813,0.3170301126331341,16.170822774113994,768.9897092193654,57.27559632776277
SIEMENS,26,10563,80,SUNPHARMA,104.0,SIEMENS,574.0,15.898936255321951,1.8078771402533775,28.272228980078427,458.2061902766683,459.43015660548554
SIEMENS,27,10837,80,SUNPHARMA,207.0,SIEMENS,513.0,17.60824396028981,0.3151349720109813,16.96690119408323,595.8580845688157,218.75599653974322
SIEMENS,28,11065,80,SUNPHARMA,207.0,SIEMENS,573.0,15.031764649344723,1.6821366941378897,23.290952839835867,592.7363823519029,342.7696452643415
SIEMENS,29,12795,80,SUNPHARMA,241.0,SIEMENS,100.0,5.169876276585493,0.22598144153409216,21.284353225536734,165.0953583886839,358.0989021241846
SIEMENS,30,13084,80,SUNPHARMA,240.0,SIEMENS,1273.0,16.450235546784114,0.4016920704168083,21.237544743113066,906.5227108961466,153.87577884883387
SIEMENS,31,9946,80,SUNPHARMA,240.0,SIEMENS,720.0,18.09444632007262,1.272762512592361,20.135572417312062,554.9678094375711,384.2324993119572
SIEMENS,32,13198,80,SUNPHARMA,240.0,SIEMENS,1422.0,22.806792613728714,0.4104874854003664,16.37708613249989,484.3174105906771,337.41965637976756
SIEMENS,33,16138,80,SUNPHARMA,240.0,SIEMENS,978.0,10.35495309135516,1.6282919861537843,12.736604272598228,470.6491664771748,442.0811269986997
SIEMENS,34,19554,80,SUNPHARMA,240.0,SIEMENS,1400.0,5.162371222997402,0.826263113341176,19.237419305132786,311.9418469901291,97.95772547379667
SIEMENS,35,22240,80,SUNPHARMA,240.0,SIEMENS,1670.0,11.503939967184193,1.2767689326062093,22.22201607974019,901.8733775991907,261.62096993813174
SUNPHARMA,26,11131,81,TATACONSUM,62.0,SUNPHARMA,5616.0,21.05403397391524,1.1160255780200579,10.313646645907518,605.2702005894031,158.70206627432668
SUNPHARMA,27,16080,81,TATACONSUM,62.0,SUNPHARMA,6686.0,18.836055454946468,0.7419179582416509,23.853797204068485,417.9896600005631,77.95027968323713
SUNPHARMA,28,27392,81,TATACONSUM,62.0,SUNPHARMA,7082.0,21.778915220991834,1.7182352538705927,18.68872402639451,596.2616101446386,432.5957039656338
SUNPHARMA,29,28487,81,TATACONSUM,63.0,SUNPHARMA,3907.0,6.066404483462491,1.6763506392440988,13.261616846849332,109.94373655322781,236.66045645883742
SUNPHARMA,30,31578,81,TATACONSUM,63.0,SUNPHARMA,2196.0,12.58547419764727,1.7348620927063307,12.484260841693542,515.3510106650444,291.89054604961245
SUNPHARMA,31,26489,81,TATACONSUM,63.0,SUNPHARMA,6555.0,11.788568576566254,0.5457656187440236,12.402579972437529,779.9830670791223,226.01808746818256
SUNPHARMA,32,29066,81,TATACONSUM,63.0,SUNPHARMA,6170.0,21.60424282979638,1.8133159485211894,17.750795813678316,178.481166572178,462.0730555780788
SUNPHARMA,33,32838,81,TATACONSUM,92.0,SUNPHARMA,8985.0,21.373601586836905,0.6346165081838018,29.733002453058866,322.1242692115835,407.4168688395577
SUNPHARMA,34,33498,81,TATACONSUM,92.0,SUNPHARMA,4959.0,20.54411692025341,0.8940030408883042,25.59037024895243,780.9440234340675,206.88824054279021
SUNPHARMA,35,38654,81,TATACONSUM,92.0,SUNPHARMA,12135.0,22.29748028024797,0.10392919941542522,21.19773493667337,995.5621216992589,95.04123133015693
SUNPHARMA,36,43886,81,TATACONSUM,93.0,SUNPHARMA,-2375.0,24.3344741214943,1.8006395579288037,17.554553665456034,387.74733111505395,279.8339162416729
SUNPHARMA,37,48497,81,TATACONSUM,95.0,SUNPHARMA,-2176.0,22.94404312618443,0.3523134632142122,21.878577726492352,498.58405295564154,469.9395712919687
SUNPHARMA,38,50308,81,TATACONSUM,99.0,SUNPHARMA,-1502.0,14.506370837824864,0.3265999588100408,13.312928931818771,701.3784945514936,269.3629466976796
TATACONSUM,26,7351,82,TATAMOTORS,638.0,TATACONSUM,418.0,7.588579489797043,1.4367749925402007,16.914012905720053,428.4229945158758,182.6045691651871
TATACONSUM,27,7738,82,TATAMOTORS,644.0,TATACONSUM,116.0,15.742629588499925,0.5172643420474303,29.880668601624457,756.2268887115395,467.3154736522515
TATACONSUM,28,7993,82,TATAMOTORS,644.0,TATACONSUM,741.0,16.069847970946828,1.0355831953073718,20.41756063187509,990.8386978808862,136.5673327573648
TATACONSUM,29,6637,82,TATAMOTORS,679.0,TATACONSUM,356.0,23.51505760618367,0.9541582358555367,25.717422390765385,673.3221464013277,140.21493163923088
TATACONSUM,30,6780,82,TATAMOTORS,679.0,TATACONSUM,210.0,16.736187495337134,0.9002444413804758,15.248598203504413,394.7417378971839,101.94068792078193
TATACONSUM,31,6815,82,TATAMOTORS,679.0,TATACONSUM,1082.0,18.95779445463721,1.8804251929342417,10.063223718086805,896.4237032702849,178.4428943377027
TATACONSUM,32,7252,82,TATAMOTORS,679.0,TATACONSUM,1656.0,23.84686161975799,1.7079598266538314,19.677970412931497,260.22752444374976,74.61277767384559
TATACONSUM,33,9637,82,TATAMOTORS,720.0,TATACONSUM,1516.0,6.997754365274675,1.5709070664337081,16.66641332412287,729.8972290416513,374.99507019877666
TATACONSUM,34,11602,82,TATAMOTORS,766.0,TATACONSUM,1461.0,23.826098817030662,1.5810767269736694,27.720580985411914,775.8410539636101,281.87662261517784
TATACONSUM,35,12425,82,TATAMOTORS,766.0,TATACONSUM,1937.0,12.68195325180687,1.7109797710103032,16.29035069804837,145.7189747865662,277.5080423246993
TATACONSUM,36,13783,82,TATAMOTORS,766.0,TATACONSUM,24.0,14.683482128513553,1.018503914010221,26.201132205415455,978.0476353895684,148.03691613131832
TATACONSUM,37,15206,82,TATAMOTORS,766.0,TATACONSUM,-1.0,15.971220355596284,1.393500426657319,27.378086270658763,347.5278847721505,402.550708108448
TATACONSUM,38,16297,82,TATAMOTORS,736.0,TATACONSUM,-207.0,17.735128532055484,1.29714401791817,23.126662375795313,277.42880372764023,198.65212937144653
TATAMOTORS,26,188793,83,TATAPOWER,237.0,TATAMOTORS,35531.0,9.120261784392692,1.8639998701847895,28.443899120858983,781.7120350436247,254.4164945574998
TATAMOTORS,27,232834,83,TATAPOWER,237.0,TATAMOTORS,37900.0,10.355408329544073,1.0437371107630289,24.037600868520933,411.30495276959834,209.1682317048721
TATAMOTORS,28,263159,83,TATAPOWER,270.0,TATAMOTORS,30199.0,7.905936016209189,0.467131397858622,19.48151895922188,424.76658647450665,188.57569874741205
TATAMOTORS,29,273046,83,TATAPOWER,270.0,TATAMOTORS,23857.0,11.291538923170858,0.7120823906625648,15.122748576396976,838.0105617253303,468.24643474950665
TATAMOTORS,30,269693,83,TATAPOWER,270.0,TATAMOTORS,18891.0,21.601513386430128,0.903642532681368,12.483994355875922,282.2252946768841,474.86461139425614
TATAMOTORS,31,291550,83,TATAPOWER,270.0,TATAMOTORS,26633.0,5.1800296562401105,0.25080676896474174,10.0999002618249,383.6717969428348,302.36452833883516
TATAMOTORS,32,301938,83,TATAPOWER,270.0,TATAMOTORS,29001.0,9.93336120741504,0.8035987856238513,21.198713965022463,370.4287849473901,455.2928414328573
TATAMOTORS,33,261068,83,TATAPOWER,270.0,TATAMOTORS,14283.0,20.71535458321856,0.33129872734256693,19.783545898911218,566.5637027834435,381.51053561510344
TATAMOTORS,34,249795,83,TATAPOWER,320.0,TATAMOTORS,35388.0,10.206974968085134,0.9716561132570769,26.28792814156224,562.6939042749341,70.07866450950107
TATAMOTORS,35,278454,83,TATAPOWER,320.0,TATAMOTORS,67915.0,18.00505567513276,1.8594649880350302,19.589814384546564,770.3337910818148,425.3437526879122
TATAMOTORS,36,345967,83,TATAPOWER,320.0,TATAMOTORS,-22969.0,11.765990473186925,1.0550989845935241,25.819633984020896,449.9480489001986,72.65205591439928
TATAMOTORS,37,437928,83,TATAPOWER,320.0,TATAMOTORS,-27991.0,19.061050918762525,0.8624218019970518,16.18596311597213,571.4020756776254,172.32812247790497
TATAMOTORS,38,440061,83,TATAPOWER,320.0,TATAMOTORS,-36232.0,17.167650420839863,1.5814042225148415,15.225944328564054,164.13914626432498,408.81183038072703
TATAPOWER,26,33177,84,TATASTEEL,971.0,TATAPOWER,5981.0,17.511114109859363,0.31546771574485355,29.650423427316923,304.2836887159141,478.2232967441168
TATAPOWER,27,35726,84,TATASTEEL,971.0,TATAPOWER,7415.0,16.496358014113127,0.6833860880847236,28.691282656597885,146.71595590837495,397.9745322965772
TATAPOWER,28,33593,84,TATASTEEL,971.0,TATAPOWER,7014.0,19.682026677219326,1.3025175837270937,27.440432874519843,278.89016742884644,460.7826795344947
TATAPOWER,29,29494,84,TATASTEEL,970.0,TATAPOWER,6364.0,12.008542511566485,1.3423714539287035,29.730019041154886,403.9177578416929,234.49825589451328
TATAPOWER,30,27588,84,TATASTEEL,970.0,TATAPOWER,4574.0,11.848818548532961,0.3581795596196067,15.109985135512678,930.9783847324485,214.34324077913942
TATAPOWER,31,26840,84,TATASTEEL,1145.0,TATAPOWER,7375.0,14.864851297874877,0.31467143152713173,12.510321163037553,659.3437400256424,222.89874034854452
TATAPOWER,32,29881,84,TATASTEEL,1145.0,TATAPOWER,8345.0,12.863517263610916,1.329594725684403,17.46062088272765,432.2353752068002,216.87686195783283
TATAPOWER,33,29136,84,TATASTEEL,1145.0,TATAPOWER,6693.0,9.657089397796861,0.11341496189921241,29.83802207530873,889.7917366480581,353.74110353974464
TATAPOWER,34,32703,84,TATASTEEL,1198.0,TATAPOWER,7166.0,17.394524765282434,1.7050868864975903,21.639395859792344,129.03984166416365,73.3131762791264
TATAPOWER,35,42816,84,TATASTEEL,1221.0,TATAPOWER,12596.0,19.02228810699928,0.23382108345211328,12.763060586492994,271.6245014597174,450.2450669927063
TATAPOWER,36,55109,84,TATASTEEL,1221.0,TATAPOWER,-4026.0,24.494555004923,0.2253139372562447,24.743412614928495,384.81069290869937,205.309857725121
TATAPOWER,37,61449,84,TATASTEEL,1247.0,TATAPOWER,-3609.0,9.55553545864715,1.2135409410638756,14.30175059969434,507.79823064189117,325.8573748031519
TATAPOWER,38,63489,84,TATASTEEL,1247.0,TATAPOWER,-3865.0,21.098961704612364,1.98447888476144,25.84359531943999,504.4457086286267,360.4310440474725
TATASTEEL,26,134712,85,TCS,196.0,TATASTEEL,11880.0,6.432607983172323,0.6245759470147041,21.39339653504444,211.7002485625486,417.4106418327957
TATASTEEL,27,148614,85,TCS,196.0,TATASTEEL,11455.0,8.877029720427181,1.0044201249520668,13.91064212758568,285.1544497538131,380.51467367010343
TATASTEEL,28,139504,85,TCS,196.0,TATASTEEL,10824.0,13.060286417352492,0.859331903756064,12.265203623275774,911.2226740564975,77.03839298517822
TATASTEEL,29,101965,85,TCS,197.0,TATASTEEL,8023.0,22.28306364923106,0.8973255926022348,28.83118656739131,950.226477735012,117.11433543116982
TATASTEEL,30,112299,85,TCS,197.0,TATASTEEL,25336.0,12.12740756172951,1.219014774355455,23.281099879361214,971.9665681568789,108.97769649325225
TATASTEEL,31,123249,85,TCS,191.0,TATASTEEL,20169.0,11.087090050762274,1.9994168596554411,13.976418028590402,839.1235406860828,448.47028968026797
TATASTEEL,32,157669,85,TCS,375.0,TATASTEEL,44327.0,7.087054578462267,1.5857513442248825,23.96758976898358,207.36390917387848,59.76583965946898
TATASTEEL,33,139817,85,TCS,375.0,TATASTEEL,44381.0,14.891526071389045,0.6110453086487819,12.153034581330257,496.23345898533205,240.2323901388812
TATASTEEL,34,156294,85,TCS,370.0,TATASTEEL,21683.0,12.445307774803931,1.1436531949336388,11.174202714249406,734.7365745841116,143.49630950797598
TATASTEEL,35,243959,85,TCS,366.0,TATASTEEL,20301.0,22.64086293978395,0.13548906654194304,18.313730815853354,725.8193695816378,474.9927856158096
TATASTEEL,36,243353,85,TCS,366.0,TATASTEEL,-13099.0,16.927276504445373,1.8224644071465235,18.210815374668684,918.7138708770688,92.31268379711774
TATASTEEL,37,229171,85,TCS,362.0,TATASTEEL,-15378.0,6.578355559017566,0.2411374232813368,13.188917670366138,152.33527103991955,354.48199573115556
TATASTEEL,38,221012,85,TCS,362.0,TATASTEEL,-9021.0,18.331582721583445,0.2101061701889564,14.922964117822321,654.9320342555418,489.97209899464616
TCS,26,62989,86,TECHM,Mar 2013,TCS,Mar-15,12.23404509590065,0.2630672543946493,14.46110998990968,364.9646146668835,402.4914603696701
TCS,27,81809,86,TECHM,Mar 2014,TCS,Mar-16,13.610337431976596,1.940149799214038,25.42302283999606,789.7880795967551,120.02182819317129
TCS,28,94648,86,TECHM,Mar 2015,TCS,Mar-17,19.76927295942237,1.94173697260528,25.005562299664803,591.7041014341736,393.95400276967376
TCS,29,108646,86,TECHM,Mar 2016,TCS,Mar-18,24.028901357005953,1.0032650595096242,21.606817885277966,811.6367635943197,372.6250009105602
TCS,30,117966,86,TECHM,Mar 2017,TCS,Mar-19,10.372857628018401,0.03604766767735712,16.53278419678302,649.5745809613783,433.40786761689566
TCS,31,123104,86,TECHM,Mar 2018,TCS,Mar-20,5.111706917619426,0.35817242340433264,20.058453396742028,889.8781132651349,485.86249091517544
TCS,32,146463,86,TECHM,Mar 2019,TCS,Mar-21,7.6868406906940585,0.3299390571753773,18.585549290619536,774.4387684382328,276.3700598717163
TCS,33,156949,86,TECHM,Mar 2020,TCS,Mar-22,10.001038123292851,0.6512922446439724,15.035906025136448,499.84682993679394,380.51790663553817
TCS,34,164177,86,TECHM,Mar 2021,TCS,Mar-23,16.263678648086184,0.028219279235469852,10.999971299229179,512.8118691421893,90.55709337257923
TCS,35,191754,86,TECHM,Mar 2022,TCS,Mar-24,21.32354819782441,0.8939045307865046,16.056660029419774,299.2720993963144,404.9848933674018
TCS,36,225458,86,TECHM,Mar 2023,TCS,Mar 2013,11.924426281387092,1.0482050784593877,22.42544055560198,378.2668475659954,421.9060665811321
TCS,37,240893,86,TECHM,Mar 2024,TCS,Mar 2014,20.099392342081597,1.5626484092258541,12.22117332710929,109.90295652607497,172.55942002888173
TCS,38,252082,86,TECHM,Sep 2024,TCS,Mar 2015,5.03293230073602,0.5804176778400549,11.243506831365744,259.4197361906152,174.65128334163902
TECHM,26,6873,87,TITAN,89.0,TECHM,2448.0,24.182850172596638,1.8670354251107344,13.484913098984022,294.7008520939899,329.8706009552709
TECHM,27,18802,87,TITAN,89.0,TECHM,3137.0,5.974783547750264,1.2959032482965598,19.307745090384365,108.73763764945062,352.59504023763014
TECHM,28,22621,87,TITAN,89.0,TECHM,4071.0,15.342297611928498,0.17402965781530355,28.34816451814108,587.6665491063142,240.20380635817725
TECHM,29,26494,87,TITAN,89.0,TECHM,3554.0,6.054185303569197,0.6902195593098197,14.112922611370166,125.96366547568479,70.39411301564576
TECHM,30,29141,87,TITAN,89.0,TECHM,4432.0,24.64229637547406,0.8676524858945662,14.295502937675973,554.3547554051156,453.4960650238247
TECHM,31,30773,87,TITAN,89.0,TECHM,4358.0,20.027032670876636,0.6661530169319954,13.38324324680649,140.31344501282229,219.93991318081555
TECHM,32,34742,87,TITAN,89.0,TECHM,8094.0,23.734645757442014,0.9211332355725106,22.591455425937845,430.40166379222006,113.18106490295077
TECHM,33,36868,87,TITAN,89.0,TECHM,5285.0,5.365395259481818,1.692471743164597,13.075895113609754,748.7368268460099,254.1741572315333
TECHM,34,37855,87,TITAN,89.0,TECHM,5572.0,6.715385750054406,1.757858609709445,18.278002154323083,453.54723592141204,327.44449987469096
TECHM,35,44646,87,TITAN,89.0,TECHM,6376.0,16.029248034797114,1.8826981052046454,27.08318824415258,872.711394869857,182.7226157549401
TECHM,36,53290,87,TITAN,89.0,TECHM,-622.0,23.53353785512779,1.6338959733854888,17.889512680122305,542.883462847414,414.24437303984024
TECHM,37,51996,87,TITAN,89.0,TECHM,291.0,9.082682184451192,1.0965545800612273,28.21170396232478,131.42231388281365,228.85750931675955
TECHM,38,52476,87,TITAN,89.0,TECHM,-1865.0,9.050806080819404,1.7578676109755098,20.07120407575424,627.9724091496662,70.11217640246255
TITAN,26,10123,88,TORNTPHARM,42.0,TITAN,503.0,7.832247182285698,0.6681397671133014,28.084282439288508,324.2973676008572,451.6592998534653
TITAN,27,10927,88,TORNTPHARM,85.0,TITAN,576.0,20.986497203775734,0.43302484658756457,23.696222193406143,218.55691580688182,146.3441269276493
TITAN,28,11913,88,TORNTPHARM,85.0,TITAN,1712.0,7.973263216764068,1.264765774017354,28.166829117239686,836.7591205218731,186.9820506346901
TITAN,29,11276,88,TORNTPHARM,85.0,TITAN,-51.0,17.136701668319034,0.4128771396360653,19.39894868807295,259.8065387419698,451.3898094856289
TITAN,30,13261,88,TORNTPHARM,85.0,TITAN,1243.0,15.345419300184236,0.6328147746344184,20.242219250910182,124.31060664167188,187.34560023675735
TITAN,31,16120,88,TORNTPHARM,85.0,TITAN,-348.0,15.168484995613479,0.4982016592862939,15.893015220854016,700.8139356559052,233.97239960712238
TITAN,32,19779,88,TORNTPHARM,85.0,TITAN,4139.0,19.915576532229903,1.4123677313004637,14.485848872154355,479.9177394254531,308.22104903640604
TITAN,33,21052,88,TORNTPHARM,85.0,TITAN,-724.0,13.608020794281956,1.4194256122023607,27.690417320763753,163.81360141041856,377.08023520434557
TITAN,34,21644,88,TORNTPHARM,85.0,TITAN,1370.0,24.788225487234126,0.5428065649686591,19.132922721831854,707.1770049644913,110.4559380546784
TITAN,35,28799,88,TORNTPHARM,85.0,TITAN,1695.0,6.784030437047863,0.7993215631224744,25.5713855713017,894.6983645538955,79.21774171570218
TITAN,36,40575,88,TORNTPHARM,169.0,TITAN,-142.0,6.405824267456186,0.8018927434730194,18.55285154392233,756.6102802213919,452.9880218822379
TITAN,37,51084,88,TORNTPHARM,169.0,TITAN,-271.0,17.73597378927202,0.973783977789721,21.659457497071998,168.63327211704797,203.94894970279137
TITAN,38,54458,88,TORNTPHARM,169.0,TITAN,-118.0,9.623143842201872,0.24518677911400988,26.454529418320448,412.13673798369257,282.4414692232873
TORNTPHARM,26,3203,89,TRENT,33.0,TORNTPHARM,810.0,11.071119712851704,1.5120270162324991,18.738360597039726,781.2939477667626,210.72073844622383
TORNTPHARM,27,4172,89,TRENT,33.0,TORNTPHARM,2742.0,6.7279903463785296,0.5980888221041545,29.490985067290158,523.6457024541895,352.60323829078004
TORNTPHARM,28,4636,89,TRENT,33.0,TORNTPHARM,1009.0,5.58310232361073,1.6247921847286122,12.897986892066267,168.27357735113642,233.73111958437377
TORNTPHARM,29,6687,89,TRENT,33.0,TORNTPHARM,894.0,17.88505117687433,1.7757567288711011,29.346020536703026,509.520216727158,267.43852774580546
TORNTPHARM,30,5816,89,TRENT,33.0,TORNTPHARM,1798.0,23.75127462736775,0.3815268290386775,27.706973629728036,631.9352306494561,187.6865920486937
TORNTPHARM,31,5950,89,TRENT,33.0,TORNTPHARM,1393.0,11.460887251551398,0.2795440995567422,23.250747413373624,304.7137227181944,380.5865926100695
TORNTPHARM,32,7673,89,TRENT,33.0,TORNTPHARM,2005.0,19.60214526028968,0.9652430479113356,25.436788812184872,299.7894691242818,297.03710646862
TORNTPHARM,33,7939,89,TRENT,36.0,TORNTPHARM,1803.0,10.784124590891713,0.8638338755374957,29.748515261221495,648.6733582691859,77.74797375050355
TORNTPHARM,34,8005,89,TRENT,36.0,TORNTPHARM,2368.0,11.842703632445646,1.325697535897985,16.509648665335867,899.9357792630148,483.9559675924844
TORNTPHARM,35,8508,89,TRENT,36.0,TORNTPHARM,3266.0,11.57468922564375,0.2628047940845708,12.077646988359161,824.2521783439367,176.14679813978069
TORNTPHARM,36,9620,89,TRENT,36.0,TORNTPHARM,-247.0,10.39922874755792,1.9088473753937856,24.104301052744578,928.5185541626354,354.2642690441324
TORNTPHARM,37,10728,89,TRENT,36.0,TORNTPHARM,-418.0,19.925947008147606,1.1944569113416854,22.22936195927336,586.9491694298451,88.28316002647676
TORNTPHARM,38,11302,89,TRENT,36.0,TORNTPHARM,-2113.0,24.89115013366535,1.6721002611408298,13.42067685834776,992.6809292082593,286.9523072994979
TRENT,26,2132,90,TVSMOTOR,48.0,TRENT,-10.0,23.548043713751156,1.9660339868302346,23.096288863766652,176.89611724113826,307.74253366997215
TRENT,27,2333,90,TVSMOTOR,48.0,TRENT,109.0,11.993518537039453,1.9828426421183074,22.715520094972028,819.756449388346,94.86752250769612
TRENT,28,2284,90,TVSMOTOR,48.0,TRENT,102.0,10.608495757111074,0.9184630157638487,17.195671597416364,569.5693580154855,410.02593123298095
TRENT,29,1686,90,TVSMOTOR,48.0,TRENT,77.0,11.145374249589562,1.7058946375918864,10.431779985371827,222.6034938810484,269.56290416273464
TRENT,30,1812,90,TVSMOTOR,48.0,TRENT,21.0,22.946322067991254,1.4800788463160155,28.669364962050963,690.3410301857748,322.2340011093969
TRENT,31,2157,90,TVSMOTOR,48.0,TRENT,361.0,12.386348971354233,0.9568109325832228,11.109833784503744,690.63502515717,350.642070311777
TRENT,32,2630,90,TVSMOTOR,48.0,TRENT,285.0,24.012364050506584,0.6612504236876562,13.352040944052547,531.2068191581077,80.76605390837582
TRENT,33,3486,90,TVSMOTOR,48.0,TRENT,58.0,7.917290962829435,0.7281953192069828,15.534817958643899,947.3098095904408,223.49913806187575
TRENT,34,2593,90,TVSMOTOR,48.0,TRENT,595.0,13.094417308277087,0.4181917762713925,16.47236343589929,330.8790772238954,404.8500954500847
TRENT,35,4498,90,TVSMOTOR,48.0,TRENT,1349.0,17.830238211428707,0.700042861717691,27.61977956425698,935.8452431843788,447.58228519233415
TRENT,36,8242,90,TVSMOTOR,48.0,TRENT,-276.0,16.054310906015083,0.9411323234021665,11.082493144821004,419.3053086810124,76.79515547875565
TRENT,37,12375,90,TVSMOTOR,48.0,TRENT,-48.0,12.164493708547745,0.3352444905039327,17.560357512023447,248.95204204762547,246.91660038381758
TRENT,38,15025,90,TVSMOTOR,48.0,TRENT,-306.0,6.624314356255907,0.05716910654518004,24.625407381046863,798.0115116409897,173.51195993490802
TVSMOTOR,26,7510,91,ULTRACEMCO,274.0,TVSMOTOR,83.0,20.755419897478014,0.9345251042616605,11.796913264141295,813.5595998269592,96.39022404183903
TVSMOTOR,27,8384,91,ULTRACEMCO,274.0,TVSMOTOR,936.0,7.6456336793945106,1.311963086069458,24.236127359860376,900.4295082470153,440.8256243563194
TVSMOTOR,28,10256,91,ULTRACEMCO,274.0,TVSMOTOR,689.0,22.334746406261814,0.9911546959214561,19.175658166858852,421.0178463231747,137.17682844718996
TVSMOTOR,29,11377,91,ULTRACEMCO,274.0,TVSMOTOR,354.0,17.338137061423236,0.7933728986332551,12.291587009171135,737.6191598603659,454.1819252976904
TVSMOTOR,30,12463,91,ULTRACEMCO,275.0,TVSMOTOR,-918.0,10.12323408530908,0.14995416123001237,11.181728778864539,317.78312929418473,469.83246234868943
TVSMOTOR,31,16340,91,ULTRACEMCO,275.0,TVSMOTOR,373.0,9.637928891330194,0.6265629580621024,21.13506049802197,158.0412453314556,60.1203656706597
TVSMOTOR,32,20160,91,ULTRACEMCO,275.0,TVSMOTOR,1151.0,11.335240373349947,1.5925221473289375,17.191318038680308,476.0036003923666,204.33171541759748
TVSMOTOR,33,18849,91,ULTRACEMCO,289.0,TVSMOTOR,-1575.0,11.642597282853249,1.2839300177358313,29.66756951553816,900.0260047197534,497.52001536884757
TVSMOTOR,34,19421,91,ULTRACEMCO,289.0,TVSMOTOR,-4405.0,24.457851198509765,0.09459731411998851,18.11403605391026,258.4858832832919,275.4523357743956
TVSMOTOR,35,24355,91,ULTRACEMCO,289.0,TVSMOTOR,-1253.0,13.261204115670813,1.418259003848225,11.725732993496084,373.0453678523593,284.725437575557
TVSMOTOR,36,31974,91,ULTRACEMCO,289.0,TVSMOTOR,-120.0,16.04984583265961,0.22640862446682175,17.875018683133334,978.5993933812251,315.32286150442036
TVSMOTOR,37,39145,91,ULTRACEMCO,289.0,TVSMOTOR,-235.0,13.48661655587141,0.14638699022969326,21.806959752889618,248.323810946641,335.7985647544204
TVSMOTOR,38,42886,91,ULTRACEMCO,289.0,TVSMOTOR,-415.0,20.331464145619634,1.4511048439305456,21.325623432858023,240.29969395260025,335.3993356254409
ULTRACEMCO,26,20514,92,UNIONBANK,636.0,ULTRACEMCO,4190.0,14.402873333913718,0.8784908419865418,21.16608461379161,468.15189310760235,224.6208627916773
ULTRACEMCO,27,20730,92,UNIONBANK,687.0,ULTRACEMCO,4526.0,22.697787795672156,1.457488235147644,22.78654862538954,275.4539584690341,305.51103048768823
ULTRACEMCO,28,23306,92,UNIONBANK,687.0,ULTRACEMCO,5005.0,11.765514854586169,0.2944682826588698,15.842448807582155,353.9131288924806,408.40691128398896
ULTRACEMCO,29,25153,92,UNIONBANK,1169.0,ULTRACEMCO,3888.0,10.067003469134793,1.1739977519891287,21.138349891880367,671.1398854099562,340.07349068100143
ULTRACEMCO,30,25375,92,UNIONBANK,1763.0,ULTRACEMCO,5956.0,21.588974632381117,1.2960313324029462,23.631540247749598,356.4237186361625,107.78512008175875
ULTRACEMCO,31,30979,92,UNIONBANK,3423.0,ULTRACEMCO,8972.0,19.536232383723362,0.3829742280120776,21.05418019943943,116.8907867832407,267.6912586161566
ULTRACEMCO,32,41462,92,UNIONBANK,6407.0,ULTRACEMCO,12500.0,9.73481122276917,0.8225240170243908,16.461669228956744,540.5800954499434,117.78584833052436
ULTRACEMCO,33,42430,92,UNIONBANK,6835.0,ULTRACEMCO,9283.0,18.805365509407626,0.4163162402635272,24.342824351281266,870.8743574785577,417.8458610345841
ULTRACEMCO,34,44726,92,UNIONBANK,6835.0,ULTRACEMCO,9069.0,8.42664051967384,1.2321881267387944,26.360961649039805,646.2564312528707,328.3445857549486
ULTRACEMCO,35,52599,92,UNIONBANK,7634.0,ULTRACEMCO,10898.0,13.658483998110338,0.8042579798196652,14.882273732985148,118.52336917222364,454.62816800730195
ULTRACEMCO,36,63240,92,UNIONBANK,16722,ULTRACEMCO,-4362.0,10.7761958997125,1.435122143569119,21.47162537474255,289.8875930959674,88.32912605856109
ULTRACEMCO,37,70908,92,UNIONBANK,18004,ULTRACEMCO,-2342.0,14.32603051891505,0.6010568358243247,19.173103664476166,112.42167888171969,237.26286876830997
ULTRACEMCO,38,71317,92,UNIONBANK,19263,ULTRACEMCO,-2144.0,24.13794858701409,1.2165803111661257,15.881047751299938,734.2286443635587,237.77441468835414
UNIONBANK,26,25169,93,UNITDSPR,126.0,UNIONBANK,-3567.0,11.304262130794536,1.4400150758096697,23.555648441638287,330.5965893331861,289.1691311302482
UNIONBANK,27,29394,93,UNITDSPR,145.0,UNIONBANK,81.0,18.246483206774176,1.3634393019999265,16.09535628431143,487.5560571636804,446.7223155144589
UNIONBANK,28,32164,93,UNITDSPR,145.0,UNIONBANK,-6624.0,21.800780262115175,1.5388635019214363,24.906019973463337,342.34798066158066,410.3959462463089
UNIONBANK,29,32316,93,UNITDSPR,145.0,UNIONBANK,6097.0,23.88490648493259,1.6767986318477712,19.58081225557007,296.6704627567007,67.60298454545162
UNIONBANK,30,32817,93,UNITDSPR,145.0,UNIONBANK,-7778.0,7.21568495237626,0.967275852461454,22.421674585277536,145.8692955338802,301.23209164212074
UNIONBANK,31,32952,93,UNITDSPR,145.0,UNIONBANK,-77.0,9.212576110988493,0.09027184915121489,25.086396762859557,768.0868146731992,298.5027024926098
UNIONBANK,32,34314,93,UNITDSPR,145.0,UNIONBANK,20527.0,8.376486318967952,0.9452204595353544,12.956078604836982,835.0683546449773,222.892093853162
UNIONBANK,33,37479,93,UNITDSPR,145.0,UNIONBANK,36339.0,18.41133047092448,1.2070035358106295,27.986593419856664,735.711337042694,445.46455210287877
UNIONBANK,34,69311,93,UNITDSPR,145.0,UNIONBANK,6056.0,22.246185802229675,1.8878014201036541,11.087503711076444,250.5710225447275,427.6082642818079
UNIONBANK,35,68230,93,UNITDSPR,145.0,UNIONBANK,19930.0,24.279771679489908,1.732914986803851,22.40318728604249,648.1912290385907,177.55765145559587
UNIONBANK,36,81163,93,UNITDSPR,145.0,UNIONBANK,-343.0,12.878061177859976,0.7343993480963948,23.811800602611587,546.9120640654602,455.2159432959824
UNIONBANK,37,100376,93,UNITDSPR,145.0,UNIONBANK,-363.0,20.120453130793365,1.8622590089209234,16.005739817015325,141.2040038740871,108.12726971174195
UNIONBANK,38,107058,93,UNITDSPR,145.0,UNIONBANK,-318.0,20.997117301186975,1.157055294875826,12.21272083282814,493.2290218749412,442.4605820019987
UNITDSPR,26,10378,94,VEDL,87.0,UNITDSPR,-196.0,17.80325773748019,1.6357754828893372,29.4340878275657,343.8560843549707,266.9811826943792
UNITDSPR,27,10508,94,VEDL,296.0,UNITDSPR,283.0,22.24500967095841,0.24292567591735437,20.96117036601273,716.6682767330707,84.80128870954249
UNITDSPR,28,9254,94,VEDL,296.0,UNITDSPR,647.0,9.853322351693974,0.7899456208101425,25.6196601787982,534.3647755451674,294.5974807241736
UNITDSPR,29,8495,94,VEDL,296.0,UNITDSPR,925.0,7.569936387251655,0.36945680058684993,14.669101114615444,335.12036450433146,239.40082553505516
UNITDSPR,30,8818,94,VEDL,297.0,UNITDSPR,948.0,8.067402669303041,0.7484482134713935,17.461028430701745,210.90460120372015,434.27305555598633
UNITDSPR,31,8591,94,VEDL,372.0,UNITDSPR,783.0,9.801039058841992,1.1227213755698875,19.845295941552024,901.9646430553533,314.17686209347
UNITDSPR,32,9341,94,VEDL,372.0,UNITDSPR,1818.0,22.17363013283659,1.8335237518759961,25.291512598975245,750.3412027191509,219.26185761587567
UNITDSPR,33,9325,94,VEDL,372.0,UNITDSPR,977.0,23.491312062440407,0.4415764240398119,29.978808363795494,424.27043768313877,339.46412757990254
UNITDSPR,34,8131,94,VEDL,372.0,UNITDSPR,615.0,23.553351799174738,0.9908753180018401,18.830491940671894,805.7615995143291,434.37381929933196
UNITDSPR,35,9712,94,VEDL,372.0,UNITDSPR,1118.0,24.497572791518106,1.6319873890039638,21.89895858899709,930.6167317306222,272.588064046365
UNITDSPR,36,10612,94,VEDL,372.0,UNITDSPR,-1121.0,9.082748933643263,1.7389024270792384,20.32820824618346,826.3307287410892,93.8712809365025
UNITDSPR,37,11321,94,VEDL,372.0,UNITDSPR,-252.0,16.191116486853055,0.46488889654340504,25.248743393894458,479.01792186787895,201.7823109079431
UNITDSPR,38,11821,94,VEDL,391.0,UNITDSPR,3855.0,7.5345589161428155,1.440083335267531,11.19952425782409,688.2244210087878,256.8796092025028
VBL,26,1800,95,WIPRO,492.0,VBL,431.0,17.06927880674654,1.5407098952347356,18.159668467968807,649.2380238261172,306.3462695187447
VBL,27,2115,95,WIPRO,493.0,VBL,555.0,15.148503676208161,1.4748791467902433,18.118974010422132,486.37726416806987,464.47249001983505
VBL,28,2502,95,WIPRO,494.0,VBL,826.0,9.843253626157146,1.6600390612351352,27.944143355891352,776.7047803720408,332.9989975398441
VBL,29,3394,95,WIPRO,494.0,VBL,620.0,19.889863595908295,1.006240863060287,17.02902728643221,945.6437406636572,441.85115826400886
VBL,30,3861,95,WIPRO,486.0,VBL,1000.0,14.544423857860245,0.8851336123477556,15.281607704335844,923.9080773104208,407.10036459278354
VBL,31,4004,95,WIPRO,905.0,VBL,1308.0,14.53560343553133,0.8412792626197816,19.65070169558542,940.7524006011113,199.01050110225333
VBL,32,5105,95,WIPRO,1207.0,VBL,1012.0,6.918888231891096,1.5062465610068627,16.33494661795484,394.84258671218396,188.35905138941212
VBL,33,7130,95,WIPRO,1143.0,VBL,1231.0,5.709933955502995,1.581068514582673,15.062988764975941,623.9040261968463,333.8110740823107
VBL,34,6450,95,WIPRO,1096.0,VBL,1790.0,11.005502615225263,0.9496126049481974,12.392250424617469,673.5748396673615,479.45044010438454
VBL,35,8823,95,WIPRO,1096.0,VBL,2391.0,12.669404907866802,1.1496094850894818,17.689535393546794,557.0222680288848,319.8096419579653
VBL,36,13173,95,WIPRO,1098.0,VBL,-507.0,17.78131139154199,0.1560573702362833,17.822740344123233,596.5443886407699,114.51806459733639
VBL,37,16043,95,WIPRO,1045.0,VBL,-574.0,17.411060216853514,1.3534316602059524,17.965878270933537,120.16113225526392,66.66322724840595
VBL,38,18987,95,WIPRO,1046.0,VBL,-500.0,5.121872366282421,0.40858206556082033,17.4824988210759,334.5515393842168,82.48447476540217
VEDL,26,2749,96,ZOMATO,457,VEDL,17805.0,20.277812101148943,1.3648886334549948,21.9404986186642,585.0892182677621,211.14655930861346
VEDL,27,66152,96,ZOMATO,7644,VEDL,20377.0,12.393316597315634,0.3562903737880536,10.742674321911338,867.7626013659694,487.17625673499276
VEDL,28,73710,96,ZOMATO,15741,VEDL,18083.0,9.286120892112661,1.5542252015489546,10.78869623421728,789.7118402039423,380.15993563610954
VEDL,29,64262,96,ZOMATO,18624,VEDL,17366.0,10.688743377995593,0.8071746983451862,17.306632307605568,939.3584521542986,367.2049970583906
VEDL,30,72225,96,ZOMATO,19545,VEDL,23754.0,23.347887486660813,1.0848191666453266,24.914680016599917,681.7462325122974,383.89680203958545
VEDL,31,91866,96,ZOMATO,20446,VEDL,19300.0,12.287088915961618,0.21170845507288116,18.591734132492874,692.2849074975721,65.25066493360286
VEDL,32,92048,96,ZOMATO,186,VEDL,23980.0,18.77900223663135,1.3645121434447784,15.208160321697319,977.5587198244413,67.69960186872835
VEDL,33,84447,96,ZOMATO,348,VEDL,34963.0,15.633344818114532,1.6730943492243038,16.164503182789026,700.5051116353253,342.15262187061745
VEDL,34,88021,96,ZOMATO,326,VEDL,33065.0,16.36696913937349,0.09832976334810217,10.881629601699082,453.4243038722095,395.3731174723169
VEDL,35,132732,96,ZOMATO,527,VEDL,35654.0,8.030779113370908,1.0224021083965174,26.53513670594445,239.50478717859684,179.29722409564366
VEDL,36,147308,96,ZOMATO,70,VEDL,-311.0,22.39618491247805,0.3084422753316234,10.396368938158627,911.1164998353257,155.3584563972745
VEDL,37,143727,96,ZOMATO,507,VEDL,-2890.0,19.786971178926635,0.3987940669383314,13.456342292018588,879.0584301341696,169.8343889446141
VEDL,38,144448,96,ZOMATO,749,VEDL,-4133.0,11.134998768500866,1.5756002600124517,23.94512994853224,402.04285141820503,394.77901087309544
WIPRO,26,37430,97,ZYDUSLIFE,102.0,WIPRO,7840.0,19.22922568527965,0.2712086714438662,15.701369695682281,355.8195825330747,264.07501846493517
WIPRO,27,43424,97,ZYDUSLIFE,102.0,WIPRO,7887.0,11.061075914505675,1.006119671730947,27.86115296035795,211.4577836116847,226.31245066339008
WIPRO,28,46951,97,ZYDUSLIFE,102.0,WIPRO,9277.0,10.790087543871188,0.3730368359747309,27.458963920639874,274.76489389135634,450.24403200937513
WIPRO,29,51244,97,ZYDUSLIFE,102.0,WIPRO,8423.0,23.176171763054995,1.5957835486685434,19.612634707432903,166.82359603507072,135.06972490418315
WIPRO,30,55448,97,ZYDUSLIFE,102.0,WIPRO,11632.0,10.334941680671676,0.8280260681230733,17.62415250650161,427.71998702590156,476.0184722170731
WIPRO,31,54487,97,ZYDUSLIFE,102.0,WIPRO,10064.0,24.29091723390969,0.811674782916588,27.455246884714118,623.1157268822791,339.5578362098498
WIPRO,32,59019,97,ZYDUSLIFE,102.0,WIPRO,14755.0,11.250358757069828,1.4718598574874655,14.522812590230384,757.3928367283105,211.11000205566805
WIPRO,33,61138,97,ZYDUSLIFE,102.0,WIPRO,11080.0,9.645254497544117,0.27184284356603006,15.438399526249473,497.59256092873073,328.79854701097696
WIPRO,34,61935,97,ZYDUSLIFE,102.0,WIPRO,13060.0,17.01939751776809,1.5908789384499427,18.1848810851823,206.92482230597363,376.97541832801625
WIPRO,35,79312,97,ZYDUSLIFE,102.0,WIPRO,17622.0,7.525394711796389,0.9222471545738806,18.143495952597043,876.722836593702,330.04671180328774
WIPRO,36,90488,97,ZYDUSLIFE,101.0,WIPRO,-4536.0,22.315013746407022,1.7725949960045104,18.34738800050819,368.56153516578627,315.70471913780233
WIPRO,37,89760,97,ZYDUSLIFE,101.0,WIPRO,-284.0,20.505192324683925,0.878896362296725,20.42424760388991,251.8531780703204,184.6398849223545
WIPRO,38,88792,97,ZYDUSLIFE,101.0,WIPRO,-2537.0,22.632389306077815,1.748466835174478,26.825233957332056,568.172880149286,434.7361608748798
INDIGO,26,9203,46,INDIGO,0.4,INDIGO,2384.0,18.917421435788135,0.2175700187336438,21.65702064958146,301.2393411887079,392.28369201964
INDIGO,27,11117,46,INDIGO,0.4,INDIGO,3116.0,16.247831389810475,1.4577218266576255,17.992510193551073,955.5179611956419,390.91099533477393
INDIGO,28,13925,46,INDIGO,0.4,INDIGO,3782.0,11.531511433272533,0.03485284495320218,20.419409794895017,140.26644471150263,330.6133495487993
INDIGO,29,16140,46,INDIGO,0.4,INDIGO,3903.0,24.146473299929248,1.0379014464901435,16.639261440393785,107.47443861534065,397.7668950435146
INDIGO,30,18580,46,INDIGO,29.0,INDIGO,3160.0,15.84090879125843,0.5774980074439677,27.387707978291505,163.61858630699436,414.784850403916
INDIGO,31,23021,46,INDIGO,29.0,INDIGO,6943.0,14.425082989869033,1.697808625790957,16.846213052154827,781.8317191185101,319.72339999279154
INDIGO,32,28497,46,INDIGO,29.0,INDIGO,-1620.0,24.650040728613966,1.0295381943270432,11.776750499763438,416.91876666158566,125.88090722277566
INDIGO,33,35756,46,INDIGO,29.0,INDIGO,2064.0,6.784958577746584,1.97987267883385,12.426750434156748,164.032537790596,396.9166466877513
INDIGO,34,14641,46,INDIGO,48.0,INDIGO,12703.0,13.19025168520014,1.060409257898227,21.04933958476024,792.4889483195174,194.25917912290754
INDIGO,35,25931,46,INDIGO,48.0,INDIGO,21183.0,16.040069083734174,1.3850508674547877,19.80004932346772,281.13298432282227,293.47398885606367
INDIGO,36,54446,46,INDIGO,48.0,INDIGO,-1890.0,24.76104708864937,0.09670006245324458,27.211805685976756,634.8146635418356,470.3793238070688
INDIGO,37,68904,46,INDIGO,48.0,INDIGO,-2914.0,12.241971683053247,1.5633646036020448,18.85718537462817,668.7834577820755,412.79859407342957
INDIGO,38,76476,46,INDIGO,48.0,INDIGO,-940.0,23.505592065879213,0.24125643744145453,24.851250651337892,444.7020466393725,75.12516448364158
ABB,39,1451,0,ABB,626,ABB,Mar 2018,12.03420997256699,0.3405755300466029,27.522182160701977,142.9588808419694,379.9216745413666
ABB,40,2009,0,ABB,767,ABB,Mar 2019,5.838771206733584,1.7138876575543007,18.694309715893773,261.57740549559674,482.2382998397883
ABB,41,1977,0,ABB,916,ABB,Mar 2020,11.555820685731227,0.7508098928010989,15.644101488541384,976.0265716212791,301.73812792144486
ABB,42,2250,0,ABB,1174,ABB,Mar 2021,7.288056039273116,1.5334560737158847,18.325862208386948,150.97018208543102,355.51294131505125
ABB,43,2505,0,ABB,1366,ABB,Mar 2022,8.700253036365115,1.9152013611063852,27.490301372226465,676.929638161931,257.2259765867491
ABB,44,2774,0,ABB,1672,ABB,Mar 2023,5.300626977632456,1.585843247205773,26.584216400761168,547.6315524668414,409.0802100839259
ABB,45,3074,0,ABB,1987,ABB,Mar 2024,10.681193662157947,1.9325830308094638,19.412448372742244,817.5629417090347,69.44938543129564
ABB,46,3336,0,ABB,2410,ABB,101.0,9.117427243219149,1.7725084522824472,25.104836542779623,551.5260791253262,255.07603601727257
ABB,47,3388,0,ABB,2581,ABB,155.0,7.368166315407098,1.7202514988169681,11.232158015185822,718.3923540181678,246.360536601291
ABB,48,3832,0,ABB,2799,ABB,215.0,11.55753178235631,0.31594254624587026,11.104310396717283,731.0335362498188,290.1645098343421
ABB,49,4143,0,ABB,3167,ABB,249.0,13.069582084704356,1.132224592135676,12.822547011226607,446.8075079509791,171.09520503390632
ABB,50,4396,0,ABB,3678,ABB,307.0,5.306063407260966,0.5060024000029246,11.827906034732623,335.0751087852062,386.32474212353054
ABB,51,4519,0,ABB,3500,ABB,153.0,7.12482209813756,0.4069889251761054,20.631691163735006,857.0906184320094,362.62301069639824
ADANIENSOL,36,0,1,ADANIENSOL,0,ADANIENSOL,-1730.0,19.526251052710627,1.5319719462661776,19.302280849716855,770.0017376497178,367.92326833231994
ADANIENSOL,37,29,1,ADANIENSOL,-7,ADANIENSOL,-3192.0,21.26612999659852,1.3983952165105555,21.86967317712788,374.04254317204186,355.8921823007749
ADANIENSOL,38,267,1,ADANIENSOL,1572,ADANIENSOL,-3050.0,13.408434327572598,0.6600617181793631,23.955045948127268,441.42235425348355,336.10700405875616
ADANIENSOL,39,893,1,ADANIENSOL,1847,ADANIENSOL,-5643.0,11.396719319489268,0.49129813349665774,26.691938531632424,513.1449957606355,171.36885419349707
ADANIENSOL,40,1118,1,ADANIENSOL,4957,ADANIENSOL,-4009.0,19.841708313986324,1.1772623573458345,26.180859857381222,874.5876609150826,255.12792776851276
ADANIENSOL,41,4528,1,ADANIENSOL,6943,ADANIENSOL,-3936.0,6.859244191935456,1.746631300699214,16.970300759274025,125.46502327132752,382.58230518065113
ADANIENSOL,42,7158,1,ADANIENSOL,7399,ADANIENSOL,-4699.0,17.57435090957376,0.608639674372784,23.349439567278107,920.6064293181474,152.46663411019233
ADANIENSOL,43,5976,1,ADANIENSOL,7819,ADANIENSOL,-4943.0,12.630387234792122,1.0118551922895915,17.5437481984361,750.978779358451,62.161983384112226
ADANIENSOL,44,7051,1,ADANIENSOL,8813,ADANIENSOL,0.0,14.754796499034171,0.7173597814018078,24.657196477579696,904.9260982731541,111.39169352415152
ADANIENSOL,45,8775,1,ADANIENSOL,10634,ADANIENSOL,1902.0,19.080079508010268,1.1481271574609073,11.05379027917962,388.4805370933157,249.99842272889802
ADANIENSOL,46,10896,1,ADANIENSOL,11526,ADANIENSOL,-722.0,15.719411602989496,0.272670864485258,21.99029811065497,409.489754202123,362.66965814087115
ADANIENSOL,47,15507,1,ADANIENSOL,19784,ADANIENSOL,-455.0,12.68779070246475,1.2429338164834942,23.32212479835667,837.5955496329173,155.21641955494147
ADANIENT,39,40354,2,ADANIENT,21286,ADANIENT,-1825.0,11.078912758571164,1.0430843713200366,12.442923669745486,525.6498901597008,353.49265559476225
ADANIENT,40,45564,2,ADANIENT,23647,ADANIENT,-1460.0,8.198502625510564,1.0267939374780155,25.200450137065047,687.1087947907342,104.62068315393228
ADANIENT,41,52015,2,ADANIENT,25618,ADANIENT,-7649.0,20.672335803607684,1.4756507343955876,27.412974687121704,706.9164878012145,199.5136225272201
ADANIENT,42,32325,2,ADANIENT,13268,ADANIENT,2487.0,17.322303991015545,0.8418606436230411,10.839929111680682,319.4918845720198,256.9842476255778
ADANIENT,43,34631,2,ADANIENT,14026,ADANIENT,-1082.0,11.902758587264096,0.49316099098466637,15.490062793848413,395.56622936873026,483.09666079330816
ADANIENT,44,33886,2,ADANIENT,14979,ADANIENT,-8611.0,22.783652908325816,1.956076170138095,24.846636723597026,526.2301397595412,67.27011968077153
ADANIENT,45,38409,2,ADANIENT,14646,ADANIENT,-17041.0,5.367884232634048,1.187866309599339,15.676764591236502,169.45934636255444,339.4290558053791
ADANIENT,46,41108,2,ADANIENT,16837,ADANIENT,-15459.0,24.705362828236975,1.1093331676123082,26.734581542204733,223.1320430137077,469.7069309479712
ADANIENT,47,37031,2,ADANIENT,17049,ADANIENT,-18767.0,24.42194688565152,0.5965368333894006,14.723468956638788,301.6777108426644,259.1597893501188
ADANIENT,48,65707,2,ADANIENT,22147,ADANIENT,7199.0,6.974594439886264,1.1737051140015824,21.46643695745602,535.229161034977,198.014514838025
ADANIENT,49,118722,2,ADANIENT,32937,ADANIENT,-1109.0,23.986216656271345,1.7364293864571083,20.593268741092995,242.36231815494577,420.50581484788745
ADANIENT,50,85044,2,ADANIENT,38962,ADANIENT,3445.0,13.372378906553234,1.668568475125402,27.07407754299912,446.33688931342164,431.08284186349596
ADANIENT,51,88418,2,ADANIENT,41782,ADANIENT,-3448.0,13.57464393143582,1.6120309255610916,15.046219454125165,620.0979028998947,171.70840348215316
ADANIGREEN,27,98,3,ADANIGREEN,-71,ADANIGREEN,-3743.0,13.821555835203279,1.8060173687856453,16.532967725039118,833.0386686554283,69.95231766064015
ADANIGREEN,28,637,3,ADANIGREEN,-223,ADANIGREEN,-9137.0,6.279084912824229,0.5191660422894993,24.711979207097336,744.5743162758641,362.02003350793814
ADANIGREEN,29,532,3,ADANIGREEN,369,ADANIGREEN,-18730.0,6.0394296852803,1.286470358879306,14.119288419681261,824.3360270365104,164.36301126200394
ADANIGREEN,30,1098,3,ADANIGREEN,793,ADANIGREEN,-3857.0,11.984264712171143,1.4055432466145419,12.804325275546717,730.0765785305061,203.32835457884758
ADANIGREEN,31,883,3,ADANIGREEN,636,ADANIGREEN,-21060.0,5.528594930986477,1.4118698128204166,24.19960395743695,586.7480402046237,90.20351841290335
ADANIGREEN,32,1621,3,ADANIGREEN,1050,ADANIGREEN,1559.0,22.797068322102657,1.7689298673449576,10.89152572543082,101.513619248502,387.77667351560774
ADANIGREEN,33,2806,3,ADANIGREEN,5720,ADANIGREEN,3942.0,9.203132083308391,0.04476104699421235,27.58327969264917,599.4961578914711,361.04369388314075
ADANIGREEN,34,1902,3,ADANIGREEN,8250,ADANIGREEN,1045.0,16.987351675135393,1.6629817189880527,12.73636139551776,538.6342436249802,246.32960112318779
ADANIGREEN,35,2682,3,ADANIGREEN,8992,ADANIGREEN,2161.0,10.396424092313252,1.219544335171684,22.40008587331186,673.6463719564134,399.8140073131692
ADANIPOWER,39,5732,5,ADANIPOWER,1900,ADANIPOWER,-2692.0,16.198467895557773,0.8955864488141121,14.5964453307608,606.4414375901938,360.26839542311086
ADANIPOWER,40,10735,5,ADANIPOWER,3671,ADANIPOWER,-1212.0,17.145493610548883,1.893366076671936,26.82088475846884,941.9015547025745,390.8545942401924
ADANIPOWER,41,14005,5,ADANIPOWER,2853,ADANIPOWER,-520.0,14.739582740998987,1.0728477854432865,12.677083079659862,741.3822026087472,460.73369323644135
ADANIPOWER,42,16575,5,ADANIPOWER,4134,ADANIPOWER,-984.0,14.957560248215335,0.29389656315395296,20.323457730073308,316.24715696145336,60.225528439667265
ADANIPOWER,43,16635,5,ADANIPOWER,-857,ADANIPOWER,-2304.0,8.070757713337661,1.889289660074154,27.552753022582785,763.5761495680105,333.7370731116485
ADANIPOWER,44,14868,5,ADANIPOWER,-2968,ADANIPOWER,-2188.0,20.442972613910186,0.5647342729957758,29.826384237381834,468.6958241011863,382.2275514781503
ADANIPOWER,45,18901,5,ADANIPOWER,3855,ADANIPOWER,774.0,20.953099489736,0.913469202537984,29.838516262627213,498.2113086621354,67.54705373473261
ADANIPOWER,46,20734,5,ADANIPOWER,2624,ADANIPOWER,1545.0,14.774291802578611,0.01561239983333862,22.830937790384947,119.26761997585717,177.00818454615703
ADANIPOWER,47,17533,5,ADANIPOWER,9256,ADANIPOWER,3481.0,24.729621865494643,1.0709860621554408,10.64187725785702,350.24365694517735,162.6549619405351
ADANIPOWER,48,17830,5,ADANIPOWER,14600,ADANIPOWER,861.0,10.135745801078178,1.7161013131903677,22.1060028757141,274.115181854856,53.39187177097109
ADANIPOWER,49,28677,5,ADANIPOWER,26019,ADANIPOWER,1631.0,19.976450281002194,1.197057252046041,25.223598674479206,459.1432105515578,329.71321887296773
ADANIPOWER,50,32124,5,ADANIPOWER,39288,ADANIPOWER,-1144.0,14.997154044355003,0.6209229514832677,22.100469668061237,365.6221599674666,157.8014185061949
ADANIPOWER,51,33685,5,ADANIPOWER,52097,ADANIPOWER,-2713.0,13.654448763623472,1.6954376213659157,24.779745912443616,398.62754565867556,235.0008214634343
AMBUJACEM,39,7276,6,AMBUJACEM,8489,AGTL,21.0,16.55141177659287,1.2807410596185616,28.55596325661947,943.2206493573714,99.71983629284415
AMBUJACEM,40,7492,6,AMBUJACEM,9153,AGTL,-19.0,14.314134844924553,1.2320194683474381,19.28391991151016,522.3107332246921,327.9915612206208
AMBUJACEM,41,8022,6,AMBUJACEM,9760,AGTL,125.0,23.16176175778336,1.7346860153199053,21.304164866738233,632.3608211240459,344.4596767495226
APOLLOHOSP,39,3157,7,APOLLOHOSP,2677,AMBUJACEM,-83.0,15.192258935906917,0.796446772772315,17.40694300326099,322.5177769951057,72.66604777284594
APOLLOHOSP,40,3681,7,APOLLOHOSP,2907,AMBUJACEM,-4165.0,22.616842698913477,1.1012560970312597,19.51072747880704,911.9745706622156,422.2384926846362
APOLLOHOSP,41,4392,7,APOLLOHOSP,3102,AMBUJACEM,-738.0,20.87568162105954,0.6558926728423164,16.956872100966223,100.71130914536127,301.0853067306988
APOLLOHOSP,42,5465,7,APOLLOHOSP,3262,AMBUJACEM,-765.0,8.849825851242022,0.3993318297083821,25.62289210879009,986.9187161765462,115.36267587152109
APOLLOHOSP,43,6522,7,APOLLOHOSP,3244,AMBUJACEM,-1191.0,15.901091143782688,0.7818888273660207,12.575235511797674,497.7631721813549,104.70895713337305
APOLLOHOSP,44,7442,7,APOLLOHOSP,3182,AMBUJACEM,-1317.0,7.630680097451464,0.2377320367789013,23.48174297822702,526.6420880688813,145.14882939134174
APOLLOHOSP,45,8548,7,APOLLOHOSP,3264,AMBUJACEM,-2007.0,5.4653306185814365,0.6696617037237287,16.718954209503224,570.0373883736373,246.1525080414215
APOLLOHOSP,46,9656,7,APOLLOHOSP,3270,AMBUJACEM,-14481.0,17.942161064776155,1.8816193823513185,18.45368940020944,529.2370018973077,460.1242353722224
APOLLOHOSP,47,9420,7,APOLLOHOSP,4531,AMBUJACEM,-8941.0,23.285049464806303,0.43314468684720797,26.741731806869197,978.1274296074807,226.97695050481843
APOLLOHOSP,48,12474,7,APOLLOHOSP,5551,AMBUJACEM,-509.0,14.795310134503232,1.1413752239296733,10.743679570699312,292.08043538820885,338.82849451358214
APOLLOHOSP,49,14548,7,APOLLOHOSP,6126,AMBUJACEM,-672.0,13.624846884260691,0.011020723170017677,10.327806221450587,999.5496353317454,55.778103559369114
APOLLOHOSP,50,16665,7,APOLLOHOSP,6864,AMBUJACEM,-721.0,17.74594708904098,0.44681081073623075,22.245309872177707,808.4078293547301,484.7715290678319
APOLLOHOSP,51,17725,7,APOLLOHOSP,7429,AMBUJACEM,-900.0,7.110627042689783,0.16179125087297574,28.401327045905205,891.0001457149889,121.39973541867748
ASIANPAINT,39,8767,8,ASIANPAINT,Mar 2013,APOLLOHOSP,-888.0,11.239795701321295,1.383515892388331,17.858461925437368,792.9228773286322,272.30214233799677
ASIANPAINT,40,10217,8,ASIANPAINT,Mar 2014,APOLLOHOSP,-1152.0,15.371720204118002,1.2849644342303315,23.26018256375282,173.68897677215548,258.5938106174354
ASIANPAINT,41,11372,8,ASIANPAINT,Mar 2015,APOLLOHOSP,-405.0,21.58844031439071,1.3366373469838175,21.705787869482418,361.8516088966044,486.45178814345275
ASIANPAINT,42,11546,8,ASIANPAINT,Mar 2016,APOLLOHOSP,-711.0,9.076199667520955,1.7375838418803229,27.482921939640065,998.4145083489482,471.8588729188854
ASIANPAINT,43,12068,8,ASIANPAINT,Mar 2017,APOLLOHOSP,-289.0,13.567389567441897,1.9263551871403353,12.182493173590865,477.47248201292393,449.1352799013128
ASIANPAINT,44,13621,8,ASIANPAINT,Mar 2018,APOLLOHOSP,-880.0,18.327248828673955,1.1215619870309506,16.373768385510118,623.0872082033444,68.22896072970491
ASIANPAINT,45,15475,8,ASIANPAINT,Mar 2019,APOLLOHOSP,-747.0,19.115744910876465,0.3831848896613297,18.675532499126106,184.44097146552065,472.3947954656754
ASIANPAINT,46,16054,8,ASIANPAINT,Mar 2020,APOLLOHOSP,-857.0,5.90842354962728,0.11239138774376878,24.11240033180907,649.7764921346022,320.16844938951994
ASIANPAINT,47,16857,8,ASIANPAINT,Mar 2021,APOLLOHOSP,-1537.0,20.966176409448096,0.6122652271729299,12.022688565675665,338.17969477448725,105.86977322771276
ASIANPAINT,48,24298,8,ASIANPAINT,Mar 2022,APOLLOHOSP,373.0,17.371847503206475,0.6664730328014412,14.356442064591672,806.6410928893417,368.556230055706
ASIANPAINT,49,28229,8,ASIANPAINT,Mar 2023,APOLLOHOSP,-63.0,22.994378277645644,0.6607967968697348,16.275483150373944,563.087657749682,448.4838152748324
ASIANPAINT,50,27910,8,ASIANPAINT,Mar 2024,APOLLOHOSP,392.0,7.920382123096714,0.10160851126017034,24.080003807254137,277.01024228748395,367.4509592250466
ASIANPAINT,51,28150,8,ASIANPAINT,Sep 2024,APOLLOHOSP,330.0,13.695107410772291,1.923899017756605,27.119384252378563,544.9284628841514,371.54311844344477
ATGL,24,1008,9,ATGL,759,ASIANPAINT,1187.0,19.64763539359727,0.03740695073002076,28.54413772425155,554.7265134648055,302.30180567718577
ATGL,25,1264,9,ATGL,992,ASIANPAINT,1402.0,10.280417781393911,1.1151529253702612,13.053380679114914,749.7772107262801,98.2667909806915
ATGL,26,1280,9,ATGL,1361,ASIANPAINT,1188.0,15.771429538269665,0.1539885785463273,17.818481489381522,382.6627730884089,187.4062386016919
ATGL,27,991,9,ATGL,1824,ASIANPAINT,2243.0,10.803338464544863,1.6247127834815822,21.58071229659918,170.4488142072571,154.74721346398684
ATGL,28,2265,9,ATGL,2306,ASIANPAINT,1527.0,20.895021286120294,1.2575573559533157,21.25703271418727,409.8737590217713,101.85362310404165
ATGL,29,3508,9,ATGL,2831,ASIANPAINT,2113.0,14.248066888339848,0.7485170215974644,13.879004740954938,876.7861621150407,87.2547926343089
ATGL,30,3371,9,ATGL,3470,ASIANPAINT,2470.0,23.791352596386762,0.9134628126315678,11.076329021620616,905.6817268235727,207.89562222268881
ATGL,31,3672,9,ATGL,3801,ASIANPAINT,3038.0,16.937677998527686,0.9288356682760952,19.159450223860915,968.8115430886587,111.8153140949306
BAJAJ-AUTO,39,16370,11,BAJAJ-AUTO,7776,BAJAJ-AUTO,Mar 2016,22.64443504614657,1.4779394853709873,21.995739214715968,809.2059373715953,402.43751692110516
BAJAJ-AUTO,40,15974,11,BAJAJ-AUTO,9878,BAJAJ-AUTO,Mar 2017,7.7763271698742376,0.843422479105816,14.504245448262083,281.40779015362773,103.55116699112779
BAJAJ-AUTO,41,17467,11,BAJAJ-AUTO,10806,BAJAJ-AUTO,Mar 2018,12.903667050201586,1.5452404594751796,24.711459896891334,450.93767646719016,91.1418859273162
BAJAJ-AUTO,42,17781,11,BAJAJ-AUTO,13731,BAJAJ-AUTO,Mar 2019,16.93994162540841,0.17301379498387526,19.771886292239813,103.7514095433851,265.5951638520653
BAJAJ-AUTO,43,17326,11,BAJAJ-AUTO,17567,BAJAJ-AUTO,Mar 2020,16.597330609652666,1.0228113757844757,19.572250889263458,572.3339101897182,394.59029442884975
BAJAJ-AUTO,44,20364,11,BAJAJ-AUTO,20136,BAJAJ-AUTO,Mar 2021,9.12275079080616,0.8477126793204954,20.273541596368137,388.7479654067829,278.0481216912008
BAJAJ-AUTO,45,25160,11,BAJAJ-AUTO,22944,BAJAJ-AUTO,Mar 2022,23.64856923277561,0.05344382732423836,10.46469642372352,744.6917140009746,225.11874951653658
BAJAJ-AUTO,46,24809,11,BAJAJ-AUTO,21373,BAJAJ-AUTO,Mar 2023,19.088671759376858,1.5519979888747544,22.386184199398706,381.4042679799058,390.8927956282372
BAJAJ-AUTO,47,22803,11,BAJAJ-AUTO,26984,BAJAJ-AUTO,Mar 2024,21.706291057389663,1.9702323700715692,21.97385849689916,544.4399837980081,225.65593150045575
BAJAJ-AUTO,48,27886,11,BAJAJ-AUTO,29570,BAJAJ-AUTO,2218.0,14.80033923295397,0.9299245075444476,11.030270321077285,961.2012628660548,75.27343134630317
BAJAJ-AUTO,49,29991,11,BAJAJ-AUTO,29079,BAJAJ-AUTO,3502.0,21.015833884255816,0.5082998724583414,28.57021640050307,625.0350839581571,144.07690280829485
BAJAJ-AUTO,50,36106,11,BAJAJ-AUTO,28683,BAJAJ-AUTO,2114.0,20.337745539299323,1.8306109828006858,25.202479520275965,916.3827679079282,188.28227682843595
BAJAJ-AUTO,51,39757,11,BAJAJ-AUTO,30700,BAJAJ-AUTO,3690.0,19.300619595926346,0.2728284048546976,11.504090948050504,595.789442507984,300.06511484922623
AXISBANK,39,17516,10,AXISBANK,53082,AXISBANK,9211.0,15.07352482440641,0.6345743701742281,19.544730128236694,637.7466974638143,300.4102758983113
AXISBANK,40,18690,10,AXISBANK,55901,AXISBANK,-12458.0,17.05575626316177,1.7875205805575496,10.517371013534103,838.950428684916,263.8646170288709
AXISBANK,41,21254,10,AXISBANK,63694,AXISBANK,-10007.0,19.074913323416446,1.2051422622463592,14.848893971666051,801.6636872207106,151.79237080178154
AXISBANK,42,24155,10,AXISBANK,67288,AXISBANK,-18674.0,6.985325244750897,1.536410711551614,20.407524366511396,300.8757709457866,308.7107494648125
AXISBANK,43,26449,10,AXISBANK,85776,AXISBANK,-9485.0,7.668209737421757,1.7741182508929763,12.869903334087043,322.01493753049596,143.07550003952178
AXISBANK,44,27163,10,AXISBANK,102981,AXISBANK,-54288.0,19.29138372667403,1.9262549628497272,22.876974271693726,434.09140376568854,363.66963068798697
AXISBANK,45,33278,10,AXISBANK,117647,AXISBANK,-27112.0,20.04712987344618,1.3983786131822291,21.41765121308254,415.3709099580852,399.85699296182503
AXISBANK,46,37429,10,AXISBANK,129166,AXISBANK,-32351.0,15.56086705865174,1.0981600844623458,12.73553571225521,154.130183964424,179.7563239705214
AXISBANK,47,34107,10,AXISBANK,156406,AXISBANK,-9001.0,7.146265539013075,0.8297774876643136,14.723647603876355,511.6867495165588,112.45994817867663
AXISBANK,48,34245,10,AXISBANK,296254,AXISBANK,14931.0,6.461411212761636,1.625293959589036,18.95731710527818,146.48083523060163,379.5178369271466
AXISBANK,49,42218,10,AXISBANK,333280,AXISBANK,7785.0,24.036243553885427,1.8489689730686734,26.112862096718526,500.44528936764834,102.4682291905948
AXISBANK,50,59474,10,AXISBANK,406638,AXISBANK,31045.0,7.943382161664609,1.67561165278996,23.651502101407548,252.974790635158,292.3021160006411
AXISBANK,51,67033,10,AXISBANK,472150,AXISBANK,22495.0,5.003735493506949,0.39776804974210167,28.539229763305908,992.762346157615,151.01079959972668
BAJAJFINSV,39,4124,12,BAJAJFINSV,7722,BAJAJFINSV,-886.0,19.979791418048045,1.3919770724457226,11.486079734039121,715.133285027253,290.31853420677885
BAJAJFINSV,40,1531,12,BAJAJFINSV,9232,BAJAJFINSV,151.0,24.284718515219936,0.3443284651330356,28.041398618668694,590.8480982622264,359.37792042855807
BAJAJFINSV,41,5823,12,BAJAJFINSV,11009,BAJAJFINSV,-922.0,11.897639451979563,1.1341535072337616,12.975494032694634,568.3761334818881,79.83725016047461
BAJAJFINSV,42,13795,12,BAJAJFINSV,13519,BAJAJFINSV,-6903.0,10.880572507611417,1.2918529692061362,13.432868518990599,355.0299347901186,267.1484655497843
BAJAJFINSV,43,15794,12,BAJAJFINSV,16071,BAJAJFINSV,-9948.0,15.86937037154954,1.9893832175974726,18.245322009664246,703.2194002750944,79.73303091956095
BAJAJFINSV,44,22074,12,BAJAJFINSV,20403,BAJAJFINSV,-3684.0,9.272420064168134,1.6798626982121057,17.653108564444885,686.2632815848576,258.3578097022122
BAJAJFINSV,45,27569,12,BAJAJFINSV,23660,BAJAJFINSV,1445.0,13.959916099597528,0.2384161826697868,23.35337059370535,758.4217182906665,241.00682587321478
BAJAJFINSV,46,36094,12,BAJAJFINSV,31222,BAJAJFINSV,-13945.0,9.485906392891145,1.3753609191706169,10.447477948734063,112.01374843669248,215.34177046269096
BAJAJFINSV,47,40950,12,BAJAJFINSV,35750,BAJAJFINSV,-10960.0,11.4782416368327,1.2402051481486849,10.31747131931616,791.1539022069253,495.41940491332736
BAJAJFINSV,48,46951,12,BAJAJFINSV,40167,BAJAJFINSV,4592.0,23.765845155895992,0.38878001078477564,26.78053843502687,902.527478022526,208.3844907296701
BAJAJFINSV,49,52204,12,BAJAJFINSV,46248,BAJAJFINSV,6521.0,12.842727905360487,0.8809783192404601,16.067374178138152,304.54354879223615,347.2550524426229
BAJAJFINSV,50,69497,12,BAJAJFINSV,60169,BAJAJFINSV,6839.0,9.703594302935862,1.0846058564922136,11.971879585402704,521.1572983718427,84.73295817761817
BAJAJFINSV,51,80784,12,BAJAJFINSV,68165,BAJAJFINSV,11602.0,9.121493130028135,1.1095177223053427,20.49808786014863,541.9831612012956,413.622610515958
BAJAJHLDNG,39,15,13,BAJAJHLDNG,10234,BAJAJHLDNG,1019.0,19.052278226410817,1.837338172714846,29.267065451193297,561.6603181831174,118.79274805871825
BAJAJHLDNG,40,23,13,BAJAJHLDNG,11888,BAJAJHLDNG,-372.0,20.860178744907614,0.8182112630201739,15.121854686978214,442.62883586662974,380.5300148759725
BAJAJHLDNG,41,40,13,BAJAJHLDNG,13282,BAJAJHLDNG,-1123.0,23.331790141680074,1.4188091723302096,29.328125814767706,529.8372966563494,336.11143483060977
BAJAJHLDNG,42,42,13,BAJAJHLDNG,15182,BAJAJHLDNG,-163.0,23.54031679441847,0.7090122262627176,21.790509436836835,310.64981647064576,439.03300520391116
BAJAJHLDNG,43,215,13,BAJAJHLDNG,17707,BAJAJHLDNG,-800.0,17.632538143849505,0.5044201950272804,17.42870580859836,555.8654383384026,383.4112706207738
BAJAJHLDNG,44,65,13,BAJAJHLDNG,25090,BAJAJHLDNG,-308.0,15.453461079004695,1.0313499797611052,16.124569082009373,920.6859580583641,184.50041587567685
BAJAJHLDNG,45,85,13,BAJAJHLDNG,26841,BAJAJHLDNG,-151.0,8.175815164040097,1.9921008298303835,14.77000259852943,519.354404156443,267.6704538497346
BAJAJHLDNG,46,134,13,BAJAJHLDNG,27652,BAJAJHLDNG,-137.0,21.53921412166219,1.5269657716112057,24.471248953021544,392.7197734980776,238.27858842328664
BAJAJHLDNG,47,106,13,BAJAJHLDNG,37056,BAJAJHLDNG,-472.0,6.524810957701252,0.7223154425811702,18.490423585647118,464.67415921103844,308.3103608355919
BAJAJHLDNG,48,117,13,BAJAJHLDNG,42731,BAJAJHLDNG,-332.0,13.75075737245669,1.817773333065052,25.136686726218066,376.72121086952154,359.43527406115606
BAJAJHLDNG,49,142,13,BAJAJHLDNG,44071,BAJAJHLDNG,-326.0,5.503089583797081,1.3537266461612896,15.905638199837016,609.5763914444943,315.3808704890675
BAJAJHLDNG,50,140,13,BAJAJHLDNG,54136,BAJAJHLDNG,-391.0,23.606309827954234,0.24645639210369774,22.075113119149414,988.5415203399609,370.2678201092891
BAJAJHLDNG,51,178,13,BAJAJHLDNG,59712,BAJAJHLDNG,-761.0,22.42220766465765,0.5640693147981009,22.03107753026598,297.85899433132,423.353476075229
BAJFINANCE,33,2274,14,BAJFINANCE,4750,BAJFINANCE,1075.0,6.493459911212325,0.2891710234529943,10.065478032676332,216.02036796488414,397.6268738871246
BAJFINANCE,34,2959,14,BAJFINANCE,7373,BAJFINANCE,-5379.0,23.39885619303881,0.21791768720766647,13.508582389412398,331.4380396220139,425.2925361148263
BAJFINANCE,35,3853,14,BAJFINANCE,9491,BAJFINANCE,-8758.0,8.275759416100765,0.38497416411795204,13.144332292680417,764.5397329127477,176.4901629870951
BAJFINANCE,36,4696,14,BAJFINANCE,15733,BAJFINANCE,-429.0,17.330845647575096,1.1682425671328696,17.924446661363724,104.72714873056566,399.91162681418905
BAJFINANCE,37,6723,14,BAJFINANCE,19582,BAJFINANCE,6347.0,11.367973090014122,0.9456392786907406,16.739012485659455,932.1555881056181,186.8384837137221
BAJFINANCE,38,9608,14,BAJFINANCE,32208,BAJFINANCE,-10394.0,20.443703815548297,1.7248697553580852,24.096178054664147,110.17048026797657,256.80132487066976
BAJFINANCE,39,9519,14,BAJFINANCE,36798,BAJFINANCE,-7171.0,13.786827450012334,1.8948003517373835,29.345742902920307,772.3455657110388,246.35113735108757
BAJFINANCE,40,9855,14,BAJFINANCE,43592,BAJFINANCE,6867.0,11.541345928022382,1.4738618059209196,29.229919316387218,676.4805786573121,441.3484368720938
BAJFINANCE,41,12701,14,BAJFINANCE,54251,BAJFINANCE,11656.0,10.35457827238213,1.0427410718233303,14.402975297054532,872.9176773504632,211.13844075806148
BAJFINANCE,42,18886,14,BAJFINANCE,76572,BAJFINANCE,12513.0,20.416107118768764,1.790351673581596,20.904728710735995,716.621830367153,161.44210916823332
BAJFINANCE,43,21918,14,BAJFINANCE,86679,BAJFINANCE,19503.0,21.590480776908894,0.09581301414181143,14.518507089401893,508.29703740478254,322.00713193076314
BANKBARODA,39,24486,15,BANKBARODA,42041,BANKBARODA,-4005.0,7.433030441412165,0.0015330345699426928,20.374524863624234,546.7802158559657,487.0521596892122
BANKBARODA,40,27604,15,BANKBARODA,42605,BANKBARODA,-551.0,7.902360370427967,0.2518606180617289,26.33502531490337,987.8043018513052,56.047405205059604
BANKBARODA,41,30547,15,BANKBARODA,46036,BANKBARODA,-414.0,8.91363467526656,1.7432354046978522,10.583384878195636,389.8796051648555,453.0492705749927
BANKBARODA,42,32107,15,BANKBARODA,54466,BANKBARODA,-2537.0,15.46222207143333,1.59410735515287,29.09096512099247,481.1338773008458,422.6650124078392
BANKBARODA,43,29596,15,BANKBARODA,75179,BANKBARODA,-139.0,8.996711811553716,1.053388402429887,14.182939495933125,592.4252096100336,288.16874627146865
BANKBARODA,44,29160,15,BANKBARODA,81354,BANKBARODA,-471.0,12.746629887411515,0.03304675176827243,20.223500140760965,959.8690485126646,290.3714255804251
BANKBARODA,45,32506,15,BANKBARODA,90833,BANKBARODA,-3645.0,8.91717466516968,0.6685403213050891,14.317119992951657,708.8452872032295,176.30605003917432
BANKBARODA,46,50040,15,BANKBARODA,104019,BANKBARODA,-1096.0,6.589919563935722,0.142270007377584,10.224136285273271,419.04979656954174,212.52220675643085
BANKBARODA,47,43201,15,BANKBARODA,118677,BANKBARODA,-1285.0,15.668799759324425,0.22477828138074352,14.666433770410634,448.1463689750636,493.3071972576038
BANKBARODA,48,38815,15,BANKBARODA,509192,BANKBARODA,-790.0,5.620337978895275,1.9701949498615583,20.188511649569698,445.267796037181,219.634255209781
BANKBARODA,49,49942,15,BANKBARODA,616973,BANKBARODA,5151.0,22.834814032698304,1.0931994693896692,25.259706727333214,954.887719963788,160.73834433946922
BANKBARODA,50,69899,15,BANKBARODA,665483,BANKBARODA,-6.0,14.312460590651577,0.548745738098064,11.882658318137722,796.9595405141948,204.45876096905985
BANKBARODA,51,74160,15,BANKBARODA,620536,BANKBARODA,-616.0,22.813296555033112,0.4703471600963338,14.353559629183358,697.7185968689824,490.96426906259336
BHARTIARTL,39,53987,17,BHARTIARTL,48423,BHARTIARTL,-14091.0,20.105991900420854,0.5378455689452268,24.96025251667622,536.463562623273,309.3791195116437
BHARTIARTL,40,59352,17,BHARTIARTL,57757,BHARTIARTL,-30680.0,17.290399245766036,0.3337158413227952,19.92498045676893,573.3941262774816,493.6503609007043
BHARTIARTL,41,62499,17,BHARTIARTL,37778,BHARTIARTL,-27940.0,23.1533798381161,1.0425393166804415,14.415918256967782,133.80449930344352,268.61324041968317
BHARTIARTL,42,62548,17,BHARTIARTL,64771,BHARTIARTL,-28286.0,15.096264800309369,1.5613416975487306,12.944331221756613,989.4436544238881,150.0891281755891
BHARTIARTL,43,60138,17,BHARTIARTL,65458,BHARTIARTL,-29598.0,17.115682145669723,1.5885034130265392,28.880355351786267,442.1046229417164,277.1181258897383
BHARTIARTL,44,52560,17,BHARTIARTL,67536,BHARTIARTL,-27286.0,20.130308978987543,1.7760384148412938,10.578876479672585,368.2769668382239,427.07444204158355
BHARTIARTL,45,55016,17,BHARTIARTL,69424,BHARTIARTL,-41478.0,15.48241136473041,1.7960904544851646,17.26405354369507,364.1482019031454,431.9243364063809
BHARTIARTL,46,50930,17,BHARTIARTL,74417,BHARTIARTL,-39232.0,14.05617638590639,0.9048948386409499,21.361155943154678,404.1488692444933,413.9961213460142
BHARTIARTL,47,55337,17,BHARTIARTL,56207,BHARTIARTL,-51089.0,6.2347336795134645,0.3728434072757729,21.118480130661993,588.1602229913456,117.14325316065461
BHARTIARTL,48,59013,17,BHARTIARTL,63759,BHARTIARTL,-4566.0,14.24178339541607,0.8251900552870481,16.542698318026446,692.573031910978,77.10354040122792
BHARTIARTL,49,67871,17,BHARTIARTL,74726,BHARTIARTL,2774.0,19.325087438127266,1.3868367794038787,14.351817644419054,620.2383936446292,200.05286366322468
BHARTIARTL,50,71691,17,BHARTIARTL,79742,BHARTIARTL,-9672.0,22.439264133281718,0.09453365550731752,12.822087789508139,485.4447720345063,350.14448554151454
BHARTIARTL,51,74745,17,BHARTIARTL,84202,BHARTIARTL,-11946.0,12.66544183406488,0.8341888884520139,26.9131266572683,536.000775972762,128.50667080926806
BEL,39,5604,16,BEL,4,BEL,-1470.0,18.62733423040966,1.7819755509766475,18.498016413396037,590.5833641504696,358.4893591006028
BEL,40,5593,16,BEL,5,BEL,3115.0,18.253676437275942,1.0962556908739585,18.5139183220662,736.2608166299904,205.19482173727783
BEL,41,5913,16,BEL,5,BEL,-6.0,7.79583955630192,0.7420894180957682,18.495991807725048,964.7181096461699,349.5433564223516
BEL,42,5961,16,BEL,3,BEL,-896.0,18.20270030730977,1.2680901905198774,28.371935344313,930.5049462723398,377.838408757904
BEL,43,6864,16,BEL,6,BEL,-649.0,14.038984807213684,1.632719789447398,11.68151037558122,240.5102882161607,287.409865864316
BEL,44,8361,16,BEL,21,BEL,-2595.0,22.713588062675093,0.7127451168434664,22.592734085287933,802.2557993045095,467.68446077381805
BEL,45,9255,16,BEL,38,BEL,-4872.0,15.958663718273765,0.674016457609004,27.665797996496785,495.27923072771824,149.35425622675038
BEL,46,10209,16,BEL,44,BEL,2708.0,7.750369352156046,0.19919820922960918,22.451066128518075,758.9885334000365,470.58899413525035
BEL,47,10895,16,BEL,48,BEL,-5924.0,6.5112804262413775,1.5262123631919062,18.269883471851465,303.0678397437696,160.65119933027697
BEL,48,12024,16,BEL,58,BEL,-158.0,5.121936262898206,0.6872696040766402,28.58309237811794,996.3329842134326,320.3726849698743
BEL,49,13645,16,BEL,64,BEL,-213.0,9.083573666917818,1.1244442412986309,16.935424721583686,893.186437725342,139.40278803910942
BEL,50,15217,16,BEL,73,BEL,-209.0,18.948848114572485,1.5427932639710638,25.900935260590998,772.2526013873745,175.9660544334635
BEL,51,15867,16,BEL,80,BEL,-318.0,12.968535876991803,1.4838256669273828,25.420405300928046,272.1308430746052,137.2841774280546
BHEL,39,39420,18,BHEL,30059,BHEL,23.0,5.928922866288655,0.5335697048346657,25.023908701719748,300.18812469527006,290.5210921607237
BHEL,40,34982,18,BHEL,32681,BHEL,-565.0,14.454128957524208,1.5400315334186048,19.30702270006985,816.9449751387183,148.87216276087298
BHEL,41,29183,18,BHEL,33717,BHEL,961.0,6.492265273813491,0.4513855265803377,15.889019368530446,222.0562934710896,171.49657933138434
BHEL,42,26862,18,BHEL,31825,BHEL,1919.0,9.253758112116525,1.9697548043590707,19.111751773022085,856.4024816600493,483.2804102273562
BHEL,43,27370,18,BHEL,31899,BHEL,1877.0,24.534624363668694,1.928051386958428,25.612702037763693,408.7869042156053,242.7072543474296
BHEL,44,27174,18,BHEL,31601,BHEL,-42.0,7.713733898564872,0.304952069785112,26.580130011422863,801.7248420296304,463.26337367933286
BHEL,45,28409,18,BHEL,30208,BHEL,-1118.0,9.609410670193583,1.4421009406382597,13.072655712925895,352.47673876295937,86.8629987010332
BHEL,46,21596,18,BHEL,27964,BHEL,1480.0,21.085411609864696,0.9229153468766111,26.708582789652702,632.3959807795951,293.34581966389305
BHEL,47,20357,18,BHEL,25287,BHEL,1331.0,19.359821085353275,0.2054060175107073,29.541875600998637,963.6917598516741,460.4248499751976
BHEL,48,20383,18,BHEL,25810,BHEL,472.0,10.120041220466408,0.28254008450201207,25.644221257597245,262.3491558160522,341.4809947387793
BHEL,49,22321,18,BHEL,23682,BHEL,523.0,22.05409165770494,0.7720623665947131,13.08610471359778,980.3460275442955,384.02665996332286
BHEL,50,23182,18,BHEL,23742,BHEL,-3543.0,5.143980991513846,0.495715876542153,16.5637272252087,189.99118498632598,259.71824764726745
BHEL,51,24783,18,BHEL,23503,BHEL,-122.0,18.022765798073763,0.10904681496518331,10.38839816070718,738.9739395691577,362.4447691700917
BOSCHLTD,39,7310,19,BOSCHLTD,5542,BOSCHLTD,-995.0,19.74809272326482,1.7578814512129237,16.972494022924806,803.5465371440275,235.83278426588387
BOSCHLTD,40,7468,19,BOSCHLTD,6263,BOSCHLTD,1246.0,16.402447105443272,1.548095325314246,26.74006103150247,310.21909278867963,339.2444041198444
BOSCHLTD,41,10104,19,BOSCHLTD,7316,BOSCHLTD,-1170.0,9.915965499898212,1.3711640283633393,20.93795932903432,849.1808762051327,139.17612220428504
BOSCHLTD,42,7823,19,BOSCHLTD,9504,BOSCHLTD,1766.0,24.468372645926962,1.3467263488185344,13.352905549191213,416.4620116965516,480.60348075919455
BOSCHLTD,43,8473,19,BOSCHLTD,8769,BOSCHLTD,-873.0,19.891397535931038,0.009614424796503318,12.521866578913798,114.61594763492585,229.64358915634082
BOSCHLTD,44,9597,19,BOSCHLTD,9951,BOSCHLTD,-463.0,12.049749064946356,1.0158247653450194,26.664158408269078,551.92229858664,149.1469748488734
BOSCHLTD,45,9931,19,BOSCHLTD,9097,BOSCHLTD,-33.0,24.004447036287118,0.9113839020794081,25.89426292706711,431.5839888687449,219.9835381783761
BOSCHLTD,46,8358,19,BOSCHLTD,9240,BOSCHLTD,262.0,9.736255436224727,1.9701278326538827,13.410526473777331,460.39340728664,289.44591153583696
BOSCHLTD,47,8555,19,BOSCHLTD,9793,BOSCHLTD,283.0,21.339588979093417,1.0398759782496294,24.726632041335854,575.1037427453022,368.1196619406287
BOSCHLTD,48,10319,19,BOSCHLTD,10658,BOSCHLTD,-156.0,6.010345386861147,0.9242991971410595,23.720527564030817,587.7848785956845,64.63634694259267
BOSCHLTD,49,13120,19,BOSCHLTD,10983,BOSCHLTD,-238.0,8.134703227667156,1.1111499362626163,10.244872444094348,256.50952588463815,119.58661718481329
BOSCHLTD,50,14632,19,BOSCHLTD,12034,BOSCHLTD,-237.0,11.762356519680157,0.30963395638965263,12.902738092834438,940.0246017223693,225.81879775092597
BOSCHLTD,51,14934,19,BOSCHLTD,12708,BOSCHLTD,-356.0,12.927408324007176,0.4089700423569107,16.42788928867556,123.35019341874981,137.32192774605983
BPCL,39,235472,20,BPCL,16052,BPCL,-9233.0,20.892518547568667,0.45451553974922554,14.658099214803691,725.6930173878715,106.01330017241312
BPCL,40,255007,20,BPCL,18717,BPCL,-15274.0,22.416549448148803,1.2961365879426199,15.610262654506608,733.3784943504814,182.8671101751357
BPCL,41,232818,20,BPCL,21839,BPCL,-7066.0,19.36407542658832,0.20689351277484613,23.090688870673336,480.4884246725391,440.43632988008306
BPCL,42,174844,20,BPCL,27138,BPCL,-10451.0,7.06059749845074,0.7325962883350596,13.404721945721523,128.94084319935388,408.6498628375838
BPCL,43,187468,20,BPCL,29508,BPCL,-11135.0,15.634739691829338,0.45729530395541107,20.377842208215604,976.1410408089984,275.7143725453254
BPCL,44,220578,20,BPCL,34652,BPCL,-2474.0,19.10799027747217,1.9314509738026968,23.389249214050764,741.442727093765,333.2271386945423
BPCL,45,283113,20,BPCL,36798,BPCL,-8138.0,5.807806453960653,0.8979581987275504,16.479439474497994,578.764564632474,118.83890011474347
BPCL,46,275597,20,BPCL,34565,BPCL,-7806.0,18.867854809472576,1.7452078651411613,21.695748591726183,777.2818461065356,485.8257313248434
BPCL,47,209170,20,BPCL,51462,BPCL,-10521.0,7.937265781869947,1.3363891013217557,21.01571715810779,290.41245288870175,384.4218558040237
BPCL,48,327654,20,BPCL,49776,BPCL,-846.0,6.072502468201273,1.594289974264453,12.413598741432931,496.88418204198865,390.3588783538912
BPCL,49,462288,20,BPCL,51393,BPCL,-3736.0,8.806164145163129,0.43444970054571197,22.12199734726313,514.974270355298,364.33678305976974
BPCL,50,404001,20,BPCL,73499,BPCL,-9792.0,7.028107161776173,1.0819279628074894,27.555608548784807,572.6199790997557,120.1488861538241
BPCL,51,419046,20,BPCL,72835,BPCL,-1332.0,13.402354275128479,1.025520360799979,11.774741906316121,707.0735768324116,87.55683586408713
BRITANNIA,39,5765,21,BRITANNIA,534,BRITANNIA,-705.0,21.648531487388276,0.45522284403290114,19.119048806245495,887.2195783498256,108.5545204608843
BRITANNIA,40,6286,21,BRITANNIA,774,BRITANNIA,-150.0,12.844692689488294,0.21708699051845226,14.645527014851048,535.5476322848547,298.2467724673793
BRITANNIA,41,6988,21,BRITANNIA,1221,BRITANNIA,-957.0,20.6674632561757,0.7935632349981745,21.331415022818984,837.8849303897599,198.00529532423334
BRITANNIA,42,7174,21,BRITANNIA,2068,BRITANNIA,-852.0,12.769203660480086,1.4621953001940022,25.591333232691277,972.9901121796994,205.43655979553503
BRITANNIA,43,7776,21,BRITANNIA,2672,BRITANNIA,-1526.0,14.606171968456817,1.5171810895412456,15.899423832536657,187.6554736021589,87.13576860171675
BRITANNIA,44,8413,21,BRITANNIA,3382,BRITANNIA,433.0,15.277492772925934,1.6620694172620212,15.178802576392926,644.6400092758746,98.28308374236002
BRITANNIA,45,9322,21,BRITANNIA,4229,BRITANNIA,914.0,14.204788979434477,1.2404484954135542,12.070783095692777,134.61323199688712,107.77212751770702
BRITANNIA,46,9756,21,BRITANNIA,4379,BRITANNIA,-1507.0,8.156743732497485,0.32000823529022937,13.9748650377312,319.6334710145268,341.29211503284205
BRITANNIA,47,10627,21,BRITANNIA,3524,BRITANNIA,477.0,18.584407326041898,1.2182164323999607,11.031191706264213,539.8614780536266,109.08345304441102
BRITANNIA,48,11935,21,BRITANNIA,2534,BRITANNIA,-378.0,22.0705669797374,1.0023504457904115,13.197794801769579,324.82270339029384,139.52323871650646
BRITANNIA,49,13470,21,BRITANNIA,3510,BRITANNIA,-357.0,18.87377474955455,1.8273293791354916,27.27081192157835,959.3796145377313,218.09815452242682
BRITANNIA,50,13603,21,BRITANNIA,3917,BRITANNIA,-181.0,20.05745595603244,1.8632441380110487,23.270880891852677,973.0213782645754,119.11824725706684
BRITANNIA,51,14107,21,BRITANNIA,3186,BRITANNIA,-246.0,14.317018074061686,0.3011978857279973,15.216401250606621,600.0539375332507,77.3612899677588
CANBK,39,26198,22,CANBK,31867,CANBK,-443.0,20.022917896875654,1.048352608331659,12.876395121262622,684.5167198447052,456.27042153794787
CANBK,40,30606,22,CANBK,34088,CANBK,-476.0,6.219575499117116,1.7530161950720644,19.4421488209976,465.4230836763454,392.590026974031
CANBK,41,34133,22,CANBK,36164,CANBK,-487.0,20.42874273744001,0.5866855854850268,27.131703863449594,842.7764637364888,279.7742036506901
CANBK,42,34263,22,CANBK,36936,CANBK,-745.0,9.537688535865016,1.558171785706755,11.229992485705846,326.5406382774627,199.6608256030138
CANBK,43,31540,22,CANBK,40176,CANBK,-445.0,24.953461202221973,0.168548463039214,23.32095968493266,751.9328368329699,59.86578951548637
CANBK,44,29113,22,CANBK,60763,CANBK,-1116.0,23.810923743215366,1.3219627046025733,28.5406534496774,973.6268487302208,362.7029088420195
CANBK,45,32339,22,CANBK,68147,CANBK,-1429.0,7.371741156531226,0.8620550345468523,17.87517290989956,664.4923795403266,381.4952006091257
CANBK,46,35817,22,CANBK,76240,CANBK,-1156.0,11.615900545245697,0.10853196964620104,10.168632615071845,222.39974311494478,73.22665097596865
CANBK,47,45182,22,CANBK,90319,CANBK,-1750.0,16.0981741315776,0.23789857516975932,12.466607344018179,790.9180574036394,211.10755096718532
CANBK,48,43035,22,CANBK,376040,CANBK,-1043.0,20.887928645427273,1.156975257625032,16.766183592880424,456.3506537209772,304.7624070775287
CANBK,49,52990,22,CANBK,447913,CANBK,-3771.0,14.799173867718107,1.9916246727475997,14.731256676008666,240.32555396549012,309.26209699905166
CANBK,50,72118,22,CANBK,499488,CANBK,-1464.0,15.161771075858992,1.963558960741256,27.58584660557872,496.20977811686146,404.70542065479265
CANBK,51,80351,22,CANBK,506712,CANBK,-806.0,18.33467910601385,1.2435723974166755,18.547444224006604,426.1248468003578,168.19711660752182
CHOLAFIN,39,1410,23,CHOLAFIN,1809,CHOLAFIN,-137.0,19.43754146641241,1.2726427631487018,14.179251085459452,897.7202497889538,201.6755818088381
CHOLAFIN,40,1769,23,CHOLAFIN,2144,CHOLAFIN,-222.0,15.228262949178,0.28556602665937647,17.15107926890347,782.411811503831,132.0471783537049
CHOLAFIN,41,1958,23,CHOLAFIN,2531,CHOLAFIN,-60.0,7.527784961236906,0.9972919641268636,20.342986747435862,207.18474106522683,323.64796860902095
CHOLAFIN,42,2048,23,CHOLAFIN,3514,CHOLAFIN,-11.0,17.85520984602062,1.4275711557130581,24.441163867964292,343.6717495528245,116.9495689092
CHOLAFIN,43,2228,23,CHOLAFIN,4142,CHOLAFIN,-54.0,24.51296064231755,0.2764684912045554,14.33450598347499,500.65189497527996,142.93806631007342
CHOLAFIN,44,2657,23,CHOLAFIN,4969,CHOLAFIN,-1746.0,17.39885249679392,0.1643782116308854,18.718090713428474,470.0749699823597,463.09279414379574
CHOLAFIN,45,3588,23,CHOLAFIN,6052,CHOLAFIN,1640.0,18.194088988549666,1.4789832821274909,26.91715170980142,840.5980741205883,77.01318688981604
CHOLAFIN,46,4592,23,CHOLAFIN,8036,CHOLAFIN,-2148.0,12.6634462000214,1.1765579552814973,28.56684374100154,874.7760390650084,186.9702419654125
CHOLAFIN,47,4576,23,CHOLAFIN,9436,CHOLAFIN,-2855.0,16.63144145162942,1.6771740670339568,23.18835148270069,433.8177417060636,492.16389961236496
CHOLAFIN,48,4298,23,CHOLAFIN,11605,CHOLAFIN,4067.0,18.629504969179198,1.0603013496615743,29.489662649841566,251.92509425651198,113.34273604209102
CHOLAFIN,49,5748,23,CHOLAFIN,14182,CHOLAFIN,2749.0,14.529786717735673,0.42473005546860954,13.070363317195623,510.54892506986374,267.371594609383
CHOLAFIN,50,9231,23,CHOLAFIN,19425,CHOLAFIN,1819.0,20.106160948439438,0.9715380966974765,25.621069300515188,655.172520459985,66.36964236480343
CHOLAFIN,51,10875,23,CHOLAFIN,21243,CHOLAFIN,3031.0,19.331207140510053,0.14734582240545024,21.416715707036545,724.1893635244903,73.57912232544106
CIPLA,39,34,24,CIPLA,8858,CIPLA,-4533.0,23.269274543441693,1.9615493619872588,23.479412795731246,682.816185770735,494.2551308411035
CIPLA,40,146,24,CIPLA,9890,CIPLA,-1304.0,17.405990582045774,1.2613632406869486,25.061475302279955,539.3242989325058,421.2390326400175
CIPLA,41,168,24,CIPLA,10641,CIPLA,-834.0,16.02956948300421,1.1494427962136533,28.867989983809633,701.2597288862567,129.56540494124994
CIPLA,42,207,24,CIPLA,11356,CIPLA,-1688.0,23.195889513941673,0.6405147828839108,16.477155015621086,800.9223609426502,170.11909596787063
CIPLA,43,159,24,CIPLA,12383,CIPLA,114.0,5.111857069125807,0.7685871758418819,12.100920850105343,147.38349628593522,240.30315781742325
CIPLA,44,114,24,CIPLA,14068,CIPLA,-2374.0,9.677973138065333,0.18952224278106056,15.521133548232449,453.87613123184883,206.9233360077179
CIPLA,45,168,24,CIPLA,14851,CIPLA,-1858.0,21.376760773317688,1.5503587295464454,27.21222914807749,499.3996147356719,493.36301022140657
CIPLA,46,197,24,CIPLA,15602,CIPLA,-2376.0,12.770983923498338,0.057925512378466326,15.726692186116114,772.3755191231363,413.0963322656475
CIPLA,47,161,24,CIPLA,18165,CIPLA,-2982.0,5.562892160431405,0.3107953703390074,14.947971555302717,894.7416324123923,473.3371362994294
CIPLA,48,106,24,CIPLA,20680,CIPLA,718.0,13.309288688509644,0.3096641536346614,14.951847026055699,117.60339660603472,478.10938186042443
CIPLA,49,110,24,CIPLA,23246,CIPLA,-266.0,19.631765992109663,0.8251150407163714,19.68946799635343,289.7061812986781,453.7029109357942
CIPLA,50,90,24,CIPLA,26545,CIPLA,165.0,12.17037884665707,0.23287602502614657,27.50860390809629,455.66132765466466,337.15029368747685
CIPLA,51,66,24,CIPLA,28201,CIPLA,3104.0,16.661056245773736,1.121478102989233,12.798335719938564,998.5550066513294,395.8345124847256
COALINDIA,39,46,25,COALINDIA,42156,COALINDIA,8154.0,17.311420047198578,0.5270901169752611,18.379389777200775,490.50518696460034,249.66632223363277
COALINDIA,40,59,25,COALINDIA,36088,COALINDIA,455.0,14.463974239387467,0.8893561097422538,18.35145282507534,114.65719986118489,455.9684915627328
COALINDIA,41,9,25,COALINDIA,34037,COALINDIA,-7747.0,13.441974694572833,0.2107675092610779,20.02747448890899,136.61158310870135,229.03696699874473
COALINDIA,42,388,25,COALINDIA,28517,COALINDIA,-7896.0,23.084296726627414,1.5062192214612018,22.664167578858645,584.6088356253638,465.24595694272267
COALINDIA,43,410,25,COALINDIA,18311,COALINDIA,1033.0,22.586690906499246,0.8977586542713596,12.062168114066216,416.22257260505705,203.66307680053376
COALINDIA,44,430,25,COALINDIA,13971,COALINDIA,182.0,21.451577227217292,1.7326094825687262,24.527029878596508,246.8885497097255,152.7788085502989
COALINDIA,45,264,25,COALINDIA,20292,COALINDIA,-25715.0,8.36407793239104,1.7602643006547645,21.987916100869448,484.37341587216673,394.14372924422537
COALINDIA,46,503,25,COALINDIA,25994,COALINDIA,-23465.0,12.983521859291438,1.0074820771908237,18.605909632855965,470.2891754569962,411.762662838489
COALINDIA,47,642,25,COALINDIA,30355,COALINDIA,-4486.0,18.63589520959939,1.3268533580790909,11.057785893499121,402.3673911949236,446.70222118839416
COALINDIA,48,541,25,COALINDIA,36980,COALINDIA,-7852.0,12.166114420956786,0.47457703647826044,27.70289417204898,362.72742409548397,471.350959798154
COALINDIA,49,684,25,COALINDIA,54680,COALINDIA,-25350.0,19.743993081179724,0.49784135993118084,28.33178095232776,709.5369816377887,148.0503559919329
COALINDIA,50,819,25,COALINDIA,76567,COALINDIA,-15026.0,8.571585831618489,0.9425523919170822,13.212762295524922,444.09286122571314,495.51357547233084
COALINDIA,51,875,25,COALINDIA,90034,COALINDIA,-19587.0,7.2524634098983976,0.09782487076420376,15.292456994791994,299.33830573753113,79.64903294221915
DABUR,39,5148,26,DABUR,1921,DABUR,-730.0,24.74880079058312,0.3264665697301312,19.724818758073095,384.2249320030699,77.89688587947653
DABUR,40,5897,26,DABUR,2482,DABUR,-807.0,15.608251619385992,0.9424542494995816,14.968981506684436,616.5591972005477,354.60567226153466
DABUR,41,6475,26,DABUR,3178,DABUR,-541.0,17.10368405769234,1.5268658696902875,15.338831737590915,344.3689522893386,434.22406782701614
DABUR,42,6261,26,DABUR,3995,DABUR,338.0,23.531762316801846,1.3207991793990201,25.92750948526282,804.2047796495177,278.580637460617
DABUR,43,6102,26,DABUR,4671,DABUR,-517.0,23.64563048173786,1.5105508412292572,26.072303189160408,238.20370118957652,472.33169970750595
DABUR,44,6104,26,DABUR,5530,DABUR,-1404.0,13.060464286090461,1.390188497435169,10.667232247833319,925.5598085177191,261.36772475699155
DABUR,45,6775,26,DABUR,5455,DABUR,-1273.0,11.655959092526471,0.06535447895931523,13.26823860791146,189.80690340505146,75.55323709640629
DABUR,46,6892,26,DABUR,6429,DABUR,-583.0,17.43991091589771,0.22153346648625494,14.98991853476184,806.0857730900091,464.15651986011136
DABUR,47,7560,26,DABUR,7487,DABUR,-971.0,21.000713304495417,1.5152750129393424,14.773290967476498,812.6472632810709,92.89481735649447
DABUR,48,8637,26,DABUR,8205,DABUR,-234.0,19.49717427914093,1.5241940219925865,21.131919982582716,521.1350239173644,85.12735700177825
DABUR,49,9367,26,DABUR,8796,DABUR,-804.0,23.54628112150648,1.3164824574532914,21.944028029721803,488.8577447458464,314.7370640697866
DABUR,50,10004,26,DABUR,9689,DABUR,-417.0,6.186833313076356,1.0730561381414587,29.02348221020813,709.5251663499304,283.83507876577914
DABUR,51,10106,26,DABUR,10185,DABUR,-374.0,5.153705224134049,0.4293153715824478,17.97665014059494,700.9546619852553,249.20136084593474
DIVISLAB,39,1329,27,DIVISLAB,2474,DIVISLAB,-406.0,18.975029507886788,1.6532636647831294,26.814377826811043,443.855106368922,374.7212402435634
DIVISLAB,40,1514,27,DIVISLAB,2937,DIVISLAB,-1140.0,13.591446227527658,1.758011915501331,12.268258526780599,912.6428615639888,187.19084707873404
DIVISLAB,41,1942,27,DIVISLAB,3469,DIVISLAB,-478.0,9.561257785329666,1.3496112736379344,18.751240408327654,355.385112073982,108.7131596657193
DIVISLAB,42,2354,27,DIVISLAB,4240,DIVISLAB,-685.0,6.060048474661068,0.7138083566506734,11.90092993577185,840.4268267366161,170.70965898440954
DIVISLAB,43,2615,27,DIVISLAB,5304,DIVISLAB,-83.0,9.422292510990742,1.297955624225575,29.768871497533414,921.4004717878715,441.97150607474737
DIVISLAB,44,2622,27,DIVISLAB,5872,DIVISLAB,75.0,20.748515052261872,1.2915088688425675,28.24126289799105,897.505697797146,66.7173846032453
DIVISLAB,45,3072,27,DIVISLAB,6904,DIVISLAB,-2195.0,11.892953534121487,0.3615561218012371,19.596927294815565,242.08106979346067,171.11703382187403
DIVISLAB,46,3568,27,DIVISLAB,7257,DIVISLAB,-2707.0,21.166308472160747,1.968046141340177,12.324183486202543,771.2600308724693,191.57970184291995
DIVISLAB,47,4102,27,DIVISLAB,9242,DIVISLAB,-269.0,22.190243044228332,1.3854347533668907,27.223137827126962,170.45912707515515,98.18104230231305
DIVISLAB,48,5075,27,DIVISLAB,11675,DIVISLAB,-231.0,16.76886687760371,1.7667344459003997,28.29511709317959,460.7539270688172,386.03331878130865
DIVISLAB,49,5397,27,DIVISLAB,12714,DIVISLAB,-248.0,16.052456712084894,0.35485084945333933,18.613539959645554,857.8070191866962,416.61321517690726
DIVISLAB,50,5635,27,DIVISLAB,13518,DIVISLAB,-303.0,9.500635157879394,1.2412674339837277,23.855095865706073,683.9724087729635,154.68753598578542
DIVISLAB,51,6056,27,DIVISLAB,13664,DIVISLAB,-631.0,6.845235365193307,0.5173451279060215,12.206948283463932,855.1293400446647,51.12655749733913
DLF,39,5140,28,DLF,25389,DLF,-818.0,13.443729704476933,1.0773097267905976,17.52513522871466,816.957741145907,156.41066528650617
DLF,40,5805,28,DLF,27039,DLF,872.0,7.946293147195735,1.4839742658769883,17.536334931042173,325.544102925963,296.864530822505
DLF,41,4635,28,DLF,27013,DLF,-2102.0,11.752123525933879,0.12502890041109294,10.43023142777612,596.9970270627539,412.80507630424313
DLF,42,5960,28,DLF,23712,DLF,3.0,12.880977500942645,0.16150238738217726,17.443250581335743,815.8183884721268,416.7605541508261
DLF,43,4775,28,DLF,24216,DLF,6508.0,22.01236848250984,1.2384672651706514,22.04262585420657,262.6869863117651,90.5143564535038
DLF,44,4329,28,DLF,34954,DLF,150.0,14.643416120941747,0.6044041569286813,10.424947628118757,182.50851659647475,497.31295484808527
DLF,45,6218,28,DLF,33135,DLF,267.0,12.888439554389063,1.2450915169539682,15.984541048913538,165.95170494982972,66.6489061209187
DLF,46,4937,28,DLF,33952,DLF,-461.0,6.955258271065066,1.7870875420874306,18.455908301392675,403.5360833111645,433.27294363874586
DLF,47,3945,28,DLF,34849,DLF,-1529.0,8.069782705238689,1.6122412098258159,15.06413985130797,688.3022002224483,61.58312263057359
DLF,48,3974,28,DLF,35867,DLF,-3951.0,9.177683689629692,0.3668983927426108,27.939663108436687,125.26439426952108,189.72166379902478
DLF,49,3969,28,DLF,37192,DLF,-4532.0,18.049292041065925,1.19978579177627,25.42174661191948,941.5754914010731,320.00289372226547
DLF,50,4303,28,DLF,38936,DLF,-1547.0,10.352689905258092,0.6134412676877095,28.126185349913268,691.961139115935,213.7920109070553
DLF,51,5116,28,DLF,39732,DLF,-1929.0,15.568382674693764,1.699413204521358,24.17558739242446,861.1800511870558,205.3277783729809
DMART,39,3126,29,DMART,245,DMART,-633.0,13.289216386855182,1.0477350073300296,12.083886833692539,169.91686344728757,438.238805988594
DMART,40,4345,29,DMART,409,DMART,-2482.0,8.349125560564985,0.05205956738577444,28.828924347987137,238.62954557227798,51.42090687092586
DMART,41,5983,29,DMART,638,DMART,464.0,16.252351952494703,0.5376193303068246,19.602530492192507,333.419319005027,279.72782338863874
DMART,42,7919,29,DMART,959,DMART,-958.0,6.898658083149963,0.25044116290257223,12.859206099376612,583.6861942746652,76.15909533254047
DMART,43,10929,29,DMART,3218,DMART,-4657.0,24.03025041049901,1.4852197591995642,12.160539328639784,165.00402469349393,453.1479182392012
DMART,44,13680,29,DMART,4045,DMART,-1110.0,7.241913052380191,0.9437630897339697,12.2836990589689,779.647394729553,321.2190814067113
DMART,45,18371,29,DMART,4963,DMART,-1289.0,18.58924058188717,1.775918808613721,24.3476648738455,503.77762037132936,215.19720127983257
DMART,46,22742,29,DMART,10432,DMART,-2313.0,17.688632682142774,1.8519463760354256,18.03724878216265,269.0454104256787,93.54767934252105
DMART,47,22398,29,DMART,11536,DMART,-2468.0,17.72085742600795,1.9838462074300387,11.928590339939744,336.13235794060614,335.62813286405793
DMART,48,28474,29,DMART,13030,DMART,118.0,6.757907203576492,0.14460453692052555,23.20032909359336,725.783038652123,104.5515008702885
DMART,49,39201,29,DMART,15430,DMART,65.0,12.454028190368774,0.5325873381449859,24.788643907677667,663.919312283167,325.84631623248674
DMART,50,46683,29,DMART,18047,DMART,234.0,18.390993348671,1.11271375303269,21.002357125974978,593.8223222038919,410.3429719505908
DMART,51,52737,29,DMART,19487,DMART,196.0,21.653571565010424,0.5076855503713442,26.9512487770368,386.67911020207475,489.45814832978425
DRREDDY,39,9164,30,DRREDDY,6284,DRREDDY,-1610.0,9.534718932722008,1.4981005749561636,10.334426036089273,334.10258578755753,73.79612257807491
DRREDDY,40,10164,30,DRREDDY,7780,DRREDDY,-1890.0,11.61922745750374,1.9655738395399442,16.162552684756047,714.6716600140185,339.58724662071637
DRREDDY,41,11515,30,DRREDDY,9768,DRREDDY,-1483.0,7.490269627563406,0.9698115935485045,15.344144726052715,756.9101894316542,127.38018714435046
DRREDDY,42,11983,30,DRREDDY,12484,DRREDDY,-769.0,19.645781212081012,1.0221363372011676,27.033397502463117,132.71512598368827,181.52229526109284
DRREDDY,43,11724,30,DRREDDY,12179,DRREDDY,-495.0,13.057442418442712,1.5013948489338118,13.415281500767708,701.1682488740211,209.58419233637503
DRREDDY,44,11930,30,DRREDDY,12489,DRREDDY,-2255.0,14.255112306693567,1.2783334493786065,25.39771599025102,373.87553403796477,206.43151467271187
DRREDDY,45,12270,30,DRREDDY,13941,DRREDDY,-2565.0,9.641403533479238,1.7535304452562341,29.279233342478012,941.8024692845701,466.3052001683247
DRREDDY,46,15040,30,DRREDDY,15516,DRREDDY,-4109.0,24.63190262972367,0.024354487922631174,28.343718307559282,352.21182800805536,188.50500365686767
DRREDDY,47,15173,30,DRREDDY,17558,DRREDDY,-4034.0,8.208382130765964,1.845652462141516,14.490708612499851,254.87973989007426,444.854783913456
DRREDDY,48,17778,30,DRREDDY,19129,DRREDDY,-157.0,24.023010623894624,1.4423230040551533,22.703614801091973,865.0127303784164,441.26583968132917
DRREDDY,49,18200,30,DRREDDY,23203,DRREDDY,-24.0,12.253389657316925,0.46649975266520594,17.591259583972796,911.7789206375016,271.7848809982245
DRREDDY,50,20078,30,DRREDDY,28171,DRREDDY,-433.0,15.086809116000325,1.496512598699263,12.75491536083599,512.9640044824782,271.2874613139035
DRREDDY,51,22919,30,DRREDDY,30666,DRREDDY,-1700.0,6.456041557558041,1.9305554953753477,14.54043966080382,113.85793896159723,407.6368155282882
EICHERMOT,39,5840,31,EICHERMOT,1728,EICHERMOT,-1001.0,16.78756857101275,0.6722341711932629,22.565729179733186,570.1519548200864,299.0113132105406
EICHERMOT,40,6094,31,EICHERMOT,2028,EICHERMOT,-1744.0,10.072931868939266,0.6022731200584897,25.40486979722543,999.083180797512,154.23041818747726
EICHERMOT,41,7621,31,EICHERMOT,2489,EICHERMOT,-2145.0,15.485699749142665,1.2357223027874122,25.4295541901132,846.7734455155569,336.96817587798404
EICHERMOT,42,4484,31,EICHERMOT,3626,EICHERMOT,-660.0,22.74839722023234,0.9874579478662806,13.920780144047074,712.7375793089041,279.1978630088138
EICHERMOT,43,4859,31,EICHERMOT,5318,EICHERMOT,-1508.0,10.002226960754228,0.3497489085037837,18.04441624242834,172.00787813384434,177.3149044380882
EICHERMOT,44,6156,31,EICHERMOT,7003,EICHERMOT,-1625.0,5.888998623911281,0.2517825426803808,26.224675354394734,107.62811203599429,73.96835412276745
EICHERMOT,45,6893,31,EICHERMOT,8891,EICHERMOT,-983.0,14.218300454833852,1.7917783434835892,24.762227938664708,560.8444912876831,280.4831151574648
EICHERMOT,46,6971,31,EICHERMOT,9954,EICHERMOT,-2397.0,13.548442672111587,1.9236259623225802,28.61542224384481,885.1009399767306,373.4544807621237
EICHERMOT,47,6937,31,EICHERMOT,11411,EICHERMOT,-2834.0,16.802155244656035,1.5475837143200126,20.213737828573407,828.2810161282534,387.9766683786799
EICHERMOT,48,8120,31,EICHERMOT,12581,EICHERMOT,-111.0,13.800729628917663,0.8381302499397769,29.44001316112447,343.7398475350816,83.27626530954221
EICHERMOT,49,10996,31,EICHERMOT,14963,EICHERMOT,-47.0,22.98385681972254,1.7768615139992538,19.78407276521441,317.01634690511435,103.04241708592981
EICHERMOT,50,12206,31,EICHERMOT,18018,EICHERMOT,-162.0,13.582456518531869,1.9943621821320814,28.776228661435063,958.3778771922754,281.13103063421613
EICHERMOT,51,12619,31,EICHERMOT,18952,EICHERMOT,-466.0,17.24841807321418,1.7843026090570149,12.875649411904908,744.8968917599407,392.9627644413082
GAIL,39,43547,32,GAIL,27526,GAIL,-904.0,18.48507120218857,1.8607409568500433,11.577313511823553,761.2438547269429,320.1244311085715
GAIL,40,53777,32,GAIL,31188,GAIL,-334.0,15.327826187033114,1.0847773973067292,21.206472654843445,595.1667830013087,346.73125223747303
GAIL,41,54926,32,GAIL,32754,GAIL,-2660.0,5.834177723550513,1.5849345325706845,26.119935843801212,857.8277898831054,54.43945225241992
GAIL,42,47517,32,GAIL,35135,GAIL,-5701.0,23.798801538847126,1.9191128884753568,11.160423309086344,834.9654169291956,51.15490399536288
GAIL,43,42531,32,GAIL,37614,GAIL,-8299.0,21.779842913167002,0.13963847862552647,29.27974564828075,632.3538912954821,239.5418807078494
GAIL,44,46695,32,GAIL,39424,GAIL,-4640.0,15.321697337955795,0.5803268956976426,14.828784654525066,301.8839499552853,93.19954198392112
GAIL,45,66252,32,GAIL,43749,GAIL,-5490.0,20.21001733186504,1.7273098432674443,16.105607856301035,632.516980949564,93.51227218652295
GAIL,46,63495,32,GAIL,44758,GAIL,-7453.0,6.615514973598458,0.1758402175405951,10.73654046008367,501.8271871673242,278.6168434077441
GAIL,47,50127,32,GAIL,48742,GAIL,-8226.0,8.499681400436076,1.4621734562486848,12.50596906689886,771.5869496592217,279.8040452284638
GAIL,48,77608,32,GAIL,59674,GAIL,3642.0,14.23386785443441,1.6647000906367253,24.509828780232393,604.0760535579792,208.55003503041945
GAIL,49,138168,32,GAIL,58352,GAIL,-3.0,5.481640869527567,0.04962995078303534,10.772667307174368,798.5071418220747,89.9770224674127
GAIL,50,118914,32,GAIL,70422,GAIL,-3058.0,11.81936667914628,1.3613957287285152,29.793850459640055,958.1459677804768,167.00443424528606
GAIL,51,119297,32,GAIL,77234,GAIL,-3028.0,12.51651277758512,1.0801235480202918,17.63064805647671,301.6145547738725,296.41123142312597
GODREJCP,39,5417,33,GODREJCP,3279,GODREJCP,-622.0,18.30324965837247,1.2965973094884529,16.144751127727886,350.3819579966766,73.31224593724342
GODREJCP,40,6430,33,GODREJCP,3741,GODREJCP,-2243.0,11.471741506572982,1.9411860116289084,18.833350433093155,844.5353517033535,178.83620290425182
GODREJCP,41,6894,33,GODREJCP,4277,GODREJCP,-336.0,18.980043114522022,0.7818051553269274,10.449089096554992,795.4164404439274,259.9377607270942
GODREJCP,42,6766,33,GODREJCP,4233,GODREJCP,274.0,20.160490466624974,0.9289850031078344,14.179495674165985,803.9718345174157,239.95363729273978
GODREJCP,43,7361,33,GODREJCP,5268,GODREJCP,-552.0,6.966408578685376,0.02229797901465802,10.855004183461281,905.283053306826,385.9750628473261
GODREJCP,44,7763,33,GODREJCP,6190,GODREJCP,-292.0,8.403145805904392,1.5514585866229769,10.402789468465574,489.0626014112469,378.0206574192191
GODREJCP,45,8183,33,GODREJCP,7165,GODREJCP,-844.0,19.431462016285185,0.8600433214373475,16.88355038051803,783.0158386835004,67.67766449869927
GODREJCP,46,7757,33,GODREJCP,7796,GODREJCP,-1754.0,8.866674251649274,0.15133486197854928,27.81322504799772,640.98817699103,451.70161817037877
GODREJCP,47,8629,33,GODREJCP,9337,GODREJCP,-3435.0,17.19052327309909,0.0671944539895124,20.853610482651213,423.87472640683643,240.44747300511938
GODREJCP,48,9867,33,GODREJCP,11454,GODREJCP,282.0,24.53418951138167,1.380512909234656,12.516342183227474,346.8844953197369,326.488869563004
GODREJCP,49,10873,33,GODREJCP,13692,GODREJCP,-620.0,16.508037377213448,0.9103805983995157,24.635073168895048,195.10726459850736,405.8549304316536
GODREJCP,50,11139,33,GODREJCP,12496,GODREJCP,-12.0,6.313578251413174,0.9212407024649605,10.566695257521692,680.7090275861175,241.70450040650792
GODREJCP,51,11156,33,GODREJCP,12068,GODREJCP,-202.0,9.588740774927114,1.361626818118755,24.999253079899653,406.52873856304274,256.2407482955567
GRASIM,39,21986,34,GRASIM,19565,GRASIM,-4515.0,14.53398412979081,1.3621634972918677,13.86829338094586,795.4675509601466,136.59305909681703
GRASIM,40,23416,34,GRASIM,21523,GRASIM,-3509.0,20.020865466119474,1.679722327592071,16.56778509677079,648.0595802026721,68.74483724727075
GRASIM,41,26590,34,GRASIM,23048,GRASIM,1546.0,19.989478995412156,1.5022555497978847,20.36035244729377,480.4303608052678,370.6420747748145
GRASIM,42,28576,34,GRASIM,27336,GRASIM,-2212.0,8.871396522043868,0.4878545668101355,25.324729928942652,422.2963116097682,80.28833554472749
GRASIM,43,28682,34,GRASIM,31294,GRASIM,-11364.0,21.70629724376889,0.7914557583191579,24.274463753094636,961.6063890346826,469.5688654930873
GRASIM,44,44281,34,GRASIM,57230,GRASIM,-7146.0,8.058671822119743,1.3236624023747754,25.443366560591365,780.0319549918573,276.15265234833817
GRASIM,45,60560,34,GRASIM,57888,GRASIM,-1053.0,10.27066941378784,1.4702484486049996,26.862671824103153,607.3780344517729,236.2207274486087
GRASIM,46,57880,34,GRASIM,56501,GRASIM,-13712.0,9.219848980188218,0.7453237359952967,23.381057506160772,188.63566427593008,59.80291964249672
GRASIM,47,57769,34,GRASIM,65362,GRASIM,-23114.0,13.26513721013795,0.2879158455882658,16.81343425403443,351.337816435386,339.6386714473269
GRASIM,48,75270,34,GRASIM,75567,GRASIM,1348.0,5.732281137058893,0.3805230617509179,11.217300620099898,820.6570629103635,337.3389052225138
GRASIM,49,96038,34,GRASIM,78610,GRASIM,-1046.0,14.095452367934625,0.7166424196127426,20.990705846715215,773.4065609802473,245.94501274321894
GRASIM,50,103783,34,GRASIM,88520,GRASIM,-2278.0,23.187465439157393,1.3315941319366247,18.90050457397662,700.1411637946342,386.248999821392
GRASIM,51,109610,34,GRASIM,92784,GRASIM,-1365.0,12.818009579472093,1.3682005451825652,17.928870793245935,467.85816186475483,452.55078745840603
HAL,39,13560,35,HAL,202,HAL,-1999.0,6.21277003843498,1.6395469943208165,20.701565084282052,434.74196632611415,388.06947431200297
HAL,40,13565,35,HAL,18,HAL,2433.0,10.363873468819698,0.8975305011831127,18.55146358334421,215.81506543295808,204.61465568178522
HAL,41,13379,35,HAL,2,HAL,-2680.0,5.385448103291575,0.5218741776459572,17.57614221359628,885.52574111079,83.50770384145491
HAL,42,14281,35,HAL,3,HAL,-80.0,18.57138842041806,1.87286693440359,24.45398306811185,411.73963358991574,494.55900070440026
HAL,43,14714,35,HAL,8,HAL,266.0,14.050454473273025,1.2823516565109006,20.884581585048174,419.09595778771967,118.36367765828955
HAL,44,15059,35,HAL,2,HAL,6864.0,15.862000454864715,0.7248554513368908,16.475909661053635,275.0494406510493,250.407810489224
HAL,45,15440,35,HAL,6,HAL,-4072.0,6.371347519801236,0.29472037275180685,15.689815063203996,422.3875958032153,196.56307286150522
HAL,46,16565,35,HAL,12,HAL,1370.0,22.249770286697256,0.8489205034879748,24.171207576274668,998.3148019283865,277.2300608730957
HAL,47,17541,35,HAL,47,HAL,-185.0,21.689890504859488,0.8772135292140713,17.088583404507823,681.478278756778,480.2516378160681
HAVELLS,39,6461,36,HAVELLS,1380,HAVELLS,-121.0,9.638738010443843,0.7366208213472862,27.528216058387343,267.8241942195147,389.21355816940695
HAVELLS,40,7274,36,HAVELLS,1604,HAVELLS,-220.0,8.504463998464809,0.13276420992241444,19.14717601292027,928.6142204459737,78.19157154998751
HAVELLS,41,7713,36,HAVELLS,1756,HAVELLS,-946.0,18.37173938966226,1.678281233190218,13.222109142705051,618.5162534067839,486.87466203290427
HAVELLS,42,6798,36,HAVELLS,2965,HAVELLS,185.0,5.683847123479879,1.3595807935948323,24.543565919606607,605.1691062096868,342.88438071602724
HAVELLS,43,5315,36,HAVELLS,3214,HAVELLS,-548.0,10.718628652920387,0.5458233913344424,13.492247841132283,118.6465726458418,408.5731673309275
HAVELLS,44,7083,36,HAVELLS,3667,HAVELLS,-763.0,11.374884030741356,0.1506346879600553,26.324210316199547,421.05837466484365,108.06357119525589
HAVELLS,45,8885,36,HAVELLS,4135,HAVELLS,-759.0,16.72368965380955,0.3248836558060264,11.221401893334894,972.13817542115,380.6028222066742
HAVELLS,46,8374,36,HAVELLS,4249,HAVELLS,31.0,6.897271451026108,0.7604356304819839,13.297859701619469,334.9707254567534,341.13001986792597
HAVELLS,47,8868,36,HAVELLS,5114,HAVELLS,-1618.0,24.320733074360213,0.6360302151662793,29.84705340917492,801.2580321228738,205.2336964917414
HAVELLS,48,12163,36,HAVELLS,5940,HAVELLS,-252.0,17.22223181190783,0.7540552333346993,17.050758288474377,216.0810327254926,130.45841787996716
HAVELLS,49,15290,36,HAVELLS,6563,HAVELLS,-310.0,24.431741353253734,0.6098981717434238,27.387236790516088,490.38728954981707,308.4368669642413
HAVELLS,50,16709,36,HAVELLS,7384,HAVELLS,-754.0,7.965915457813349,0.34315824898224623,10.412899716966905,644.7184471000726,468.8807792588977
HAVELLS,51,18668,36,HAVELLS,7731,HAVELLS,-621.0,16.10795526394792,1.07071115881172,29.90530525394602,656.3998611157798,445.8666613615927
HCLTECH,39,19901,37,HCLTECH,13025,HCLTECH,-2208.0,7.524664216763409,1.0525637359049431,15.828580772265239,404.75292870312137,57.736566928015705
HCLTECH,40,24108,37,HCLTECH,19410,HCLTECH,-3890.0,18.389596820470313,1.705056475846663,16.217899175148908,758.4238471830115,96.44145109628546
HCLTECH,41,28215,37,HCLTECH,23943,HCLTECH,-2236.0,6.8362633828970605,0.13272353423040828,18.451277947160015,742.3160921763357,359.63417413241393
HCLTECH,42,24482,37,HCLTECH,27109,HCLTECH,-3256.0,9.763145516173129,1.2679738536811005,15.801014311029276,302.6404455093756,228.21164880719869
HCLTECH,43,37178,37,HCLTECH,32664,HCLTECH,-12332.0,5.954542088954325,0.8269643998395908,15.700591571614996,184.03203177017244,263.42579635192635
HCLTECH,44,39323,37,HCLTECH,36108,HCLTECH,-5665.0,12.312475695244592,0.41479489941490577,18.1600598753623,369.3241135756468,262.0424063564303
HCLTECH,45,46501,37,HCLTECH,41095,HCLTECH,1597.0,9.782488436150597,0.3502127501380523,10.846508974563584,644.1435142481703,232.88910601121825
HCLTECH,46,53360,37,HCLTECH,50724,HCLTECH,-3573.0,24.22121182644071,1.8851440198328735,24.577463684946142,836.7366243466894,196.4398404421224
HCLTECH,47,55331,37,HCLTECH,59370,HCLTECH,-6608.0,15.164028388631161,0.8851982882487741,24.29292070511984,853.9031388801964,180.08082847295515
HCLTECH,48,65122,37,HCLTECH,61371,HCLTECH,-2086.0,20.08353016279873,1.1634657837742601,29.680197922325988,672.5529122906619,272.78209116566336
HCLTECH,49,78828,37,HCLTECH,64862,HCLTECH,-1308.0,24.854964636278183,1.2935904219283156,18.399318270471284,747.3381583782175,491.2862513639008
HCLTECH,50,85715,37,HCLTECH,67720,HCLTECH,-3140.0,9.40414934872039,1.220603592004689,24.736915933650483,994.7094714019295,128.31893240023936
HCLTECH,51,90169,37,HCLTECH,68332,HCLTECH,-2237.0,9.923618100929996,1.1935509840537015,11.705055736457272,976.6867725755427,223.39743469324657
HDFCBANK,39,19695,38,HDFCBANK,73798,HDFCBANK,-837.0,16.516114030443163,0.4811808602113281,26.083142809248287,410.12447415168543,276.1330074041633
HDFCBANK,40,23445,38,HDFCBANK,91281,HDFCBANK,-1146.0,9.756240157901445,1.2502636063081471,21.114508051044005,271.50941074456426,180.94570862003894
HDFCBANK,41,27288,38,HDFCBANK,109080,HDFCBANK,-842.0,8.45217299279619,0.5439233335255946,25.154995067124446,459.8392259982188,82.61502373770409
HDFCBANK,42,34070,38,HDFCBANK,153128,HDFCBANK,-1503.0,12.871699801187866,1.4267416924467782,22.468675091080634,853.1291297608432,497.1294309969584
HDFCBANK,43,38042,38,HDFCBANK,175810,HDFCBANK,-1403.0,23.325249918252734,0.3667413188843738,26.43409802625333,303.2170427225316,176.0837844234959
HDFCBANK,44,42381,38,HDFCBANK,209259,HDFCBANK,-1823.0,12.75803133760384,1.252091306518734,26.013649302536777,652.1494994564151,250.20960196075455
HDFCBANK,45,53713,38,HDFCBANK,246772,HDFCBANK,-2051.0,18.32664765129475,0.04593414333890955,19.088617442441024,441.76459923477444,72.50409944059271
HDFCBANK,46,62137,38,HDFCBANK,288880,HDFCBANK,-2992.0,10.437377680423435,0.561483469868266,21.72569192574982,233.38804348787755,62.697992997157044
HDFCBANK,47,59248,38,HDFCBANK,455636,HDFCBANK,16600.0,19.899012441176943,0.48474634912546954,12.14304140858069,191.01007666224865,86.10299076108727
HDFCBANK,48,58584,38,HDFCBANK,335588,HDFCBANK,13105.0,12.59519440451276,1.3996470389960167,29.29380153449281,845.2514473687432,116.54042383604153
HDFCBANK,49,77780,38,HDFCBANK,416677,HDFCBANK,9270.0,17.802459493083155,0.9077849525863428,12.90583797874775,732.308033855869,317.06703196481214
HDFCBANK,50,154139,38,HDFCBANK,509762,HDFCBANK,18694.0,7.089020620861646,1.0715076489955797,19.39027791854555,704.4719203736254,228.7098422470651
HDFCBANK,51,180600,38,HDFCBANK,649587,HDFCBANK,37815.0,7.620810641265425,1.7251438735387878,18.381007996079994,499.3872615804039,120.99591940043535
HDFCLIFE,39,15,39,HDFCLIFE,-658,HDFCLIFE,-3962.0,8.025734443547917,1.24297017149003,19.258465481308406,377.9757931523781,53.11546776396763
HDFCLIFE,40,11,39,HDFCLIFE,-67,HDFCLIFE,-5177.0,19.288274519891125,0.8823463346060645,17.34878011628677,115.60902057022766,498.5698480935006
HDFCLIFE,41,-14,39,HDFCLIFE,546,HDFCLIFE,-4421.0,21.042025837687632,1.4767745365415632,23.586154092250258,669.8374156485629,170.64522514932884
HDFCLIFE,42,8,39,HDFCLIFE,1108,HDFCLIFE,-10182.0,7.558723605250435,0.3368745750092941,21.566935094829063,637.6748609150511,491.4038206596724
HDFCLIFE,43,9,39,HDFCLIFE,1828,HDFCLIFE,-7789.0,6.268987649064424,0.5491998462808283,28.035241244955902,305.61741827415574,398.5028055556601
HDFCLIFE,44,11,39,HDFCLIFE,2693,HDFCLIFE,-8952.0,20.01183612279467,1.9521169682575914,24.100063150761667,171.83327449792407,426.17190505645675
HDFCLIFE,45,14,39,HDFCLIFE,3625,HDFCLIFE,-801.0,7.722547022779926,1.3141610161529957,15.88808988481337,634.9631108170529,397.5931435440076
HDFCLIFE,46,0,39,HDFCLIFE,4788,HDFCLIFE,-10071.0,24.2840228228528,0.6554146369635037,17.543977336515034,867.2261116219531,312.0792671331184
HDFCLIFE,47,0,39,HDFCLIFE,6619,HDFCLIFE,-13614.0,7.0817768873139375,0.06490876048921645,11.673277816333421,647.0250116236443,407.3399852228541
HDFCLIFE,48,0,39,HDFCLIFE,13501,HDFCLIFE,,6.23318629074819,0.41742996681199807,25.52555673806706,491.23152073772155,64.2753013691208
HDFCLIFE,49,0,39,HDFCLIFE,10844,HDFCLIFE,,13.866652785666748,0.9502469013063835,11.237194597585244,658.8914799581611,383.2665512587989
HDFCLIFE,50,0,39,HDFCLIFE,12515,HDFCLIFE,-168.0,19.87511307485903,0.3922826298173421,27.542402923143605,327.59819036204107,224.980482361207
HDFCLIFE,51,0,39,HDFCLIFE,13452,HDFCLIFE,-212.0,9.17113111532762,1.268756252982668,15.588666365499073,395.99928244643485,87.59109480427983
HEROMOTOCO,36,12,40,HEROMOTOCO,5583,HEROMOTOCO,-1972.0,22.510454868515065,0.7007314977451116,25.279368348513643,149.93482056830848,291.7784001736822
HEROMOTOCO,37,12,40,HEROMOTOCO,6500,HEROMOTOCO,-1858.0,5.479449219444472,1.9161372083061894,11.514421332087782,608.9154045487924,144.19265593014092
HEROMOTOCO,38,15,40,HEROMOTOCO,8794,HEROMOTOCO,1298.0,11.2599851719998,0.3666346861484726,27.220993673261514,229.1557914007892,130.93087719086014
HEROMOTOCO,39,27,40,HEROMOTOCO,10276,HEROMOTOCO,-2819.0,14.950217262829803,1.9131054744434786,22.37171138785533,131.22411612802313,175.69813214790295
HEROMOTOCO,40,31,40,HEROMOTOCO,11932,HEROMOTOCO,-2289.0,13.259243771264352,1.7687536857057096,10.411333784475001,734.6001777300497,348.2065093884665
HEROMOTOCO,41,37,40,HEROMOTOCO,13080,HEROMOTOCO,-222.0,9.596635636274994,0.4184948018266115,13.401138300735433,208.741536189055,183.20392648921444
HEROMOTOCO,42,47,40,HEROMOTOCO,14366,HEROMOTOCO,-421.0,14.342002578989126,0.5246162035946771,15.587265731227134,432.2794020537065,424.9981116053
HEROMOTOCO,43,46,40,HEROMOTOCO,15376,HEROMOTOCO,-1828.0,20.702137187979094,0.8284619507122808,23.620116656188635,818.5267482093377,393.88718778315973
HEROMOTOCO,44,53,40,HEROMOTOCO,15807,HEROMOTOCO,-1414.0,7.044607371304328,0.7119994608675626,18.627462367277673,601.30205136148,446.3263738828393
HEROMOTOCO,45,105,40,HEROMOTOCO,16616,HEROMOTOCO,-2131.0,14.227932038490053,1.6504494979946394,27.050356411920124,100.59902520757205,400.0400280999834
HEROMOTOCO,46,76,40,HEROMOTOCO,17659,HEROMOTOCO,-1475.0,21.466871550050477,1.9324977744858858,11.677153608785657,190.8453580788395,217.11293632214634
HEROMOTOCO,47,68,40,HEROMOTOCO,18971,HEROMOTOCO,-2036.0,24.877603549862048,1.8622758299873101,15.646189747563833,341.69301302478925,185.8192124509567
HINDALCO,39,2079,41,HINDALCO,35139,HINDALCO,-3220.0,22.90925027781849,1.8027016488864525,14.020603416222093,720.9758730724335,352.62629212685
HINDALCO,40,2702,41,HINDALCO,40398,HINDALCO,-2876.0,6.329987273965161,0.3457361812961601,27.270051925324253,659.1555192204962,298.4398867778152
HINDALCO,41,4178,41,HINDALCO,38122,HINDALCO,5333.0,20.18240226048541,0.03842416971970919,23.677867870743565,234.72919586279372,394.120042955589
HINDALCO,42,5134,41,HINDALCO,40402,HINDALCO,-5456.0,16.18613068182077,0.0961662272063899,20.037101473843222,735.0987443677597,495.52309306458625
HINDALCO,43,5742,41,HINDALCO,45836,HINDALCO,-7227.0,7.499926161604698,1.0936101295678387,29.724376126450263,854.6016362406046,413.41153443258855
HINDALCO,44,3911,41,HINDALCO,54629,HINDALCO,-25280.0,9.836509305031122,1.1001173106902615,15.219232309592224,406.47033790233417,452.5550509713992
HINDALCO,45,3778,41,HINDALCO,57279,HINDALCO,-6773.0,22.347864281228812,0.06387510946084629,23.341150964824074,853.9051920079482,85.49709660475413
HINDALCO,46,4197,41,HINDALCO,58095,HINDALCO,-7559.0,22.914198783178325,0.11477075732806474,29.089356535467367,619.6318141783138,177.39433106151353
HINDALCO,47,3738,41,HINDALCO,66311,HINDALCO,-14267.0,7.599863177001467,0.9429050280062514,23.75365381509399,861.2168012609674,348.99904133632066
HINDALCO,48,3768,41,HINDALCO,77969,HINDALCO,10278.0,7.890585855602843,1.665719321828807,18.56604948544666,223.7313417397735,97.35324240787294
HINDALCO,49,3646,41,HINDALCO,94584,HINDALCO,1493.0,22.102195927163336,0.5914051447611588,27.929132085578626,710.4609258550129,330.51167376661374
HINDALCO,50,3858,41,HINDALCO,105924,HINDALCO,-2437.0,7.723758811935982,1.2658987672770332,13.40093374097659,624.3234958930071,66.61129690878022
HINDALCO,51,3560,41,HINDALCO,114954,HINDALCO,-8862.0,18.738933555507867,0.5802807018317286,25.714656913654785,315.8512568577496,432.6069605303975
HINDUNILVR,39,26,42,HINDUNILVR,2649,HINDUNILVR,-282.0,16.890175175286593,0.6126516686098429,14.127695461157991,411.6628794219,407.7332671555275
HINDUNILVR,40,41,42,HINDUNILVR,3321,HINDUNILVR,-1173.0,10.27028192160611,1.338836031920029,24.651775644198096,432.3972409678878,241.4011794510161
HINDUNILVR,41,18,42,HINDUNILVR,3811,HINDUNILVR,-1063.0,23.33781321979536,0.30144557538164896,12.664782232697346,474.7189292446503,94.19300189447648
HINDUNILVR,42,17,42,HINDUNILVR,6357,HINDUNILVR,-438.0,14.473130121636753,1.3982697439164693,10.226396304859197,784.2203588784705,423.84405592847617
HINDUNILVR,43,35,42,HINDUNILVR,6528,HINDUNILVR,1791.0,15.43440230779458,1.9469871891388102,28.866650179578254,652.2360590837648,459.7849400156665
HINDUNILVR,44,26,42,HINDUNILVR,7065,HINDUNILVR,-1228.0,7.356117142012801,1.1510629907288121,22.38652731735937,744.8193401808255,436.25671720176126
HINDUNILVR,45,33,42,HINDUNILVR,7651,HINDUNILVR,-1728.0,15.403031102688566,0.8738134690617039,21.814121535651438,598.4457958299233,90.7691013425592
HINDUNILVR,46,118,42,HINDUNILVR,8013,HINDUNILVR,-1484.0,23.98278699279936,0.689190596683884,29.13059194499847,888.2170861319628,476.8586179223212
HINDUNILVR,47,117,42,HINDUNILVR,47439,HINDUNILVR,-5324.0,6.533755435660127,1.5959930166732523,28.15596425633329,595.9030632290774,495.0878991166263
HINDUNILVR,48,106,42,HINDUNILVR,48826,HINDUNILVR,-4147.0,17.7674395352435,0.6853145060511658,26.475135196528477,678.572472546154,310.7021589997356
HINDUNILVR,49,114,42,HINDUNILVR,50069,HINDUNILVR,-2960.0,8.00169415992286,0.514975772784176,14.915255463999618,682.3079185094923,384.0721397275724
HINDUNILVR,50,334,42,HINDUNILVR,50983,HINDUNILVR,-3462.0,20.682901533505714,1.3832478687055272,27.678179475259974,255.72704291501006,163.21470515293493
HINDUNILVR,51,420,42,HINDUNILVR,50541,HINDUNILVR,-3864.0,7.2070959766561105,0.8176857174793546,10.738960899955444,815.7844576609726,77.12580588143183
ICICIBANK,39,28285,43,ICICIBANK,92948,ICICIBANK,-12060.0,6.374809964533474,0.13920812630871016,17.30541315491672,270.73933986552754,349.08756111802774
ICICIBANK,40,29711,43,ICICIBANK,103467,ICICIBANK,-1711.0,14.093159276156497,1.3224564316788558,16.670956101740423,591.0738152003397,400.71361299496857
ICICIBANK,41,32318,43,ICICIBANK,109344,ICICIBANK,-50551.0,18.421034693525193,1.6313908789380855,26.66437179467187,455.65601916118857,461.3568695060557
ICICIBANK,42,33996,43,ICICIBANK,112964,ICICIBANK,-30282.0,10.851518807462497,1.9616903355118258,23.152144179304358,408.1398578959826,461.41286683908334
ICICIBANK,43,34836,43,ICICIBANK,121665,ICICIBANK,-42095.0,7.277771565097946,0.06559272348906231,12.589315177765156,836.4071336897318,262.69885960814906
ICICIBANK,44,34262,43,ICICIBANK,156204,ICICIBANK,-63631.0,11.060291162653513,1.0513301717694983,14.435131478375931,595.6737157714053,148.97385839794504
ICICIBANK,45,39178,43,ICICIBANK,180663,ICICIBANK,-39448.0,16.287238963814843,0.26779528598055347,13.254352886460797,655.971867031707,386.60147132053106
ICICIBANK,46,44666,43,ICICIBANK,213101,ICICIBANK,-67689.0,20.354241347332028,0.5184042491985328,23.097991390178,946.261241552765,165.73350337805078
ICICIBANK,47,42659,43,ICICIBANK,254739,ICICIBANK,-144737.0,23.74145786181225,0.4810679944675915,29.487860534730558,179.6872492653952,300.4111256212028
ICICIBANK,48,41167,43,ICICIBANK,487659,ICICIBANK,9283.0,12.431676189466103,0.8524590731938753,17.4770106572187,362.286981180292,366.693360727102
ICICIBANK,49,50543,43,ICICIBANK,543055,ICICIBANK,7872.0,8.23885360137192,1.0074267175747134,19.390478581797606,696.5071263584491,281.57819664097394
ICICIBANK,50,74108,43,ICICIBANK,597207,ICICIBANK,24827.0,15.874167119914393,0.17843129849320882,19.742156732871308,231.16099820090847,75.085553066949
ICICIBANK,51,86404,43,ICICIBANK,671455,ICICIBANK,5814.0,22.47935703537381,0.3171915527605136,16.868419383769414,333.62850749323684,230.85113617297392
ICICIGI,39,8,44,ICICIGI,1433,ICICIGI,-310.0,18.907349370464672,0.2372944336967222,18.30392901562769,440.8222172165201,110.16973712646517
ICICIGI,40,9,44,ICICIGI,1949,ICICIGI,-1990.0,18.15594010395102,1.4557190682384071,14.118533588155708,514.1483337297318,293.87714949424833
ICICIGI,41,12,44,ICICIGI,2439,ICICIGI,-1896.0,5.133190711710629,0.2988300561809534,18.772810923160826,286.8462707121834,335.6784767479243
ICICIGI,42,0,44,ICICIGI,2789,ICICIGI,-2856.0,6.3790854368583645,1.3014166088063734,21.704670102197085,811.5283164858611,62.446490417408036
ICICIGI,43,0,44,ICICIGI,3450,ICICIGI,-3382.0,19.79895570731033,1.294483930648586,13.254309060942305,410.01791410603755,157.43271111734958
ICICIGI,44,59,44,ICICIGI,4087,ICICIGI,-1367.0,20.163291262878122,0.8065392959024009,15.471473730950443,454.2342702818883,242.93528988817968
ICICIGI,45,70,44,ICICIGI,4946,ICICIGI,135.0,19.462887640917096,0.3328146434315351,24.2506742498466,835.0327529752002,382.577737727243
ICICIGI,46,0,44,ICICIGI,5680,ICICIGI,-1685.0,12.876355812676772,1.711429925979585,18.46024509922147,240.2558209903143,146.21682568986907
ICICIGI,47,0,44,ICICIGI,7144,ICICIGI,-1921.0,16.310331142674627,0.19471136544494172,12.121253040704751,828.4024021283409,145.30782751899267
ICICIGI,48,0,44,ICICIGI,8702,ICICIGI,102.0,7.900245845652776,0.3835137740415233,16.38209180853928,170.14861082105216,298.7314984624203
ICICIGI,49,0,44,ICICIGI,9953,ICICIGI,4.0,23.65488288790379,0.7419382241712922,10.565313119886621,267.5771449710935,252.94236819616305
ICICIGI,50,0,44,ICICIGI,11712,ICICIGI,-93.0,14.387259746850088,0.40001927569089313,17.988724529964095,345.28968145029194,394.0275953541985
ICICIGI,51,0,44,ICICIGI,13130,ICICIGI,-148.0,21.854715066165326,0.018892143492564184,28.340915061992764,231.2031000864046,127.09765096119843
ICICIPRULI,39,14,45,ICICIPRULI,2532,ICICIPRULI,27.0,19.361208721125642,1.0809816325962156,12.926582008001642,109.4961529721647,62.08910572189135
ICICIPRULI,40,15,45,ICICIPRULI,2954,ICICIPRULI,-696.0,21.67614682114322,0.25075675746456305,14.811982450053538,949.902392904231,175.8585968199846
ICICIPRULI,41,17,45,ICICIPRULI,3833,ICICIPRULI,-5389.0,12.25328743236717,1.6673888177683645,11.591955963878567,595.4334483178717,474.08877103706243
ICICIPRULI,42,0,45,ICICIPRULI,3891,ICICIPRULI,-7559.0,24.642299732358595,1.976920806735738,28.265127765107316,800.2148533344554,282.8395436711461
ICICIPRULI,43,15,45,ICICIPRULI,4971,ICICIPRULI,-10797.0,18.868295143418926,0.43486827309425125,19.411207521228185,538.2654303364661,184.8615473958079
ICICIPRULI,44,20,45,ICICIPRULI,5138,ICICIPRULI,-5084.0,9.014691740004412,1.1185731457196977,12.27409081411727,249.75687229729365,156.51730440062943
ICICIPRULI,45,23,45,ICICIPRULI,5435,ICICIPRULI,-816.0,14.39339986223191,1.807992513797475,22.86684356740831,742.6153750603678,155.0195332237966
ICICIPRULI,46,0,45,ICICIPRULI,5777,ICICIPRULI,-1145.0,18.28559741649716,0.5040268759585607,10.984834922896813,663.0107453941586,439.9364719629896
ICICIPRULI,47,0,45,ICICIPRULI,7673,ICICIPRULI,7420.0,12.726608548414813,0.24086991151728387,18.594727836138972,889.5464879871117,207.0891998893799
ICICIPRULI,48,0,45,ICICIPRULI,7721,ICICIPRULI,-514.0,17.231118352141706,1.1587469710713998,20.36987396971815,229.89821285489776,485.70207606042516
ICICIPRULI,49,0,45,ICICIPRULI,8651,ICICIPRULI,-1091.0,20.568589847417556,0.7269341069418924,10.553666941355452,774.6856081254923,407.06638346221933
ICICIPRULI,50,0,45,ICICIPRULI,9564,ICICIPRULI,-966.0,15.663502064108044,0.5226698380524322,13.741418862187908,485.07939481604063,254.63347504015687
ICICIPRULI,51,0,45,ICICIPRULI,10130,ICICIPRULI,-1442.0,5.677477523592717,1.7553344830854472,10.458449604755081,574.4786918007286,285.3500754139586
INDUSINDBK,39,4750,47,INDUSINDBK,17101,INDUSINDBK,-258.0,18.295015945722977,1.777399206116945,16.531283766617797,964.4789417005788,322.7908354213156
INDUSINDBK,40,5363,47,INDUSINDBK,20048,INDUSINDBK,-285.0,7.2519583752106005,0.1777808876455491,28.59592419383759,955.980709202915,162.5950080088843
INDUSINDBK,41,6272,47,INDUSINDBK,23241,INDUSINDBK,-217.0,18.681382821053333,0.7923314522926803,13.922047216591903,504.3256413834225,482.8797611403022
INDUSINDBK,42,7355,47,INDUSINDBK,26083,INDUSINDBK,-633.0,15.479886822282857,0.4245775286937461,25.671382058056817,520.1064205730506,195.14142052170945
INDUSINDBK,43,8343,47,INDUSINDBK,34013,INDUSINDBK,526.0,24.64719566053047,1.9587604968541221,13.959035104599053,625.6598125368935,410.2468312151753
INDUSINDBK,44,9783,47,INDUSINDBK,42592,INDUSINDBK,-226.0,12.719181822755905,0.6315043605945716,24.701445951029314,123.78955865632608,295.94153193574255
INDUSINDBK,45,13415,47,INDUSINDBK,46923,INDUSINDBK,-351.0,16.981511655176497,0.24323753604575105,11.142622902995132,994.1568765693336,71.30834911018981
INDUSINDBK,46,16724,47,INDUSINDBK,53846,INDUSINDBK,-441.0,15.433809881948214,1.9492214261729104,28.87423772096436,202.3663709312367,245.22001043564444
INDUSINDBK,47,15472,47,INDUSINDBK,62019,INDUSINDBK,-625.0,11.630385954145217,1.853640265935683,11.221974181485056,448.28338214372195,390.3741486834954
INDUSINDBK,48,15822,47,INDUSINDBK,63576,INDUSINDBK,1969.0,9.992179682821284,1.4263965064987287,23.895134033782035,196.03564215408466,352.9542427668572
INDUSINDBK,49,18776,47,INDUSINDBK,75264,INDUSINDBK,4200.0,11.863711939752763,0.1435054500774271,23.922460846132715,960.243594479007,343.1272525326057
INDUSINDBK,50,25132,47,INDUSINDBK,94752,INDUSINDBK,5707.0,17.598179414480086,0.5218684929541411,23.16408596369032,689.2461506584472,342.1127206874704
INDUSINDBK,51,27577,47,INDUSINDBK,117996,INDUSINDBK,2517.0,9.257724236570535,0.2851215198995194,18.22833658108092,329.1846395033901,259.99135617195543
INFY,39,28814,48,INFY,37708,INFY,-885.0,24.261197583750327,1.4707631840150561,25.39086686779534,543.6397776786437,154.82101350997596
INFY,40,36743,48,INFY,44244,INFY,-14664.0,11.412711543477203,1.1994295430622852,11.011987919592219,789.7489474782772,311.0401649661751
INFY,41,38436,48,INFY,50164,INFY,4533.0,13.661338897907637,1.7026503055225217,19.402832757877217,424.89986506070926,365.1606728611024
INFY,42,45362,48,INFY,60600,INFY,-632.0,13.331549936453717,0.8732482152264123,28.611215925535852,656.3355514411849,345.59391153519664
INFY,43,49880,48,INFY,67838,INFY,-331.0,13.350227710445777,1.7138295197496742,23.631220765034538,746.4954474946221,446.70258467197726
INFY,44,51700,48,INFY,63835,INFY,-7373.0,13.51920503555397,1.8210026618968918,23.767401971265627,509.285224475412,59.84999676896994
INFY,45,62505,48,INFY,62778,INFY,-6485.0,10.407526628789201,1.9454138310295455,16.405426796492293,831.0321128464932,274.3618709795019
INFY,46,68524,48,INFY,63328,INFY,-1071.0,20.93693890367639,1.7271154630185988,26.77233830558959,889.8390861283519,197.69312073026023
INFY,47,72583,48,INFY,74227,INFY,-5093.0,20.007333390233764,0.20245888461298356,28.824239265899138,128.06201917847758,192.19844588739542
INFY,48,90150,48,INFY,73252,INFY,-3210.0,13.299609388508262,0.8565903655319482,18.982381026749184,212.37568660324803,151.00667363935264
INFY,49,111637,48,INFY,73338,INFY,-3144.0,24.739476301964302,0.20144307255548122,17.103587464997773,756.8572793571985,419.3956101192851
INFY,50,117245,48,INFY,86045,INFY,-4935.0,11.443690020163913,0.006252911422927276,21.442600422111383,278.24985485962196,246.10561424552066
INFY,51,121843,48,INFY,88391,INFY,-6813.0,24.750325742707172,0.7335370016505238,27.425754553344987,731.647961627981,385.99152029944486
IOC,39,447919,49,IOC,60609,IOC,-13610.0,10.811028034225217,0.888768452617775,11.09187193886905,125.059547700193,150.28079670104165
IOC,40,471123,49,IOC,65485,IOC,-17684.0,16.228130113526234,1.9957546478001913,18.053005684592552,603.3898947730113,287.48790219038915
IOC,41,438932,49,IOC,66404,IOC,-17119.0,6.698243494138332,0.2619136507093476,19.754776491931242,636.4607429669344,305.5580472754931
IOC,42,324007,49,IOC,87610,IOC,-22569.0,13.166311384199554,0.26953081576733084,15.517223274012888,161.14719648429656,435.4337093401766
IOC,43,321230,49,IOC,97357,IOC,-29101.0,10.932835570455502,1.52113884417678,14.75678647568822,903.7354683285201,337.3168754108967
IOC,44,379834,49,IOC,104395,IOC,-22935.0,12.821930498488108,1.782933509374897,24.316447090255323,230.08028399468554,283.91893666539704
IOC,45,492896,49,IOC,103288,IOC,-21294.0,18.12372393089572,1.704113001900102,18.9582463492412,958.718774827773,412.5097719171885
IOC,46,467710,49,IOC,86217,IOC,-28030.0,19.275604340369146,1.154484465431735,27.103366831876055,725.1993021367526,251.42005299710536
IOC,47,324021,49,IOC,102657,IOC,-31464.0,14.675103826508746,0.552215757535836,14.939469206446464,652.5418908746899,469.91018221047227
IOC,48,541563,49,IOC,124354,IOC,352.0,24.141379337155136,0.28861439089113894,25.8868275133129,921.260817197026,224.87149800476206
IOC,49,811073,49,IOC,125949,IOC,-3116.0,22.81409236750963,1.811848058019818,22.31127878837349,512.2515821715699,54.0838120761465
IOC,50,700706,49,IOC,169645,IOC,-38283.0,14.148128464968167,1.849711281602298,26.84581360670644,504.25034328866576,349.7855648833122
IOC,51,728555,49,IOC,167594,IOC,-11890.0,17.282283522565564,0.02080890463831353,15.171972510906837,701.8711579159333,294.4063358551217
IRCTC,33,907,50,IRCTC,424,IRCTC,40.0,6.313171383810521,0.07084334647560175,23.28447249808537,953.9978443985817,116.52977594334976
IRCTC,34,1176,50,IRCTC,522,IRCTC,-353.0,13.621739523263672,0.1666861868624987,13.046145044314827,677.6814858019787,300.7889805124791
IRCTC,35,1206,50,IRCTC,747,IRCTC,8.0,9.791775153055177,1.7184690484280847,19.018587835927775,989.391262640851,303.3659632099465
IRCTC,36,1192,50,IRCTC,915,IRCTC,-453.0,6.799436330902495,0.8273109861756311,10.660814995741317,453.0850738586806,168.73096997506642
IRCTC,37,1487,50,IRCTC,911,IRCTC,-242.0,22.22063341324642,1.3632446226918513,26.26693172720682,240.18426443429618,334.3679362641366
IRCTC,38,1562,50,IRCTC,1154,IRCTC,-317.0,16.261948117066176,0.22521111961018336,23.203211338349643,850.2814564073528,75.16554559620151
IRCTC,39,589,50,IRCTC,1296,IRCTC,-215.0,15.804023534786865,1.3433309797874011,10.874664310406516,265.9006460276412,300.4656315851216
IRCTC,40,1005,50,IRCTC,1710,IRCTC,-17.0,20.794723286823853,1.5680400496587925,19.88237970092063,202.19297256073145,218.27475844032287
IRCTC,41,2265,50,IRCTC,2318,IRCTC,-31.0,16.16569723574368,1.762611911805491,22.761485702156435,105.48481220187152,372.4342986786445
IRCTC,42,2804,50,IRCTC,3070,IRCTC,-136.0,20.27301241220313,1.4410043871864902,29.634512929749054,887.6872660673511,383.8649687846091
IRCTC,43,2950,50,IRCTC,3363,IRCTC,-57.0,10.417060124289147,0.007337670642153071,28.33057871482287,566.7116028550838,382.93406578335686
IRFC,39,22,51,IRFC,4042,IRFC,41749.0,11.594780596220804,0.8049702359618485,24.662988594400396,131.7211336895559,379.59107132186364
IRFC,40,19,51,IRFC,4210,IRFC,62697.0,5.4327921407123885,1.7600100107131136,21.4876951253938,630.03386687837,143.30995359973434
IRFC,41,34,51,IRFC,5098,IRFC,90202.0,23.43311507203927,1.0283860971936676,16.23985949794562,997.1431125822284,293.81652002583724
IRFC,42,38,51,IRFC,6999,IRFC,64266.0,18.49992313194685,0.4778201502281867,15.182192273659311,295.89104399206684,367.14582752050325
IRFC,43,26,51,IRFC,5483,IRFC,28644.0,16.62471788034302,0.44363885522491353,11.757952721951565,194.4024367687669,326.1014148025227
IRFC,44,38,51,IRFC,7402,IRFC,-8046.0,13.55370560739486,0.9186330531707574,28.497744382968797,133.068424901633,217.62694128334618
IRFC,45,48,51,IRFC,15648,IRFC,1206.0,7.604220370789778,1.1456811016191508,15.331422956066671,373.3809616474327,498.34977084069993
IRFC,46,66,51,IRFC,18419,IRFC,-1204.0,9.334538722602632,0.9155206132521052,19.40598974219979,787.4763773517976,442.8225145768636
IRFC,47,113,51,IRFC,22845,IRFC,0.0,21.922061959710547,1.2393959296688857,21.184996097962312,905.8367974380335,106.02630936616995
IRFC,48,123,51,IRFC,27928,IRFC,3.0,16.887384884046035,0.8599272595490366,25.798707013175367,981.6814683140017,189.86694470296388
IRFC,49,134,51,IRFC,31612,IRFC,-2.0,10.574604565674397,1.1356417919386401,16.69897986126163,493.16930189867054,370.78798157972176
IRFC,50,133,51,IRFC,36110,IRFC,296.0,24.538830199378825,0.45187393164052136,24.443817428211112,260.38376285811125,63.532544183200024
IRFC,51,144,51,IRFC,38396,IRFC,-151.0,20.50959258005306,1.3205192406789306,11.370150440288477,110.10887097381324,434.7238136588237
ITC,39,20398,52,ITC,22368,ITC,-3921.0,9.640256516996002,1.2231190833366332,27.51281381855826,240.2294224702135,129.1570242560509
ITC,40,22227,52,ITC,26442,ITC,-3251.0,19.859679447974713,0.05007679352552197,16.338952240214635,534.7546566910812,395.60289257859637
ITC,41,24566,52,ITC,30934,ITC,-7114.0,11.743492831908481,1.067983401951855,14.782905830337542,731.6309437591995,328.4244844122064
ITC,42,24661,52,ITC,41875,ITC,-5546.0,12.521017269757227,1.1758481376040446,10.944178198423984,519.6386788122052,443.58346333604794
ITC,43,27298,52,ITC,45198,ITC,-6174.0,18.744627500412275,1.5865385168057462,22.942095363787047,919.6349381411902,396.94447714460284
ITC,44,26928,52,ITC,51290,ITC,5740.0,10.694901301414372,1.1065579243759294,28.64425390164387,440.81666154750843,252.98417905221416
ITC,45,29802,52,ITC,57915,ITC,-2238.0,7.365370219727736,1.8129829706450946,18.82884065595981,923.6627636979066,227.37197644077975
ITC,46,30044,52,ITC,64044,ITC,-5732.0,7.792687206834669,0.39717249964923873,23.096812384905597,258.52743203757143,71.47737049560646
ITC,47,32193,52,ITC,59116,ITC,1563.0,23.85479519530672,1.0162740061640625,14.221754956571797,813.9086987574375,185.50861131942088
ITC,48,40021,52,ITC,61223,ITC,-3310.0,14.878438452925133,1.5414446238056316,22.084673059373465,606.55842314731,460.8151685926423
ITC,49,45215,52,ITC,67912,ITC,-4122.0,14.566243016029697,0.7542503137328409,20.567340781867273,484.41244979594717,247.2362023674709
ITC,50,44634,52,ITC,73259,ITC,-4661.0,7.081280056747515,0.7508117786648056,24.580067298272468,808.5860764313041,393.41377881505235
ITC,51,48495,52,ITC,74015,ITC,-5613.0,15.638539252911157,1.7287441281900038,28.54497684509587,612.1576234279809,92.85918720752584
JINDALSTEL,39,13701,53,JINDALSTEL,21159,JINDALSTEL,-2262.0,19.01211630491506,1.66347151645652,20.254306292850952,150.22654065387997,410.40663167218935
JINDALSTEL,40,13487,53,JINDALSTEL,22519,JINDALSTEL,-1998.0,9.54912434768909,0.7538002832509083,25.775307086475422,258.30494937661956,191.80748261050132
JINDALSTEL,41,13937,53,JINDALSTEL,20951,JINDALSTEL,-1431.0,8.311693106545757,0.8237735350490725,24.586928151684493,249.90502857367707,67.41839682999331
JINDALSTEL,42,16032,53,JINDALSTEL,32345,JINDALSTEL,-832.0,9.958546177350733,0.45749335241144573,10.663854419784439,281.0401806012503,261.1204001258383
JINDALSTEL,43,16894,53,JINDALSTEL,29959,JINDALSTEL,-1476.0,17.163405903456578,0.8290962515616638,17.816952223070253,537.6068908107422,310.0577024528131
JINDALSTEL,44,26817,53,JINDALSTEL,30288,JINDALSTEL,-1884.0,18.81079783407305,0.43800367871274637,21.881514980368337,720.7856105667772,374.8857802037129
JINDALSTEL,45,38553,53,JINDALSTEL,31988,JINDALSTEL,-2331.0,6.768686413311564,1.4703948254232266,21.23139170169625,659.016046802864,139.17252434291993
JINDALSTEL,46,31092,53,JINDALSTEL,32035,JINDALSTEL,-4090.0,15.590051223866624,1.548363840588435,12.868640723434716,316.5720704050011,343.34450618270597
JINDALSTEL,47,23646,53,JINDALSTEL,31713,JINDALSTEL,-8344.0,16.371607035167628,1.3168226872386994,13.513266287827463,472.1952683053829,482.3275343751615
JINDALSTEL,48,35650,53,JINDALSTEL,35524,JINDALSTEL,6111.0,23.489375592533605,1.6784058998656222,10.921411831200041,958.1970885658437,323.60257326578574
JINDALSTEL,49,43270,53,JINDALSTEL,38606,JINDALSTEL,8879.0,21.223343715545926,1.0335780219543451,28.631195752202842,351.09239230025446,438.33995454646646
JINDALSTEL,50,40153,53,JINDALSTEL,44216,JINDALSTEL,5708.0,16.210254688806344,0.01104650213487579,20.518149429031816,151.23268325848719,253.0720353797263
JINDALSTEL,51,39693,53,JINDALSTEL,47240,JINDALSTEL,-2672.0,20.32798161238487,1.6359285183694052,11.79539089722365,835.9015638144562,216.58702092191703
JIOFIN,9,6,54,JIOFIN,114118,JIOFIN,-753.0,13.250966695915087,1.0123204024673575,14.071263531132132,151.22275569841128,381.0206974948871
JIOFIN,10,296,54,JIOFIN,132794,JIOFIN,56.0,11.987564132668478,1.248775381757696,15.58810347720022,122.04509159408046,120.16084426900626
JIOFIN,11,437,54,JIOFIN,130791,JIOFIN,11.0,12.616728378247092,1.6121845275998616,28.00646812510295,283.1648441700661,309.7854109906457
JSWENERGY,39,6069,55,JSWENERGY,4564,JSWENERGY,-3272.0,18.476011111593067,1.6186466328330964,20.49419450059468,317.860720702589,498.5329345703072
JSWENERGY,40,5394,55,JSWENERGY,4931,JSWENERGY,-762.0,17.59341589935709,0.9474099052998393,25.011903884301987,867.94851092841,353.6987457828631
JSWENERGY,41,5723,55,JSWENERGY,5878,JSWENERGY,-215.0,15.055989235361535,1.0209220980095053,27.765921776573688,399.84625426451225,119.58325659725772
JSWENERGY,42,5796,55,JSWENERGY,8077,JSWENERGY,-55.0,20.349663030097798,1.6642063356614656,12.811412399005587,331.41373608799427,268.16118773303265
JSWENERGY,43,4939,55,JSWENERGY,8741,JSWENERGY,301.0,12.798535129464835,1.299669105041875,15.982814843435474,892.9950020575152,157.26206777792112
JSWENERGY,44,5336,55,JSWENERGY,9470,JSWENERGY,-1030.0,24.263190885127607,1.2026466909889304,27.602344573709793,221.68804693687844,175.86460736949869
JSWENERGY,45,6283,55,JSWENERGY,10181,JSWENERGY,-1387.0,15.32331207320482,1.884642648079254,29.330990265236352,587.0107738935066,216.0374171710092
JSWENERGY,46,5316,55,JSWENERGY,10004,JSWENERGY,-6778.0,22.13832571234704,0.4992169455591484,17.482050093967164,428.86804732112324,158.6865948375855
JSWENERGY,47,4009,55,JSWENERGY,12865,JSWENERGY,-8197.0,10.669477482519218,0.21003229165469506,12.49829586631152,416.6792461286088,306.6029146567803
JSWENERGY,48,4596,55,JSWENERGY,15775,JSWENERGY,-684.0,20.858570693742433,0.7928133335932943,23.36076769996506,128.34332305301368,485.24149503788067
JSWENERGY,49,7050,55,JSWENERGY,16988,JSWENERGY,-1859.0,18.27282435140963,1.4465477952965011,26.465686073364026,493.58611401588627,232.95971065803258
JSWENERGY,50,6104,55,JSWENERGY,19191,JSWENERGY,-2327.0,22.078730720461945,1.4897077749502912,21.066483963547363,491.4401902591151,254.35516893238898
JSWENERGY,51,6034,55,JSWENERGY,26226,JSWENERGY,-1622.0,14.76871042857198,1.2511408727863913,14.319001878382005,672.9803687793449,62.66840546008966
JSWSTEEL,39,31698,56,JSWSTEEL,16781,JSWSTEEL,-3857.0,18.285385423456056,0.636793470534506,25.612188740676917,689.2834866994247,295.29700974510416
JSWSTEEL,40,42051,56,JSWSTEEL,20871,JSWSTEEL,-5094.0,23.745490531939687,1.398380312687522,11.630987767793716,574.3545508349787,102.61641025306429
JSWSTEEL,41,43608,56,JSWSTEEL,21987,JSWSTEEL,-4529.0,12.532554820273718,0.17144631923968445,21.265511413416807,193.8945324184765,366.09718530053806
JSWSTEEL,42,35124,56,JSWSTEEL,18665,JSWSTEEL,-11387.0,24.805717619882202,0.97486035554461,15.009019625404713,996.2616446329388,476.5295251205935
JSWSTEEL,43,43296,56,JSWSTEEL,22346,JSWSTEEL,-19589.0,10.518814884652166,0.1656110707847016,29.08809697592173,515.8914871038819,363.33350011685604
JSWSTEEL,44,57017,56,JSWSTEEL,27696,JSWSTEEL,-7702.0,16.48127039410854,0.9602591882684524,23.738481562018602,433.3695157870523,445.14542133825756
JSWSTEEL,45,65827,56,JSWSTEEL,34494,JSWSTEEL,-14748.0,10.92936474204585,1.2809116651040016,11.68148405039361,844.405264454273,438.6728454727304
JSWSTEEL,46,61513,56,JSWSTEEL,36298,JSWSTEEL,-10730.0,13.016420213567057,1.5988989417937771,22.48086083379293,796.9365161519102,213.465187096309
JSWSTEEL,47,59661,56,JSWSTEEL,46462,JSWSTEEL,-14467.0,10.69108827247142,0.9833978603506337,29.078063157961395,229.72983120546692,467.90007503274984
JSWSTEEL,48,107257,56,JSWSTEEL,66996,JSWSTEEL,-791.0,11.440608468234984,1.3570392728507064,19.704458202329633,845.8643711763959,309.42053850709544
JSWSTEEL,49,147490,56,JSWSTEEL,65394,JSWSTEEL,3300.0,22.201315543678653,0.14605681275518045,28.269940873645574,650.2270376649485,174.14019371396014
JSWSTEEL,50,146849,56,JSWSTEEL,77364,JSWSTEEL,-169.0,10.379268515621582,1.1848553213941846,11.581227322997563,581.2930664752898,79.28856703821066
JSWSTEEL,51,147796,56,JSWSTEEL,79361,JSWSTEEL,-3151.0,14.80046235415836,1.8142290324591435,25.930398481917937,362.17198275788695,387.8181831735216
KOTAKBANK,39,6024,57,KOTAKBANK,32447,KOTAKBANK,-2353.0,16.603027146669476,1.957040417097546,15.348334055879757,239.15042369930447,296.929090107616
KOTAKBANK,40,6312,57,KOTAKBANK,37572,KOTAKBANK,-5289.0,5.818255671707069,1.0351756729083526,29.976813744905062,595.4023594854061,284.37902844659925
KOTAKBANK,41,6966,57,KOTAKBANK,49535,KOTAKBANK,-5475.0,5.101583091389346,0.3870636188894656,10.495954510591105,727.4647970344737,314.36476133318786
KOTAKBANK,42,11123,57,KOTAKBANK,56827,KOTAKBANK,-3323.0,13.333120358262427,1.0064651930295792,19.600917352067654,946.0174114785207,366.37544672712113
KOTAKBANK,43,11458,57,KOTAKBANK,65680,KOTAKBANK,-13068.0,24.513572622241604,0.6880892077364487,16.37424615661736,368.6726672615276,322.94300006064617
KOTAKBANK,44,12467,57,KOTAKBANK,83348,KOTAKBANK,-11172.0,24.59676230579041,0.4274214977939439,13.884992658391898,712.438586256406,450.4568258671589
KOTAKBANK,45,15187,57,KOTAKBANK,95673,KOTAKBANK,-10903.0,24.970831342042562,0.17492956797532822,25.522918257020287,476.5119533184087,332.26608459206244
KOTAKBANK,46,15901,57,KOTAKBANK,110821,KOTAKBANK,-10381.0,9.33551322710407,1.3292145435841105,23.82097855732217,809.4195217119993,373.64008822681546
KOTAKBANK,47,12967,57,KOTAKBANK,128978,KOTAKBANK,-8919.0,6.813323869736307,1.6235216532253651,26.161353463071034,187.3968520503177,51.60253029631866
KOTAKBANK,48,11554,57,KOTAKBANK,85561,KOTAKBANK,7099.0,8.49014007161731,1.1234202088241625,17.438869816325997,941.6542117587285,351.10965581412364
KOTAKBANK,49,14411,57,KOTAKBANK,85937,KOTAKBANK,-5814.0,19.821487152277378,1.9146485965783502,19.66140726287348,879.8600860382456,103.61811461675573
KOTAKBANK,50,22567,57,KOTAKBANK,104258,KOTAKBANK,2426.0,19.285774070309387,1.2182675470071052,18.741939494250296,504.4089016279093,493.3018949442718
KOTAKBANK,51,27327,57,KOTAKBANK,179679,KOTAKBANK,2024.0,7.3585418211343985,1.5897777609470625,15.668643775076475,738.4740334714944,472.45298839785255
LICI,21,565587,58,LICI,710,LICI,12531.0,23.010341606531693,0.2572168079162884,29.38879935385308,388.31958691639863,311.26961228753663
LICI,22,634989,58,LICI,902,LICI,-52848.0,9.170313193750236,0.07599951894067125,22.234749485882162,690.9971782852265,154.49616022752826
LICI,23,691166,58,LICI,6784,LICI,-25269.0,22.214827833568197,0.34939164381122834,11.507150135152829,702.3956776488918,98.28660591072497
LICI,24,720280,58,LICI,5013,LICI,-13700.0,9.903260739999487,1.783843600074318,25.715806657162236,356.78080902390616,303.97858363199794
LICI,25,750420,58,LICI,39908,LICI,-18664.0,22.820464280877598,0.13883087723620702,20.517164382384713,317.24087371039013,380.75051668306145
LICI,26,813188,58,LICI,76422,LICI,-256125.0,24.700675059277838,1.0814624694659465,22.326457693028804,268.5468129695456,92.33251652253355
LICI,27,870255,58,LICI,91312,LICI,0.0,19.44879625509435,1.3347715356727121,16.71997895436355,707.0919338256236,65.42113574559957
LODHA,39,1663,59,LODHA,636,LODHA,736.0,13.398681805327355,1.863281535924827,28.76282006883692,376.694254962152,295.28445270180003
LODHA,40,2229,59,LODHA,1018,LODHA,-4188.0,19.33132230777199,1.6962423246145473,13.97208922507648,323.7094166285321,267.5372392025139
LODHA,41,4769,59,LODHA,3186,LODHA,-2835.0,13.707547051524235,0.3279432291016975,26.646887998097906,322.5282432994327,467.09813368883925
LODHA,42,6123,59,LODHA,3865,LODHA,-2888.0,23.76737124683454,0.39928304886707244,11.567199320748045,284.718477003153,493.9523497218196
LODHA,43,6313,59,LODHA,3920,LODHA,-3706.0,5.836257922020591,0.3215529242435162,15.711066359036982,713.8253643694203,272.4612751074426
LODHA,44,7995,59,LODHA,4756,LODHA,951.0,5.6570827594435436,1.8882990979626992,20.48213025361528,944.1006994592523,157.4132180085427
LODHA,45,8728,59,LODHA,3445,LODHA,-137.0,20.081970493533625,1.8958053651869515,15.8404600964192,873.4823928952563,357.58078177264275
LODHA,46,10526,59,LODHA,4156,LODHA,-16.0,5.111379584136242,1.2321999215156858,13.631686348401788,652.8527780929984,378.9093298152898
LODHA,47,4066,59,LODHA,4203,LODHA,69.0,12.726626321121186,1.8018018812767753,20.86982949336952,760.9919470229274,134.7018406507538
LODHA,48,7047,59,LODHA,11624,LODHA,97.0,24.329152562121646,0.32179114724676516,21.95444633047302,159.01617512075842,291.74114973104315
LODHA,49,7406,59,LODHA,12181,LODHA,-234.0,24.486733551097764,1.033922590418373,20.940095944433917,522.4346847530503,192.61715094859704
LODHA,50,7651,59,LODHA,16475,LODHA,109.0,23.60188224874499,1.5059659243165553,24.338651099928303,329.7065951498496,325.2924791216205
LODHA,51,9761,59,LODHA,17189,LODHA,250.0,15.728927930908851,0.5809444977044522,21.5938208240939,964.5463376894635,264.01319696481903
LT,39,63032,60,LT,1323,LT,-4627.0,21.156924257251724,1.1948871475470213,21.582777924938487,295.68306556540017,168.67202442953146
LT,40,70968,60,LT,1594,LT,-9796.0,23.59679571693061,1.8372955152366808,13.151004672237752,170.78346355688046,399.87239295338287
LT,41,76245,60,LT,2010,LT,3914.0,7.315229511411234,0.8742697726905595,13.811047919480785,486.1151742783118,86.84738646121801
LT,42,85637,60,LT,2108,LT,-11023.0,19.204655252537854,0.959711080050899,22.818802476945876,296.5362198459982,197.6104259749357
LT,43,92691,60,LT,3127,LT,-8408.0,16.129172058672278,0.12448798105157222,18.25969242280955,227.91593468929963,190.0356879415111
LT,44,99572,60,LT,3843,LT,-5750.0,20.21998136689223,1.588563993817793,22.366028857591868,733.6641623509662,223.99707772475747
LT,45,112354,60,LT,4876,LT,-3585.0,20.837106661373788,1.1895609076109466,21.56488718393167,187.20105332874914,66.10473904000517
LT,46,120899,60,LT,5387,LT,-8048.0,17.516708571131474,0.7950248900458665,27.70365200273565,657.1984084706045,392.05086475747146
LT,47,112519,60,LT,7286,LT,2179.0,10.642945730060504,1.2028342010854365,15.270331601987694,511.4638498627745,142.75458041810532
LT,48,132207,60,LT,14258,LT,11429.0,17.368089637459008,0.8453738544453906,16.57746814211413,459.3842594822028,206.7991618606819
LT,49,156175,60,LT,16562,LT,13136.0,12.139664112646392,0.8265298058460746,11.149083458039941,212.98598672092595,440.5676848404095
LT,50,191248,60,LT,19988,LT,7903.0,6.6238102766464095,0.12291135278164655,27.455712876339486,633.5504566634505,113.18768181519098
LT,51,208066,60,LT,21045,LT,7253.0,10.02786803364135,1.6865677489235633,27.09644353625768,638.2009283838778,467.88067070442133
LTIM,39,2981,61,LTIM,1323,LTIM,-40.0,22.174155661233897,0.6930942789866432,10.554566897644506,762.9935374589509,133.62683358786364
LTIM,40,3773,61,LTIM,1594,LTIM,-961.0,20.899615442099442,0.5533062696419295,17.224532181475873,315.14349479161876,161.2323466655232
LTIM,41,3973,61,LTIM,2010,LTIM,-452.0,24.658180125845178,1.2280412139124286,25.143849659940187,103.14303991038571,180.28384529746276
LTIM,42,4819,61,LTIM,2108,LTIM,-749.0,7.998300227711588,0.4332240115674808,26.31257700453752,326.40484815418677,374.92683793455416
LTIM,43,5271,61,LTIM,3127,LTIM,-643.0,8.078531515777703,1.485669893326089,25.627183125768845,864.6475633535028,394.20108835763824
LTIM,44,6119,61,LTIM,3843,LTIM,-1657.0,23.036505172606418,1.6684368299265715,27.548523796205146,310.8460435957893,123.13087185402296
LTIM,45,7562,61,LTIM,4876,LTIM,-1643.0,9.337885927488458,1.0918663469868473,28.10008320213269,588.6241119321298,304.99647298569334
LTIM,46,8849,61,LTIM,5387,LTIM,-271.0,9.173333090521146,1.968708264379761,14.61321124125494,511.43796112339913,332.36110465854796
LTIM,47,9645,61,LTIM,7286,LTIM,-3918.0,9.737364543276021,1.085738226623608,22.165089370068607,505.04814784280626,203.95235582388008
LTIM,48,20860,61,LTIM,14258,LTIM,-396.0,19.31556412990635,0.4759980999435114,20.337780979391376,944.0395301437836,293.4305072249687
LTIM,49,27075,61,LTIM,16562,LTIM,-769.0,8.816094911058233,0.510809714176794,21.405248657390874,791.5103151236357,221.14005654424915
LTIM,50,29130,61,LTIM,19988,LTIM,-497.0,12.284676453970187,0.33614772712804153,27.932079374578887,460.30582488362575,290.64743606750187
LTIM,51,30695,61,LTIM,21045,LTIM,-817.0,18.12923394768564,1.3421222724644537,13.837849521628547,288.4717364126635,462.40373707466915
M&M,39,59578,62,M&M,19666,M&M,-5506.0,16.53175263191578,1.2435963330190352,13.482996975754325,269.808186762965,373.0812534016836
M&M,40,63830,62,M&M,23012,M&M,-5875.0,22.61643349210713,0.34693843388528833,23.671560197709216,271.9372068914395,329.21381412137816
M&M,41,62655,62,M&M,25561,M&M,-5467.0,16.42507376077278,1.2733127106015891,29.141595442106812,753.952605600098,189.7630318673608
M&M,42,65759,62,M&M,26222,M&M,-7174.0,15.886584594125043,0.3821567768534726,28.384521628611626,333.3638416958214,165.9625831936262
M&M,43,73038,62,M&M,29467,M&M,-6870.0,15.953794829599449,0.08117271109858692,14.924304884389926,543.5750413678225,190.48127676116428
M&M,44,78868,62,M&M,36232,M&M,-19686.0,13.863173375476958,0.8482697561259442,19.4883993538479,101.66049325837753,282.6667838899094
M&M,45,89514,62,M&M,39439,M&M,-3252.0,16.90165891610292,1.7727573824125378,16.190583403763096,921.169741036041,135.4010456450506
M&M,46,65224,62,M&M,39415,M&M,-8866.0,10.322507165585682,0.4149651372662564,29.02907516606178,879.5921118855263,336.24841092436884
M&M,47,62791,62,M&M,41027,M&M,-5615.0,20.775428538834646,0.05628650769607635,20.24338318371405,871.781878949866,342.4406738831802
M&M,48,75488,62,M&M,46567,M&M,4508.0,23.48084182873953,1.5538503125720136,14.545119527448572,809.1857240879083,312.4537950259769
M&M,49,100983,62,M&M,55809,M&M,5577.0,9.893537608698924,1.8719899030634344,17.624426484918168,491.1758689866373,264.21282341546396
M&M,50,114186,62,M&M,65633,M&M,1669.0,7.969543559585734,1.4112998791865359,15.02657957615018,609.8965346258993,246.2471602544289
M&M,51,118688,62,M&M,69944,M&M,2967.0,9.088647009292412,0.59925925865505,10.957375726828207,949.6925927568941,151.5713122030798
MARUTI,39,39944,63,MARUTI,18877,MARUTI,-7230.0,5.318894999804009,1.3834310367676672,18.574958106698425,847.1593067757905,436.5703396630219
MARUTI,40,39232,63,MARUTI,21345,MARUTI,-9173.0,17.121499155134526,0.6775162855482391,24.294385753340194,705.5253351609972,323.3098163931446
MARUTI,41,43909,63,MARUTI,24167,MARUTI,-8302.0,23.653510669893777,0.05098332013831519,12.828879271306313,354.43262643772715,119.81870038461116
MARUTI,42,48565,63,MARUTI,30465,MARUTI,-3540.0,17.5667034482007,0.4688720360128573,26.892345311248125,203.0095529603579,233.3987026976534
MARUTI,43,57664,63,MARUTI,36924,MARUTI,-557.0,22.469839682633047,1.4074974099841984,23.06148637857395,668.3548925570739,91.4409732677554
MARUTI,44,67692,63,MARUTI,42408,MARUTI,-7291.0,18.144855689223483,1.6950006229416354,26.939834282993214,145.31296311602523,214.3592547328992
MARUTI,45,75012,63,MARUTI,46941,MARUTI,-239.0,24.334860790077975,1.2234756004482576,11.249360803261323,852.894593632288,476.84386749548855
MARUTI,46,68305,63,MARUTI,49262,MARUTI,-8820.0,6.514414854709358,0.5299234207958126,21.544584638809024,936.8841364709382,134.85006285990136
MARUTI,47,64961,63,MARUTI,52350,MARUTI,-11865.0,6.899140162674269,0.42979039794908513,24.878142357339915,835.7694649967308,447.3389274515692
MARUTI,48,82578,63,MARUTI,55182,MARUTI,-979.0,21.581895460635074,0.9028725222049856,29.79344189900391,221.25812955876464,186.23609778442352
MARUTI,49,105288,63,MARUTI,74443,MARUTI,-74.0,13.766390653972827,0.1788422454248555,10.178292212461471,172.25597250554853,368.4899720766669
MARUTI,50,123232,63,MARUTI,85479,MARUTI,-2004.0,6.068503053178452,0.7080996902654801,25.353617389668308,201.69156458398078,105.2886086662357
MARUTI,51,125446,63,MARUTI,88969,MARUTI,-1237.0,22.31500302145593,0.12672253984318083,27.425812676251315,524.2757771916808,50.55442069468697
MOTHERSON,39,23819,64,MOTHERSON,2230,MOTHERSON,-1906.0,16.022938827059733,1.5455246958239663,21.450280262891063,976.4746707990691,217.2718108739796
MOTHERSON,40,28017,64,MOTHERSON,2871,MOTHERSON,-6145.0,6.725345783530894,1.184523233265663,28.76923308679733,565.4925796335565,290.8324728509458
MOTHERSON,41,31817,64,MOTHERSON,3236,MOTHERSON,-3194.0,18.580367777346304,1.7288977173799078,17.490680266628125,625.8665125192017,315.11464711846554
MOTHERSON,42,33668,64,MOTHERSON,4265,MOTHERSON,-3318.0,10.727095651784841,0.7929347746180508,15.246967180603443,837.3962001840233,233.0560288571471
MOTHERSON,43,38204,64,MOTHERSON,8132,MOTHERSON,-2220.0,10.144936950773458,0.2898597741166087,23.507105979557867,387.9007945983137,72.94720771511567
MOTHERSON,44,51174,64,MOTHERSON,9674,MOTHERSON,-1886.0,22.162526524966594,0.3938213999736344,14.144745837587948,859.0000761647393,312.58302889942195
MOTHERSON,45,58174,64,MOTHERSON,10647,MOTHERSON,-2304.0,20.19623807571995,0.37450842785675165,20.548430199567992,220.80134681775164,163.31656520887745
MOTHERSON,46,56075,64,MOTHERSON,10945,MOTHERSON,-2248.0,8.160817721773288,0.3483303530384039,21.53109000856622,554.3731529492917,108.7268246395945
MOTHERSON,47,53000,64,MOTHERSON,12245,MOTHERSON,-6644.0,21.825165685229237,1.200585902881406,15.32747048994728,247.82154430854501,93.76457098509684
MOTHERSON,48,59060,64,MOTHERSON,20136,MOTHERSON,-256.0,17.271889450111587,1.3982315369301255,26.987448186062778,953.3649042262383,483.33137195416595
MOTHERSON,49,72537,64,MOTHERSON,21774,MOTHERSON,-1080.0,11.048491892543888,0.43564975563805874,19.526255589361963,451.7770160173152,459.9649521792329
MOTHERSON,50,89370,64,MOTHERSON,25477,MOTHERSON,494.0,15.044221935795143,1.0543941281449543,28.053286003375803,386.6771954291025,265.2729785333013
MOTHERSON,51,98908,64,MOTHERSON,31930,MOTHERSON,-263.0,5.176937961674142,1.7004636588522817,29.157755668614428,521.1723780428265,209.60046901571363
NAUKRI,39,351,65,NAUKRI,499,NAUKRI,-2.0,15.792509080633582,0.5822593869551038,15.762515208909907,131.13528962804858,315.9696818803127
NAUKRI,40,471,65,NAUKRI,563,NAUKRI,-165.0,8.25543001049076,1.0126141246099647,24.96821750384534,810.1301926581838,360.63029063337615
NAUKRI,41,711,65,NAUKRI,1295,NAUKRI,-149.0,21.35028103865922,0.3164725660774137,13.553444616748502,171.2219939955849,328.73511333228026
NAUKRI,42,656,65,NAUKRI,1422,NAUKRI,-59.0,10.810441013247587,1.7152581000597917,25.583754841434985,191.73067436998167,473.5841715717528
NAUKRI,43,896,65,NAUKRI,1471,NAUKRI,97.0,18.82784865873463,0.9428490058510601,27.075840559419127,962.0341380328621,421.73340743668376
NAUKRI,44,769,65,NAUKRI,1923,NAUKRI,-2043.0,24.760444064812308,1.4302670025886528,12.356788331536501,821.2273941426954,83.72241561550945
NAUKRI,45,1142,65,NAUKRI,2421,NAUKRI,-1177.0,10.373677024069682,0.16226587846874807,26.31973039479358,563.9333189417921,109.39883438547096
NAUKRI,46,1662,65,NAUKRI,2073,NAUKRI,-358.0,8.768465841440419,0.05969649089890128,20.47733557118988,662.3077990940261,85.63835886284329
NAUKRI,47,1054,65,NAUKRI,5267,NAUKRI,-852.0,9.985944635510052,0.11168751457028137,23.9485871758233,954.7757108563669,305.9344309482135
NAUKRI,48,1143,65,NAUKRI,17113,NAUKRI,-12.0,22.62833273003365,0.2609420712356203,22.328601557453453,585.8935897839149,447.44625258360054
NAUKRI,49,1997,65,NAUKRI,13269,NAUKRI,130.0,6.131635968506064,1.2260400718119682,23.06431429593424,937.8291461571307,87.67845217479393
NAUKRI,50,1825,65,NAUKRI,30133,NAUKRI,1025.0,22.06706673462262,1.5662693404519263,25.506732451196598,858.6777926333252,449.84940691434207
NAUKRI,51,1911,65,NAUKRI,41659,NAUKRI,-66.0,22.019864999005865,1.019700661932224,21.830237914946444,248.50665129265357,187.00169348265374
NESTLEIND,39,7153,66,NESTLEIND,2272,NESTLEIND,-126.0,22.684993665171238,0.7696475781846921,29.28218266213165,244.38578423490216,77.43473228158268
NESTLEIND,40,7816,66,NESTLEIND,2741,NESTLEIND,-131.0,9.264764561636142,1.3672673652629352,21.88206094840819,734.7725437432737,122.54883568483349
NESTLEIND,41,6620,66,NESTLEIND,2721,NESTLEIND,-52.0,11.677390719202567,0.09057472468731897,20.24080024433448,148.10869448194367,232.44945410876946
NESTLEIND,42,7292,66,NESTLEIND,3186,NESTLEIND,83.0,6.949268062355724,0.21532578745631836,27.603139413742372,475.52093234944454,296.8429636086497
NESTLEIND,43,7913,66,NESTLEIND,3324,NESTLEIND,-321.0,19.714025773024474,0.9022864221214866,15.924389751188725,573.2022960819767,340.1710224601028
NESTLEIND,44,8675,66,NESTLEIND,3577,NESTLEIND,-1920.0,17.202375085607773,0.5615733138869383,26.337652065577675,323.02161850245295,102.42215398909147
NESTLEIND,45,9443,66,NESTLEIND,1822,NESTLEIND,-392.0,11.400189038182194,1.576580616673396,20.024526622096687,809.9438488859727,209.33870750518977
NESTLEIND,46,10149,66,NESTLEIND,1923,NESTLEIND,-927.0,12.271536941254876,1.4189300047719042,11.343838999923793,485.3979698466002,90.52368183545738
NESTLEIND,47,11178,66,NESTLEIND,1850,NESTLEIND,-1237.0,19.096229165605045,1.598604763339243,23.271241869367127,464.9323951197091,409.7927318135858
NESTLEIND,48,13191,66,NESTLEIND,2363,NESTLEIND,-580.0,5.3552354017531485,0.21636481618688408,25.795944646864996,105.75278280371286,292.9167773394113
NESTLEIND,49,14655,66,NESTLEIND,2363,NESTLEIND,-1635.0,6.599399381335114,1.4559059242845396,22.567357628380748,350.300343946184,85.25181653622656
NESTLEIND,50,18581,66,NESTLEIND,3244,NESTLEIND,-498.0,14.896962043336153,0.16960095636932415,11.85546149724107,637.6750408442018,126.44674915012295
NESTLEIND,51,15060,66,NESTLEIND,3894,NESTLEIND,-666.0,7.287426332583844,0.7604779597232456,18.301438524721085,324.4447856376433,169.68184039347983
NHPC,39,2229,67,NHPC,17494,NHPC,-746.0,12.487361191441193,1.1042390718165431,23.178406451212325,518.3828614364909,275.91908214680694
NHPC,40,3047,67,NHPC,17175,NHPC,-1864.0,23.683475498125645,0.5856483352940027,10.305307550241167,564.2313407843144,244.90315209880427
NHPC,41,3087,67,NHPC,19687,NHPC,-886.0,19.669822054394654,0.2327573406155481,12.824580999234232,694.5416937671389,323.76308712249124
NHPC,42,3571,67,NHPC,20572,NHPC,-1182.0,10.887271062876373,0.9032090816919849,14.707480717875276,599.4430104574801,372.7355305276121
NHPC,43,3739,67,NHPC,18756,NHPC,-2987.0,5.8227046895028245,0.3249725786416897,21.61124189988181,961.0915043154254,417.6877061933722
NHPC,44,3508,67,NHPC,19782,NHPC,-1607.0,7.162969928945479,0.5536351848842804,29.017674579624458,394.7289445404769,138.82841547804497
NHPC,45,4002,67,NHPC,20753,NHPC,-3084.0,15.150933671764333,1.4161342711837488,29.480079739010993,390.279624638627,59.505781453737285
NHPC,46,4562,67,NHPC,21336,NHPC,-4191.0,10.607692537644597,0.12217669840211731,12.826529942482273,249.88289369432584,84.20718482111039
NHPC,47,4371,67,NHPC,23008,NHPC,-5968.0,9.384133620773671,0.9555838428758192,22.13144976872309,125.82087946022823,190.24062392646655
NHPC,48,5131,67,NHPC,24876,NHPC,-1344.0,11.533788419564225,1.295422538953013,25.63126126268718,195.9520183067652,285.123439869247
NHPC,49,4423,67,NHPC,26916,NHPC,-4536.0,23.80911284422945,0.0824465857794181,20.817306069622305,433.99188270394194,193.68275957207527
NHPC,50,4825,67,NHPC,28657,NHPC,-2494.0,8.988207685917057,1.7407525764446852,24.93212577543035,914.0947239943678,247.61118437957768
NHPC,51,4675,67,NHPC,30104,NHPC,-4000.0,14.354558310892184,0.2742532356749581,11.655216026528933,743.0759116456082,383.0318754276104
NTPC,39,53370,68,NTPC,72995,NTPC,-19162.0,17.292785919950703,1.496930599371588,19.40118611150508,985.5603857480424,374.97217869639553
NTPC,40,58603,68,NTPC,79084,NTPC,-24480.0,15.76874633276768,0.8825978969091526,11.011787770714145,522.9904591850403,149.94694332733695
NTPC,41,62605,68,NTPC,73849,NTPC,-20678.0,20.422307018188345,0.011612695590505817,14.941052266691146,909.9738689229289,101.79776447228
NTPC,42,54829,68,NTPC,83330,NTPC,-24063.0,6.752590218092305,0.38866536098146565,11.923108149435729,535.2219573996296,384.76561093779395
NTPC,43,60445,68,NTPC,89593,NTPC,-29628.0,9.739273590609827,0.18627328623814332,11.493785093786402,893.9790835026201,357.1981700524209
NTPC,44,65598,68,NTPC,95318,NTPC,-21034.0,6.635906728615312,1.0905748302152654,23.220763533322085,231.51714282734673,383.36774599490616
NTPC,45,77576,68,NTPC,101462,NTPC,-22891.0,23.915896239431323,1.643853234896176,17.263907755852692,642.7086263578466,260.82179365966147
NTPC,46,77878,68,NTPC,108945,NTPC,-26145.0,18.57661407244912,1.1853179515235286,13.820904012109068,679.0017686864638,129.83499220336353
NTPC,47,77487,68,NTPC,116042,NTPC,-32141.0,18.225932614902923,0.09795238985019017,24.413137939152495,853.9954286111652,195.55584273562332
NTPC,48,92307,68,NTPC,125677,NTPC,988.0,22.129446862141112,1.6715781590290126,21.690905555116764,584.5438392065496,420.85644518458287
NTPC,49,128611,68,NTPC,137326,NTPC,-2709.0,12.78060620524653,0.2697952300408557,18.403396900713144,864.0299600979911,427.52295769423813
NTPC,50,127045,68,NTPC,151013,NTPC,-1474.0,12.223452590245326,0.7092954496941131,11.82471662955026,137.55132822187738,462.7287113256295
NTPC,51,133499,68,NTPC,158575,NTPC,-3899.0,18.196003680806513,0.9754060727579124,21.252411794312565,221.23724424822743,140.97978622373444
ONGC,39,118482,69,ONGC,148250,ONGC,-38256.0,20.475492907157644,0.9372155046545176,11.484212073992506,568.9683079230629,389.63077244638083
ONGC,40,124991,69,ONGC,167874,ONGC,-43815.0,18.979891224802977,1.450083475814614,23.8869821417484,622.7211161706495,196.8995747869766
ONGC,41,118610,69,ONGC,176177,ONGC,-66798.0,17.717296110121566,1.6480610232253265,24.182179574148556,236.02853173604376,379.0520072187311
ONGC,42,84901,69,ONGC,193536,ONGC,-37132.0,6.22649961983061,1.4226848618285082,28.518124217481077,170.88698663648807,387.0392941547478
ONGC,43,229702,69,ONGC,187969,ONGC,-53159.0,19.036419639065322,0.9123618638059967,20.54483246758906,111.3037358695633,136.68621472442754
ONGC,44,265817,69,ONGC,197602,ONGC,-39141.0,20.646858876299184,0.16564811532834733,18.11698226966122,449.7060207380395,280.9138869551338
ONGC,45,346805,69,ONGC,210644,ONGC,-41197.0,12.383273438073887,0.8240976347342501,26.469167763537037,886.3383096322757,267.1087626680053
ONGC,46,344623,69,ONGC,198814,ONGC,-74690.0,10.746405264345357,1.8701763160915141,13.81985337196445,287.7246276578866,375.1135933098394
ONGC,47,254375,69,ONGC,214691,ONGC,-57203.0,8.821453803792764,1.74042109974715,10.66649171067774,630.2901538848963,196.9997990745759
ONGC,48,411373,69,ONGC,253213,ONGC,-6927.0,21.115898217660448,1.0388769048060944,11.77623666314242,922.3144404674703,175.287979602846
ONGC,49,556764,69,ONGC,274357,ONGC,15225.0,15.631841298682517,1.8725735381107063,21.673839605107048,328.95020911833245,468.5089040383452
ONGC,50,488561,69,ONGC,330780,ONGC,-10641.0,17.996544911960104,0.19182891396779356,23.03955436253283,486.84070340799093,255.78380087002176
ONGC,51,572824,69,ONGC,345986,ONGC,-8972.0,13.496034668347342,1.6150887991055782,14.510408919902517,425.6776678163541,297.88553578947324
PFC,39,331,70,PFC,22360,PFC,-1973.0,14.001329214610509,0.7808503599178336,21.46008334385989,759.0191551280515,379.6886960290705
PFC,40,748,70,PFC,26202,PFC,-667.0,20.059388651791558,0.13251353978067937,28.606859869565262,293.59008250543656,354.59837581742613
PFC,41,1103,70,PFC,31091,PFC,1409.0,21.177695925486315,1.3284512279150633,28.674084851788756,510.7736758166942,173.51991696814935
PFC,42,2042,70,PFC,34708,PFC,-13463.0,7.437002274277454,0.9944182248550291,21.50674058526506,388.67909962786797,381.0669713628843
PFC,43,5538,70,PFC,34205,PFC,-73.0,16.70260429101862,0.4571763934196722,20.372125678860804,285.43402317229476,209.54620333587255
PFC,44,6583,70,PFC,37194,PFC,1741.0,21.75398030759309,1.5063820073419243,25.262268305020086,359.4132482179049,161.55502329801885
PFC,45,1696,70,PFC,44481,PFC,-547.0,20.167646381208627,0.4817819045664471,24.622527225523392,791.6196251507372,444.8571278904082
PFC,46,7332,70,PFC,46760,PFC,-1694.0,21.672656190889768,0.5105823923762016,10.108671957110928,459.8428979200839,427.1125295426453
PFC,47,7102,70,PFC,58127,PFC,-3409.0,20.863874773404852,0.842472939267257,29.19148885684724,657.9401077961475,252.267301637958
PFC,48,8215,70,PFC,69036,PFC,27947.0,16.364422846419693,1.7677473260465386,21.499518195901054,514.7692592426058,290.4862841708723
PFC,49,4167,70,PFC,81518,PFC,17671.0,21.11917354633811,1.8310902889804939,22.106539104042383,824.5439139845055,96.61907435685478
PFC,50,-27,70,PFC,97847,PFC,26916.0,15.354379693745377,1.736218537302441,16.38621229120813,195.44140542433476,495.20279107172803
PFC,51,882,70,PFC,106746,PFC,10383.0,7.990347254114152,1.90145264433641,29.19658755623685,256.0709750963458,263.6571373599405
PIDILITIND,39,3120,71,PIDILITIND,1600,PIDILITIND,-491.0,14.975274636619321,0.5164621832060037,27.855877183918935,147.85199785827595,248.33794020346028
PIDILITIND,40,3611,71,PIDILITIND,1901,PIDILITIND,-879.0,15.570202920957614,0.08744714281409438,13.810263540511379,725.0591666346717,335.4360371295738
PIDILITIND,41,4073,71,PIDILITIND,2219,PIDILITIND,39.0,24.07187269348608,0.680693099965169,24.84248470399465,185.36518399661992,68.94897435479737
PIDILITIND,42,4188,71,PIDILITIND,2587,PIDILITIND,-513.0,12.202181496597369,1.6452647661015076,17.881138973363115,227.21974309534176,240.55608491972413
PIDILITIND,43,4355,71,PIDILITIND,3420,PIDILITIND,103.0,10.121442113328207,0.9063569631584818,28.366279622841937,376.8811657321924,178.4300489362612
PIDILITIND,44,4737,71,PIDILITIND,3523,PIDILITIND,-1688.0,12.619087088285077,1.8141142610307248,24.749676767973227,774.9756170629856,341.19681039416207
PIDILITIND,45,5707,71,PIDILITIND,4097,PIDILITIND,-558.0,20.581152527009372,0.7701270460135905,23.447038312633694,294.5807618194057,84.06761395468254
PIDILITIND,46,5718,71,PIDILITIND,4405,PIDILITIND,-899.0,14.090981199348771,0.1500012860722697,13.549282833574182,831.4825616810894,300.3836568301602
PIDILITIND,47,5606,71,PIDILITIND,5542,PIDILITIND,-1769.0,19.813972155184338,0.22387877715680715,24.23825137932024,619.2315440315818,372.7012657692592
PIDILITIND,48,8065,71,PIDILITIND,6353,PIDILITIND,-339.0,22.365607479582607,1.3969981792242994,10.8228935738281,543.962293837798,415.315491398385
PIDILITIND,49,9813,71,PIDILITIND,7161,PIDILITIND,-242.0,9.11965141903352,1.5446167120343686,28.98692554071757,598.3320776596627,480.2739489446319
PIDILITIND,50,9675,71,PIDILITIND,8356,PIDILITIND,-165.0,14.914021947074687,0.5142875760980647,25.643037384381515,673.2732988470581,471.04026241414067
PIDILITIND,51,9949,71,PIDILITIND,8664,PIDILITIND,-371.0,7.6334806842912855,0.32604933285057625,25.218665804727426,145.10164832679575,70.60614470373764
PNB,39,12456,72,PNB,1114,PNB,-1352.0,10.706724235852448,1.3726891492639706,15.355788590590485,164.80497349733434,377.6225436781102
PNB,40,16112,72,PNB,1115,PNB,159.0,8.774370413863231,1.1476535798097356,15.531347671456743,775.384354735034,192.0343268394856
PNB,41,18760,72,PNB,1116,PNB,392.0,8.9723019858798,0.9549491873755205,16.42459625462341,256.48867031262785,397.6702424795074
PNB,42,27453,72,PNB,1117,PNB,-629.0,13.4963244712098,1.6219428360982313,29.23285711041793,290.70626877627126,213.12493314346102
PNB,43,22533,72,PNB,1118,PNB,-338.0,9.857411332254507,1.583170471669989,24.810858443124943,827.5027483937996,459.7487165408739
PNB,44,43345,72,PNB,1119,PNB,-787.0,10.605065212680003,0.9345087427741623,14.597448303139881,150.85204587034661,233.24411931926593
PNB,45,39645,72,PNB,1120,PNB,-1204.0,18.05774664036096,1.085227911967877,16.118529017400597,924.4528291999274,316.4824384832853
PNB,46,25867,72,PNB,1121,PNB,-732.0,11.625273589636702,0.6279241318593758,28.370986660978758,545.3125342192977,61.36452958123702
PNB,47,38601,72,PNB,1122,PNB,-1506.0,14.813015825123292,1.5637720153920993,15.03902482062779,967.7151279738439,419.0419280379725
PNB,48,36026,72,PNB,1123,PNB,-694.0,11.939498272740106,0.11237710915277277,14.4524949428865,191.07638172522286,75.71552358347797
PNB,49,41502,72,PNB,1124,PNB,2129.0,23.61928411171452,1.516576026400774,13.894669224471347,224.34242988973105,59.0496320693346
PNB,50,39623,72,PNB,1125,PNB,7451.0,11.233704232573254,1.432058428493608,16.957382618945754,178.98385453942979,381.94476646697194
PNB,51,36345,72,PNB,1126,PNB,5975.0,7.768783840876665,1.3196057575378126,11.123586176418545,773.6205605635033,73.17671147827265
POWERGRID,39,2244,73,POWERGRID,Mar 2013,POWERGRID,-21576.0,24.666940622077927,0.7750809068366225,22.033800065492713,840.4690503514473,469.92462545652853
POWERGRID,40,2588,73,POWERGRID,Mar 2014,POWERGRID,-23836.0,17.270599638761798,1.0243615881212078,23.165759053877128,766.2921655162398,429.25380359991465
POWERGRID,41,2613,73,POWERGRID,Mar 2015,POWERGRID,-25701.0,6.724800291341939,0.32823077498218844,20.897855335202408,710.3236127081051,101.01314197775162
POWERGRID,42,2468,73,POWERGRID,Mar 2016,POWERGRID,-18727.0,17.919838411429907,1.5951107770615416,25.365365872722162,763.9897261996097,286.83242471157513
POWERGRID,43,3247,73,POWERGRID,Mar 2017,POWERGRID,-10733.0,24.5160035214256,0.5864312629333075,22.78622531314376,255.21721394808293,351.9579837454346
POWERGRID,44,3993,73,POWERGRID,Mar 2018,POWERGRID,-9244.0,18.27822426343375,0.4071775537067477,16.788390842689214,568.5276291207606,480.9490873246147
POWERGRID,45,8140,73,POWERGRID,Mar 2019,POWERGRID,753.0,17.8984790976507,0.7205727184531847,13.571761124422778,930.4953155477152,421.79546381607673
POWERGRID,46,4858,73,POWERGRID,Mar 2020,POWERGRID,-7138.0,16.449239200259463,0.6856061031093588,23.361080368705444,852.6638911968746,400.84787320444065
POWERGRID,47,4734,73,POWERGRID,Mar 2021,POWERGRID,-13114.0,7.101111056531582,0.6676248702718575,18.405343558918435,229.63651237467732,169.7330899648931
POWERGRID,48,5796,73,POWERGRID,Mar 2022,POWERGRID,9962.0,5.7480454056352,1.9849180864502494,18.480997214291293,855.3396566149853,183.48730253625456
POWERGRID,49,6028,73,POWERGRID,Mar 2023,POWERGRID,13712.0,13.985151950145001,0.5597488719992711,21.45326248497899,768.3921823018801,255.83594202252658
POWERGRID,50,6017,73,POWERGRID,Mar 2024,POWERGRID,6399.0,14.490986254590519,1.809386883817439,15.315237328888692,750.141542982457,462.9497673305651
POWERGRID,51,6577,73,POWERGRID,Sep 2024,POWERGRID,5621.0,11.693507159343685,0.8724371681452581,29.754252734168652,853.8882821510712,304.47865795437133
RECLTD,39,365,74,RECLTD,16543,RECLTD,-756.0,8.369320146400517,0.5254995498072752,14.991961818511967,109.17224019191599,339.2609316033408
RECLTD,40,572,74,RECLTD,19816,RECLTD,-101.0,14.017046227436978,1.2044997082231108,21.742362704654873,676.464105693141,355.83907061844354
RECLTD,41,1149,74,RECLTD,24085,RECLTD,46.0,19.083613457382455,1.0618440096591757,24.022335192480355,586.9717877802833,302.22286612787525
RECLTD,42,1680,74,RECLTD,27906,RECLTD,457.0,11.854749415923001,1.591797796846566,18.877017594099527,346.13852646992996,81.21931556239156
RECLTD,43,1888,74,RECLTD,31696,RECLTD,121.0,13.855377818889618,0.34215317833709324,11.899139626996629,684.9694693257783,99.51890095712398
RECLTD,44,3379,74,RECLTD,30613,RECLTD,861.0,20.479409286221593,0.7198403692018569,28.320525205822282,821.3700866846385,80.50772098109285
RECLTD,45,1702,74,RECLTD,32571,RECLTD,-287.0,19.065665940807925,1.7924689907813518,19.41200621361497,100.92258726520372,164.65958740167326
RECLTD,46,3981,74,RECLTD,33422,RECLTD,-943.0,17.70624144806556,1.3007223301282733,25.8034420702588,709.4463252076018,308.2445117161199
RECLTD,47,3292,74,RECLTD,41789,RECLTD,-1831.0,11.348067876954923,0.9666848538478221,27.520576090111952,348.97131863724167,307.68890632177033
RECLTD,48,4838,74,RECLTD,49339,RECLTD,16059.0,21.544093967891275,0.3424040524451377,28.575889273669166,501.7108793269686,288.8602172158468
RECLTD,49,1858,74,RECLTD,55487,RECLTD,16815.0,7.32704074609469,0.8539873480811411,20.940909289520928,565.0860600358318,113.32433097959347
RECLTD,50,-366,74,RECLTD,66717,RECLTD,23098.0,11.68961465618847,1.4861379227308258,22.223776624581024,385.899084982208,409.57660246716654
RECLTD,51,630,74,RECLTD,70877,RECLTD,15291.0,24.272699378282866,1.5105625279608519,28.350149182426737,148.08218572031416,348.14494057735965
RELIANCE,39,362802,75,RELIANCE,179119,RELIANCE,-36186.0,20.361564660361786,1.9091001800954759,26.079591502995967,491.30743101994244,367.33702139823447
RELIANCE,40,398586,75,RELIANCE,195747,RELIANCE,-66201.0,20.824211305035107,0.9753190578258195,25.24135662107904,641.7671462355368,205.2400681637102
RELIANCE,41,336923,75,RELIANCE,215556,RELIANCE,-68192.0,12.385828652254718,0.4924072778857742,23.535460963062096,904.0630121161159,368.67219344852913
RELIANCE,42,230802,75,RELIANCE,228608,RELIANCE,-94507.0,10.894352265252824,1.314322397149423,23.15448176249546,751.5510223594313,247.87032160696444
RELIANCE,43,257647,75,RELIANCE,260750,RELIANCE,-72497.0,22.904876759312845,1.8906897010022448,16.47817533482159,350.45102985617336,131.90692063596683
RELIANCE,44,326508,75,RELIANCE,287584,RELIANCE,-142385.0,20.091427742251568,1.4475162537380164,29.389845794476216,886.4163982653052,174.241553484363
RELIANCE,45,484087,75,RELIANCE,381186,RELIANCE,-109162.0,11.338350072754944,0.3640550654358512,21.764533231469244,125.15947748228706,351.11637255599334
RELIANCE,46,507413,75,RELIANCE,442827,RELIANCE,-93001.0,7.325010370090668,0.06739887808987488,27.929247008265136,368.15947834065156,399.53546289208305
RELIANCE,47,385517,75,RELIANCE,693727,RELIANCE,-113581.0,8.226709586903649,0.8342124424392023,20.850969548698274,103.55603350597201,118.30611917147704
RELIANCE,48,586092,75,RELIANCE,772720,RELIANCE,408.0,7.372049125658428,1.3538062828669521,16.436615199486475,277.50747105046764,498.17519277629856
RELIANCE,49,734078,75,RELIANCE,709106,RELIANCE,13713.0,15.64107471780532,0.7564554279071889,17.127860623254882,977.5680585905963,336.8846045846303
RELIANCE,50,736543,75,RELIANCE,786715,RELIANCE,8444.0,18.081491953480114,1.2489196456821219,15.726399548714813,163.95493345910262,323.727584455659
RELIANCE,51,775710,75,RELIANCE,812687,RELIANCE,-3210.0,19.942820148315924,1.8639367206847248,14.335987495398513,996.843336172309,63.145792782222905
SBILIFE,39,14443,76,SBILIFE,1736,SBILIFE,-7204.0,8.2060449939879,0.46403268495856387,15.521831083969708,267.73392307181183,166.9044973117625
SBILIFE,40,16747,76,SBILIFE,2356,SBILIFE,-9032.0,11.052029367067481,1.1187869394654413,12.89923847800634,634.3214693406393,131.1453208867253
SBILIFE,41,22505,76,SBILIFE,3056,SBILIFE,-8910.0,20.77758667517191,1.9510029938420304,24.361596936090447,928.3017691421363,435.05008074504644
SBILIFE,42,18404,76,SBILIFE,3733,SBILIFE,-13552.0,24.988252719701403,1.8328716840220869,26.161138342106103,375.04415973526613,75.73402677868813
SBILIFE,43,29479,76,SBILIFE,4552,SBILIFE,-16986.0,17.768153580124018,1.8473233265992905,13.655903571500279,759.5350789537873,365.4554988446472
SBILIFE,44,32736,76,SBILIFE,5528,SBILIFE,-19203.0,17.84306678163116,0.710938652684739,24.435890515120093,882.3304065408645,410.4721670934992
SBILIFE,45,43130,76,SBILIFE,6576,SBILIFE,-21611.0,14.91771334829271,0.8397581461146639,25.195279583818383,263.5739586873111,241.9682785203791
SBILIFE,46,42447,76,SBILIFE,7743,SBILIFE,-30203.0,6.603490247843402,0.6362758172529743,23.32630820173658,316.02656168252275,204.28778959577554
SBILIFE,47,81040,76,SBILIFE,9400,SBILIFE,-31221.0,10.254779970977744,1.0020929977583344,10.647636114649277,368.79241821678204,342.22014476034013
SBILIFE,48,82254,76,SBILIFE,10622,SBILIFE,-58.0,24.579939901261675,0.41649220579794544,29.59361949082926,753.8625762708648,398.83369028330236
SBILIFE,49,80514,76,SBILIFE,12017,SBILIFE,-58.0,13.727018448449112,0.07778674237766592,24.16005700448375,197.35886663532563,491.42468612528825
SBILIFE,50,131742,76,SBILIFE,13907,SBILIFE,-117.0,19.924555889517677,1.4276764453532325,17.95241308065539,159.11969433164188,224.7122950970212
SBILIFE,51,129065,76,SBILIFE,15257,SBILIFE,-144.0,11.610511031947915,0.4916773643806256,27.56545948137308,904.1701884643352,106.20558802160352
SBIN,39,66283,77,SHREECEM,3809,SBIN,-2747.0,12.394770252173998,0.013120890038623712,27.501776167489073,731.2254439953361,66.93555158348371
SBIN,40,82198,77,SHREECEM,4676,SBIN,-4572.0,11.334377713602857,0.5397915844222325,23.818307155655358,714.2650766620179,225.98646468448445
SBIN,41,96675,77,SHREECEM,5241,SBIN,13053.0,15.34242872369402,1.2954076515079938,24.735968353113062,965.8560497906326,113.69753285147277
SBIN,42,109985,77,SHREECEM,6811,SBIN,220.0,22.29888510922969,1.0969200096422485,29.84975533494405,731.4816762045394,154.67406369933434
SBIN,43,145666,77,SHREECEM,7663,SBIN,-555.0,9.99537599765538,1.2581411791721417,15.571784077395023,851.2867535489552,436.64701379179445
SBIN,44,169065,77,SHREECEM,8862,SBIN,-3670.0,19.912967758083095,0.4957979699880335,23.64256509991835,827.4231140865381,476.58185000915046
SBIN,45,166104,77,SHREECEM,9636,SBIN,-2652.0,8.260927770353618,1.9028582190324321,12.97020284250131,591.7711164221076,231.1097219340603
SBIN,46,172909,77,SHREECEM,13133,SBIN,-966.0,13.294783793116595,1.5233468845179945,20.80293416065757,140.11805202535456,453.8790740114186
SBIN,47,192821,77,SHREECEM,15361,SBIN,-3476.0,24.798304717616137,1.6614938449626095,14.028525460359587,863.4245197741785,268.1331470293769
SBIN,48,197349,77,SHREECEM,17424,SBIN,-4424.0,8.561215930742732,1.2331303412072743,16.396279623509045,884.9285431445668,304.4629444586816
SBIN,49,204303,77,SHREECEM,18600,SBIN,3583.0,8.79606341240289,1.1251828298200133,24.997256045723034,184.52571658408425,162.32184709050063
SBIN,50,239750,77,SHREECEM,20667,SBIN,-1553.0,11.044276790791416,1.6386065696836316,23.43699008971791,775.7680349905552,399.15381120192313
SBIN,51,244759,77,SHREECEM,20843,SBIN,4348.0,18.764088856477752,0.3556182970114323,13.355660445480188,167.08968805433287,184.53530534357898
SHREECEM,39,3857,78,SHRIRAMFIN,7111,SHREECEM,-1265.0,18.33935938553479,1.9759539358959572,23.94033219523955,358.04740128377966,134.54228247400022
SHREECEM,40,4325,78,SHRIRAMFIN,8283,SHREECEM,-2048.0,14.683594906230578,0.5736498653527942,12.23548335358622,732.3520409990143,437.93248059584556
SHREECEM,41,4916,78,SHRIRAMFIN,9039,SHREECEM,-3595.0,18.1965448694217,0.2061070914344154,10.284354233573946,600.4408294003026,412.48190997996926
SHREECEM,42,4107,78,SHRIRAMFIN,9949,SHREECEM,-720.0,24.45490796528186,0.5847860734054859,15.392284306320615,460.29407155648767,392.13362877902784
SHREECEM,43,6081,78,SHRIRAMFIN,11105,SHREECEM,-5590.0,16.02436941534675,1.3186203580253029,14.060331892378565,333.4862381163013,389.6219679676643
SHREECEM,44,7360,78,SHRIRAMFIN,13463,SHREECEM,-2651.0,16.97577580330517,1.376530233002898,25.11526826495924,338.50461450340913,106.64407076993379
SHREECEM,45,9758,78,SHRIRAMFIN,15736,SHREECEM,-2143.0,12.579194478589674,1.598940103398919,13.524872384264732,862.8573972616131,301.9769427533917
SHREECEM,46,9098,78,SHRIRAMFIN,17915,SHREECEM,-2405.0,22.973094425698825,1.5752022249343518,16.862130100866718,839.387209268324,82.13100517700734
SHREECEM,47,9468,78,SHRIRAMFIN,21464,SHREECEM,-1418.0,23.280019375968322,1.6523881612329647,24.86655244293274,612.4540267556257,75.66599719866272
SHREECEM,48,11300,78,SHRIRAMFIN,25824,SHREECEM,-982.0,11.007773767319717,1.7424716207273638,13.79560478644425,378.5592726319568,488.6079639605456
SHREECEM,49,14893,78,SHRIRAMFIN,43138,SHREECEM,-156.0,8.66567324588633,0.4125287620855418,10.25652221522458,611.9907296978535,121.77519106951524
SHREECEM,50,16003,78,SHRIRAMFIN,48571,SHREECEM,-259.0,12.935022077700292,0.4956165706165965,16.568533407740873,688.4678632079662,466.32738415594537
SHREECEM,51,15576,78,SHRIRAMFIN,52016,SHREECEM,-271.0,16.008613650285294,0.6287225216418897,24.16025415418923,318.30771186529313,148.92632853976824
SHRIRAMFIN,39,1738,79,SIEMENS,6732,SHRIRAMFIN,-36.0,8.618685565720948,1.6142558846572446,10.493330702648912,272.54177182228744,362.0873000518319
SHRIRAMFIN,40,2244,79,SIEMENS,7619,SHRIRAMFIN,-2.0,18.77951557833427,0.7560833785907017,14.764066822426882,443.4660487842187,429.25603692764156
SHRIRAMFIN,41,2781,79,SIEMENS,8228,SHRIRAMFIN,86.0,15.551392812155633,0.2367407741286247,22.319112179735136,409.2028372922508,91.57244147621975
SHRIRAMFIN,42,3447,79,SIEMENS,8978,SHRIRAMFIN,-76.0,9.584550934686964,0.3969793111405375,14.52784977547497,195.8827821708988,199.0970872322064
SHRIRAMFIN,43,3712,79,SIEMENS,9421,SHRIRAMFIN,-55.0,9.962536080460382,1.5564476901235325,21.28343982870106,605.3364367373136,252.9781708061873
SHRIRAMFIN,44,3288,79,SIEMENS,10276,SHRIRAMFIN,-25.0,13.669726419920519,0.5013043417161922,29.80364703602095,898.9121095415696,153.70116980119712
SHRIRAMFIN,45,4171,79,SIEMENS,11539,SHRIRAMFIN,-34.0,20.790634159444437,1.316806317190502,15.2675438269574,699.8994148148539,185.28567771004006
SHRIRAMFIN,46,4683,79,SIEMENS,13016,SHRIRAMFIN,5076.0,12.743454472386189,0.6744742901871106,10.379003598728996,522.8338936415316,338.3585277774299
SHRIRAMFIN,47,4932,79,SIEMENS,15286,SHRIRAMFIN,-258.0,22.084704229322817,1.36160241995235,27.375578359954588,509.42761544191393,118.27245051691355
SHRIRAMFIN,48,5816,79,SIEMENS,0,SHRIRAMFIN,9060.0,15.99034240685468,0.16845280050010647,14.830958680057423,439.3608796034237,378.96643210830973
SHRIRAMFIN,49,8706,79,SIEMENS,0,SHRIRAMFIN,5010.0,20.852166518674633,1.4506185247098176,27.94331183965379,613.8259044389503,202.18617412081622
SHRIRAMFIN,50,10278,79,SIEMENS,25,SHRIRAMFIN,7836.0,18.22747550490027,0.0072705819050218334,23.015853641661252,549.1688010177006,407.08452524141774
SHRIRAMFIN,51,11228,79,SIEMENS,25,SHRIRAMFIN,2822.0,9.656848919933417,0.2987701611046083,29.44538328390362,918.5766882515502,453.35771298996514
SIEMENS,36,10784,80,SUNPHARMA,240.0,SIEMENS,264.0,18.146179892486927,0.585628743967326,12.366911861501624,742.4657822498182,314.1562981131149
SIEMENS,37,10559,80,SUNPHARMA,240.0,SIEMENS,130.0,15.328421638123842,1.8220548363992275,16.666394764967723,767.2876271748727,328.7214690802689
SIEMENS,38,9565,80,SUNPHARMA,240.0,SIEMENS,646.0,24.50946559771248,1.8844865127358181,10.209569292678411,784.6305851909697,175.06737704166804
SIEMENS,39,9815,80,SUNPHARMA,14886,SIEMENS,237.0,22.388316549764017,0.36275717496869464,23.706931926262556,990.2261149609499,475.4019279790833
SIEMENS,40,10008,80,SUNPHARMA,18318,SIEMENS,1321.0,12.508752518677008,1.6464393223836218,16.259517581685426,786.4312044580954,280.7665947724945
SIEMENS,41,11468,80,SUNPHARMA,25431,SIEMENS,-174.0,13.925163568674144,1.2657604750652085,27.460247749473456,980.0828898948741,495.68560371935183
SIEMENS,42,11594,80,SUNPHARMA,32742,SIEMENS,-1135.0,22.75338095232609,0.23761965451630362,22.321423010727486,471.02609749403916,191.44262337533772
SIEMENS,43,8944,80,SUNPHARMA,36400,SIEMENS,871.0,8.40727773221728,1.8420011600342072,14.186577699278866,666.5281912480825,126.38042691063582
SIEMENS,44,11746,80,SUNPHARMA,38074,SIEMENS,-2389.0,19.081808830652204,0.1757935771481134,10.1838933162534,140.82417820774583,295.35074683079165
SIEMENS,45,14278,80,SUNPHARMA,41169,SIEMENS,-34.0,5.004570848059262,0.3068803404811069,25.490922977956878,423.9402095782245,335.47000904819095
SIEMENS,46,17067,80,SUNPHARMA,45025,SIEMENS,-759.0,15.579861489278358,0.23477012691135446,29.307398264774648,969.9252689383792,314.7959843938622
SIEMENS,47,19136,80,SUNPHARMA,46223,SIEMENS,-502.0,18.447724541437122,0.899116561566375,25.529120905884934,497.7247827205844,288.6584778744159
SUNPHARMA,39,6346,81,TATACONSUM,4748,SUNPHARMA,-3949.0,12.689371002685007,1.2417993504320874,22.922824109457096,299.5070972446229,492.57511964088394
SUNPHARMA,40,9078,81,TATACONSUM,5787,SUNPHARMA,-4186.0,13.74375087343348,0.09019244538932303,25.385751668788394,451.2855906651181,417.46747969898337
SUNPHARMA,41,19498,81,TATACONSUM,5431,SUNPHARMA,-3104.0,22.5032015419526,0.722880822585245,29.470406573879803,146.40204532319854,53.97031151785629
SUNPHARMA,42,20313,81,TATACONSUM,6184,SUNPHARMA,-310.0,17.358774035340552,1.9359439703661818,18.906026717900644,430.891017205023,334.5753589973368
SUNPHARMA,43,21476,81,TATACONSUM,6202,SUNPHARMA,-2225.0,24.519695457766154,1.7329605012386955,17.24802749165356,587.7842612797192,141.67100989008884
SUNPHARMA,44,20858,81,TATACONSUM,6968,SUNPHARMA,407.0,17.183114661756342,1.2010418321774305,10.882059527435498,715.951759753956,365.6884966873946
SUNPHARMA,45,22689,81,TATACONSUM,7269,SUNPHARMA,-5556.0,5.89379340765314,1.3132656380734058,24.28885217129974,212.25516422930724,395.529157596982
SUNPHARMA,46,25855,81,TATACONSUM,13723,SUNPHARMA,-7220.0,20.41168371807145,0.42616179552605815,28.878189698630447,839.302323685204,311.97413442255294
SUNPHARMA,47,25028,81,TATACONSUM,14442,SUNPHARMA,-763.0,23.055615420799395,0.8002893230711521,28.730197224483106,520.4519201628901,242.61526929099608
SUNPHARMA,48,28397,81,TATACONSUM,15050,SUNPHARMA,-665.0,6.6241458212544195,1.8830349766416603,26.51376929394868,718.4512302211851,276.7059741973651
SUNPHARMA,49,32235,81,TATACONSUM,16184,SUNPHARMA,507.0,8.538206993600426,1.3837730181756618,26.036895340674903,399.5685067478893,291.7417811979463
SUNPHARMA,50,35479,81,TATACONSUM,15962,SUNPHARMA,-1187.0,9.66983542983887,0.1304238806365594,29.25520346864548,925.8758017823944,244.41759572125562
SUNPHARMA,51,36249,81,TATACONSUM,19033,SUNPHARMA,-1889.0,8.847189997361708,0.08269457943576963,15.786275197102446,752.9025715243259,231.41109219123646
TATACONSUM,39,6581,82,TATAMOTORS,36999,TATACONSUM,145.0,19.207355519598394,0.9802758105972582,15.437776691949805,798.8650195689236,95.52205977677613
TATACONSUM,40,6986,82,TATAMOTORS,64960,TATACONSUM,145.0,14.7153808694761,0.5084226891669226,28.541246492654714,662.8695437056489,410.9240616797221
TATACONSUM,41,7201,82,TATAMOTORS,55618,TATACONSUM,-31.0,18.293227859728557,0.4813358284287159,10.055042841101221,765.0800261334324,229.19962150099022
TATACONSUM,42,6271,82,TATAMOTORS,78273,TATACONSUM,53.0,13.243879930163306,0.4654473868876472,11.863090071995545,832.925872347166,223.6507021929802
TATACONSUM,43,5988,82,TATAMOTORS,57383,TATACONSUM,-622.0,6.119698008176053,1.1685757518815085,28.661662038468947,768.7064952166937,353.6787079939653
TATACONSUM,44,5976,82,TATAMOTORS,94749,TATACONSUM,-346.0,14.136458032225212,0.5487096990258644,22.211787579209293,851.6705900636179,426.2526193664054
TATACONSUM,45,6466,82,TATAMOTORS,59500,TATACONSUM,-1317.0,22.622657025933407,0.9230741408118239,15.508592106884265,355.9867230031706,453.5412464340186
TATACONSUM,46,8345,82,TATAMOTORS,62359,TATACONSUM,-834.0,9.066467164215418,1.1883792749861546,21.322069939789472,614.0765038595696,461.76652173705196
TATACONSUM,47,10058,82,TATAMOTORS,54481,TATACONSUM,-1911.0,19.03783465459061,0.4695265954709944,11.964342420521973,487.760918926301,90.54668885246915
TATACONSUM,48,10707,82,TATAMOTORS,43795,TATACONSUM,186.0,16.748274967330932,1.3058410497922208,20.06706019904081,393.3766251450644,325.52399864147014
TATACONSUM,49,11927,82,TATAMOTORS,44556,TATACONSUM,-363.0,10.84406699039842,0.3917621984363704,10.38904527758044,266.25508688566254,163.0694205070575
TATACONSUM,50,12922,82,TATAMOTORS,84152,TATACONSUM,-392.0,21.24392543947862,1.696727191156369,25.57895262063617,492.6061728203471,222.3261039678751
TATACONSUM,51,13802,82,TATAMOTORS,100326,TATACONSUM,-282.0,5.821833092295963,0.9042837497987071,16.183418473936264,807.2855943601766,477.6494054622966
TATAMOTORS,39,164197,83,TATAPOWER,12098,TATAMOTORS,-36694.0,10.563509062374635,0.37971447316466866,28.502937041999164,914.2616339513229,258.62186902384076
TATAMOTORS,40,197980,83,TATAPOWER,12164,TATAMOTORS,-39571.0,15.400379472115466,0.10022943698206865,27.74483048188672,561.5064773131871,65.47499452194425
TATAMOTORS,41,223920,83,TATAPOWER,14048,TATAMOTORS,-25139.0,17.009357548019253,1.3310678521683612,22.47330000728934,126.32611187726606,439.3929301373757
TATAMOTORS,42,234650,83,TATAPOWER,11363,TATAMOTORS,-20878.0,24.87885387825805,0.8880855133821601,13.165615417040664,133.6382007820849,455.7963473725451
TATAMOTORS,43,240104,83,TATAPOWER,12944,TATAMOTORS,-33115.0,7.580058538396141,1.107753535476165,25.42823252641462,725.1674673927104,80.9929541669394
TATAMOTORS,44,260093,83,TATAPOWER,16129,TATAMOTORS,-25672.0,24.197355796236888,1.8232671053409153,28.583149990774697,775.8267069549943,471.232241945387
TATAMOTORS,45,277274,83,TATAPOWER,18035,TATAMOTORS,-4444.0,6.058863432181914,1.3802022876798494,21.01917483892965,757.332326014083,205.33602919595245
TATAMOTORS,46,243081,83,TATAPOWER,19296,TATAMOTORS,-15417.0,10.165571883537371,0.8659233609151602,12.017624678619775,354.85707548505115,471.3776711030696
TATAMOTORS,47,217507,83,TATAPOWER,22003,TATAMOTORS,-22782.0,23.22275640728856,0.5092386879346944,18.477036520317807,437.25786954194916,90.6389656711229
TATAMOTORS,48,253734,83,TATAPOWER,22122,TATAMOTORS,-1692.0,11.410439394880065,1.4716200683113814,20.778735876638684,491.5387521118231,167.1501525342865
TATAMOTORS,49,314151,83,TATAPOWER,28468,TATAMOTORS,-3883.0,15.341483611250293,0.7511137001299029,29.01143388173509,798.8910687713428,87.93659099693352
TATAMOTORS,50,378389,83,TATAPOWER,32036,TATAMOTORS,5201.0,23.32527697709677,0.76100759352501,27.09082666846879,387.2773795432605,375.728547815724
TATAMOTORS,51,379564,83,TATAPOWER,33360,TATAMOTORS,-3795.0,24.28467506006917,1.000582806250453,26.51856442048547,934.1599559562123,443.36372981013466
TATAPOWER,39,27583,84,TATASTEEL,33201,TATAPOWER,-1805.0,8.907167347578298,0.6655264203247637,18.030597820796167,518.9300184217302,498.2050022891619
TATAPOWER,40,28810,84,TATASTEEL,39561,TATAPOWER,-7373.0,9.667051423673563,1.6904984978042445,29.87522521158796,170.65760430589927,70.73026763395106
TATAPOWER,41,27292,84,TATASTEEL,30378,TATAPOWER,-1512.0,22.344594331550958,0.37939133607723163,16.76870548670972,483.3334584518611,318.0260110954954
TATAPOWER,42,27389,84,TATASTEEL,42762,TATAPOWER,-272.0,15.107109378709326,1.3683328516015698,13.465297630617005,641.7834621517972,200.97710781934762
TATAPOWER,43,22114,84,TATASTEEL,36849,TATAPOWER,-493.0,20.58884835848849,0.29494390352095046,26.830493726422276,888.2665412097102,303.01227660467276
TATAPOWER,44,24545,84,TATASTEEL,59726,TATAPOWER,993.0,22.2187867605053,0.6873572637265846,25.07385336450717,970.2705683142057,163.34409126980466
TATAPOWER,45,26811,84,TATASTEEL,67780,TATAPOWER,-6250.0,17.687114159214744,1.64067408442623,17.232307450005983,922.4723639299324,80.43449983747745
TATAPOWER,46,22331,84,TATASTEEL,72431,TATAPOWER,-7263.0,22.42885433039018,0.42644096478041305,11.663030622263385,891.6519998449951,452.59244561374925
TATAPOWER,47,25782,84,TATASTEEL,73041,TATAPOWER,-9027.0,22.441509687867796,0.8654592103608572,11.943056486837555,438.7637535971945,144.9662137173697
TATAPOWER,48,35785,84,TATASTEEL,113222,TATAPOWER,-593.0,12.998119480042348,1.5837767676844605,18.234153614769376,720.2273910790442,258.05477266527924
TATAPOWER,49,47381,84,TATASTEEL,101861,TATAPOWER,-3265.0,13.60627659716603,1.8153739728198954,13.1793522428814,910.4792387119167,93.85009833534582
TATAPOWER,50,50714,84,TATASTEEL,90788,TATAPOWER,-2239.0,5.311066142641073,1.9647308538370463,20.544166802536324,392.3046520330713,265.9752322776461
TATAPOWER,51,52432,84,TATASTEEL,88900,TATAPOWER,-6183.0,12.74824269236704,1.8035434842334321,21.899791073464733,654.9627384130284,260.61072964053864
TATASTEEL,39,130746,85,TCS,38350,TATASTEEL,-8794.0,12.482261474779433,1.545491027388359,24.34975493186638,870.8019354119749,469.4449829217688
TATASTEEL,40,132430,85,TCS,48999,TATASTEEL,-9490.0,7.349714563116317,0.16815780029484206,18.508780190783725,495.5756894994665,422.06670187167816
TATASTEEL,41,136095,85,TCS,50439,TATASTEEL,-11730.0,12.356740720776791,1.278298461854628,11.551146858895898,996.1209997193096,345.6083119709935
TATASTEEL,42,102590,85,TCS,70875,TATASTEEL,-29176.0,11.778645151465097,0.24092972951563651,16.179607641892808,150.64405924166613,455.768330285308
TATASTEEL,43,99156,85,TCS,86017,TATASTEEL,-14012.0,8.438485406455598,0.33614887089785705,24.2361213801444,726.5946562109525,141.33164761227545
TATASTEEL,44,101816,85,TCS,84937,TATASTEEL,-9437.0,19.283498153847656,0.3538751558345481,17.28751258644565,264.0205167799238,105.02517360890057
TATASTEEL,45,128351,85,TCS,89071,TATASTEEL,-10905.0,18.276220865052185,0.21655607240370123,18.358510786440537,274.54970027884104,190.00224725671367
TATASTEEL,46,122354,85,TCS,83751,TATASTEEL,-18179.0,20.68738657440923,1.5178548324569816,12.572718602678176,393.1784522213072,212.00561835471396
TATASTEEL,47,125790,85,TCS,86063,TATASTEEL,-14253.0,9.476274409147624,1.9784001470963162,29.032766161526496,221.96269533207555,281.54040185400856
TATASTEEL,48,180469,85,TCS,88773,TATASTEEL,-1780.0,16.434891001727006,0.6840074506316527,23.743656510818635,358.9438090070136,474.7298284984858
TATASTEEL,49,211053,85,TCS,90058,TATASTEEL,1015.0,8.5729081699636,0.7577263262678486,29.608651854985734,106.98630352753591,467.62570235475505
TATASTEEL,50,206923,85,TCS,90127,TATASTEEL,-2617.0,8.02596848421966,1.9754398890475375,24.17403124574941,190.94115928784146,110.40960078512012
TATASTEEL,51,195697,85,TCS,101133,TATASTEEL,-4729.0,23.519647940694583,1.2263043642503293,21.823802001602587,155.6980315722207,287.05431065232574
TCS,39,44950,86,TECHM,Mar 2013,TCS,Mar 2016,8.21251401028778,1.6579693480313415,10.385890896536754,893.2865090225076,456.04712543034816
TCS,40,56657,86,TECHM,Mar 2014,TCS,Mar 2017,24.48142875506081,0.7391081121810461,11.555909569046658,611.9554935270685,354.29476435622826
TCS,41,70167,86,TECHM,Mar 2015,TCS,Mar 2018,10.756578341827188,0.4042858798659892,28.78201368998372,241.03016398408087,322.0648050546377
TCS,42,77969,86,TECHM,Mar 2016,TCS,Mar 2019,24.79635462468355,1.1949188499301764,14.135567938040314,158.9126927481395,319.1652754679906
TCS,43,85655,86,TECHM,Mar 2017,TCS,Mar 2020,23.033149618232045,1.3516722964320256,24.343464600270607,409.3657332568223,438.4075396904575
TCS,44,90588,86,TECHM,Mar 2018,TCS,Mar 2021,9.63404221726873,0.5411916889230179,12.276391294464105,879.9010030273298,234.75379387432685
TCS,45,106957,86,TECHM,Mar 2019,TCS,Mar 2022,18.90796995833278,0.9849510684148701,11.795679059759653,606.3825218226016,201.2252481434523
TCS,46,114840,86,TECHM,Mar 2020,TCS,Mar 2023,19.223136896347995,0.9661551061908686,13.916296200194155,302.36068225491965,466.24225393532686
TCS,47,117631,86,TECHM,Mar 2021,TCS,Mar 2024,24.589198073930998,0.6291672381985207,16.45397702835128,473.4060665430204,265.23999629574473
TCS,48,138697,86,TECHM,Mar 2022,TCS,11615.0,9.635568121780446,1.6319454875589763,14.739306894878826,683.8540239232452,410.41251939533805
TCS,49,166199,86,TECHM,Mar 2023,TCS,14751.0,12.479024355547201,0.7723108414105557,24.40055670852122,391.1154244713095,73.87152797962747
TCS,50,176597,86,TECHM,Mar 2024,TCS,19369.0,11.5933179356927,0.08675974311512458,15.675882103285632,677.8100226251922,425.3609338926715
TCS,51,184491,86,TECHM,Sep 2024,TCS,19109.0,24.218255057853003,1.955754316883695,15.777321850605448,124.77533337075513,62.57132661111038
TECHM,39,5451,87,TITAN,1881,TECHM,-1453.0,11.519756627457891,1.6224062938841384,24.48303024030773,998.2547814894493,225.43950747186173
TECHM,40,14630,87,TITAN,2434,TECHM,-2893.0,22.77760970207873,0.8266179367043385,20.775267469698974,860.9895637166699,76.9253348937813
TECHM,41,18428,87,TITAN,2995,TECHM,-3319.0,18.532989555136737,0.29597681197099623,11.037313718369244,119.91339206780408,304.1663574050415
TECHM,42,22234,87,TITAN,3418,TECHM,-2104.0,23.19129432704582,0.485652709655382,25.220088000921834,337.0434927392805,315.88034181680314
TECHM,43,24956,87,TITAN,4144,TECHM,1081.0,24.67804081409966,1.5006657855167254,16.47485476825647,727.8182321193884,107.34593918641141
TECHM,44,26063,87,TITAN,5001,TECHM,-5433.0,23.508662372540936,0.7169377943639645,28.49676176006892,127.54542845631053,158.0621516170828
TECHM,45,28471,87,TITAN,5981,TECHM,480.0,15.290098462185473,1.9272367946325482,20.634644103128537,983.4585281402,95.73199942272342
TECHM,46,31365,87,TITAN,6580,TECHM,-226.0,15.355877115614753,0.4942912589650228,29.834450210756703,328.84688954279375,330.69792213379446
TECHM,47,31059,87,TITAN,7408,TECHM,-1318.0,10.176669545009906,1.576524770470767,25.566679184059744,971.4716176782844,224.0989690685841
TECHM,48,36626,87,TITAN,9214,TECHM,65.0,15.454164773987893,0.1702469836565994,26.35516995362296,314.852011769641,244.6935640361273
TECHM,49,45527,87,TITAN,11762,TECHM,-972.0,22.340653547853197,0.38203399444250885,12.77818270163756,669.3844929293814,351.95597310204283
TECHM,50,47489,87,TITAN,9304,TECHM,-829.0,14.90158585883149,0.3524818672194927,15.387104040511097,893.4695496840981,212.07916261635145
TECHM,51,46253,87,TITAN,9647,TECHM,-496.0,18.38741868192301,1.7894778032021228,23.587298434995237,905.5007945993281,385.13286666162867
TITAN,39,9109,88,TORNTPHARM,1380,TITAN,-159.0,21.49943538960227,0.07017116147962454,24.441003254482112,261.7487343431339,297.0880044269928
TITAN,40,9880,88,TORNTPHARM,1818,TITAN,-953.0,23.54018421825576,1.2400034966439442,22.810709642099738,881.9022627881287,228.19879351084234
TITAN,41,10761,88,TORNTPHARM,2406,TITAN,98.0,19.294842629211573,1.4702162328732717,14.345189538827235,577.5065084274214,67.46930751455096
TITAN,42,10337,88,TORNTPHARM,3409,TITAN,-797.0,14.63522031050066,1.71007039611349,19.015910222963868,246.2406980119084,139.23384020350449
TITAN,43,12097,88,TORNTPHARM,4266,TITAN,235.0,7.111056785170176,0.04462846572515855,21.7080302335893,112.99092152282482,332.1637722270999
TITAN,44,14476,88,TORNTPHARM,4538,TITAN,-2799.0,17.996635358809336,1.6281723128870307,27.937742516629072,276.4036772019591,155.46568770604745
TITAN,45,17785,88,TORNTPHARM,4640,TITAN,1165.0,18.60349562462127,0.20042318131200276,16.411169971715687,784.0767269481895,303.53962314803755
TITAN,46,18589,88,TORNTPHARM,4739,TITAN,-1814.0,6.457054487164278,1.619833546623223,22.679969607298524,198.56143892305812,455.37119610469574
TITAN,47,19919,88,TORNTPHARM,5753,TITAN,-189.0,9.032136154917938,0.20601410731289516,25.139007064333946,769.0125881737191,356.9529386302007
TITAN,48,25455,88,TORNTPHARM,5868,TITAN,-236.0,8.393836649042534,0.5572192161333569,12.79715201556963,215.00082379495345,92.54127299924554
TITAN,49,35693,88,TORNTPHARM,6029,TITAN,497.0,7.416489784020499,0.41746233313271786,10.108758585915727,648.6237493389982,177.10956708075344
TITAN,50,45792,88,TORNTPHARM,6687,TITAN,-1005.0,23.449553836163787,1.9218151565242134,11.209781681422534,600.7140607352778,295.6450937260996
TITAN,51,49219,88,TORNTPHARM,7335,TITAN,-505.0,7.031424211765234,1.0267679007695267,28.076345746023755,143.96526158683804,146.28999619466742
TORNTPHARM,39,2506,89,TRENT,1198,TORNTPHARM,-869.0,20.253548957088476,0.14712987832221747,23.474170430246588,544.2556363541767,318.48606768453607
TORNTPHARM,40,3216,89,TRENT,958,TORNTPHARM,-798.0,5.032990767317351,0.5810373071001746,17.387467815959553,748.713929034284,357.3419028949725
TORNTPHARM,41,3616,89,TRENT,1389,TORNTPHARM,-4677.0,5.105803765654864,0.9365835941286247,22.883401442332918,300.1035092515301,179.57882331972172
TORNTPHARM,42,3954,89,TRENT,1431,TORNTPHARM,-246.0,13.737469775404037,1.779544303487245,16.99784784363529,419.90848091495934,230.8489712102457
TORNTPHARM,43,4438,89,TRENT,1514,TORNTPHARM,229.0,16.591716720708288,0.737774731035417,11.708513325971165,883.5580797063037,332.2527018609845
TORNTPHARM,44,4601,89,TRENT,1562,TORNTPHARM,-444.0,19.497325598158824,0.8343695775602558,19.33412739938341,129.27971008517164,440.5695184876277
TORNTPHARM,45,5690,89,TRENT,1613,TORNTPHARM,-196.0,10.642549148562967,0.6988405506051172,26.687851970151407,922.8895778154196,201.49543335948053
TORNTPHARM,46,5769,89,TRENT,2352,TORNTPHARM,-2335.0,14.578300652804913,0.505503603923094,13.406692443249549,950.9411500666024,241.58042113432995
TORNTPHARM,47,5524,89,TRENT,2277,TORNTPHARM,-160.0,22.408373534549934,0.16575221144556185,24.564661022399406,933.9614479115919,211.17103411520512
TORNTPHARM,48,6077,89,TRENT,2328,TORNTPHARM,20.0,21.573264193173795,1.481561478494807,21.842430769606633,254.81725208784894,50.1598287550849
TORNTPHARM,49,6778,89,TRENT,2560,TORNTPHARM,86.0,9.058180470987352,1.1604622763379964,16.392715341538363,265.1956171720816,318.76629228470637
TORNTPHARM,50,7360,89,TRENT,4032,TORNTPHARM,1212.0,23.48674323862131,0.5049451342310689,18.66633814937515,407.0431198376772,134.88314815297525
TORNTPHARM,51,7662,89,TRENT,4644,TORNTPHARM,-1435.0,17.861788399905137,0.7196481520293831,14.250308771910502,578.4057742282473,147.41425318452565
TRENT,39,2128,90,TVSMOTOR,851,TRENT,-98.0,7.112522469796092,1.2597379471492358,10.68671688154986,746.4239397729059,189.1101820510765
TRENT,40,2343,90,TVSMOTOR,1113,TRENT,-44.0,11.321797129128795,0.4117736596308359,28.22440745267029,619.3929336997119,406.8901939944775
TRENT,41,2196,90,TVSMOTOR,1277,TRENT,-4.0,9.327206438220458,1.947156728486228,20.745194912857507,633.6902545880469,271.2778850403736
TRENT,42,1596,90,TVSMOTOR,1771,TRENT,-37.0,12.045688942031518,0.19399753234049832,12.329784331004115,315.5375527158694,104.04953087543473
TRENT,43,1679,90,TVSMOTOR,2169,TRENT,-809.0,11.114023035225312,1.6573021626919815,11.427223166380184,800.0133277735673,312.30759726969666
TRENT,44,1949,90,TVSMOTOR,2630,TRENT,18.0,8.290706570653814,1.030968740561311,10.143287773108511,188.9538411488217,196.35667523365578
TRENT,45,2390,90,TVSMOTOR,3123,TRENT,56.0,7.920850902022005,1.96214065711614,14.157037146068534,268.6557853274645,367.71800901291067
TRENT,46,2957,90,TVSMOTOR,3235,TRENT,-103.0,21.494660080362763,0.3600915749289393,23.55594237627095,971.9679688256837,62.34190945734774
TRENT,47,2479,90,TVSMOTOR,3779,TRENT,-508.0,7.273948353045803,1.156292031210276,14.623354548582554,347.58012290834927,398.1626953603875
TRENT,48,3903,90,TVSMOTOR,4352,TRENT,147.0,7.470132117744866,0.18091196881592686,10.94545028102077,343.0303445245844,170.75947483006098
TRENT,49,7128,90,TVSMOTOR,5457,TRENT,-50.0,7.510267304217,0.8708379283092234,25.839235281291884,203.75093243392462,448.85094505229137
TRENT,50,10404,90,TVSMOTOR,6736,TRENT,310.0,8.687860533712302,0.6560574582210481,12.768983293500666,535.2141005875428,458.13910427748067
TRENT,51,12672,90,TVSMOTOR,7712,TRENT,-13.0,13.24397544632481,1.7615796639231216,25.858006586707706,431.7785488477917,253.07004099312041
TVSMOTOR,39,7072,91,ULTRACEMCO,14955,TVSMOTOR,-605.0,13.193714214013518,1.4717038388131847,16.084664933994254,576.5305118767918,174.80657773104826
TVSMOTOR,40,7892,91,ULTRACEMCO,16908,TVSMOTOR,-709.0,7.940525661880988,1.4481885270714117,22.728121780020363,696.3512850776391,367.3892337447956
TVSMOTOR,41,9650,91,ULTRACEMCO,18767,TVSMOTOR,-1095.0,22.80497978147183,1.5744538288109358,12.359262999621276,202.88549671995384,427.3892239897248
TVSMOTOR,42,10558,91,ULTRACEMCO,21671,TVSMOTOR,-1104.0,8.49152328778866,1.3311237251785368,15.622471570557908,849.5406415434288,414.2115076528852
TVSMOTOR,43,11591,91,ULTRACEMCO,24117,TVSMOTOR,-1090.0,24.051990638015866,0.09769677542737609,29.454739433063235,689.459475495739,295.89074351514523
TVSMOTOR,44,14769,91,ULTRACEMCO,26107,TVSMOTOR,-882.0,18.166166530890358,0.42112730133192633,28.20554106552375,252.89369546119008,121.35518522833321
TVSMOTOR,45,17997,91,ULTRACEMCO,33476,TVSMOTOR,-1471.0,21.689967412855022,1.6032849079750597,11.041480289137374,745.4416469588832,206.99946352810366
TVSMOTOR,46,16585,91,ULTRACEMCO,38755,TVSMOTOR,-1308.0,14.021888525154386,0.7827092156438353,11.18800730037686,956.2538052462396,470.97021373179774
TVSMOTOR,47,17189,91,ULTRACEMCO,43886,TVSMOTOR,-1001.0,9.105980613863426,0.18132677255607632,27.167500652016447,302.4184324418695,497.0080639577969
TVSMOTOR,48,21601,91,ULTRACEMCO,50147,TVSMOTOR,-402.0,15.04220108766592,0.955068382799553,17.91187740248224,954.5233401938293,382.8745843455996
TVSMOTOR,49,27947,91,ULTRACEMCO,54036,TVSMOTOR,-216.0,5.800691768718888,0.2596152329798884,20.334411690361332,888.0801942166781,336.45325929759855
TVSMOTOR,50,33645,91,ULTRACEMCO,59939,TVSMOTOR,261.0,16.40501029626293,1.9453156205980635,13.880726458915113,206.33974165872934,149.10937691612386
TVSMOTOR,51,36696,91,ULTRACEMCO,61076,TVSMOTOR,-319.0,13.47085128980084,1.8973062028837249,19.878710824030286,359.5105455348797,452.8820345581512
ULTRACEMCO,39,15674,92,UNIONBANK,22361,ULTRACEMCO,-3673.0,17.4344901957131,0.03896001373980118,16.60079629601162,418.47922334139776,472.1556577929424
ULTRACEMCO,40,16695,92,UNIONBANK,23406,ULTRACEMCO,-2501.0,9.619533267698309,1.5425585858040745,12.591422817349171,812.4901567984444,256.8500231788536
ULTRACEMCO,41,18881,92,UNIONBANK,24083,ULTRACEMCO,1866.0,15.80665503788432,1.384948292452449,27.221203796261314,292.5467365724518,357.2440560972822
ULTRACEMCO,42,20252,92,UNIONBANK,25073,ULTRACEMCO,1165.0,9.315744353008919,1.1853759961068167,29.50100036352407,973.898055855452,181.79599893547683
ULTRACEMCO,43,20162,92,UNIONBANK,30567,ULTRACEMCO,-4192.0,11.04426067500514,1.7432237827157224,16.756432476521567,691.2175500471751,242.477163556946
ULTRACEMCO,44,24834,92,UNIONBANK,58331,ULTRACEMCO,-8856.0,22.69745132832834,0.41122336481251165,11.793696542046755,256.4952533401545,51.52424147832313
ULTRACEMCO,45,34115,92,UNIONBANK,64026,ULTRACEMCO,2257.0,22.730464393965313,1.8404453045526135,11.011145289206397,815.4614890272218,340.8126100711124
ULTRACEMCO,46,33184,92,UNIONBANK,71969,ULTRACEMCO,-7188.0,9.019457432349668,1.8841555572137776,18.90473139692655,794.5054363015158,164.51861366904973
ULTRACEMCO,47,33158,92,UNIONBANK,89964,ULTRACEMCO,-8789.0,6.309458012568452,0.7507439750909903,16.67961012943887,930.3749421083296,189.65519426970945
ULTRACEMCO,48,41084,92,UNIONBANK,287589,ULTRACEMCO,715.0,13.837175500629261,0.14390046006745072,18.809440222904982,994.4752781868003,244.30520726379282
ULTRACEMCO,49,52620,92,UNIONBANK,327078,ULTRACEMCO,-949.0,22.580362332914813,1.4114969987976858,20.49363218018682,302.2895089825387,402.4577815996904
ULTRACEMCO,50,57940,92,UNIONBANK,352618,ULTRACEMCO,-2110.0,14.24076377839397,0.9776431616261765,28.474478003435642,129.06091301798773,368.8638666062417
ULTRACEMCO,51,59261,92,UNIONBANK,374754,ULTRACEMCO,-844.0,6.89783338201158,0.16189134894117818,18.921448798153868,724.2878159687249,256.08161594923456
UNIONBANK,39,7268,93,UNITDSPR,4661,UNIONBANK,-9.0,9.308441294992601,0.8106794293814594,26.459526433168726,813.9204135667096,68.57551662555318
UNIONBANK,40,8829,93,UNITDSPR,2887,UNIONBANK,-280.0,12.030656306949549,1.0331094839404655,27.909076066779136,828.0980492414791,54.08430117914495
UNIONBANK,41,9498,93,UNITDSPR,514,UNIONBANK,-315.0,6.882822760232212,0.9068529124822371,18.717356692330934,373.0843611074323,228.70219344848903
UNIONBANK,42,10349,93,UNITDSPR,1489,UNIONBANK,-297.0,24.569359303591213,1.2097404768850957,25.62160458073063,251.94860569395402,222.29137626889266
UNIONBANK,43,13871,93,UNITDSPR,1640,UNIONBANK,-4.0,13.483675060761033,0.14758119798965486,24.775081955136056,943.1903040954329,219.3108859910327
UNIONBANK,44,21181,93,UNITDSPR,2274,UNIONBANK,-601.0,12.63594634674549,1.0798100281738208,18.20511765836673,342.23046519188256,352.35274739658746
UNIONBANK,45,19019,93,UNITDSPR,2945,UNIONBANK,-558.0,13.560031519599354,0.013298139263767217,26.91211102615714,770.5649754572293,350.6480866990154
UNIONBANK,46,21166,93,UNITDSPR,3583,UNIONBANK,-2561.0,11.651776469820398,0.26710269168661216,29.98989257885604,942.1254134000317,179.4427378709894
UNIONBANK,47,36270,93,UNITDSPR,3974,UNIONBANK,-1394.0,15.731166993759869,1.2131128659584813,26.120342016223013,535.6043401167371,139.89708975296503
UNIONBANK,48,32264,93,UNITDSPR,4808,UNIONBANK,5096.0,7.582513280032455,0.09337981830057185,27.068676981056004,786.613513882605,412.91339297656634
UNIONBANK,49,36155,93,UNITDSPR,5854,UNIONBANK,4902.0,14.743117181339375,0.8040095847916635,27.82718083864314,496.10842141607867,107.38138814148367
UNIONBANK,50,32422,93,UNITDSPR,6976,UNIONBANK,3168.0,11.487682701644097,0.9427785195932845,21.321468882681447,303.45971112550325,131.2760263937839
UNIONBANK,51,35514,93,UNITDSPR,7487,UNIONBANK,-2.0,16.319278650146465,0.8215108614865372,27.05653887820559,485.2974391141791,463.6895336318941
UNITDSPR,39,9287,94,VEDL,17388,UNITDSPR,733.0,12.507341830974184,0.7583864145278809,11.942668619142243,140.01378025173656,268.78986288492536
UNITDSPR,40,13876,94,VEDL,72712,UNITDSPR,-227.0,5.217310476547301,0.6801058095377535,18.220117146309164,618.2418701869268,386.91010340567277
UNITDSPR,41,9619,94,VEDL,53579,UNITDSPR,104.0,5.654535161114622,0.02741833096830759,22.895179112377484,792.5462250517116,189.57683169654086
UNITDSPR,42,8162,94,VEDL,43743,UNITDSPR,-66.0,12.532484078515774,0.22833033613055864,13.268735751254763,986.4136759428193,499.6178969641665
UNITDSPR,43,7826,94,VEDL,60128,UNITDSPR,-194.0,9.53100394624169,1.5603323219175163,26.946087607395683,767.3479554717679,420.1388950215495
UNITDSPR,44,7381,94,VEDL,62940,UNITDSPR,-99.0,23.670181125234468,1.3390788012005133,26.036257071119564,376.36268316972945,236.7944590714005
UNITDSPR,45,7947,94,VEDL,61925,UNITDSPR,-313.0,16.488165484321417,1.5112289619061603,29.94995594965751,901.2088219464204,235.15403476406522
UNITDSPR,46,7756,94,VEDL,54263,UNITDSPR,-55.0,21.026474027462566,1.0506162814540627,21.36448778224717,519.6013858334529,470.47898087522367
UNITDSPR,47,7080,94,VEDL,61906,UNITDSPR,226.0,20.5936935215081,0.9121584639058153,22.327552594080558,878.5291275798025,93.31709469559557
UNITDSPR,48,8117,94,VEDL,65011,UNITDSPR,-992.0,10.921524716615467,1.2092398446409012,18.178031671977816,334.7983915487964,377.51645765935496
UNITDSPR,49,9195,94,VEDL,39051,UNITDSPR,1235.0,23.71321756591338,1.728491291721265,25.786672866264066,865.8178542741895,446.84329964133235
UNITDSPR,50,9321,94,VEDL,30350,UNITDSPR,-4002.0,11.775423953794096,0.8073063429565628,28.415329999649032,983.7447019214547,412.2025613083257
UNITDSPR,51,9710,94,VEDL,37097,UNITDSPR,-1155.0,23.909871054124697,1.6681820069005593,17.51708441782613,348.3343871459855,360.66806358003487
VBL,39,1572,95,WIPRO,26072,VBL,-300.0,18.38660349632594,1.3083439857312258,29.448421479044733,661.6493030212233,391.01389829557803
VBL,40,1824,95,WIPRO,31636,VBL,-1048.0,21.81030274935347,0.3424167040074855,11.620592828496225,947.6975721104042,436.917803001804
VBL,41,2116,95,WIPRO,36598,VBL,-746.0,12.89352224918336,0.5605952630709348,23.08299548737871,698.0304917264099,193.15239435099073
VBL,42,2752,95,WIPRO,45651,VBL,-937.0,21.00688840548973,0.31213172017864665,15.461817678346508,953.288127039892,356.4458606010009
VBL,43,3052,95,WIPRO,51184,VBL,-2320.0,9.443455720624215,1.4394442043670788,26.0104988552029,845.4050755876805,137.09807374074438
VBL,44,3165,95,WIPRO,47022,VBL,-472.0,12.30692127740133,1.5892830508873228,12.453414181715978,834.2833720792652,377.96309983391984
VBL,45,4069,95,WIPRO,55216,VBL,-1008.0,11.901105935043816,0.64583056752613,10.211761262675779,320.1358036628214,284.63114026403184
VBL,46,5667,95,WIPRO,54179,VBL,-1769.0,14.394210471509144,0.6669252862102211,11.369298056592577,733.1196216009065,359.64736486522037
VBL,47,5235,95,WIPRO,53805,VBL,-3288.0,5.083699374251673,0.34138407958810557,24.379380356141056,521.7207025362859,174.21148546475513
VBL,48,7129,95,WIPRO,64307,VBL,229.0,11.585289723921404,0.5120886891426655,21.039693033875675,990.9345151400241,320.40926612981303
VBL,49,10310,95,WIPRO,76570,VBL,274.0,6.072432501572422,0.6411015439876186,11.980072933065472,451.24266666278817,465.5484251030999
VBL,50,12326,95,WIPRO,73488,VBL,58.0,10.224178968490792,1.9920219063573041,23.753151369532276,916.5477301332793,205.70251365673096
VBL,51,14438,95,WIPRO,80330,VBL,-236.0,6.034570096322027,1.47657358684291,26.136473816521388,223.63735522657097,223.2958462306786
VEDL,39,2283,96,ZOMATO,1159,VEDL,-7868.0,19.343268436078365,1.8138874037478876,15.891272933076907,782.3074247298817,215.58859305145037
VEDL,40,46557,96,ZOMATO,152,VEDL,2681.0,18.203084789960258,1.9495400794027347,25.18285218215115,999.3741556019421,193.47461240793214
VEDL,41,51595,96,ZOMATO,709,VEDL,15480.0,13.738866827699677,0.2126549035161991,13.891921015071937,958.6791032741493,496.26253022862016
VEDL,42,82741,96,ZOMATO,2117,VEDL,-10594.0,9.809142814191464,0.13842327015058098,28.976250668173442,677.6764134992892,171.7386890645937
VEDL,43,50849,96,ZOMATO,532,VEDL,-5925.0,10.174112282514876,1.5133738937519798,17.73804960374322,395.95347380472464,82.16313976629031
VEDL,44,66989,96,ZOMATO,751,VEDL,-6678.0,14.618588726215329,0.7946696839183927,29.371194250414405,413.84552561396714,182.626576232744
VEDL,45,68877,96,ZOMATO,1632,VEDL,-2243.0,5.532731194127958,0.7594087942531125,18.292443690065006,649.8343326734253,262.0623234336399
VEDL,46,63704,96,ZOMATO,2194,VEDL,-668.0,14.494378806634598,1.8914941611923688,29.358847247584105,442.4862519707278,166.41098833205007
VEDL,47,60703,96,ZOMATO,2728,VEDL,-13676.0,13.463083042465922,1.4081750632127294,13.247692316044343,344.517682178069,290.94077803652544
VEDL,48,87908,96,ZOMATO,1374,VEDL,238.0,16.405076996778696,1.648622523518195,15.682998817230803,972.5046252250223,412.7185750324606
VEDL,49,112877,96,ZOMATO,3413,VEDL,-5052.0,11.932809496246108,0.6191695061675788,19.84839194078238,900.5338004661556,50.82191773840326
VEDL,50,108415,96,ZOMATO,2900,VEDL,-13956.0,18.963266727115837,1.219885884637369,19.400090690774583,392.52792761437235,144.8824078366236
VEDL,51,107376,96,ZOMATO,8704,VEDL,-11303.0,24.549143979520046,1.1305178491835146,18.157326733980458,409.9586340230248,473.75470299474136
WIPRO,39,29773,97,ZYDUSLIFE,2842,WIPRO,-13761.0,8.088445484537498,0.39070728024446044,15.70204806060341,713.443262429371,231.80513766578517
WIPRO,40,33788,97,ZYDUSLIFE,3337,WIPRO,-11770.0,16.190710142155723,0.49959985809836227,23.48270776170057,798.1840586467127,370.2644250699895
WIPRO,41,36652,97,ZYDUSLIFE,4149,WIPRO,3595.0,15.447657545753419,1.4621790174747915,21.1017683370901,424.6224634404191,152.5282933308673
WIPRO,42,40448,97,ZYDUSLIFE,5597,WIPRO,5065.0,6.291170003893054,1.4966768227691807,12.89734940717585,596.3280874364161,55.377644523474494
WIPRO,43,44128,97,ZYDUSLIFE,6858,WIPRO,3593.0,12.680267605686215,0.5780898096868872,24.109596419198045,436.43898429188494,72.40142284826007
WIPRO,44,44100,97,ZYDUSLIFE,8642,WIPRO,685.0,17.824434688176645,1.5027064640715957,22.907774706770756,575.9443446953011,106.33231716309368
WIPRO,45,47406,97,ZYDUSLIFE,10284,WIPRO,-22321.0,19.91971036886696,0.7926751926165612,29.765774707970735,331.6087380457975,278.7218920383958
WIPRO,46,48795,97,ZYDUSLIFE,10273,WIPRO,-8169.0,24.005658391692208,1.5390660023398057,25.94445953017837,414.86554247645404,194.57884224048541
WIPRO,47,47164,97,ZYDUSLIFE,12890,WIPRO,1144.0,14.988673667990675,0.9148367302233236,24.899329676103967,320.79242177503784,206.83517733404113
WIPRO,48,62628,97,ZYDUSLIFE,16897,WIPRO,-1140.0,20.46405006032546,0.08250706937564556,17.993875296146975,577.3981717447309,475.33351583871666
WIPRO,49,73649,97,ZYDUSLIFE,17415,WIPRO,-3570.0,23.8644931628396,1.0756946878640012,28.014156083264563,535.1061955542993,162.41916737624368
WIPRO,50,73008,97,ZYDUSLIFE,19729,WIPRO,-830.0,22.220252107878434,0.14076903804106222,11.144617909623388,969.3438258032065,268.4989359038681
WIPRO,51,71019,97,ZYDUSLIFE,21724,WIPRO,-159.0,7.788440562246562,1.8737928566358217,17.77744611989035,488.1851738137856,132.0610072330252
INDIGO,39,73,46,INDIGO,4,INDIGO,-1337.0,6.0475645289665225,1.744552451880781,10.146372645945998,392.18984342126925,494.73125649339846
INDIGO,40,123,46,INDIGO,4,INDIGO,-3033.0,21.08789233924551,0.6829727851157643,16.122145687858584,558.3763255542117,363.98647298712905
INDIGO,41,150,46,INDIGO,26,INDIGO,-4152.0,14.842369215214102,0.6350428405175557,24.087493981697527,246.99488771689826,377.73593118584773
INDIGO,42,350,46,INDIGO,129,INDIGO,-2526.0,16.171091467191353,1.7620782195037998,11.849522787445563,228.912699521915,188.73334768883942
INDIGO,43,406,46,INDIGO,69,INDIGO,-4573.0,12.461030631061387,1.6232668028341517,13.919723125247083,501.3886129900484,324.9649792953928
INDIGO,44,413,46,INDIGO,71,INDIGO,3228.0,10.745647495826054,1.3220966879122498,24.369573926985847,547.3088896589286,279.095637967895
INDIGO,45,563,46,INDIGO,100,INDIGO,1527.0,13.859723979289726,1.5941138096639087,20.92996723393913,836.696869058329,496.1004122496436
INDIGO,46,1902,46,INDIGO,150,INDIGO,-4039.0,15.43931890993203,0.23718738862179456,16.752232118163526,482.9857331696863,311.56629539793914
INDIGO,47,2170,46,INDIGO,516,INDIGO,-11759.0,12.250469648923355,0.7699949421893759,23.268369035538164,721.5510294296491,377.1726284874675
INDIGO,48,2386,46,INDIGO,602,INDIGO,36.0,10.001956743524703,0.9432560680730764,16.261015234125708,486.7632022542359,101.90870259192327
INDIGO,49,3168,46,INDIGO,729,INDIGO,1285.0,15.89081175192218,0.9028333458708562,25.080389164627213,953.7377888259374,363.19978424686207
INDIGO,50,4805,46,INDIGO,867,INDIGO,-1308.0,7.012068068838177,0.24597538970672006,25.632989188456243,892.3109124404168,225.25451133898815
INDIGO,51,0,46,INDIGO,905,INDIGO,-1220.0,17.819560846197284,0.9558628904539659,28.97901532421909,215.62525963655864,413.35507050756104
ABB,52,202.0,0,ABB,0,ABB,499.0,17.662594116346888,0.8515057726083546,22.59579727784957,778.5860501657105,52.191836089829835
ABB,53,267.0,0,ABB,0,ABB,626.0,11.978858309086178,0.143203313581459,27.696206348721635,381.21386942328564,277.40606274888034
ABB,54,312.0,0,ABB,0,ABB,727.0,5.389411431666577,1.3167995676458322,23.202349763925085,827.6887853072644,134.76803020068218
ABB,55,365.0,0,ABB,0,ABB,948.0,14.306804328861523,0.8415326611418672,27.77280535083908,977.3985785350951,63.05141976654739
ABB,56,398.0,0,ABB,0,ABB,893.0,17.594757471511148,1.756750195099925,16.3442676442318,786.0456131883852,64.46434167363812
ABB,57,525.0,0,ABB,0,ABB,1213.0,5.125449689763992,0.29629920955677536,15.986365822954925,516.4444262610696,94.5763782110272
ABB,58,605.0,0,ABB,0,ABB,0.0,12.260963681538195,0.23396350832008106,28.018442429857213,531.2392239691925,188.92417647495645
ABB,59,757.0,0,ABB,175,ABB,-35.0,17.29791929725119,0.9599915192159016,11.353996632373196,311.1643304190506,415.34329880755234
ABB,60,922.0,0,ABB,153,ABB,1544.0,12.518419727654058,1.6895613918742838,13.665796253649933,648.3250943795266,380.56301629183116
ABB,61,1082.0,0,ABB,152,ABB,2189.0,24.361608748028353,1.9659973698386255,26.630430243710133,361.75681653556364,457.3696860010304
ABB,62,1206.0,0,ABB,113,ABB,2198.0,17.678285252923203,0.41960859453227894,25.33725208987108,669.9847519424055,461.39212789088356
ABB,63,1453.0,0,ABB,83,ABB,2591.0,5.337523567210855,1.5934186199374902,23.527713125429823,366.75707380927656,463.0615459197698
ABB,64,1547.0,0,ABB,60,ABB,5437.0,9.681176447841228,0.0777040244773557,25.743713910466255,842.4258941684903,471.31083195979636
ADANIENSOL,48,0.0,1,ADANIENSOL,0,ADANIENSOL,1589.0,7.155319117107921,0.6520683535400567,20.88128339874312,897.4660924349989,108.55919696689224
ADANIENSOL,49,101.0,1,ADANIENSOL,9701,ADANIENSOL,38.0,17.9609234821219,0.4858018304283551,16.197921511440736,704.0651452393213,441.24379627009495
ADANIENSOL,50,1927.0,1,ADANIENSOL,8585,ADANIENSOL,1250.0,22.774979158135174,1.8772896864927833,18.69956074237554,238.85894597987414,315.9815085462371
ADANIENSOL,51,1983.0,1,ADANIENSOL,8975,ADANIENSOL,-745.0,17.52626379715406,0.1647731913939765,26.98106076296128,713.9926193977235,180.93790898481734
ADANIENSOL,52,2826.0,1,ADANIENSOL,10428,ADANIENSOL,-235.0,21.19347786592394,0.5747882346641331,19.20206678946036,620.675954723215,422.37050569719116
ADANIENSOL,53,2778.0,1,ADANIENSOL,20137,ADANIENSOL,923.0,9.115228139354484,0.6765751504658568,13.154739916738903,562.0238844354116,383.30259758341987
ADANIENSOL,54,4258.0,1,ADANIENSOL,24246,ADANIENSOL,-543.0,15.935912370804893,0.3483045001076195,12.680391482247316,200.0933312977109,393.1343727835054
ADANIENSOL,55,3950.0,1,ADANIENSOL,27095,ADANIENSOL,0.0,14.436150149499978,0.2044608273960602,25.672149693455175,198.2562305854064,300.51815812461473
ADANIENSOL,56,4206.0,1,ADANIENSOL,29902,ADANIENSOL,3.0,8.441424116725027,1.932071093310246,27.912687316403847,458.91920219425765,90.83009154914771
ADANIENSOL,57,4518.0,1,ADANIENSOL,34270,ADANIENSOL,6.0,14.267218970590825,1.7900647726520738,10.704821998047489,910.8002842610717,173.7962470260095
ADANIENSOL,58,5711.0,1,ADANIENSOL,37070,ADANIENSOL,4.0,10.664675466543951,1.3258251629283502,11.921768042632328,545.7307302988353,123.30152924644712
ADANIENSOL,59,6592.0,1,ADANIENSOL,39009,ADANIENSOL,596.0,23.695286298402486,0.04575514691471261,14.172385932748968,238.19530542804753,248.74308045397242
ADANIENT,52,6021.0,2,ADANIENT,69332,ADANIENT,716.0,23.663703313975695,0.9525715957862939,20.81076482453598,740.2041744494692,402.8615404771362
ADANIENT,53,9383.0,2,ADANIENT,71980,ADANIENT,5120.0,10.407221019604929,0.563198883930955,13.247919719724365,925.4051932481112,383.1228071838548
ADANIENT,54,12450.0,2,ADANIENT,83571,ADANIENT,-6158.0,10.394444730213086,1.239425790980611,13.879469592154036,899.3756496244021,302.7861769082019
ADANIENT,55,1684.0,2,ADANIENT,19169,ADANIENT,-221.0,23.61197306241968,0.9691339241234838,17.96944136621595,254.18864925968774,252.6472298249769
ADANIENT,56,1902.0,2,ADANIENT,20846,ADANIENT,3109.0,12.913162611112472,0.36964975095250074,11.120880538121757,954.5261856227845,73.45747241186433
ADANIENT,57,2038.0,2,ADANIENT,17637,ADANIENT,15901.0,18.25486001703146,1.3444284196422638,12.771489988566415,990.6367727570354,346.47768611286085
ADANIENT,58,1969.0,2,ADANIENT,11243,ADANIENT,-1198.0,8.468686216787063,1.248326712673532,29.997237004294803,356.99350589664454,402.4488018998512
ADANIENT,59,2294.0,2,ADANIENT,12419,ADANIENT,8879.0,22.536632059661844,0.42225465529803285,17.806255165752503,904.5790141110222,259.85607449590293
ADANIENT,60,2506.0,2,ADANIENT,16227,ADANIENT,75.0,20.016568658643187,1.073485216650066,15.22550483750093,359.9751538003132,174.34140991920947
ADANIENT,61,3714.0,2,ADANIENT,41604,ADANIENT,-888.0,20.320011213983385,1.5797877733842463,29.522489305658507,171.80012138918906,227.69611648995837
ADANIENT,62,8818.0,2,ADANIENT,53200,ADANIENT,512.0,8.124663513262824,0.6575776704700924,11.117357715711751,936.0276873566232,382.89729005389074
ADANIENT,63,11377.0,2,ADANIENT,65310,ADANIENT,-161.0,20.62785040453608,0.6297773407560372,26.611212694773705,847.2829005782697,311.86901963162654
ADANIENT,64,13893.0,2,ADANIENT,80427,ADANIENT,30.0,22.291418503143998,1.2296868271476122,10.693089053720765,234.17903216578048,116.06808190727048
ADANIGREEN,36,403.0,3,ADANIGREEN,4347,ADANIGREEN,7083.0,21.792393890212047,1.32666091714009,21.262330674258543,327.302705790499,282.13753781333355
ADANIGREEN,37,843.0,3,ADANIGREEN,9864,ADANIGREEN,15986.0,8.497497109986012,0.9917071318854145,17.79371572715039,723.0693140659148,148.89430199689485
ADANIGREEN,38,1526.0,3,ADANIGREEN,11142,ADANIGREEN,-2973.0,21.29605611373097,0.9432368112732641,23.373819272285274,160.952836341104,232.38622363509205
ADANIGREEN,39,1450.0,3,ADANIGREEN,14866,ADANIGREEN,13953.0,8.118283706986865,1.895796883135167,16.33885426625326,420.2443121471536,476.2466888273555
ADANIGREEN,40,2241.0,3,ADANIGREEN,24209,ADANIGREEN,76.0,24.890154220299785,0.007207114728500663,13.710886861064672,348.87011528090153,239.15824824452355
ADANIGREEN,41,3512.0,3,ADANIGREEN,52832,ADANIGREEN,162.0,16.014364502166945,1.8194414379899373,23.705837590650496,279.07955320503913,340.7189613654134
ADANIGREEN,42,4970.0,3,ADANIGREEN,54223,ADANIGREEN,3.0,20.016832401023557,1.7290503981107546,23.509338289863305,304.1087063393172,366.7510077050587
ADANIGREEN,43,7318.0,3,ADANIGREEN,64858,ADANIGREEN,383.0,19.432442467230754,0.8593533432909024,23.647487517248216,352.8276849432689,233.30753444975838
ADANIGREEN,44,8100.0,3,ADANIGREEN,67430,ADANIGREEN,-453.0,12.029456702963381,1.986760979985453,20.305490011037573,338.96025380138275,477.15080006736804
ADANIPOWER,52,960.0,5,ADANIPOWER,41795,ADANIPOWER,-3539.0,23.117209950306993,1.3690540098320854,15.163885115134372,395.04360480262943,248.87532766471497
ADANIPOWER,53,4593.0,5,ADANIPOWER,44150,ADANIPOWER,-4600.0,8.965893669521323,1.4070929963455463,13.917949184160294,383.8163220952487,307.395441001837
ADANIPOWER,54,4678.0,5,ADANIPOWER,44742,ADANIPOWER,-4663.0,23.488729378445402,0.7482252524419495,11.015367183865845,319.1954314143687,261.29602287384364
ADANIPOWER,55,8802.0,5,ADANIPOWER,52729,ADANIPOWER,-2377.0,9.248004493777167,0.35017143922449523,21.517962127222248,302.1386899235242,98.24925133725056
ADANIPOWER,56,5980.0,5,ADANIPOWER,52484,ADANIPOWER,-5655.0,20.206670191140446,0.3109828736389586,24.441477968024607,496.7163502557033,170.13760061792595
ADANIPOWER,57,5436.0,5,ADANIPOWER,52835,ADANIPOWER,-10338.0,11.006926210597836,0.9321136441355682,10.104212129744237,143.3773238056486,472.47691266119125
ADANIPOWER,58,4983.0,5,ADANIPOWER,46980,ADANIPOWER,-10408.0,14.286190724763784,1.9308784380605124,12.40244457550407,197.68147376954096,477.8548662100056
ADANIPOWER,59,5734.0,5,ADANIPOWER,55199,ADANIPOWER,-16864.0,16.435075619901774,0.24279968638344407,19.766178608900304,469.6737530790559,203.5000939539667
ADANIPOWER,60,8688.0,5,ADANIPOWER,52519,ADANIPOWER,-203.0,7.714099255803921,0.4061212339651834,15.446510343320067,163.63535206528505,398.61988898441683
ADANIPOWER,61,9881.0,5,ADANIPOWER,49145,ADANIPOWER,169.0,13.207103306837649,0.43820904408528794,24.60914032926764,805.3054569401157,224.30479088123445
ADANIPOWER,62,10096.0,5,ADANIPOWER,42350,ADANIPOWER,-58.0,13.561099029209782,1.7709221131373647,25.66978883315788,216.84253650170444,268.25748845875955
ADANIPOWER,63,18228.0,5,ADANIPOWER,34616,ADANIPOWER,-148.0,9.362128337722606,0.33318561682140313,21.453194157653968,643.2192250897709,286.2726341627384
ADANIPOWER,64,20965.0,5,ADANIPOWER,37705,ADANIPOWER,-26.0,20.103349961426904,1.4512952393024072,27.466966037853314,897.5727988578585,404.66063671478383
APOLLOHOSP,52,612.0,7,APOLLOHOSP,1213,AMBUJACEM,-958.0,8.724425382100826,1.5902614654505116,12.710988631347455,514.4147470857189,311.5483992932123
APOLLOHOSP,53,676.0,7,APOLLOHOSP,1344,AMBUJACEM,-1015.0,15.903028786734335,1.036137312836769,10.639323311332575,858.2287411536655,318.04299712974074
APOLLOHOSP,54,737.0,7,APOLLOHOSP,1992,AMBUJACEM,-719.0,22.659180533361457,0.08360300742638516,23.692995299181234,634.6653807504813,329.95509253829533
APOLLOHOSP,55,684.0,7,APOLLOHOSP,2834,AMBUJACEM,-629.0,7.900152564042628,1.0345900079524737,17.048339913467935,519.9491518872787,320.86851023054885
APOLLOHOSP,56,734.0,7,APOLLOHOSP,3125,AMBUJACEM,-3956.0,12.826025642408718,0.07912733811264117,21.517202097383013,685.5662437776048,450.80203984520045
APOLLOHOSP,57,801.0,7,APOLLOHOSP,3427,AMBUJACEM,-516.0,18.413887391639005,1.2173844763710686,18.17091188563886,635.7869387678335,283.4132917258902
APOLLOHOSP,58,1070.0,7,APOLLOHOSP,3673,AMBUJACEM,2931.0,16.369662579689066,0.08773202782520761,28.264394471653503,407.3858738550539,369.0533206972968
APOLLOHOSP,59,1591.0,7,APOLLOHOSP,3596,AMBUJACEM,5689.0,19.122738599570297,0.7014728325095405,11.10942938301433,807.6201574635029,453.71911138325095
APOLLOHOSP,60,1140.0,7,APOLLOHOSP,4160,AMBUJACEM,962.0,21.825829328168275,1.828116535798348,12.597961095642727,576.7941032609606,256.9725414968727
APOLLOHOSP,61,2189.0,7,APOLLOHOSP,4068,AMBUJACEM,99.0,11.341868270535029,0.8281965461155305,29.81803280954486,523.960249307215,336.9434057911904
APOLLOHOSP,62,2065.0,7,APOLLOHOSP,4332,AMBUJACEM,498.0,22.44801716610734,0.06360079510366035,28.428111205134748,350.83250756312816,147.8515127097613
APOLLOHOSP,63,2394.0,7,APOLLOHOSP,5333,AMBUJACEM,574.0,21.1210445181054,0.6916857311659657,12.93892152756978,302.4680625277249,93.91662448710926
APOLLOHOSP,64,2745.0,7,APOLLOHOSP,7371,AMBUJACEM,-2312.0,21.395397876166605,0.8258604449339086,18.044291402806763,567.1773295578969,177.3911236975986
ASIANPAINT,52,1737.0,8,ASIANPAINT,96.0,APOLLOHOSP,477.0,20.369131859127528,1.2765901616502335,20.61350642562833,509.2389744953208,351.8650528595635
ASIANPAINT,53,2004.0,8,ASIANPAINT,96.0,APOLLOHOSP,-108.0,9.24736169731352,0.7990598507546975,24.99260130368702,935.5269636294137,129.55120406467583
ASIANPAINT,54,2243.0,8,ASIANPAINT,96.0,APOLLOHOSP,-215.0,10.646360540096822,1.798346088089948,20.32838364878628,473.00244332726277,412.71172598154675
ASIANPAINT,55,2725.0,8,ASIANPAINT,96.0,APOLLOHOSP,-910.0,16.018710778774064,1.7707693337188979,27.2930138622845,817.776404382242,183.89048130658043
ASIANPAINT,56,2994.0,8,ASIANPAINT,96.0,APOLLOHOSP,-340.0,20.201051649685894,0.23961434670843018,18.986369406084464,634.4853128274909,308.08593671609157
ASIANPAINT,57,3204.0,8,ASIANPAINT,96.0,APOLLOHOSP,-792.0,17.162312546223774,0.47979237737805946,13.915003537438137,925.8796148201378,226.78471046321903
ASIANPAINT,58,3765.0,8,ASIANPAINT,96.0,APOLLOHOSP,-633.0,20.740121291979623,0.5617911184724667,24.372948236689126,245.9625510586278,164.60175374050888
ASIANPAINT,59,4157.0,8,ASIANPAINT,96.0,APOLLOHOSP,-311.0,22.54616109636628,1.591043652951344,13.34695716337614,657.091389331799,252.70101229079222
ASIANPAINT,60,4856.0,8,ASIANPAINT,96.0,APOLLOHOSP,83.0,11.584226109927009,1.5839430529014975,22.307898478410895,179.93573372691952,365.64144034596427
ASIANPAINT,61,4804.0,8,ASIANPAINT,96.0,APOLLOHOSP,-46.0,22.185848879131,0.8192277338297709,29.081195543470905,323.35177287471663,208.82403332536063
ASIANPAINT,62,6260.0,8,ASIANPAINT,96.0,APOLLOHOSP,103.0,21.776100400789858,0.9227006159459095,26.832114985979597,979.9724219240732,324.94162535336613
ASIANPAINT,63,7585.0,8,ASIANPAINT,96.0,APOLLOHOSP,39.0,16.568603083463156,0.5212565103848872,26.644610079132217,662.0593956506809,102.27113289940365
ASIANPAINT,64,6681.0,8,ASIANPAINT,96.0,APOLLOHOSP,-52.0,12.088034451759526,0.7705748710309208,19.06327866478761,197.22996458724634,466.15891730293
ATGL,32,366.0,9,ATGL,1345,ASIANPAINT,3683.0,19.146937013729488,1.5743899377935942,21.085105001015165,444.1862176457143,445.9759538428332
ATGL,33,455.0,9,ATGL,394,ASIANPAINT,986.0,16.802871608265804,1.0947614962991135,11.067161478304453,190.14163872571135,161.25528337821083
ATGL,34,595.0,9,ATGL,428,ASIANPAINT,4193.0,14.277350585053208,0.44157335687394217,28.044753104084773,141.92151221972267,470.2323796297157
ATGL,35,704.0,9,ATGL,529,ASIANPAINT,6104.0,18.009332107220075,0.35774006834043237,27.13543818064643,138.7721888242844,84.25643392610655
ATGL,36,773.0,9,ATGL,1035,ASIANPAINT,-463.0,17.13271613784914,1.088267337353729,11.106134747163924,545.0623654588665,434.93190105547046
ATGL,37,870.0,9,ATGL,1422,ASIANPAINT,-586.0,19.503993466456613,1.0113784733087237,13.188286788574189,969.5162383783751,360.31312205975485
ATGL,38,1104.0,9,ATGL,1557,ASIANPAINT,-465.0,6.975002978713764,0.16151492471606543,17.261712231787655,144.12685465506934,96.94722406641424
ATGL,39,1153.0,9,ATGL,1457,ASIANPAINT,-866.0,17.258534609716975,0.7986810840879992,20.042459352403235,581.4711185826072,245.14466987080513
BAJAJ-AUTO,52,3656.0,11,BAJAJ-AUTO,116,BAJAJ-AUTO,3267.0,12.127795099505775,0.8480834208810426,12.074704352012871,503.24782859665004,252.14558183089008
BAJAJ-AUTO,53,4163.0,11,BAJAJ-AUTO,59,BAJAJ-AUTO,4328.0,6.330146815243197,1.3567202733601709,12.895923486526069,114.16214865726805,106.67830662309382
BAJAJ-AUTO,54,4128.0,11,BAJAJ-AUTO,112,BAJAJ-AUTO,2487.0,18.08292807517013,1.557672687670427,19.121306395918936,139.041427313803,178.36085652669192
BAJAJ-AUTO,55,4793.0,11,BAJAJ-AUTO,118,BAJAJ-AUTO,3850.0,23.90031275667684,0.8317076325032351,21.215812128080014,105.72418541486608,297.9913170698333
BAJAJ-AUTO,56,4429.0,11,BAJAJ-AUTO,120,BAJAJ-AUTO,3120.0,21.66531477217021,0.2429340541219731,16.017060712576296,803.5469607144986,477.788343969852
BAJAJ-AUTO,57,4846.0,11,BAJAJ-AUTO,121,BAJAJ-AUTO,4197.0,24.496575945533138,1.15102279843928,22.069853721202414,104.47089947880465,156.9199519052599
BAJAJ-AUTO,58,5198.0,11,BAJAJ-AUTO,125,BAJAJ-AUTO,5277.0,21.10529729274667,0.19274379403725272,22.09580424907408,874.295318443,471.7856635207828
BAJAJ-AUTO,59,5109.0,11,BAJAJ-AUTO,126,BAJAJ-AUTO,6558.0,23.180843517171322,0.46598539464958844,29.777031145430964,201.38299089432678,425.3933425005574
BAJAJ-AUTO,60,4938.0,11,BAJAJ-AUTO,121,BAJAJ-AUTO,2218.0,15.949424615304626,0.5019009604824742,26.98478429119153,547.3948169788898,234.08386892357666
BAJAJ-AUTO,61,5259.0,11,BAJAJ-AUTO,123,BAJAJ-AUTO,3502.0,15.063805752313487,0.9865796022476263,29.09768627166104,317.2721681890707,58.642412902094875
BAJAJ-AUTO,62,6465.0,11,BAJAJ-AUTO,124,BAJAJ-AUTO,2114.0,15.3369892093748,0.42388528919466273,28.439909976703305,672.173476348474,449.6846122847223
BAJAJ-AUTO,63,8765.0,11,BAJAJ-AUTO,1912,BAJAJ-AUTO,3690.0,16.096318665397135,1.305304379954965,26.090108749905962,182.49867501646673,360.60966944661925
BAJAJ-AUTO,64,9143.0,11,BAJAJ-AUTO,5245,BAJAJ-AUTO,3267.0,10.888835458311306,1.2302407256722225,15.604879230720455,973.9531038789106,339.9136405349779
AXISBANK,52,8313.0,10,AXISBANK,527437,AXISBANK,-2487.0,12.236152434895342,0.9155587142620465,24.99154398514754,172.49969569434768,90.8800454341023
AXISBANK,53,9644.0,10,AXISBANK,611425,AXISBANK,41342.0,15.949491823992844,1.9087096868767754,14.78725094735611,359.1322913396206,121.50747724520804
AXISBANK,54,11127.0,10,AXISBANK,711996,AXISBANK,5643.0,12.68803093684144,0.36446658976090296,27.511431987008983,321.2325806759358,266.44939462712546
AXISBANK,55,13367.0,10,AXISBANK,797337,AXISBANK,8865.0,10.555711870005979,0.1712805939672133,29.91435453905519,336.8180824958997,451.66450881748455
AXISBANK,56,23808.0,10,AXISBANK,850551,AXISBANK,7279.0,6.7110308495175115,0.708124813170119,15.353478577783337,261.82864662870566,346.77749158845427
AXISBANK,57,28895.0,10,AXISBANK,1020943,AXISBANK,47894.0,5.705871750133305,0.9217488297147729,17.643571634248627,620.5711131783565,111.79666989662383
AXISBANK,58,27155.0,10,AXISBANK,1152038,AXISBANK,6641.0,10.512298287954627,0.5960229344621149,15.344916360294466,585.3458937770366,448.4049668265432
AXISBANK,59,35066.0,10,AXISBANK,1295302,AXISBANK,22341.0,23.73942244280068,1.6160530113297398,26.721485053227557,670.9604800516586,233.53434550036954
AXISBANK,60,31749.0,10,AXISBANK,11145,AXISBANK,6566.0,8.003009382575321,1.5637368856256046,23.612692951941366,123.26851984894105,188.16160201077778
AXISBANK,61,29962.0,10,AXISBANK,14674,AXISBANK,8082.0,21.808416279656182,0.09611060083416656,12.587576403106429,654.2685271106959,411.3862619887437
AXISBANK,62,29089.0,10,AXISBANK,15656,AXISBANK,7910.0,12.610790587628205,1.1390087477724002,21.70672958929674,401.0717409812998,288.000775885257
AXISBANK,63,37943.0,10,AXISBANK,20678,AXISBANK,-2789.0,17.015076957912015,0.7051728406826618,17.582172390309648,238.14501936252393,116.51733000989927
AXISBANK,64,44566.0,10,AXISBANK,27644,AXISBANK,17263.0,22.29313892619593,1.851584613576616,25.878966778261187,314.49677809538406,193.59209568580732
BAJAJFINSV,52,3931.0,12,BAJAJFINSV,12991,BAJAJFINSV,12513.0,8.940588078599458,0.42857744904607387,19.285997303536966,878.5297257470833,326.60948514199447
BAJAJFINSV,53,4491.0,12,BAJAJFINSV,19507,BAJAJFINSV,19590.0,10.137138580004937,0.7024047688015387,20.790109151933116,577.8138201710092,396.01515219203196
BAJAJFINSV,54,5511.0,12,BAJAJFINSV,26312,BAJAJFINSV,34535.0,7.290014968098799,1.4826954645870276,11.238460715491678,871.6835459312892,404.00386820325446
BAJAJFINSV,55,6739.0,12,BAJAJFINSV,36062,BAJAJFINSV,34479.0,21.916439498708844,0.6984586512094004,17.92550814200399,875.4645165819596,159.81923471114885
BAJAJFINSV,56,8713.0,12,BAJAJFINSV,48282,BAJAJFINSV,1687.0,12.643934522316878,0.3982568002521034,12.210987964466028,537.4635802505227,222.7804280306653
BAJAJFINSV,57,10788.0,12,BAJAJFINSV,65695,BAJAJFINSV,32326.0,20.100004155703918,0.9829045230614171,21.37736991200915,228.4278255175993,156.5035176444994
BAJAJFINSV,58,15037.0,12,BAJAJFINSV,99754,BAJAJFINSV,51016.0,23.543810302295103,1.7862879911795133,22.15043073691658,338.18693812049594,303.36604498643794
BAJAJFINSV,59,18258.0,12,BAJAJFINSV,127212,BAJAJFINSV,82709.0,19.99413004516878,0.40452456767505995,12.907470529086618,644.9379711913972,215.6975727357139
BAJAJFINSV,60,19641.0,12,BAJAJFINSV,128461,BAJAJFINSV,623.0,12.811550228784634,1.7698943207900426,28.875369317529948,732.8261457515841,200.26118707282237
BAJAJFINSV,61,21455.0,12,BAJAJFINSV,161179,BAJAJFINSV,478.0,22.864195152512515,1.0000584945099207,22.312461661078338,314.22152669927533,411.5177620025484
BAJAJFINSV,62,29868.0,12,BAJAJFINSV,212265,BAJAJFINSV,-183.0,23.691424780165725,1.4849923048892504,16.300743190268033,194.9922988466006,313.3574057123464
BAJAJFINSV,63,40886.0,12,BAJAJFINSV,288933,BAJAJFINSV,921.0,8.387761564919318,0.7354510936582672,19.559579090312003,604.122717760925,386.54564336679755
BAJAJFINSV,64,45479.0,12,BAJAJFINSV,318675,BAJAJFINSV,1742.0,15.532503856140615,0.8750589220083682,24.26173057396866,693.7704640981702,460.65212468092193
BAJAJHLDNG,52,322.0,13,BAJAJHLDNG,0,BAJAJHLDNG,-110.0,23.856096539633626,1.3307213386285641,12.291869042722618,895.1730637176029,471.12067649744074
BAJAJHLDNG,53,400.0,13,BAJAJHLDNG,0,BAJAJHLDNG,-434.0,23.144181999778738,0.6103286080586043,29.2200317337919,476.9343431334844,453.85470051781016
BAJAJHLDNG,54,484.0,13,BAJAJHLDNG,0,BAJAJHLDNG,-536.0,10.596186163899034,1.832455743703627,13.111297512397211,658.1169561023014,359.30256422629947
BAJAJHLDNG,55,429.0,13,BAJAJHLDNG,0,BAJAJHLDNG,-1028.0,17.165392280790833,0.4584858698447758,19.657864468334093,346.6673173795668,384.765423971952
BAJAJHLDNG,56,628.0,13,BAJAJHLDNG,0,BAJAJHLDNG,-37.0,18.969233053531106,1.2612133767730318,13.991137102250415,877.3047662557276,181.89287459178828
BAJAJHLDNG,57,355.0,13,BAJAJHLDNG,0,BAJAJHLDNG,-1460.0,10.791657458586819,0.7950096074327371,23.084122031915776,879.7718406721674,223.53040366461573
BAJAJHLDNG,58,347.0,13,BAJAJHLDNG,0,BAJAJHLDNG,-1587.0,6.939882284052548,1.3300665840788801,27.764665036191644,181.27323642142198,389.1101978012633
BAJAJHLDNG,59,301.0,13,BAJAJHLDNG,168,BAJAJHLDNG,-1455.0,6.264937342165677,0.22976989618601573,24.740065614331012,817.2519050727444,205.19468081699105
BAJAJHLDNG,60,352.0,13,BAJAJHLDNG,136,BAJAJHLDNG,-228.0,24.968218601335252,0.21783029110519903,20.34317545811094,685.0009006173875,430.13546422963543
BAJAJHLDNG,61,367.0,13,BAJAJHLDNG,114,BAJAJHLDNG,27.0,14.882698928639325,1.9730930345809232,15.812290677203038,464.8655567953915,146.5162536708836
BAJAJHLDNG,62,380.0,13,BAJAJHLDNG,93,BAJAJHLDNG,-59.0,20.58494823627427,0.5789087793178007,12.124038108027433,780.7000048517963,197.60403473102153
BAJAJHLDNG,63,1562.0,13,BAJAJHLDNG,63,BAJAJHLDNG,1406.0,7.72962383348834,0.739851017842361,16.160004907255615,660.8603604301738,225.80061382140863
BAJAJHLDNG,64,1554.0,13,BAJAJHLDNG,47,BAJAJHLDNG,-1406.0,7.704398130898966,0.4234048631681926,16.93673468147842,877.6870871465014,165.74582781953416
BAJFINANCE,44,1752.0,14,BAJFINANCE,26655,BAJFINANCE,34449.0,21.100247566053714,1.2929396278208907,11.477779468657198,863.8516976171629,487.5094752232792
BAJFINANCE,45,2354.0,14,BAJFINANCE,37025,BAJFINANCE,34167.0,5.729868070996213,0.635597275748794,16.39449110291654,172.62272045023062,340.0399375884207
BAJFINANCE,46,3250.0,14,BAJFINANCE,49250,BAJFINANCE,1741.0,8.278162264773046,1.3227668957202445,26.089266282435307,618.4132624746582,276.6742785655149
BAJFINANCE,47,4115.0,14,BAJFINANCE,66557,BAJFINANCE,32275.0,21.15733794595527,1.825625830859109,15.17658478454581,974.0789313043146,460.24244243933134
BAJFINANCE,48,5454.0,14,BAJFINANCE,101588,BAJFINANCE,50675.0,22.893856977483427,0.6527477711687439,24.289000428355102,375.057421761549,88.9048744512873
BAJFINANCE,49,9159.0,14,BAJFINANCE,129806,BAJFINANCE,82415.0,23.747839126173513,0.2839693728869366,29.449852764643694,621.9718640093171,495.27050845209254
BAJFINANCE,50,10839.0,14,BAJFINANCE,131634,BAJFINANCE,-557.0,9.474753201169346,1.8397811589020265,16.042673844030272,623.0757995760423,230.27502704286897
BAJFINANCE,51,11880.0,14,BAJFINANCE,165232,BAJFINANCE,1100.0,18.045641246541628,1.0723421844113308,23.604519423548375,572.3063239792675,65.13849311624828
BAJFINANCE,52,12693.0,14,BAJFINANCE,216690,BAJFINANCE,-972.0,24.472418007009345,1.653853110792753,22.34646260835117,703.6635588657049,301.33626002858693
BAJFINANCE,53,16099.0,14,BAJFINANCE,293346,BAJFINANCE,13.0,10.733629063429259,0.8341345063597709,15.913839331874831,413.42398431859834,190.71390513294833
BAJFINANCE,54,18943.0,14,BAJFINANCE,324218,BAJFINANCE,9.0,9.890952280747008,0.7846184224544195,29.038219629482832,132.5821118707187,262.1211287092282
BANKBARODA,52,10950.0,15,BANKBARODA,648499,BANKBARODA,-198.0,13.583279676974637,0.5302386077246082,21.47327051567587,558.3878242635396,432.3234087560547
BANKBARODA,53,12049.0,15,BANKBARODA,672311,BANKBARODA,3413.0,13.00614801302391,0.441329060732925,23.969805156811898,332.1171180117751,87.5451075712825
BANKBARODA,54,13466.0,15,BANKBARODA,734456,BANKBARODA,4449.0,15.725779233550846,1.08524343193508,14.874269927927692,734.3248781190049,340.6720635690684
BANKBARODA,55,25391.0,15,BANKBARODA,1068981,BANKBARODA,14729.0,16.03268687180137,1.6652440721124062,25.474424652167095,488.164110755804,415.61173138162275
BANKBARODA,56,19250.0,15,BANKBARODA,1067173,BANKBARODA,-986.0,16.793925670658716,0.8177912605726012,12.427185174091441,882.5124129620116,319.37531195347873
BANKBARODA,57,26093.0,15,BANKBARODA,1185331,BANKBARODA,-998.0,5.478750706923092,1.9942505320971833,15.866094880797503,112.30320262026792,356.4078092108924
BANKBARODA,58,25815.0,15,BANKBARODA,1342592,BANKBARODA,-5405.0,21.06100400233576,1.474561904952346,14.908893677579979,664.9852433995076,222.50025391526995
BANKBARODA,59,40583.0,15,BANKBARODA,1453761,BANKBARODA,5476.0,7.6654177683304265,0.4502941332952777,16.56246302561063,963.4554435765976,206.5720602129139
BANKBARODA,60,38070.0,15,BANKBARODA,16914,BANKBARODA,21892.0,16.4470590408199,0.7002757644507165,15.095435322988408,593.0153496276483,332.2552040839938
BANKBARODA,61,37518.0,15,BANKBARODA,21284,BANKBARODA,46654.0,13.035612036088866,1.6421116106206561,15.543914825971559,870.3199639346637,325.2431678075361
BANKBARODA,62,38231.0,15,BANKBARODA,26465,BANKBARODA,17276.0,22.72566766129256,1.9224152445428517,23.3405074151733,264.75969976273177,206.67245872386457
BANKBARODA,63,44379.0,15,BANKBARODA,28134,BANKBARODA,-14632.0,10.414851380126837,0.7533352223757133,13.729109338967795,679.1287713245647,363.6322061982557
BANKBARODA,64,46459.0,15,BANKBARODA,27649,BANKBARODA,17116.0,20.622928021630095,0.28382286775198495,24.93429781588918,601.7724123511855,330.7269004284133
BHARTIARTL,52,22960.0,17,BHARTIARTL,66736,BHARTIARTL,-351.0,17.129227119795132,0.36516884854481435,22.079507244170944,579.2866886669087,98.40938071136293
BHARTIARTL,53,26512.0,17,BHARTIARTL,75896,BHARTIARTL,1920.0,23.759774958521696,0.8715165474865789,10.416661950123524,191.77600861498917,320.6298857730596
BHARTIARTL,54,33602.0,17,BHARTIARTL,83415,BHARTIARTL,9464.0,15.317543528909654,1.9438115489557581,19.773229772935455,982.8111999048027,81.39036591701544
BHARTIARTL,55,33984.0,17,BHARTIARTL,100646,BHARTIARTL,19144.0,16.33648142498329,0.7224832543201898,23.75610594461328,248.12589266278178,474.49558109822016
BHARTIARTL,56,35330.0,17,BHARTIARTL,107288,BHARTIARTL,-24910.0,16.189750041296094,0.9740593161868527,17.4109186865722,605.6339500693375,277.8536333867073
BHARTIARTL,57,30079.0,17,BHARTIARTL,111334,BHARTIARTL,-15203.0,5.283972231186458,0.5522192653681068,11.751391839171578,836.5613352362456,71.15312063492223
BHARTIARTL,58,25764.0,17,BHARTIARTL,125428,BHARTIARTL,-24470.0,19.003627184245865,1.3787730439756671,22.484578897670414,673.2758831804541,339.8094008477937
BHARTIARTL,59,36610.0,17,BHARTIARTL,148228,BHARTIARTL,-27778.0,20.819526618840868,0.9008387205059505,17.89976203482621,978.1723781770118,350.8647150727967
BHARTIARTL,60,45279.0,17,BHARTIARTL,162785,BHARTIARTL,-634.0,16.92638426778135,1.8086482487767062,20.58613557739632,638.639770815948,459.6561223195862
BHARTIARTL,61,57534.0,17,BHARTIARTL,169678,BHARTIARTL,3826.0,5.812901366324863,1.2442747168657218,14.579916859526612,894.4802766864298,261.8598338383126
BHARTIARTL,62,71274.0,17,BHARTIARTL,226020,BHARTIARTL,-3914.0,10.320409661535002,1.437604665599591,17.560969760461894,852.2090581385079,373.48915091447543
BHARTIARTL,63,78292.0,17,BHARTIARTL,215592,BHARTIARTL,1905.0,6.778077518160124,1.8436684751377643,18.968023671728204,821.7652076257739,377.49949917438363
BHARTIARTL,64,80733.0,17,BHARTIARTL,225541,BHARTIARTL,-2752.0,21.161869888592626,0.22593117236621763,29.132431622035323,735.8582911020311,481.8056833497129
BEL,52,669.0,16,BEL,24,BEL,-2857.0,8.917704506682679,0.8689080226450892,15.373233800784663,437.79327587156143,218.16928130541336
BEL,53,925.0,16,BEL,21,BEL,-1202.0,19.869367135576475,1.207046003733997,13.078185100996718,760.708331317218,384.594367973243
BEL,54,1179.0,16,BEL,26,BEL,-663.0,14.404161339747937,1.9179772079886404,12.56025033898193,222.71046939505877,297.6256383537808
BEL,55,1393.0,16,BEL,25,BEL,-1061.0,13.608661210646515,0.8023899239239509,20.642108526466217,485.21542905626336,99.85379881936257
BEL,56,1792.0,16,BEL,29,BEL,-1076.0,22.327614390338944,0.6159694119906147,21.15595773107352,941.3916079590974,392.53448224436227
BEL,57,2039.0,16,BEL,48,BEL,-1078.0,12.093809353404602,1.687301216639217,22.812411241024336,224.78448453686397,127.20596712550237
BEL,58,2909.0,16,BEL,47,BEL,-1262.0,21.068633772034833,0.34284845560603894,17.231091453315145,621.2765775432823,364.33582426325916
BEL,59,2759.0,16,BEL,44,BEL,-1475.0,6.627713204068928,0.12495095635181586,27.803592237681624,264.2868482733991,321.3499367230507
BEL,60,3214.0,16,BEL,49,BEL,56.0,13.378275825808858,1.3531901349144582,28.83865345445033,695.9118174288768,352.8144202396615
BEL,61,3344.0,16,BEL,58,BEL,-23.0,14.700954596314507,1.3037057145272677,20.123265035364135,672.9198073185804,116.81925018419561
BEL,62,4090.0,16,BEL,39,BEL,386.0,15.072739927832536,1.626731691642705,16.792425678320843,314.0829554065334,239.49517442588564
BEL,63,5051.0,16,BEL,43,BEL,472.0,24.39778843498553,0.44669854823419386,11.794334837920875,341.70916417481817,310.9450663956451
BEL,64,5708.0,16,BEL,78,BEL,197.0,22.488282463122566,1.716614562369165,18.83678003908009,222.3931593614625,440.03097496630124
BHEL,52,9483.0,18,BHEL,2698,BHEL,-468.0,19.74773116517396,0.6635693792186026,20.186897420027307,569.5585185748331,145.71516710886226
BHEL,53,4579.0,18,BHEL,4693,BHEL,-667.0,13.598122851092862,1.1987585547845958,17.581789974961985,850.5179285392447,321.2402383449947
BHEL,54,2141.0,18,BHEL,1889,BHEL,-32.0,9.291447731472061,1.4817196762572689,27.617763022605246,753.8575685094197,123.05206665979695
BHEL,55,-1357.0,18,BHEL,211,BHEL,1622.0,17.193642894956348,1.098393558891544,20.296126805745853,485.0174007433102,83.21709921826243
BHEL,56,1095.0,18,BHEL,156,BHEL,-394.0,24.59847429197682,0.12954723269660207,17.227531462843135,169.08783609493116,81.39865550521426
BHEL,57,1653.0,18,BHEL,110,BHEL,-329.0,18.592478298213265,0.1177290214391058,24.412477572097103,867.5615699385385,238.24561693084243
BHEL,58,2032.0,18,BHEL,2598,BHEL,89.0,10.335174375859014,1.5772486070608425,25.942440155601044,111.44541011369364,227.7310596796291
BHEL,59,-133.0,18,BHEL,5080,BHEL,2656.0,24.61456346827994,0.7671977065918771,18.48738423853622,651.5527880829321,196.64791043904714
BHEL,60,-3049.0,18,BHEL,4951,BHEL,1118.0,12.097998704224086,1.6236624403164817,24.188282397863397,150.9880170273892,485.7561070816524
BHEL,61,828.0,18,BHEL,4830,BHEL,4167.0,22.75680123091994,1.2053673175497348,10.933991160468503,909.4739047528533,389.30678447904955
BHEL,62,1044.0,18,BHEL,5454,BHEL,-2071.0,6.91557227691308,0.4925097347936751,16.90670850651935,604.4431287038291,101.92513986408275
BHEL,63,711.0,18,BHEL,8856,BHEL,275.0,15.393948408429214,1.052843164141261,16.003209513055978,690.5758415078332,181.03816073199582
BHEL,64,1050.0,18,BHEL,9128,BHEL,-473.0,23.387758306204603,1.9624396017594152,12.524619058776175,513.1025017592835,348.88009508434646
BOSCHLTD,52,1350.0,19,BOSCHLTD,230,BOSCHLTD,-2670.0,21.541454129508256,0.23758579176029992,29.38026666350411,758.4230829206532,429.655454455088
BOSCHLTD,53,1289.0,19,BOSCHLTD,183,BOSCHLTD,-325.0,16.487660185610977,1.8360524216391447,11.390376063949049,375.6866784847818,390.0567454653839
BOSCHLTD,54,1981.0,19,BOSCHLTD,111,BOSCHLTD,-2531.0,19.25572642327733,0.029135561178498914,25.062339985781364,262.24059739617803,210.2070176610711
BOSCHLTD,55,1878.0,19,BOSCHLTD,50,BOSCHLTD,-399.0,12.367285735124668,0.1994175365132551,17.94916307695005,988.6617131429758,113.0425175722958
BOSCHLTD,56,1963.0,19,BOSCHLTD,0,BOSCHLTD,-338.0,24.844197839124895,0.5336732853203126,27.276011699722194,659.590324962863,394.8507834480489
BOSCHLTD,57,2093.0,19,BOSCHLTD,0,BOSCHLTD,-383.0,5.3408881174446465,0.16432763829425268,17.352638809592005,480.31472833110456,197.9859641553149
BOSCHLTD,58,2154.0,19,BOSCHLTD,0,BOSCHLTD,-1239.0,5.70455887484655,1.4409592204405157,23.137931589469723,291.48141143193993,378.08599445276604
BOSCHLTD,59,1483.0,19,BOSCHLTD,74,BOSCHLTD,-1452.0,9.52158030485191,1.298378606710684,23.60435135040518,997.4795515618708,287.7535444827159
BOSCHLTD,60,1163.0,19,BOSCHLTD,54,BOSCHLTD,-108.0,10.345601960100787,0.46226135418818615,29.220136534551564,166.0891397976102,411.10481688891093
BOSCHLTD,61,1462.0,19,BOSCHLTD,73,BOSCHLTD,-27.0,7.184368191559942,0.5376647244468478,11.486270108126785,160.6495301006696,374.4134048966698
BOSCHLTD,62,1810.0,19,BOSCHLTD,53,BOSCHLTD,-24.0,18.977621979033977,0.21873466981884726,22.31456722503556,211.8398696225827,103.72692711973059
BOSCHLTD,63,2095.0,19,BOSCHLTD,39,BOSCHLTD,-33.0,22.720081466531262,1.1739750915119245,21.815946488497712,667.1161616257931,65.34936194134877
BOSCHLTD,64,2216.0,19,BOSCHLTD,31,BOSCHLTD,33.0,7.792931243903722,0.5399134798824257,22.555451132594712,468.84253747798,229.62823353578912
BPCL,52,6709.0,20,BPCL,33157,BPCL,4804.0,21.704681209014687,0.6793227188839315,21.62433433564523,465.5875227515514,340.41010471830623
BPCL,53,9414.0,20,BPCL,33152,BPCL,-4218.0,23.735561008294873,0.26975865149343403,19.913544580417714,404.21663640056124,225.03749159210125
BPCL,54,9780.0,20,BPCL,25492,BPCL,207.0,20.38848519828094,0.8552318772284921,12.436821181623337,766.64342841079,90.42000887619464
BPCL,55,12971.0,20,BPCL,23388,BPCL,3583.0,18.82040190043134,0.3763169964735449,28.631078042725214,998.6565321378592,397.92881023739073
BPCL,56,13783.0,20,BPCL,35725,BPCL,-13981.0,24.632748369581925,1.7128200623463496,21.600040586529794,361.5663848716198,60.45845030349296
BPCL,57,15317.0,20,BPCL,37659,BPCL,-17672.0,15.606612235420435,1.649573716805855,19.29497239046345,589.9813949667598,337.06257754373496
BPCL,58,15112.0,20,BPCL,44839,BPCL,-4402.0,17.95777137543435,1.748148467043989,12.15927963403357,791.229347590832,319.122762591568
BPCL,59,8975.0,20,BPCL,65476,BPCL,-25427.0,9.01426161394288,0.512648761051224,29.814709850183256,494.386845032312,97.08655098220981
BPCL,60,21001.0,20,BPCL,54532,BPCL,1476.0,17.067062422289617,0.5732116832298364,10.988610772396806,240.27847410914987,357.7515958631286
BPCL,61,19137.0,20,BPCL,64534,BPCL,-1029.0,14.636438561316385,0.49274104030489774,25.936614156751347,914.8482848362219,352.89333711445624
BPCL,62,10899.0,20,BPCL,69376,BPCL,414.0,9.355391288592426,1.9232748703488853,18.663943190716736,649.3536285349561,490.4364240819707
BPCL,63,44082.0,20,BPCL,54599,BPCL,555.0,9.856902974872943,0.7782226612835821,19.461685090158475,835.8383126856903,288.51053675444103
BPCL,64,26554.0,20,BPCL,58880,BPCL,-1429.0,6.512060792501311,1.4851851258918634,10.685753410582814,806.0327620415194,300.6901814541653
BRITANNIA,52,421.0,21,BRITANNIA,380,BRITANNIA,-295.0,21.051482126581973,1.1989547388109707,27.252197436671487,445.51871279978536,234.80331548431866
BRITANNIA,53,627.0,21,BRITANNIA,150,BRITANNIA,-232.0,12.824246326418711,1.6689415589304046,28.622970839783004,510.2338673652449,347.24642150792386
BRITANNIA,54,870.0,21,BRITANNIA,145,BRITANNIA,-353.0,22.408932198756325,1.8800107280795244,21.23712940038727,405.0980453097549,119.48709503661756
BRITANNIA,55,1224.0,21,BRITANNIA,131,BRITANNIA,58.0,17.943721583460825,0.4846142972653027,13.121412897429154,295.98562874320123,456.21846991794524
BRITANNIA,56,1278.0,21,BRITANNIA,125,BRITANNIA,-2242.0,19.485277743533157,0.2875394322713596,24.636454180696347,714.4163633485405,362.4055138615277
BRITANNIA,57,1501.0,21,BRITANNIA,201,BRITANNIA,-2246.0,24.421856341002727,1.1989016184992936,22.583258218686986,289.8312114898681,280.9929838018149
BRITANNIA,58,1732.0,21,BRITANNIA,156,BRITANNIA,-1028.0,6.07233636471703,0.2458551903304711,20.358360433316705,690.465032135294,446.38021164715013
BRITANNIA,59,1843.0,21,BRITANNIA,1538,BRITANNIA,-2830.0,10.873246268541132,0.06168092864713848,15.922927963238447,750.4550660782642,232.58411153672586
BRITANNIA,60,2509.0,21,BRITANNIA,2122,BRITANNIA,-30.0,22.30779255121192,0.28581643990264105,11.949225301190427,631.4329096308444,300.267533600517
BRITANNIA,61,2201.0,21,BRITANNIA,2481,BRITANNIA,68.0,5.59247107733531,1.3177797669099323,12.656765719841111,123.57803656260714,471.8151342182672
BRITANNIA,62,2831.0,21,BRITANNIA,2997,BRITANNIA,-47.0,23.854890101765502,0.0977929971967626,26.38672753826512,439.1175905345375,478.8351799876783
BRITANNIA,63,3167.0,21,BRITANNIA,2065,BRITANNIA,8.0,22.78975570732728,1.227303772505962,17.12919252284295,597.6939812218982,315.13026645049484
BRITANNIA,64,3136.0,21,BRITANNIA,2754,BRITANNIA,-4.0,12.559297599303552,0.7310924856348942,22.51102324761618,672.0941576191057,146.05595375272713
CANBK,52,7217.0,22,CANBK,534858,CANBK,124.0,12.304906696850678,0.15450698709795252,18.003540782037753,482.25910246389554,121.81804110244657
CANBK,53,9636.0,22,CANBK,563756,CANBK,2865.0,8.549272443465572,1.7181776358464866,20.65288873118186,755.6676435885115,307.79893766952944
CANBK,54,10302.0,22,CANBK,640166,CANBK,-1185.0,20.495161419736498,0.1255723958280519,17.490122609253007,499.77516136041083,483.42868783465855
CANBK,55,17785.0,22,CANBK,668170,CANBK,7792.0,14.561852094996468,0.7447863437378586,24.9464966894946,815.0707958287772,397.37257921617464
CANBK,56,15691.0,22,CANBK,1060998,CANBK,290.0,12.769630897578585,0.347117862628731,16.363314872667686,972.0197020589056,168.38977816671502
CANBK,57,25582.0,22,CANBK,1132626,CANBK,4035.0,5.144635320024673,0.7070354514060453,23.053054136719584,201.70652512482505,438.4234808064775
CANBK,58,27202.0,22,CANBK,1237160,CANBK,445.0,7.619455113426888,0.06275383632442844,29.201755681764105,553.0208164920823,285.8854397304724
CANBK,59,26809.0,22,CANBK,1369780,CANBK,-3834.0,15.738772678556362,1.008091871269256,20.960029872422737,445.59953675726723,394.50939597640036
CANBK,60,43437.0,22,CANBK,18108,CANBK,6532.0,18.4824489501763,1.15108254466919,17.514203811229656,794.0285899335223,441.8912768371031
CANBK,61,41235.0,22,CANBK,23000,CANBK,10092.0,22.44347937129381,0.46306631855620983,13.135279608660248,625.5974500254853,223.77179428778845
CANBK,62,42772.0,22,CANBK,26578,CANBK,3776.0,21.977332663448735,1.7546443749004144,14.230966289137614,417.22000080217896,332.4054625204493
CANBK,63,46146.0,22,CANBK,24603,CANBK,8096.0,20.598878384136956,1.436162782934011,26.57803911744572,545.1410579692786,127.44545616199345
CANBK,64,48026.0,22,CANBK,26615,CANBK,2224.0,18.867610085394872,1.2880387557652608,18.72512226248632,176.52469521883233,103.16181214791126
CHOLAFIN,52,688.0,23,CHOLAFIN,15269,CHOLAFIN,1692.0,9.739213676029465,1.5410666784899478,17.904646296612608,713.2071445868165,198.62898980118135
CHOLAFIN,53,932.0,23,CHOLAFIN,18075,CHOLAFIN,8009.0,8.021405391010028,0.9172040948175395,20.700168624035275,675.6304300650106,477.26721644483763
CHOLAFIN,54,1061.0,23,CHOLAFIN,19950,CHOLAFIN,12191.0,10.850594177640335,0.6333411286115354,25.490398682533417,232.9437923745443,170.20168674343682
CHOLAFIN,55,1266.0,23,CHOLAFIN,22546,CHOLAFIN,2452.0,20.197892191214304,1.6260315718736364,24.372666803006716,850.2572412911743,308.9943801593926
CHOLAFIN,56,1322.0,23,CHOLAFIN,24071,CHOLAFIN,8707.0,18.86019481754014,0.9137655268807001,12.051613774150498,973.6502555340802,380.11569832037
CHOLAFIN,57,1451.0,23,CHOLAFIN,38330,CHOLAFIN,5150.0,18.756229153326373,1.8281655782743536,26.232405859787175,106.19702777550702,248.4015268665383
CHOLAFIN,58,1632.0,23,CHOLAFIN,50567,CHOLAFIN,27466.0,20.80914171347507,0.6179317883406403,16.998895960544218,189.73488270598546,467.02552127899725
CHOLAFIN,59,2421.0,23,CHOLAFIN,55005,CHOLAFIN,38471.0,17.665277264678945,0.7940681901567541,22.36662113722138,312.5748856763562,464.11603488229184
CHOLAFIN,60,2913.0,23,CHOLAFIN,63730,CHOLAFIN,317.0,17.343746883783176,1.382414782919783,27.84201812372441,212.24904574878852,383.757774451179
CHOLAFIN,61,2926.0,23,CHOLAFIN,69174,CHOLAFIN,219.0,12.335269052009162,1.2150416792160268,24.69261614588988,651.2714080622538,145.94606787541824
CHOLAFIN,62,3621.0,23,CHOLAFIN,97358,CHOLAFIN,-485.0,20.02210654634149,1.9949675024351106,16.15432815339703,851.9975924085138,407.6633164644869
CHOLAFIN,63,5385.0,23,CHOLAFIN,134475,CHOLAFIN,85.0,20.409375640490055,1.4592682741172074,10.082252373346783,275.95344287016366,373.1842976950311
CHOLAFIN,64,6452.0,23,CHOLAFIN,157943,CHOLAFIN,2.0,6.309647694094456,1.1398996840126898,28.591833661334316,593.5206918058507,276.25001159784927
CIPLA,52,6065.0,24,CIPLA,967,CIPLA,-1326.0,24.51645710955023,1.5000525452575577,25.466674250068863,796.7007717727149,165.39806556385014
CIPLA,53,8026.0,24,CIPLA,1248,CIPLA,-385.0,21.79367529375998,1.1196873187478347,16.197318505871294,207.1320461792809,181.78284571318386
CIPLA,54,9183.0,24,CIPLA,1703,CIPLA,-349.0,19.327133855509334,1.4678986165525527,21.32362680551638,960.7794174328283,465.24851360077105
CIPLA,55,11310.0,24,CIPLA,5202,CIPLA,-2949.0,6.76991575725353,0.5538999119361017,18.49616088157721,831.3788108346745,455.3807962937901
CIPLA,56,11898.0,24,CIPLA,4113,CIPLA,-1240.0,10.208804858411163,1.4435603782502404,17.518085661739864,637.6058050379045,351.3675256917576
CIPLA,57,12329.0,24,CIPLA,4098,CIPLA,-1600.0,13.754613824313967,0.07400892739221931,24.95561843924974,503.2947178191688,133.60429544708848
CIPLA,58,13265.0,24,CIPLA,4316,CIPLA,-958.0,15.105712320416934,1.6015008489747922,10.333137171793602,484.8579412797387,377.33002881240566
CIPLA,59,13926.0,24,CIPLA,2816,CIPLA,-1200.0,16.283101002742132,1.9803334304629951,20.685920406143488,408.6482964952245,298.9645992614401
CIPLA,60,14907.0,24,CIPLA,2014,CIPLA,53.0,17.93523213878087,0.4769907781864531,26.281709408792235,514.8259847060128,460.7015221454179
CIPLA,61,17211.0,24,CIPLA,1056,CIPLA,33.0,18.230142308370453,0.25124251894616156,17.753479995080284,271.2169688555539,406.3427908370252
CIPLA,62,17726.0,24,CIPLA,803,CIPLA,388.0,13.877308026004698,0.5535440393273354,14.330711284360792,253.40292880084132,193.5460807428593
CIPLA,63,19483.0,24,CIPLA,559,CIPLA,312.0,5.690055769674352,1.4401036086559518,13.400909271645085,549.986978796171,416.8108196623507
CIPLA,64,20075.0,24,CIPLA,461,CIPLA,-248.0,6.817606750746343,0.2786260597095329,22.076799551466074,716.2742423287181,190.12813892459656
COALINDIA,52,50216.0,25,COALINDIA,1305,COALINDIA,-17598.0,21.22423511438765,0.8121747388273111,27.010596242856362,163.25233630759757,288.4397898195232
COALINDIA,53,52842.0,25,COALINDIA,178,COALINDIA,-13564.0,10.834536414445937,1.4286707558224927,28.378998867427526,969.6748429845742,364.45838374845414
COALINDIA,54,56777.0,25,COALINDIA,408,COALINDIA,-10885.0,22.721921040124585,0.8910285796946122,14.215276810169609,422.6995110742122,213.55741708801372
COALINDIA,55,59147.0,25,COALINDIA,1199,COALINDIA,-4791.0,20.59015877809518,0.9861926983168232,15.878969076945266,138.1560201771596,82.94779206989358
COALINDIA,56,65716.0,25,COALINDIA,3014,COALINDIA,-8453.0,13.490484722909402,0.0488461314312596,14.15158078886467,191.64039299463028,263.5866266707451
COALINDIA,57,75956.0,25,COALINDIA,1538,COALINDIA,-13441.0,17.94739320422167,1.8736101807657515,18.84446224223769,613.9116275524763,491.7974337587951
COALINDIA,58,74579.0,25,COALINDIA,2210,COALINDIA,-13704.0,19.66541801653841,0.5208815697684812,28.24119542657657,553.1462616323076,203.8228860233421
COALINDIA,59,74500.0,25,COALINDIA,6434,COALINDIA,-13899.0,9.17052204392598,0.678633307292984,13.646705247486324,112.80658941089735,177.78560414500987
COALINDIA,60,71398.0,25,COALINDIA,5884,COALINDIA,-575.0,7.142447804701195,0.46117866922389883,14.195118878964275,244.76178796984718,330.17523978277296
COALINDIA,61,84995.0,25,COALINDIA,3514,COALINDIA,-2246.0,16.76484443441861,0.24528306808108158,25.919566728558422,241.57596808819704,184.90240386665505
COALINDIA,62,94020.0,25,COALINDIA,4331,COALINDIA,250.0,13.322987915684907,1.0062502158815088,17.88899441699677,254.92034944912226,427.0199522853696
COALINDIA,63,94352.0,25,COALINDIA,6523,COALINDIA,1721.0,23.17340851975478,1.4910293229464602,17.440169829706715,647.8868492140333,322.6393623130242
COALINDIA,64,93717.0,25,COALINDIA,7816,COALINDIA,-682.0,23.793497854344164,1.8599707526427596,20.631944469343466,879.8809103771779,330.2162771476519
DABUR,52,992.0,26,DABUR,1151,DABUR,-339.0,13.727019808785094,0.8335916039145115,16.616641731440538,900.6119141055377,151.08243367047265
DABUR,53,1162.0,26,DABUR,708,DABUR,-577.0,21.450007487100876,0.7709957193344237,20.014579828222523,515.6411101906616,364.7651004335313
DABUR,54,1320.0,26,DABUR,734,DABUR,-1888.0,23.794616950480673,0.4425905530144043,29.04740830703282,812.3438298372707,100.92808281634268
DABUR,55,1518.0,26,DABUR,805,DABUR,-1043.0,8.820773460777783,0.20630098690352772,13.289498557659103,430.88474836759104,238.59090783673696
DABUR,56,1512.0,26,DABUR,975,DABUR,-613.0,15.592853041130967,1.2527829258154741,17.554223281014373,636.2926614912799,324.47447606417586
DABUR,57,1617.0,26,DABUR,938,DABUR,-490.0,7.087798039060322,1.585809588336223,13.237820767593519,540.3602941954878,484.82152178817074
DABUR,58,1740.0,26,DABUR,699,DABUR,-1035.0,10.821368520346528,0.7384569338864133,14.169422549957138,547.3187882841266,244.99528186880238
DABUR,59,1792.0,26,DABUR,522,DABUR,-1161.0,6.432485679867961,1.8670750456853007,17.556568199200367,550.1761348656489,257.347081397255
DABUR,60,2002.0,26,DABUR,509,DABUR,13.0,12.29364331832707,1.1064607852230104,24.536244668464953,989.2708689690935,264.3298265955415
DABUR,61,2252.0,26,DABUR,1030,DABUR,190.0,15.353268313614862,0.7605401473389997,20.05793029083877,117.01270664412226,287.8544399612865
DABUR,62,2162.0,26,DABUR,1174,DABUR,-245.0,18.70569128721413,1.570017707423044,18.627063253632897,454.17020100552173,106.09473604287048
DABUR,63,2400.0,26,DABUR,1365,DABUR,82.0,6.543926064677949,1.6201238289426394,12.692745294070697,602.1531215475835,96.370600705214
DABUR,64,2341.0,26,DABUR,1752,DABUR,81.0,12.85551021623905,0.12439565250222051,18.638514684108884,901.7681598439643,365.91453083662276
DIVISLAB,52,816.0,27,DIVISLAB,33,DIVISLAB,2.0,14.77552975692424,1.1858456543387155,23.595747014496695,945.1614767495499,257.44322825254557
DIVISLAB,53,1018.0,27,DIVISLAB,18,DIVISLAB,-314.0,22.296155128806944,0.19684647023709267,13.261401074368003,825.8988032280183,360.1287344920505
DIVISLAB,54,1173.0,27,DIVISLAB,27,DIVISLAB,-246.0,24.820809237209723,0.6111392420380339,27.148019690780057,564.530739976023,236.81956878580402
DIVISLAB,55,1423.0,27,DIVISLAB,42,DIVISLAB,-1091.0,5.782222946123401,0.08668426406146001,27.826863694072607,652.4610961797414,429.51411146060184
DIVISLAB,56,1450.0,27,DIVISLAB,36,DIVISLAB,-35.0,13.79577577718708,1.3485208716653976,15.149744220274663,874.7266283511908,221.63981980709823
DIVISLAB,57,1269.0,27,DIVISLAB,63,DIVISLAB,-532.0,8.136345967979997,1.8830274722825018,22.06482706380467,186.2946530561872,98.34813833047477
DIVISLAB,58,1874.0,27,DIVISLAB,106,DIVISLAB,-797.0,9.43528461466579,0.5334974632168155,25.833280095151437,215.91005820049608,369.0644986277587
DIVISLAB,59,1826.0,27,DIVISLAB,39,DIVISLAB,-799.0,10.449815434823735,0.9790558428830836,24.87087571533152,969.7947334691884,270.96400850111564
DIVISLAB,60,2867.0,27,DIVISLAB,5,DIVISLAB,-5.0,13.73623142672641,1.3659256178370134,22.94791401018803,785.6438869448381,245.0610192521866
DIVISLAB,61,3885.0,27,DIVISLAB,4,DIVISLAB,3.0,24.606237212651735,1.5381215445305194,27.51765027899613,188.53483007570662,278.57500119544954
DIVISLAB,62,2370.0,27,DIVISLAB,4,DIVISLAB,3.0,24.095430000616254,0.0539273779452647,26.396943475147886,554.5910843993429,69.86584013036222
DIVISLAB,63,2210.0,27,DIVISLAB,3,DIVISLAB,0.0,17.586796609842807,1.0017472538430594,18.452716495517976,348.6558576843519,297.1445409822277
DIVISLAB,64,2558.0,27,DIVISLAB,8,DIVISLAB,13.0,9.619133769934919,0.38369720775997274,14.727963890425757,781.8475801579942,486.2549727892774
DLF,52,2633.0,28,DLF,26600,DLF,787.0,5.862842796877292,0.25845699081713436,11.943531739857145,523.4758768404974,250.60098786949627
DLF,53,2493.0,28,DLF,24133,DLF,-232.0,17.357236744729924,1.9940081697070966,19.702115265733774,219.76886682596756,205.7303667073137
DLF,54,3014.0,28,DLF,24495,DLF,875.0,22.73377267228634,1.6252424308196938,24.224203845003984,561.1276346212801,462.1616410513919
DLF,55,3966.0,28,DLF,25264,DLF,-9522.0,23.27833215223389,1.362065867446376,15.169730000862584,293.96634501591564,173.23106435850872
DLF,56,3446.0,28,DLF,29202,DLF,-2184.0,20.372933210758063,1.970726270550131,14.647626550621421,135.1788406153022,422.9290695064094
DLF,57,2378.0,28,DLF,17491,DLF,-3828.0,11.699251659041108,1.81944840390942,19.07932739642842,334.19154381741157,237.8710877946819
DLF,58,2148.0,28,DLF,17222,DLF,-2013.0,17.841027689547673,1.483838485287305,23.35049374612999,656.6615721762323,315.37749422976225
DLF,59,1146.0,28,DLF,8103,DLF,177.0,12.671188573410518,1.0893900708225142,17.517719408296767,202.25660859175343,244.25504108238957
DLF,60,1469.0,28,DLF,6886,DLF,52.0,20.693890824734442,0.18276072031975876,15.402121856192114,165.08274846121262,259.9242744029565
DLF,61,1743.0,28,DLF,4182,DLF,860.0,18.891352029091298,0.2276185863244231,17.894054848704144,527.0574939343973,120.64552795285651
DLF,62,1726.0,28,DLF,3334,DLF,588.0,9.315113777898166,1.0947163082715123,10.734879768529009,349.8685642833478,110.7159164221927
DLF,63,2124.0,28,DLF,4834,DLF,210.0,15.604250753285658,1.322728783281335,18.259483948146286,344.9044197041643,361.4303487743536
DLF,64,1885.0,28,DLF,4290,DLF,761.0,6.923728959244169,0.2475045524759225,16.372750375459688,962.7962631039744,248.91928195682834
DMART,52,215.0,29,DMART,526,DMART,2025.0,14.091656815830888,1.3012864317657575,11.893036848462602,992.474742818474,88.17047948089865
DMART,53,341.0,29,DMART,641,DMART,-1159.0,7.93157020345806,0.9182239249621327,20.31055817248872,437.44857051281036,83.60569073637463
DMART,54,456.0,29,DMART,904,DMART,209.0,10.276947882778359,0.7195227525043932,12.383722281960015,246.5321421824009,100.87512854773053
DMART,55,664.0,29,DMART,1192,DMART,3357.0,6.1968949093365815,0.741892565818713,29.04661513981878,289.2535981742196,248.90089175615594
DMART,56,969.0,29,DMART,1497,DMART,-180.0,16.493360783854737,0.5507992974233544,15.032061727142601,709.1747361345302,478.13878262968876
DMART,57,1353.0,29,DMART,439,DMART,-179.0,9.456900042949755,0.24812539816188695,27.323378872146826,405.6259588010665,159.89292209093296
DMART,58,1633.0,29,DMART,700,DMART,-205.0,20.285606108183387,1.745174581381247,27.055937318788672,166.0068128037145,340.94662352958085
DMART,59,2128.0,29,DMART,333,DMART,-148.0,24.443510633940377,1.0468550849555336,28.998338688471822,372.1662073815181,455.86260768921466
DMART,60,1745.0,29,DMART,393,DMART,14.0,14.627939094967644,0.09016935098944767,10.595551741973992,317.4416687652082,471.3538868486606
DMART,61,2502.0,29,DMART,647,DMART,-7.0,10.258874217338857,1.6241114087834112,25.211139892188022,598.6751336762991,347.72471093309593
DMART,62,3639.0,29,DMART,643,DMART,-17.0,6.4899473154643195,0.5864164329246042,28.98188099293882,592.2341911291769,122.1694208102034
DMART,63,4106.0,29,DMART,592,DMART,-3.0,24.448349118183422,0.023845899379803415,26.74888863921957,634.1225541293767,87.6752769663799
DMART,64,4476.0,29,DMART,713,DMART,-1.0,21.54519562343361,0.678950203788939,15.009843723460737,650.687443380431,116.3258270175487
DRREDDY,52,2669.0,30,DRREDDY,3682,DRREDDY,-369.0,21.86429379418634,0.20848857650970531,10.118843745074393,531.2043420046032,195.32343217596795
DRREDDY,53,3251.0,30,DRREDDY,4477,DRREDDY,-444.0,19.93334951612696,1.5856537041634475,26.717376223596535,371.4587560381313,260.5423082341473
DRREDDY,54,3508.0,30,DRREDDY,4314,DRREDDY,-2133.0,8.52532145137419,1.9762838698436966,20.31205596104195,231.47432823130464,400.1662653062546
DRREDDY,55,3585.0,30,DRREDDY,3352,DRREDDY,-2516.0,24.283293250877737,1.6697342748806459,28.860312221651007,798.4840376278687,349.4990319764039
DRREDDY,56,2472.0,30,DRREDDY,4918,DRREDDY,-30.0,16.919612993433,0.6996242672541162,23.908932100793493,432.76423826985547,337.23109200494594
DRREDDY,57,2351.0,30,DRREDDY,5071,DRREDDY,-242.0,15.97457736382459,0.4121564279614287,23.034026611936987,271.18823977928923,435.6824536375094
DRREDDY,58,3178.0,30,DRREDDY,3838,DRREDDY,-2686.0,11.1142023116176,0.7373299904575032,27.90423695173399,305.75104281823803,428.86016391427097
DRREDDY,59,2477.0,30,DRREDDY,2210,DRREDDY,-376.0,18.39479892532782,0.360251972647899,16.907361705008494,171.9710507558682,314.1233393769479
DRREDDY,60,3874.0,30,DRREDDY,3031,DRREDDY,-216.0,9.247080778834103,1.8649457614460858,17.022168128417736,210.72516006383705,463.6119852159107
DRREDDY,61,3768.0,30,DRREDDY,3384,DRREDDY,342.0,20.814658661925293,1.5037887536472243,15.537760787139685,467.25936183344913,436.4681920958308
DRREDDY,62,6470.0,30,DRREDDY,1347,DRREDDY,-280.0,11.649868922090132,0.05582034015382509,24.96315480726955,936.1140211071621,117.20551927577675
DRREDDY,63,7933.0,30,DRREDDY,2002,DRREDDY,-47.0,6.280667679885221,0.7695249415984236,21.304191046007126,399.5750679363817,192.37303251074835
DRREDDY,64,8311.0,30,DRREDDY,4854,DRREDDY,-114.0,21.327669929749195,1.6582033909039504,21.783895244263555,813.0059343494318,193.92482423440515
EICHERMOT,52,550.0,31,EICHERMOT,23,EICHERMOT,25.0,11.272409473086832,0.6375762107098704,12.885363681750992,797.5872739349259,85.537304088099
EICHERMOT,53,715.0,31,EICHERMOT,84,EICHERMOT,-262.0,23.47176420433108,0.5916150157878954,22.06551803407574,483.23050222771724,277.45847579942637
EICHERMOT,54,1118.0,31,EICHERMOT,58,EICHERMOT,-292.0,23.484860283819387,1.2512644922059588,27.962987563106,356.7488147309117,372.7666996919405
EICHERMOT,55,1690.0,31,EICHERMOT,23,EICHERMOT,-858.0,13.768373710005983,1.556518971834162,13.553316333456706,844.0832394667304,227.55086078538127
EICHERMOT,56,2174.0,31,EICHERMOT,112,EICHERMOT,-15.0,11.404530149554489,0.04380404254558368,28.668964962749083,318.43767803537173,54.300783147679795
EICHERMOT,57,2809.0,31,EICHERMOT,151,EICHERMOT,-593.0,11.135033388440302,1.6621051106088107,14.66550383801706,815.4134909690025,429.39297830099275
EICHERMOT,58,2904.0,31,EICHERMOT,187,EICHERMOT,-417.0,12.358564072876081,0.7972335540453517,27.649023773282075,804.3780899616144,82.47661757452924
EICHERMOT,59,2183.0,31,EICHERMOT,249,EICHERMOT,-844.0,10.13511679693406,0.38893382866081705,15.525141415889168,616.3506268583751,304.76734880174115
EICHERMOT,60,1783.0,31,EICHERMOT,219,EICHERMOT,-388.0,19.843616064343767,0.9397519279674225,23.788762064094882,374.516988258388,326.76552638632637
EICHERMOT,61,2178.0,31,EICHERMOT,108,EICHERMOT,-121.0,10.424321740511965,0.21849705117060947,25.876761285396835,463.94317511450765,429.5007990223114
EICHERMOT,62,3446.0,31,EICHERMOT,288,EICHERMOT,-329.0,16.764817441867713,0.3790855137916975,17.606792089846092,875.6296241460465,441.1397665030006
EICHERMOT,63,4329.0,31,EICHERMOT,419,EICHERMOT,-4.0,24.205974706807538,1.6882894733045497,16.08821498109044,675.8939028718697,296.3010290992737
EICHERMOT,64,4472.0,31,EICHERMOT,404,EICHERMOT,-10.0,13.428085478857561,0.7893221327876188,16.47521664810939,185.2769990870429,97.23621394484209
GAIL,52,7427.0,32,GAIL,16472,GAIL,-5275.0,15.21672147762171,1.2845126878830095,27.300188663804448,981.8867163878473,273.99202724596216
GAIL,53,7988.0,32,GAIL,18537,GAIL,-5252.0,17.746006073185907,1.6423973383606747,19.154082785351566,141.98229591973447,260.74858386991116
GAIL,54,5631.0,32,GAIL,18291,GAIL,-3364.0,16.20503555747471,1.4648326036777655,27.510437865740784,180.86226132802489,344.7662088963704
GAIL,55,4536.0,32,GAIL,9052,GAIL,281.0,6.529912789309584,1.0736950058037389,28.766764642352268,149.56970489081033,59.54735367607017
GAIL,56,6021.0,32,GAIL,6553,GAIL,-3471.0,10.777084310534937,1.6640859708360143,26.380383268191938,382.6804883418614,280.8288517998344
GAIL,57,7802.0,32,GAIL,3876,GAIL,-3917.0,7.723761003803872,0.14462026166506892,21.296187900210306,568.9641625642835,289.31506732416915
GAIL,58,9938.0,32,GAIL,2224,GAIL,2972.0,11.156177773923533,0.49021635289123355,28.697176842408812,221.15726303000403,147.5446805598877
GAIL,59,9022.0,32,GAIL,6912,GAIL,-3457.0,20.681496742041237,1.7165324141980465,19.25433216560203,147.84781419499092,249.4936129794479
GAIL,60,7245.0,32,GAIL,7873,GAIL,1618.0,24.44496600478427,0.17135712689364246,23.411134589964945,258.8924483031117,88.72087869818762
GAIL,61,15161.0,32,GAIL,9216,GAIL,146.0,9.311405377361643,1.826891365107569,25.40459383247879,339.6033351490271,425.31692781918974
GAIL,62,7500.0,32,GAIL,17816,GAIL,-1653.0,21.24869953287967,0.5459262705545889,13.984698473978813,521.7753263404995,85.2060194183012
GAIL,63,14314.0,32,GAIL,21794,GAIL,29.0,19.018885483542874,1.5497606427464847,12.198323711092968,691.8670303601978,180.67931946731844
GAIL,64,16784.0,32,GAIL,19632,GAIL,415.0,24.543229377298367,1.3525152324486223,28.069001636694797,670.4517278017832,332.4453652566807
GODREJCP,52,995.0,33,GODREJCP,2456,GODREJCP,665.0,5.247899848212876,1.8174991408326375,18.200263792379424,669.8819072070968,170.6607279897213
GODREJCP,53,1169.0,33,GODREJCP,2373,GODREJCP,-1384.0,12.499709687243428,0.17125670715974173,21.359346680783283,515.7407931163575,414.89308589112693
GODREJCP,54,1379.0,33,GODREJCP,2717,GODREJCP,-2039.0,5.727953976789131,1.2093434149315128,26.89464783016385,211.89639257435746,326.68940424985766
GODREJCP,55,1657.0,33,GODREJCP,2891,GODREJCP,-1295.0,6.742452494781297,1.225863804034622,12.209641030506603,719.8775534834838,368.474337102099
GODREJCP,56,1907.0,33,GODREJCP,4001,GODREJCP,-1816.0,24.062880698807046,1.0034913106307315,16.224048961228196,195.47311710685258,411.65528432507267
GODREJCP,57,2084.0,33,GODREJCP,3508,GODREJCP,-380.0,19.854506752830346,1.7532415820388212,12.999149618754442,106.72723411295682,381.477758620487
GODREJCP,58,2132.0,33,GODREJCP,3382,GODREJCP,-794.0,21.17757054084397,1.4455897677788556,10.784863451234836,303.1186470191669,68.79916643531988
GODREJCP,59,2154.0,33,GODREJCP,3575,GODREJCP,1406.0,15.275829761432426,0.4054737386761138,15.636091651896551,222.99409167823922,122.01526305050189
GODREJCP,60,2399.0,33,GODREJCP,1864,GODREJCP,237.0,8.269457850503672,1.4829639549484397,11.283910270047668,479.21436081258753,76.82956942735866
GODREJCP,61,2409.0,33,GODREJCP,1704,GODREJCP,1.0,13.45369907769398,1.8948602756908297,10.844999514341662,517.2295741321325,135.53581702058125
GODREJCP,62,2443.0,33,GODREJCP,1130,GODREJCP,-221.0,23.438506999421346,1.8400417729600036,10.75775496506397,636.199365579898,192.8382303395475
GODREJCP,63,2957.0,33,GODREJCP,3222,GODREJCP,23.0,6.835765469898442,0.13625086889829774,10.699782975650123,160.3363479845076,476.0355035074378
GODREJCP,64,2996.0,33,GODREJCP,3828,GODREJCP,282.0,24.03330593398269,1.7878371850697663,22.9715102803846,817.098864085365,242.1314075176087
GRASIM,52,5924.0,34,GRASIM,9550,GRASIM,-3799.0,10.883721530973734,1.700257604872689,22.995325380841585,726.3533078983346,234.92052904290225
GRASIM,53,4915.0,34,GRASIM,9681,GRASIM,3449.0,15.434290764474916,1.0096119240580983,15.033465431660154,152.1368438690137,226.72314437320372
GRASIM,54,5144.0,34,GRASIM,11930,GRASIM,4158.0,21.490279293555503,1.413865020674819,22.39537181871705,255.01401859955894,197.02669500788875
GRASIM,55,5911.0,34,GRASIM,12505,GRASIM,-3418.0,9.044311644306898,0.7383819079701284,11.041014695320932,740.6071495713959,440.4982902635652
GRASIM,56,7387.0,34,GRASIM,9213,GRASIM,-8003.0,16.77696122170502,0.24330609642633116,22.342188541050042,567.4182646854704,143.83705259306788
GRASIM,57,11612.0,34,GRASIM,67070,GRASIM,-6733.0,9.677790438350762,1.6609983942750899,20.46062759687164,189.35016047054546,375.94849800103265
GRASIM,58,16640.0,34,GRASIM,84487,GRASIM,26469.0,23.235836788243056,0.9678642169883753,21.14814804414855,722.7258956215193,332.5241574508625
GRASIM,59,10373.0,34,GRASIM,84777,GRASIM,33908.0,20.838033378520173,1.5991928077680544,21.45714460236139,645.8053148438777,359.3876114497405
GRASIM,60,18635.0,34,GRASIM,79078,GRASIM,-97.0,14.823209786870976,1.4058542262862275,20.651440850067708,953.770540129142,153.4642792552153
GRASIM,61,20431.0,34,GRASIM,74744,GRASIM,168.0,22.754890225407557,0.2392805093945376,29.64555428800371,854.8026108170479,367.240392657767
GRASIM,62,21589.0,34,GRASIM,103039,GRASIM,-42.0,16.71646178393511,1.2473093867663039,15.377521417436139,351.8724226109373,60.117668328895306
GRASIM,63,27195.0,34,GRASIM,137155,GRASIM,-11.0,19.729805006761495,0.8746829012754471,22.475716325003454,479.57735579201585,211.70926656301285
GRASIM,64,27506.0,34,GRASIM,158159,GRASIM,-20.0,17.266728350910736,1.6539159109073023,22.156657067225968,902.479560960266,490.7975179474333
HAVELLS,52,674.0,36,HAVELLS,982,HAVELLS,-98.0,8.354467856077587,1.7347429243862496,26.88253612535548,190.05469217614743,445.74977281393103
HAVELLS,53,777.0,36,HAVELLS,1054,HAVELLS,-409.0,23.128991891615886,1.7081730884084032,28.08379813056545,770.7212861508673,352.9482889087776
HAVELLS,54,755.0,36,HAVELLS,424,HAVELLS,-318.0,23.986955158100255,0.951610169640084,17.084463217542584,509.74260125537836,140.80152583199776
HAVELLS,55,796.0,36,HAVELLS,134,HAVELLS,-716.0,15.025141510658436,0.9429514474116174,14.703026153012148,223.31928816758534,118.79306746252576
HAVELLS,56,815.0,36,HAVELLS,208,HAVELLS,190.0,22.528943080329157,1.1951778607933499,13.265688952394193,399.07758242960665,436.29403444613956
HAVELLS,57,1033.0,36,HAVELLS,115,HAVELLS,-547.0,5.728092315506165,1.8692831528355653,21.472364589098714,757.8727965411626,285.6329328915914
HAVELLS,58,1189.0,36,HAVELLS,94,HAVELLS,-907.0,21.14138903207149,1.9356616859014346,14.188228072273812,708.3195930095693,411.67960512125444
HAVELLS,59,1067.0,36,HAVELLS,72,HAVELLS,-534.0,8.113696823511399,1.0882923248551093,18.07059062552552,909.681453527288,409.5701365986445
HAVELLS,60,1589.0,36,HAVELLS,521,HAVELLS,242.0,13.930014263011978,0.5030622971552317,24.511800048668,325.61340869400294,289.53962867007607
HAVELLS,61,1775.0,36,HAVELLS,616,HAVELLS,183.0,13.681818508207844,1.6542084411243951,13.552676173513234,216.01417818992286,454.0104488678652
HAVELLS,62,1621.0,36,HAVELLS,223,HAVELLS,-277.0,18.113653786295153,0.7082553283429298,18.70375270404486,728.7931937959519,211.10037689432528
HAVELLS,63,1881.0,36,HAVELLS,303,HAVELLS,-229.0,15.879004546850723,0.012163293762977423,28.934144410217467,597.0663434080868,229.27279347943744
HAVELLS,64,2008.0,36,HAVELLS,332,HAVELLS,450.0,20.358592639219673,1.7723805226675904,15.67466786867701,755.6073573871433,251.60718637913095
HCLTECH,52,5680.0,37,HCLTECH,1044,HCLTECH,-4517.0,22.087975168666695,0.95366533882499,23.07163670156718,287.7515387538963,223.61938419558342
HCLTECH,53,8035.0,37,HCLTECH,1018,HCLTECH,-5714.0,12.992416819889915,1.3645493501620827,12.94412779644782,769.0423841694213,484.28257380461525
HCLTECH,54,8486.0,37,HCLTECH,648,HCLTECH,-1471.0,19.280632979886867,0.026547671904909587,10.431912562129531,562.5949575520242,111.11457691721785
HCLTECH,55,6654.0,37,HCLTECH,1090,HCLTECH,-3168.0,11.852289165515062,1.7594960285211898,19.649163278667245,509.99064752520405,466.60809140748256
HCLTECH,56,10390.0,37,HCLTECH,582,HCLTECH,-11192.0,17.38537790377331,1.3219908534577918,12.998940647378799,842.7254571544742,171.06086545360216
HCLTECH,57,11246.0,37,HCLTECH,557,HCLTECH,-14508.0,12.485901306053895,1.067759686862289,28.156509974918375,342.80999456487393,411.63374068159766
HCLTECH,58,13926.0,37,HCLTECH,4195,HCLTECH,-15881.0,9.388335047463737,1.9899388329121208,25.482439735534612,403.77307309986804,316.6027896733232
HCLTECH,59,17316.0,37,HCLTECH,7986,HCLTECH,-15464.0,10.960600267051907,1.9453837672665457,22.859636093000027,167.8662941286624,144.53556841226387
HCLTECH,60,20048.0,37,HCLTECH,6864,HCLTECH,44.0,13.899266917790982,1.7894904945881918,25.39962784562423,197.0049729749606,438.137774321761
HCLTECH,61,20529.0,37,HCLTECH,6343,HCLTECH,307.0,24.438090437696186,1.0991936608321866,23.11069806620417,180.73984166884406,396.17663798724374
HCLTECH,62,22628.0,37,HCLTECH,4794,HCLTECH,311.0,7.370019889901007,1.7614657278448689,18.285510444635722,876.2323562734969,68.92839117244908
HCLTECH,63,24198.0,37,HCLTECH,5758,HCLTECH,-623.0,5.0069068712899,1.241080063577235,10.940666833700723,860.0138485937107,159.35862925750024
HCLTECH,64,25139.0,37,HCLTECH,5791,HCLTECH,588.0,21.597413609099764,0.7399177811232387,14.209697743407812,442.41256134718515,183.59765304634627
HDFCBANK,52,12631.0,38,HDFCBANK,741550,HDFCBANK,-5893.0,6.008198242991827,0.46972316002911385,29.041624050941092,141.6334977762542,52.37862240678196
HDFCBANK,53,13508.0,38,HDFCBANK,944817,HDFCBANK,57378.0,24.043536142455263,0.48475104586561213,18.209811225779077,727.2503623906205,311.7643960096124
HDFCBANK,54,16164.0,38,HDFCBANK,1080235,HDFCBANK,23131.0,14.35416919556168,0.700149845976477,10.80362222686073,679.5113397406774,181.0795103522137
HDFCBANK,55,20055.0,38,HDFCBANK,1333041,HDFCBANK,24394.0,11.31591389023896,0.23757953400827625,19.110188061776395,953.4349342980651,147.81919863182094
HDFCBANK,56,23856.0,38,HDFCBANK,1511418,HDFCBANK,-7321.0,11.614208112445068,0.8640119521713263,13.632362745849099,411.42551924021546,140.35852393840844
HDFCBANK,57,29532.0,38,HDFCBANK,1784970,HDFCBANK,48124.0,14.077341181896818,0.5377627151114925,29.69420170710949,143.57374670834534,441.85028150524545
HDFCBANK,58,34856.0,38,HDFCBANK,2139212,HDFCBANK,23941.0,21.407720601311983,1.9135197523855938,16.78619930296245,321.85550818502804,458.70678366866923
HDFCBANK,59,45459.0,38,HDFCBANK,3107503,HDFCBANK,-3983.0,24.576953645421487,0.162379082386366,27.284476225457297,781.254481605251,497.526186564141
HDFCBANK,60,52457.0,38,HDFCBANK,35492,HDFCBANK,6356.0,16.13993421414932,1.2404878603523777,21.077555409437842,951.2310202497955,155.61331278820134
HDFCBANK,61,56557.0,38,HDFCBANK,42776,HDFCBANK,12382.0,23.448700992831387,1.5636062945319007,20.928275855812775,239.029251527448,132.6935014360365
HDFCBANK,62,63042.0,38,HDFCBANK,34181,HDFCBANK,-3387.0,24.829121737463254,0.6131334072727042,17.231103671484846,245.178320950151,373.93595430626993
HDFCBANK,63,174196.0,38,HDFCBANK,38321,HDFCBANK,2542.0,22.5540480296841,0.5168393027951639,13.803729079613788,797.2861239637323,197.16704174898487
HDFCBANK,64,206009.0,38,HDFCBANK,59000,HDFCBANK,10242.0,19.330575918606833,0.06138552183106838,23.558653503798894,970.8319117717646,405.99019075878806
HDFCLIFE,52,13535.0,39,HDFCLIFE,0,HDFCLIFE,-236.0,18.92969845996482,0.7469346344113599,16.040130449366213,209.6011389312727,496.0730661388935
HDFCLIFE,53,16561.0,39,HDFCLIFE,0,HDFCLIFE,-196.0,21.153070422456853,1.0669524064905864,28.761404512416387,509.7200434344165,267.95075377324963
HDFCLIFE,54,26341.0,39,HDFCLIFE,0,HDFCLIFE,-337.0,14.613246679419618,0.25244355120422024,12.713802016116961,219.2777291337453,202.79628966094012
HDFCLIFE,55,17187.0,39,HDFCLIFE,0,HDFCLIFE,38.0,10.906160275795065,0.0216002982901069,28.535751910346942,946.7065537920146,322.17953573630905
HDFCLIFE,56,29674.0,39,HDFCLIFE,0,HDFCLIFE,678.0,11.909312301370687,0.6081760163574164,28.97940156275859,207.98318100307782,438.68539024896796
HDFCLIFE,57,31186.0,39,HDFCLIFE,0,HDFCLIFE,-238.0,22.496277051054822,0.6843499738793413,15.64322754240382,213.80190987172,468.2485022583901
HDFCLIFE,58,37640.0,39,HDFCLIFE,0,HDFCLIFE,1985.0,15.288410141761613,1.7310169663728356,26.82651144923932,893.9600482209279,422.5049116248885
HDFCLIFE,59,28239.0,39,HDFCLIFE,0,HDFCLIFE,-403.0,12.97405098503856,0.7528198144881006,13.081156391833614,739.5726416178942,477.2401773162508
HDFCLIFE,60,70294.0,39,HDFCLIFE,600,HDFCLIFE,,10.538376619898699,0.3158283757944773,29.00090381125802,682.3162381993262,431.38359761741685
HDFCLIFE,61,66348.0,39,HDFCLIFE,600,HDFCLIFE,,14.665344859260205,1.0775471018737126,14.973228927676951,595.081088415611,390.97553760894033
HDFCLIFE,62,70127.0,39,HDFCLIFE,950,HDFCLIFE,777.0,13.077995112008407,0.7671906978990715,22.904812127500804,587.9114240054124,429.41100894441485
HDFCLIFE,63,100951.0,39,HDFCLIFE,950,HDFCLIFE,1513.0,5.130798563811368,1.0265516801658705,19.309792154686942,554.0628218981523,383.3337849860702
HDFCLIFE,64,100048.0,39,HDFCLIFE,950,HDFCLIFE,817.0,17.451888422647105,0.887216131152426,16.288660551873242,178.99681598472662,59.17004921948321
HEROMOTOCO,48,21722.0,40,HEROMOTOCO,284,HEROMOTOCO,-2102.0,12.243363930671032,1.0478341992547742,26.77778064607148,149.4356698359796,234.2312790526436
HEROMOTOCO,49,24018.0,40,HEROMOTOCO,100,HEROMOTOCO,-2252.0,7.540903442852446,1.8017802328680406,21.64063727274468,642.5993217456056,91.79631139584794
HEROMOTOCO,50,24033.0,40,HEROMOTOCO,232,HEROMOTOCO,-2602.0,12.274447064619963,1.509695591955866,11.389346714712772,402.00677600894306,401.55336126394377
HEROMOTOCO,51,24025.0,40,HEROMOTOCO,261,HEROMOTOCO,-1852.0,16.042852756077476,0.28961526157372486,17.19861324938425,616.6474306378894,230.61814572134224
HEROMOTOCO,52,27124.0,40,HEROMOTOCO,228,HEROMOTOCO,-1975.0,23.914495400598664,0.7575320795247911,26.264928024484966,205.63481232498646,86.59846826568904
HEROMOTOCO,53,28946.0,40,HEROMOTOCO,312,HEROMOTOCO,-2147.0,16.66325970225803,1.3352104936063645,29.208584493016517,101.6833332816533,93.20951468704249
HEROMOTOCO,54,25184.0,40,HEROMOTOCO,453,HEROMOTOCO,-2717.0,23.499297105566548,1.6407295612658084,22.623539397949372,417.403992722843,150.25097354792445
HEROMOTOCO,55,26902.0,40,HEROMOTOCO,584,HEROMOTOCO,-66.0,21.823950048244697,0.854933402072763,29.143907267261838,423.42695946667584,146.42916656682397
HEROMOTOCO,56,26295.0,40,HEROMOTOCO,605,HEROMOTOCO,86.0,5.171742212453935,1.129172894721812,28.22654107133761,687.2921024447576,238.92459259884416
HEROMOTOCO,57,30060.0,40,HEROMOTOCO,568,HEROMOTOCO,-53.0,5.0723090711842005,1.3095177097083723,25.412573051507515,835.3819245122158,79.1936871673048
HEROMOTOCO,58,32554.0,40,HEROMOTOCO,606,HEROMOTOCO,-1.0,11.858587749010743,1.0712082906643865,19.703270902135465,469.50491524870984,73.45969921942796
HEROMOTOCO,59,34537.0,40,HEROMOTOCO,588,HEROMOTOCO,57.0,16.916917026229093,0.4690238045806798,11.215837019075623,463.4829586465438,180.05823286903058
HINDALCO,52,72494.0,41,HINDALCO,56951,HINDALCO,-5552.0,24.836829065573134,0.9174992140323692,18.59411186312893,717.9087779731625,79.98227779506163
HINDALCO,53,79671.0,41,HINDALCO,64756,HINDALCO,-16412.0,13.203934974353547,0.04664867791458738,24.656315383977237,159.01208599207737,235.0640505499437
HINDALCO,54,95437.0,41,HINDALCO,68468,HINDALCO,-5466.0,6.421280245441984,1.2395869453112138,10.15579609041125,290.6585198109761,378.0719667018542
HINDALCO,55,90981.0,41,HINDALCO,67552,HINDALCO,6656.0,11.540943838652995,0.16584888178135881,23.779032087310654,198.33900508268633,223.15690050840632
HINDALCO,56,87867.0,41,HINDALCO,63817,HINDALCO,-4882.0,7.134520053523441,0.5604849412949722,17.975867676845827,694.1507836674093,481.89084271431506
HINDALCO,57,101488.0,41,HINDALCO,52074,HINDALCO,-6765.0,10.76488766378202,1.0271657338177973,24.640551656426233,681.5841669980283,123.86674676162933
HINDALCO,58,115031.0,41,HINDALCO,52415,HINDALCO,-10450.0,19.092301944846376,0.8082105441013929,29.521015209813022,301.678494095775,75.50548325457443
HINDALCO,59,103838.0,41,HINDALCO,68399,HINDALCO,-10817.0,14.316796433266655,0.14374226824263614,11.279874676444395,860.9292695700674,378.52397357015275
HINDALCO,60,114449.0,41,HINDALCO,67206,HINDALCO,-545.0,9.009606291267257,0.7124481399086777,18.291180613118325,929.6529483514479,451.1221847369885
HINDALCO,61,166712.0,41,HINDALCO,64486,HINDALCO,1353.0,9.672543477966942,1.1972037472399262,27.16702954156818,120.54820268922293,413.4171754800743
HINDALCO,62,200536.0,41,HINDALCO,60291,HINDALCO,833.0,16.984466310170532,0.718200014122713,28.01582682088339,531.4821868542775,194.79472066000636
HINDALCO,63,192090.0,41,HINDALCO,56356,HINDALCO,-394.0,10.806378223676383,1.251562305681627,10.02395810704995,785.0227519809408,112.91724462870312
HINDALCO,64,196087.0,41,HINDALCO,60959,HINDALCO,4259.0,17.546692017033095,1.9207946313128055,28.632594226628175,486.47769929631914,435.4682639801352
HINDUNILVR,52,22784.0,42,HINDUNILVR,25,HINDUNILVR,-4214.0,8.869641355510954,1.0403322390310374,13.476255050206056,695.7075913558785,119.33538942195003
HINDUNILVR,53,24475.0,42,HINDUNILVR,46,HINDUNILVR,-4975.0,13.785349652201903,1.5418192840894653,27.553329178153586,695.0855277252895,110.06761034754408
HINDUNILVR,54,26560.0,42,HINDUNILVR,43,HINDUNILVR,-5390.0,7.325588987466536,1.542125731467305,21.309284087243256,456.2341977294756,217.28434402856766
HINDUNILVR,55,26276.0,42,HINDUNILVR,177,HINDUNILVR,-6819.0,7.6355299119439906,0.9275072091021046,25.146498853396963,362.01727911147344,102.47976765246607
HINDUNILVR,56,26834.0,42,HINDUNILVR,277,HINDUNILVR,-9309.0,16.54848578098383,1.4160064923927733,10.17632342740457,728.4901402239512,337.41439173302405
HINDUNILVR,57,28046.0,42,HINDUNILVR,0,HINDUNILVR,-8015.0,19.089301208114684,0.2800458140350339,26.713333910735955,500.185978107354,190.49025567389467
HINDUNILVR,58,30430.0,42,HINDUNILVR,99,HINDUNILVR,-8953.0,5.273335257949901,0.11013311136664039,18.785739656371593,872.0119593030701,61.43780179536694
HINDUNILVR,59,29922.0,42,HINDUNILVR,0,HINDUNILVR,-10034.0,10.230179116779404,1.099325610287782,10.119965390094839,942.9553054008747,133.25970973304146
HINDUNILVR,60,35402.0,42,HINDUNILVR,0,HINDUNILVR,-480.0,9.10696172765094,1.8664203336016114,23.474043086767413,521.3783937976377,164.76649210876445
HINDUNILVR,61,39589.0,42,HINDUNILVR,1043,HINDUNILVR,383.0,16.24306875645309,0.5861184188767632,18.605976853099484,884.6884842078736,378.4299725142829
HINDUNILVR,62,46433.0,42,HINDUNILVR,1219,HINDUNILVR,-33.0,21.767377129523457,1.3772239081470732,16.41719341892948,533.7004721548869,476.57588750222186
HINDUNILVR,63,47237.0,42,HINDUNILVR,1484,HINDUNILVR,25.0,12.181247883501438,0.4511995355093703,18.99896881273056,654.1858928186351,79.13493215786401
HINDUNILVR,64,47902.0,42,HINDUNILVR,1651,HINDUNILVR,-202.0,14.577571699837895,1.4922223533282737,13.05533391019865,330.3945068003677,368.3658553061669
ICICIBANK,52,31684.0,43,ICICIBANK,700874,ICICIBANK,-35470.0,14.146905903357556,0.611439462298168,26.82137557431262,633.4984993258246,224.30276933852608
ICICIBANK,53,32852.0,43,ICICIBANK,815198,ICICIBANK,39676.0,5.902059130100239,0.891545358439654,21.974471401609087,201.07183141629477,161.39674924923986
ICICIBANK,54,38766.0,43,ICICIBANK,891641,ICICIBANK,-19997.0,10.368830836634613,1.0370797819563276,16.635450297143706,462.76584224828036,230.5290330837103
ICICIBANK,55,52252.0,43,ICICIBANK,1014636,ICICIBANK,2992.0,11.273320135127685,1.7410445215342167,11.610258299968814,779.3892470470283,230.42507203028657
ICICIBANK,56,63841.0,43,ICICIBANK,1103840,ICICIBANK,-54667.0,6.747515519667626,0.3935143110895958,24.706381051563636,894.8789981531589,125.92950744605075
ICICIBANK,57,72806.0,43,ICICIBANK,1252968,ICICIBANK,17451.0,10.949247141014869,1.4436122910059472,25.56061714099223,494.11784944395447,380.4837204475439
ICICIBANK,58,83775.0,43,ICICIBANK,1399894,ICICIBANK,24791.0,10.227432772757588,0.7780165471710003,19.816489734262838,828.4421671424122,405.6383972715405
ICICIBANK,59,85361.0,43,ICICIBANK,1651008,ICICIBANK,13765.0,22.821279719626308,0.0018933290240037426,23.09112172721888,692.4940192761726,231.30542025182464
ICICIBANK,60,91309.0,43,ICICIBANK,118401,ICICIBANK,8215.0,21.06719874964925,0.43246557292044097,28.64649738991335,669.4719261064552,292.57273136179845
ICICIBANK,61,80798.0,43,ICICIBANK,128278,ICICIBANK,-1113.0,19.270800287578716,0.6405827288624337,12.90629222975981,737.073241097795,79.98329390632955
ICICIBANK,62,87864.0,43,ICICIBANK,144167,ICICIBANK,-621.0,6.205413664397952,0.9998532403925728,25.189289734411417,840.4321428746998,180.2289571658067
ICICIBANK,63,99560.0,43,ICICIBANK,153190,ICICIBANK,17399.0,18.86210374073179,0.5466326960814807,19.645553953162064,100.15795810852275,227.61468174139117
ICICIBANK,64,125722.0,43,ICICIBANK,180219,ICICIBANK,15455.0,19.615801374585462,0.5380324314119573,20.270686733195113,337.9293190820886,186.789167584545
ICICIGI,52,4191.0,44,ICICIGI,0,ICICIGI,361.0,24.943100266628907,0.24264334106183383,12.101821889516994,133.9422992952526,159.94112209227734
ICICIGI,53,4578.0,44,ICICIGI,0,ICICIGI,-96.0,14.679243172461813,0.2675663183425181,16.06643562499498,531.4467740354718,235.5926167658019
ICICIGI,54,4456.0,44,ICICIGI,0,ICICIGI,-310.0,16.762388312886173,0.2068369779680883,22.563487514788243,100.67723348330203,232.55056740241898
ICICIGI,55,5269.0,44,ICICIGI,0,ICICIGI,-420.0,8.551355561740728,1.2954196824370954,14.06647241646099,238.19663339323722,75.84589984606386
ICICIGI,56,6601.0,44,ICICIGI,485,ICICIGI,-212.0,23.51076895091744,1.2250775364071096,10.492636565178536,365.9064808905575,323.9303367061091
ICICIGI,57,7174.0,44,ICICIGI,485,ICICIGI,-879.0,19.73367892404174,1.85833800394157,12.44676357760833,469.3553752431813,309.78952880508905
ICICIGI,58,9494.0,44,ICICIGI,485,ICICIGI,-695.0,6.756769308300896,1.254774451827217,18.511521378447604,195.9932983338335,449.0865753637814
ICICIGI,59,9745.0,44,ICICIGI,485,ICICIGI,-355.0,19.711560524056914,0.9141476565613087,13.49655143975828,327.64103762271156,285.3568894300821
ICICIGI,60,10090.0,44,ICICIGI,485,ICICIGI,124.0,5.875565104141258,1.7996275293124464,10.714515933200204,796.2194275711314,62.77569827395861
ICICIGI,61,15010.0,44,ICICIGI,255,ICICIGI,-108.0,17.36542801743034,1.851537773611441,14.309421286938296,720.4289218831066,351.9447850802361
ICICIGI,62,16612.0,44,ICICIGI,35,ICICIGI,-20.0,17.184816519330933,0.045955647933198396,23.04242229855249,313.9329261313963,73.18970932686074
ICICIGI,63,17910.0,44,ICICIGI,35,ICICIGI,53.0,13.377172923624151,0.9413144781812406,13.218950749291583,247.7884550446568,412.5272195579671
ICICIGI,64,19938.0,44,ICICIGI,0,ICICIGI,-1.0,17.648382716550547,1.335515234536364,23.92938154802995,835.6001314378713,119.65988295602851
ICICIPRULI,52,19280.0,45,ICICIPRULI,0,ICICIPRULI,-994.0,24.429569654664462,0.16262801306137398,16.961403860154935,139.40161369515903,265.94021216392827
ICICIPRULI,53,20384.0,45,ICICIPRULI,0,ICICIPRULI,-1188.0,15.525593353985439,1.5378792612017167,19.691044428385233,484.70509460381805,92.99552858389009
ICICIPRULI,54,32798.0,45,ICICIPRULI,0,ICICIPRULI,-843.0,20.637227120954517,1.0853750513346718,19.118972498933985,815.5345876851226,407.96300320963377
ICICIPRULI,55,19008.0,45,ICICIPRULI,1029,ICICIPRULI,-405.0,21.02269882875843,0.9352130419659201,18.095676470149506,709.8264442987909,329.70128181213164
ICICIPRULI,56,36010.0,45,ICICIPRULI,0,ICICIPRULI,1205.0,6.188173997486121,0.1863262910992367,24.650943242122104,388.88024207183753,91.5097531459556
ICICIPRULI,57,37062.0,45,ICICIPRULI,0,ICICIPRULI,-319.0,17.177908088580907,1.0373928419445149,28.410769258943155,178.2483817045374,108.1039907566066
ICICIPRULI,58,40922.0,45,ICICIPRULI,0,ICICIPRULI,-112.0,8.644488191965031,1.3533172637369464,26.481718252275193,727.987243680382,214.45287399246104
ICICIPRULI,59,21344.0,45,ICICIPRULI,0,ICICIPRULI,-88.0,24.710963782140336,1.2606154383921324,27.393163176659087,850.4877748969031,363.59110913558334
ICICIPRULI,60,83572.0,45,ICICIPRULI,1200,ICICIPRULI,-1591.0,21.54560708899754,1.3687122763492119,14.435126026013034,935.1667992303412,99.69966452527416
ICICIPRULI,61,65728.0,45,ICICIPRULI,1200,ICICIPRULI,2539.0,24.30416009216809,0.22278275137994563,11.178188664383983,349.1477236814576,339.78278195402277
ICICIPRULI,62,52235.0,45,ICICIPRULI,1200,ICICIPRULI,-2264.0,8.10941377067641,0.591099106630697,21.346761585017894,305.6713192001861,386.6335301659805
ICICIPRULI,63,92136.0,45,ICICIPRULI,1200,ICICIPRULI,2219.0,8.411798176012205,1.42105690690212,12.909192736566428,562.604281515215,373.9735701999795
ICICIPRULI,64,77251.0,45,ICICIPRULI,0,ICICIPRULI,2439.0,12.085301456858552,0.0784962830373972,10.358054094757033,135.771814347948,129.56434718903148
INDUSINDBK,52,1947.0,47,INDUSINDBK,149026,INDUSINDBK,-2768.0,23.963379559775188,1.5539232863141086,13.077853945399191,237.05556777317796,282.9982422501581
INDUSINDBK,53,2555.0,47,INDUSINDBK,189928,INDUSINDBK,15505.0,10.836649069037206,1.5446698543483792,12.760116989558131,733.3828628474392,411.25466864074644
INDUSINDBK,54,3133.0,47,INDUSINDBK,242189,INDUSINDBK,8590.0,12.278695959406967,1.7245969125169243,27.59631719922806,222.110209469557,294.8774406276202
INDUSINDBK,55,4188.0,47,INDUSINDBK,262793,INDUSINDBK,12733.0,7.00465183540442,0.4045606604023173,14.822107304502069,694.1077990900169,304.5759123010829
INDUSINDBK,56,5684.0,47,INDUSINDBK,307528,INDUSINDBK,-4096.0,5.116754416007366,1.2075706880570156,15.161363517712704,424.158951126114,217.12392940025475
INDUSINDBK,57,6555.0,47,INDUSINDBK,341005,INDUSINDBK,-4302.0,15.323416518748092,0.6244585410883428,25.995415973584045,709.9020918353048,452.2699502421481
INDUSINDBK,58,9283.0,47,INDUSINDBK,385449,INDUSINDBK,1115.0,6.998553141197972,1.1177314518738917,24.558732704270792,871.9628395181644,302.27343951303527
INDUSINDBK,59,12611.0,47,INDUSINDBK,432404,INDUSINDBK,-2242.0,12.704684659085316,0.9708514414601088,26.049795200544697,820.4779678609176,467.82733798521167
INDUSINDBK,60,15997.0,47,INDUSINDBK,2100,INDUSINDBK,1309.0,14.715127039778677,1.4230745679758472,27.298636184900566,321.6311430184428,116.64215502988117
INDUSINDBK,61,15840.0,47,INDUSINDBK,2719,INDUSINDBK,-79.0,8.671615634072129,0.15495695589191127,24.32917873177879,228.1605450999936,129.77252389697156
INDUSINDBK,62,15525.0,47,INDUSINDBK,6390,INDUSINDBK,4010.0,13.975659932437994,1.4876898846314264,10.002033955115548,105.63345378473423,379.49449375212123
INDUSINDBK,63,17638.0,47,INDUSINDBK,7205,INDUSINDBK,-667.0,16.757840981448872,1.6563742231251095,26.959000443747122,161.25267649623282,53.25391031549656
INDUSINDBK,64,20104.0,47,INDUSINDBK,8976,INDUSINDBK,8516.0,21.886353461503745,0.7252190703752948,23.398652342874513,185.819817877395,193.58154567418208
INFY,52,11538.0,48,INFY,0,INFY,-6939.0,5.093627179488427,0.38549450306930266,11.981491381104135,852.790918191,161.79166057730203
INFY,53,13390.0,48,INFY,0,INFY,-20505.0,12.887987362131044,0.36380156325541324,13.512621754320637,333.8084083740515,281.1166554456828
INFY,54,14883.0,48,INFY,0,INFY,-14512.0,10.12706521051567,1.5876429578353797,22.594129675202783,866.9684370694641,372.47142198445255
INFY,55,17079.0,48,INFY,0,INFY,-17591.0,14.777931294758815,1.141237554346853,15.712215991616125,153.38730719190914,150.77122287007506
INFY,56,18604.0,48,INFY,0,INFY,-9786.0,22.486698573488706,1.6935501295417357,27.326056560909876,205.1750457469161,240.3849975785008
INFY,57,18822.0,48,INFY,0,INFY,-24642.0,18.195139046257136,1.8775188781240086,12.837201290769658,677.2598380744538,121.0639321127535
INFY,58,20170.0,48,INFY,0,INFY,-26695.0,6.9300993435767815,0.19541446058089829,21.224313737223888,742.8291414859599,371.3586566938865
INFY,59,22267.0,48,INFY,4633,INFY,-17504.0,10.812169264435834,1.2620994965316181,16.563859231714364,354.4407710805709,146.39862608594456
INFY,60,27889.0,48,INFY,5325,INFY,1241.0,17.85253691909146,0.39466286447723764,14.823374358971007,477.3988080819857,251.9897689515472
INFY,61,31491.0,48,INFY,5474,INFY,4118.0,8.005405990902169,0.2922455183731816,22.671108294008167,987.8818994893809,469.76708270330755
INFY,62,35130.0,48,INFY,8299,INFY,4417.0,12.284577453982259,1.7356207100202068,14.254227226230597,420.63631743979596,302.17481346210866
INFY,63,36425.0,48,INFY,8359,INFY,2330.0,24.144445986920363,0.9180600059265305,25.457716578432397,226.3871761977781,97.35132944672756
INFY,64,38145.0,48,INFY,8804,INFY,-10072.0,24.51131127065121,1.4721715179292796,11.42140393486361,854.1288738364264,119.11586432283181
IOC,52,13861.0,49,IOC,89671,IOC,-10937.0,15.876573847154638,1.2496986674840478,22.942863094558266,131.37522643575775,115.55913886820886
IOC,53,17222.0,49,IOC,94916,IOC,-12007.0,23.681619513967195,0.026225080260503963,13.486999120272333,259.8040682886396,432.7227754778396
IOC,54,10575.0,49,IOC,64893,IOC,10436.0,8.32590974192836,0.6951836929802686,14.255326071191979,471.8796966802078,468.3940207062325
IOC,55,22038.0,49,IOC,58552,IOC,22456.0,7.206961198538058,0.016951494133395695,10.367106632250543,215.7200970918392,207.54605589687677
IOC,56,34149.0,49,IOC,63271,IOC,-27369.0,15.498012253599194,1.718151720450808,11.861860650280882,692.5694117350693,300.4747210977192
IOC,57,41658.0,49,IOC,65650,IOC,-4058.0,5.15076005742372,1.8737710841247992,21.883069048795953,586.6523019744554,401.89396991785196
IOC,58,35262.0,49,IOC,96765,IOC,-1794.0,9.371137565609747,0.45982995969486207,27.428068751919593,840.6514910649909,264.15659451197854
IOC,59,16053.0,49,IOC,129790,IOC,-39385.0,21.61953080772942,0.24086069829763024,24.835914200022767,370.6271264973982,56.81640027788048
IOC,60,39929.0,49,IOC,116649,IOC,398.0,5.773865550239121,1.003355891633865,22.98351034829963,385.1662687606245,294.91638671154305
IOC,61,47758.0,49,IOC,132020,IOC,2485.0,18.677868102903794,0.827754318800463,14.266345576745042,422.6522768645867,407.6651364377693
IOC,62,30683.0,49,IOC,148977,IOC,-2406.0,13.506308675766839,0.632181326437919,12.636045891764125,525.0333000805374,444.54143761518225
IOC,63,75646.0,49,IOC,132628,IOC,124.0,18.27979275550571,0.6072806963519524,28.153742897509318,533.6999872582976,358.5374456233946
IOC,64,32930.0,49,IOC,163401,IOC,-405.0,9.237366636649702,0.3704486434951326,29.41614073776929,402.2412452904448,149.1025233424188
IRCTC,44,152.0,50,IRCTC,0,IRCTC,-179.0,11.57667469581394,0.5521365835909728,21.62309612054587,290.80640174051723,208.84283278564578
IRCTC,45,190.0,50,IRCTC,0,IRCTC,-280.0,13.598103716696574,0.41527996028461045,26.83873646051493,857.6740667371944,100.57084246427745
IRCTC,46,314.0,50,IRCTC,0,IRCTC,-47.0,7.212945592029532,1.9862647349023281,21.98802309271303,795.9252179814893,257.84506540647885
IRCTC,47,274.0,50,IRCTC,0,IRCTC,-258.0,20.27185455206542,1.439832587103305,21.78246753141003,287.74445208764405,429.3203469352868
IRCTC,48,383.0,50,IRCTC,0,IRCTC,-434.0,19.143640297055484,1.0776155900895812,25.776803271771662,589.8573027910027,176.5201436321118
IRCTC,49,703.0,50,IRCTC,0,IRCTC,-404.0,24.008546276576215,0.3347702180528038,26.238760638485182,704.9031312863475,301.697319943601
IRCTC,50,188.0,50,IRCTC,79,IRCTC,6.0,12.846286587838467,1.606544941806794,15.789281093530379,893.4068084814368,217.10336271471732
IRCTC,51,874.0,50,IRCTC,105,IRCTC,263.0,19.256796391242908,0.060008139823346074,22.93906359487184,385.263146110997,141.81042720895283
IRCTC,52,1276.0,50,IRCTC,84,IRCTC,296.0,14.238476078786631,0.8573112056564391,20.776910572412124,696.6877709888095,270.34680442162863
IRCTC,53,1466.0,50,IRCTC,60,IRCTC,7.0,10.652016028930959,0.07614717927035697,10.077783398636162,276.6695553437763,261.39634171038455
IRCTC,54,1505.0,50,IRCTC,42,IRCTC,-33.0,15.589957997120834,1.6600571092529164,25.4478186149492,156.80649973262652,294.6536407145979
IRFC,52,5528.0,51,IRFC,58753,IRFC,56.0,17.71561643443021,0.6008751226021489,26.646689422993642,396.5710759206853,346.5370239359713
IRFC,53,6178.0,51,IRFC,69917,IRFC,-140.0,6.818932398485815,0.49187807707935627,24.59513254044866,727.0122428771513,148.32541876838093
ITC,52,11221.0,52,ITC,102,ITC,-7301.0,6.4766659689095585,1.089172195298596,12.25653471968725,389.73708928185135,498.41979371097364
ITC,53,13080.0,52,ITC,242,ITC,-6221.0,20.766102556912596,1.1363774291919178,27.95827428607121,815.0567760064265,255.19640306642793
ITC,54,14252.0,52,ITC,269,ITC,-6869.0,7.4853734864334935,0.5681629765496403,22.22596066878306,354.86251209295114,277.66898929628064
ITC,55,14531.0,52,ITC,84,ITC,-8181.0,23.094631347551868,0.12519278908808107,11.395286004613014,342.1867202912594,86.78656654910966
ITC,56,15470.0,52,ITC,46,ITC,-18634.0,18.92050095339739,1.1381309167341465,27.497947072884145,476.91156025181846,184.14885386700493
ITC,57,16521.0,52,ITC,36,ITC,-13580.0,10.981976892175126,0.41976827343201095,12.05932777587301,596.1407329881854,208.10956258460564
ITC,58,18537.0,52,ITC,13,ITC,-13006.0,22.815221037852474,0.3763130038286133,16.88067429681623,211.21741931956137,421.57674347079137
ITC,59,19344.0,52,ITC,277,ITC,-18551.0,13.094597067743834,1.9445793418485715,24.893297493986147,833.2538689546166,77.56379169612937
ITC,60,17065.0,52,ITC,271,ITC,-90.0,22.31229124624066,1.924565610058624,11.786978918381593,687.6476797388195,410.18646860335025
ITC,61,20623.0,52,ITC,249,ITC,-32.0,22.608403504177193,1.2815692206214004,23.136162020360743,276.0889718068633,292.9469516850834
ITC,62,25704.0,52,ITC,306,ITC,-93.0,24.815462821685145,0.3779159949731621,10.3774064297035,465.02983341195113,463.5684458114698
ITC,63,26233.0,52,ITC,303,ITC,266.0,11.579162042460018,0.8767850676303892,24.819004352118313,736.1174312801369,164.33366249537704
ITC,64,26640.0,52,ITC,304,ITC,75.0,7.86752827828974,1.522674857784665,25.40875726007643,321.4634964022655,399.84863405084104
JINDALSTEL,52,6106.0,53,JINDALSTEL,24618,JINDALSTEL,-5108.0,10.456673659641737,1.9735253084433444,19.086033027466165,710.5136769378236,191.08911167703602
JINDALSTEL,53,5799.0,53,JINDALSTEL,36368,JINDALSTEL,-6276.0,15.123275248003507,0.8140314068263332,20.90724151451299,776.7024817972193,201.22191635148258
JINDALSTEL,54,5464.0,53,JINDALSTEL,45501,JINDALSTEL,-8261.0,14.157612705971552,0.06141387437369872,21.4634562199365,711.3171670066247,136.8303903273602
JINDALSTEL,55,3437.0,53,JINDALSTEL,46797,JINDALSTEL,-7016.0,23.590314603729492,1.572206024311455,24.91684908875594,140.5492133162905,80.55831170071754
JINDALSTEL,56,4709.0,53,JINDALSTEL,45850,JINDALSTEL,-4612.0,18.219209509148087,1.5407904862307646,17.82747681218603,594.2518989075634,73.03675869976985
JINDALSTEL,57,6469.0,53,JINDALSTEL,42962,JINDALSTEL,-15120.0,9.412922967438979,1.3972829591370761,22.171641034283812,261.96551333886316,136.031547160274
JINDALSTEL,58,8412.0,53,JINDALSTEL,39559,JINDALSTEL,-2500.0,12.671235763299862,0.9420508623438493,24.637677409341002,605.5132223394335,65.14830281910191
JINDALSTEL,59,6831.0,53,JINDALSTEL,36824,JINDALSTEL,1381.0,18.72588802702802,1.8782151171577268,29.896571866291506,723.2670908252421,84.04436462251999
JINDALSTEL,60,10933.0,53,JINDALSTEL,29910,JINDALSTEL,43.0,7.836489367944035,0.19355836358532463,27.058354438795227,412.4689659979586,471.32589462729675
JINDALSTEL,61,15515.0,53,JINDALSTEL,13502,JINDALSTEL,766.0,22.420342411416634,0.6005385611930576,27.211597169355656,707.3293974932515,335.711578259885
JINDALSTEL,62,9942.0,53,JINDALSTEL,13046,JINDALSTEL,173.0,14.508279629216075,1.5193210912205939,13.84376956456064,889.2832395732074,351.77828055065015
JINDALSTEL,63,10202.0,53,JINDALSTEL,16472,JINDALSTEL,-601.0,5.0441912805519085,1.6889908798977993,15.459277137906767,248.41255978833365,263.52783762951765
JINDALSTEL,64,10327.0,53,JINDALSTEL,17266,JINDALSTEL,-256.0,6.167114441102688,1.1656163750792607,14.198822048992948,317.8321969560518,158.51445331405077
JSWENERGY,52,2801.0,55,JSWENERGY,10377,JSWENERGY,-2595.0,9.575889736531654,0.5152426171343352,21.969614284868157,517.4695180805569,467.4580274821564
JSWENERGY,53,3255.0,55,JSWENERGY,10106,JSWENERGY,-3968.0,21.282045948585136,1.5637015984647773,14.891213669179336,121.45926536231372,402.4946816959111
JSWENERGY,54,3624.0,55,JSWENERGY,9294,JSWENERGY,-2523.0,10.968010081817658,1.0410115745112645,13.11370699312123,701.6936721531716,188.72102820032825
JSWENERGY,55,4029.0,55,JSWENERGY,14862,JSWENERGY,-1962.0,23.93341150147461,1.273035473313938,16.901956520522532,664.4433379629384,269.0484098408651
JSWENERGY,56,3324.0,55,JSWENERGY,14349,JSWENERGY,-2515.0,18.489480631377468,1.6040622965227647,19.516615340881486,472.9563991460226,125.5669267748584
JSWENERGY,57,2713.0,55,JSWENERGY,11883,JSWENERGY,-781.0,12.984773759571064,1.8991771672880702,29.73932315970748,985.1449757312189,187.63027864537628
JSWENERGY,58,2855.0,55,JSWENERGY,10555,JSWENERGY,7327.0,9.470781079112093,1.0500068294304454,13.641753996693302,336.22417145607756,449.8760659548256
JSWENERGY,59,2957.0,55,JSWENERGY,9840,JSWENERGY,1675.0,6.817032226854776,1.0696792307756204,17.569342516602653,554.5777830101931,245.1463193320725
JSWENERGY,60,2913.0,55,JSWENERGY,8371,JSWENERGY,96.0,16.785078417249466,0.4452948032035786,24.134571448192013,538.399699027407,408.1556289410471
JSWENERGY,61,3572.0,55,JSWENERGY,8943,JSWENERGY,48.0,24.02415256558926,1.4182814597336404,11.530411286125865,724.8328999171434,273.56868987144
JSWENERGY,62,3282.0,55,JSWENERGY,25051,JSWENERGY,645.0,8.946863214082017,0.28277908312606614,27.19078033225743,325.4259801419541,114.62942273497117
JSWENERGY,63,5382.0,55,JSWENERGY,31573,JSWENERGY,-1357.0,22.333598757147698,1.6717249063934294,24.917951157611512,252.219112062479,122.96748368035323
JSWENERGY,64,5382.0,55,JSWENERGY,30853,JSWENERGY,496.0,14.57492701034402,0.6668487525834412,16.810671093188862,241.83349210024306,256.8596330164879
JSWSTEEL,52,6512.0,56,JSWSTEEL,21625,JSWSTEEL,-2710.0,19.920402687857187,0.43376441352437367,17.060057862634505,409.45891983362753,435.4385563629039
JSWSTEEL,53,9169.0,56,JSWSTEEL,35527,JSWSTEEL,-8185.0,7.091189740057644,1.3254714131563778,13.76664487405871,194.81730282738422,204.52721281777988
JSWSTEEL,54,9364.0,56,JSWSTEEL,38754,JSWSTEEL,1753.0,15.272864105232875,0.9825414095833342,24.995290748994844,540.605060926688,105.05056911318707
JSWSTEEL,55,6422.0,56,JSWSTEEL,42204,JSWSTEEL,5189.0,8.956220219072797,1.7626915900010043,22.879796150545758,923.2433620390354,106.37099326306253
JSWSTEEL,56,12308.0,56,JSWSTEEL,43334,JSWSTEEL,-3110.0,16.60528480105996,0.5263654447496222,25.09938183738241,199.66619307624094,121.41853443115568
JSWSTEEL,57,14916.0,56,JSWSTEEL,39393,JSWSTEEL,-14657.0,9.47506088766165,1.2148495484424842,22.810334691779527,723.3126709497479,207.05769043455106
JSWSTEEL,58,18930.0,56,JSWSTEEL,47396,JSWSTEEL,-5977.0,22.039957112267164,1.5814176588664812,11.322315946150567,933.0825314553254,421.9340625526706
JSWSTEEL,59,11813.0,56,JSWSTEEL,61423,JSWSTEEL,-5005.0,17.271550522224487,0.4529327791232489,15.999082757903622,573.1927939719849,330.8100583638659
JSWSTEEL,60,20178.0,56,JSWSTEEL,62392,JSWSTEEL,-380.0,11.951681350081591,1.0140545966760741,26.561134230376563,630.5175270486671,332.6166137186019
JSWSTEEL,61,39114.0,56,JSWSTEEL,72237,JSWSTEEL,276.0,23.79315650592902,0.6536552618462124,23.93399617523449,116.66280002176848,52.54400203599675
JSWSTEEL,62,18470.0,56,JSWSTEEL,80853,JSWSTEEL,334.0,19.320626848080856,1.5816229225196865,29.79723884089943,827.2117745097725,177.49063340717169
JSWSTEEL,63,28157.0,56,JSWSTEEL,87984,JSWSTEEL,-111.0,19.083277925566584,0.9253240947329195,21.017182161625044,725.044411587332,93.3017059546967
JSWSTEEL,64,22478.0,56,JSWSTEEL,95258,JSWSTEEL,84.0,24.242691705464875,1.4417977538222622,23.988579359754638,367.14468365735144,318.10864127737767
KOTAKBANK,52,6603.0,57,KOTAKBANK,205230,KOTAKBANK,6055.0,20.004409414565934,1.5538151672940572,15.141587402912576,321.73437521054973,212.89959840289498
KOTAKBANK,53,7053.0,57,KOTAKBANK,249840,KOTAKBANK,14679.0,22.94331942026413,0.977353697072435,20.14413751678559,862.897785328789,228.9137779881942
KOTAKBANK,54,9718.0,57,KOTAKBANK,291763,KOTAKBANK,8365.0,9.884919222250467,1.7474016471626916,20.831113767617637,476.1766742783618,365.1988707227664
KOTAKBANK,55,11541.0,57,KOTAKBANK,326477,KOTAKBANK,-735.0,22.892843864225014,0.5248757076412982,18.963319418813096,279.07273998156,163.6625937316836
KOTAKBANK,56,14832.0,57,KOTAKBANK,327110,KOTAKBANK,-10072.0,15.517808037744212,1.9371530216729604,22.971626686894865,710.0117327857067,58.51046036992188
KOTAKBANK,57,16805.0,57,KOTAKBANK,365747,KOTAKBANK,7543.0,20.698640257989624,0.44667081044854307,12.901193439810793,822.8933693330167,330.4992286596413
KOTAKBANK,58,19758.0,57,KOTAKBANK,418807,KOTAKBANK,1883.0,19.68126773774486,1.8363614946488704,16.763444796585933,975.317801888639,284.1610613130091
KOTAKBANK,59,22578.0,57,KOTAKBANK,520374,KOTAKBANK,15515.0,17.409301692068954,0.047878363090093856,15.63141760592673,798.8576867466548,242.14971651582323
KOTAKBANK,60,29812.0,57,KOTAKBANK,15006,KOTAKBANK,942.0,20.04440814579228,0.6606827186392865,24.103076998920315,550.9032516634758,345.03336084071736
KOTAKBANK,61,30699.0,57,KOTAKBANK,17176,KOTAKBANK,2125.0,11.161637588792113,0.9980019986238788,18.140477896708123,758.4228819398015,96.0960295669098
KOTAKBANK,62,33485.0,57,KOTAKBANK,22049,KOTAKBANK,260.0,12.08259009104168,0.6452587136648416,11.511123103903,251.92020757560016,51.33342947507794
KOTAKBANK,63,47052.0,57,KOTAKBANK,27761,KOTAKBANK,4696.0,17.396819761910155,0.9816391371377318,12.42811366146162,780.4516079954577,168.18455669865205
KOTAKBANK,64,50872.0,57,KOTAKBANK,32465,KOTAKBANK,13989.0,17.024109383331712,1.331766225890141,26.50429174499439,859.8127860811301,252.33164429774953
LICI,28,5920.0,58,LICI,269401,LICI,-949.0,5.476543972691474,0.9848414256253892,15.655516611365915,617.4247109320597,126.084189881958
LICI,29,-6947.0,58,LICI,253414,LICI,-4427.0,8.534713103781899,1.634820912021398,13.409822249799461,653.6140887539822,282.43622863628997
LICI,30,-252.0,58,LICI,4,LICI,9210.0,10.774573653953079,0.48979812202373485,13.317290739101386,531.4841753929811,180.41685952808237
LICI,31,3326.0,58,LICI,1,LICI,-4712.0,8.225383640645967,0.26542183148206666,22.513575507169776,548.5210573023958,245.82841344062263
LICI,32,34207.0,58,LICI,0,LICI,-27077.0,11.438853412010667,0.22390454585787767,25.70940933369726,605.2802190867639,499.4752379747468
LICI,33,32779.0,58,LICI,0,LICI,8748.0,16.979095286367485,0.6707416874508367,26.84626170709596,495.3245538170991,84.21459678908448
LICI,34,25851.0,58,LICI,10,LICI,722.0,17.644846754013702,0.010388628686617496,26.952512267491027,723.2530598243202,398.5927404206056
LODHA,52,510.0,59,LODHA,5596,LODHA,834.0,14.62781149280203,1.96988117087333,19.916609675891703,996.7561561631354,220.61343982436543
LODHA,53,724.0,59,LODHA,4259,LODHA,516.0,15.615187767524674,1.648758984513286,20.83292013201529,914.4273934782076,400.4948980881578
LT,52,11394.0,60,LT,234,LT,2896.0,19.812836660119345,0.991024054120826,17.394344712150872,381.06263533630835,322.98394150847145
LT,53,14086.0,60,LT,110,LT,9370.0,22.914488164822654,0.4345877832299829,22.768844688601042,367.65225151911346,117.93159341504219
LT,54,15684.0,60,LT,218,LT,15440.0,17.488798794158967,0.3490493827704262,29.31612717984658,280.0838652909568,430.907048831151
LT,55,15486.0,60,LT,55,LT,6372.0,24.454133397770907,0.6651673689272417,22.77534474283664,878.4868097433891,193.75829618698498
LT,56,16620.0,60,LT,0,LT,-15274.0,21.049250766479478,1.6145515722163117,23.076086362305077,387.50497302540487,335.30692730112037
LT,57,20111.0,60,LT,0,LT,-15181.0,6.16020026540258,1.5177907607265466,13.03331411520691,140.10995034857962,318.20467137734386
LT,58,22866.0,60,LT,0,LT,-11572.0,15.484201363293487,1.8456153915331583,27.47496151088906,658.5412764681201,494.6818070436518
LT,59,24553.0,60,LT,912,LT,-25413.0,7.027086000768257,0.5248329101442943,22.34109200478157,547.1937250416304,364.44931079744657
LT,60,23460.0,60,LT,798,LT,152.0,9.570592479243054,1.8607404106954646,10.840030887553706,704.1415138273532,265.9498251991073
LT,61,24314.0,60,LT,258,LT,483.0,17.854665925263845,1.5623725397231742,27.18898487260424,522.4855448984206,484.8000001262134
LT,62,27166.0,60,LT,1541,LT,1759.0,12.264692282096544,1.469696766507975,23.732095617655695,738.9727629545225,89.4645149418036
LT,63,29865.0,60,LT,2071,LT,-613.0,5.889808304434969,1.0030748231663735,10.367513734040891,838.7952588179213,69.65236238984028
LT,64,30815.0,60,LT,2326,LT,-245.0,17.354330514536663,1.38030724498504,21.40723840751568,783.8432732623687,426.2381018043104
LTIM,52,870.0,61,LTIM,234,LTIM,-33.0,12.351633148497994,0.5347653206177023,11.112228169000817,720.5930670913524,499.11937491852706
LTIM,53,1147.0,61,LTIM,110,LTIM,-408.0,19.081388937513257,1.5336683324153926,28.351202396748786,839.6952612075901,73.85562377223113
LTIM,54,1005.0,61,LTIM,218,LTIM,-594.0,16.63797877697491,1.9025933821373735,23.443914226296524,596.3594575537745,277.60890686486835
LTIM,55,1028.0,61,LTIM,55,LTIM,-890.0,9.953708346903303,1.3565585077733526,27.772097793121333,103.41200440036225,226.79152847118374
LTIM,56,1230.0,61,LTIM,0,LTIM,-509.0,18.565149137874382,1.4448813760655512,20.97945051117048,564.3713957405712,260.8445231849019
LTIM,57,1187.0,61,LTIM,0,LTIM,-1680.0,12.542299799067433,0.6805223294174592,21.551050419075768,744.3036311076577,86.4218673433908
LTIM,58,1883.0,61,LTIM,0,LTIM,-1932.0,17.20497026750125,0.6575450658964266,27.118719380057435,949.1431172119001,142.00395209495528
LTIM,59,2029.0,61,LTIM,912,LTIM,-2269.0,22.65831548208564,0.2530513433824102,25.277193552058748,584.3715734565083,104.04152032873557
LTIM,60,2725.0,61,LTIM,798,LTIM,-13.0,8.730343667340497,0.9650806118565414,15.921667601760996,419.09462899706523,313.497129039377
LTIM,61,5249.0,61,LTIM,258,LTIM,40.0,14.644319746451288,0.21853536327231793,13.06221373559083,539.5550792854841,133.12608936515795
LTIM,62,6108.0,61,LTIM,1541,LTIM,42.0,10.552266178605292,1.6140547206233629,19.309115073842772,537.2961886251885,206.98617959145926
LTIM,63,6387.0,61,LTIM,2071,LTIM,2.0,17.35910016055744,0.13505895551875957,26.16828326088841,606.8582640237778,80.86997178367237
LTIM,64,6434.0,61,LTIM,2326,LTIM,176.0,15.141944332704227,1.6894767827701207,18.555404745335196,363.2990472418958,111.05314708377455
M&M,52,9116.0,62,M&M,28711,M&M,6108.0,19.93794915314114,1.8109279065124229,19.77531753583102,561.4032652625694,168.7702473992744
M&M,53,10170.0,62,M&M,35167,M&M,6314.0,21.467810384927716,0.6070391441274998,28.672848825448952,448.76117936806685,65.9971012864528
M&M,54,8793.0,62,M&M,37911,M&M,13194.0,15.674483468059297,1.1503678467526761,29.5768942505519,973.6931451514105,197.15383316870927
M&M,55,10082.0,62,M&M,41553,M&M,6933.0,12.640704686213567,0.5963430778526169,11.574611611112074,911.8592586107904,98.85656623214354
M&M,56,10735.0,62,M&M,48762,M&M,406.0,19.504750286826678,0.8008402385094255,17.74756452976717,642.2192062697898,390.32491135890996
M&M,57,13226.0,62,M&M,55898,M&M,-5883.0,21.64128065567,0.7876350728798025,25.194943831943405,162.90554202323082,225.17937675404525
M&M,58,15207.0,62,M&M,70848,M&M,15946.0,7.556243962078117,0.277782740049596,15.583033352782534,200.51193731465497,125.40765559380894
M&M,59,10158.0,62,M&M,82092,M&M,12281.0,12.312485360658929,1.2216602886150236,27.77900472144415,399.2252927549053,188.06484063073333
M&M,60,11487.0,62,M&M,80625,M&M,684.0,21.06290321799206,0.42753428538161353,26.34864876414919,734.3747138714494,396.596044316551
M&M,61,14683.0,62,M&M,77605,M&M,810.0,21.956692644528243,0.10957464359325253,14.794877794686174,327.39909059486615,408.70601647116484
M&M,62,20285.0,62,M&M,92247,M&M,-1633.0,16.33355191135587,0.7764929016713806,10.521864280707998,296.4051246572499,249.02448462203998
M&M,63,24892.0,62,M&M,108647,M&M,-154.0,16.271806246362175,0.43720845289137134,17.119070341878167,207.41630335053387,341.2325574823164
M&M,64,27204.0,62,M&M,116844,M&M,416.0,5.170960159983138,1.5497980219749987,21.306493119071515,132.20000505800473,201.84612054015707
MARUTI,52,4361.0,63,MARUTI,1569,MARUTI,-1129.0,20.770085732107127,0.6079282683187339,14.085925835930633,318.83929816585,340.4705734576524
MARUTI,53,5310.0,63,MARUTI,2004,MARUTI,-3436.0,20.53623984550832,1.1130484598562298,18.065677054619417,528.9762804583781,319.48784693295306
MARUTI,54,6892.0,63,MARUTI,666,MARUTI,-2948.0,5.95830439268517,1.7036110080158695,17.08019426128945,613.7160389061363,77.92695759170248
MARUTI,55,9024.0,63,MARUTI,231,MARUTI,-3104.0,22.27967733237029,0.4846667259563491,22.769587647475426,540.4385658214765,377.82753712331123
MARUTI,56,10421.0,63,MARUTI,484,MARUTI,-1545.0,14.63512954873031,0.14570992328216725,28.801671337564642,676.6883535850282,176.58073673419162
MARUTI,57,12118.0,63,MARUTI,121,MARUTI,-1607.0,11.413223144695577,0.38436371063078556,21.64745766270415,763.8009838525019,299.72078076075354
MARUTI,58,11056.0,63,MARUTI,160,MARUTI,-1214.0,22.12366913738006,1.9387910332866445,17.07703077307579,179.2887567593801,366.182125544749
MARUTI,59,7355.0,63,MARUTI,184,MARUTI,-4062.0,16.530863944007343,1.2001498376496507,26.594621911996555,954.9556393833849,119.72401466019605
MARUTI,60,5411.0,63,MARUTI,541,MARUTI,-39.0,11.872596068183928,1.1423964109740898,12.47333671069935,709.5315379412058,158.28073026559997
MARUTI,61,5752.0,63,MARUTI,426,MARUTI,-76.0,17.146584445525733,0.5586470538230386,15.030773610527607,320.797969379458,416.2821342583087
MARUTI,62,13122.0,63,MARUTI,1248,MARUTI,-45.0,15.081564934218756,0.8648663037610096,22.62824082730298,717.228022199621,201.42064972143498
MARUTI,63,18626.0,63,MARUTI,119,MARUTI,16.0,11.271828527539945,1.3091259019421326,11.700162599547388,515.0641269476098,238.31866362334526
MARUTI,64,19766.0,63,MARUTI,158,MARUTI,-20.0,18.901559865465067,1.9410645532704183,24.113990376747985,403.1594687694059,150.10029904917144
MOTHERSON,52,1480.0,64,MOTHERSON,4904,MOTHERSON,5518.0,13.31801331138076,1.9025564453954078,18.787578292638294,118.26636281555126,94.51531779689311
MOTHERSON,53,2397.0,64,MOTHERSON,4840,MOTHERSON,-2221.0,6.232205059177353,0.9492829435086898,28.791076748067294,779.3302253322289,199.32994603464704
MOTHERSON,54,2844.0,64,MOTHERSON,5131,MOTHERSON,-225.0,24.20420692114163,1.1680045924652933,21.028859261865705,905.696507771062,387.37788282948816
MOTHERSON,55,3548.0,64,MOTHERSON,6069,MOTHERSON,-2803.0,10.95845192183859,0.2623412245696146,13.541155027282255,402.3208273758466,384.8938471523777
MOTHERSON,56,4171.0,64,MOTHERSON,10349,MOTHERSON,-2098.0,21.62076593547233,0.0703965856671529,19.271959654572917,509.36132703108626,214.61788292934725
MOTHERSON,57,5128.0,64,MOTHERSON,10374,MOTHERSON,-1217.0,22.228891117442707,1.8448223186377648,29.791259277527104,694.0782894791739,348.17282446942136
MOTHERSON,58,5348.0,64,MOTHERSON,11534,MOTHERSON,-2734.0,11.558069605418835,0.16928859631706783,26.447574398845436,465.2296147772778,482.88796552975816
MOTHERSON,59,4654.0,64,MOTHERSON,13136,MOTHERSON,1281.0,23.283935775591274,0.18017954023139726,10.39745892154528,227.63387274890206,416.65882929523497
MOTHERSON,60,4370.0,64,MOTHERSON,11930,MOTHERSON,142.0,7.138325792547486,0.954843504466623,19.294513741006796,640.9244710521477,478.0858740878353
MOTHERSON,61,4714.0,64,MOTHERSON,14130,MOTHERSON,243.0,6.72199797900732,0.015319419954460622,14.34035842036482,514.9179252186348,455.6634121866871
MOTHERSON,62,6251.0,64,MOTHERSON,13792,MOTHERSON,1040.0,7.574068339694882,1.5038747464880216,23.944478342345928,694.332579556978,226.99072924662522
MOTHERSON,63,9322.0,64,MOTHERSON,19922,MOTHERSON,19.0,19.23794595561927,0.07010994687540206,25.64069238680832,245.85631644461552,280.00285561594524
MOTHERSON,64,10474.0,64,MOTHERSON,25417,MOTHERSON,3172.0,14.649732373506081,0.44542404657663615,19.192143668937312,971.1316898602673,75.43690659946996
NAUKRI,52,121.0,65,NAUKRI,1,NAUKRI,-42.0,9.612321059457653,0.33298730521802566,10.706273274642708,552.3724421618207,412.8657073999155
NAUKRI,53,97.0,65,NAUKRI,1,NAUKRI,-75.0,7.381217213903957,1.0968226936684955,14.040907040305237,305.23134554070015,190.850118749079
NAUKRI,54,21.0,65,NAUKRI,1,NAUKRI,-78.0,14.294288259928056,0.48182524495477663,21.966147605810598,877.4132055847431,454.70435402060883
NAUKRI,55,91.0,65,NAUKRI,1,NAUKRI,-143.0,19.195460688507854,0.049629586032370554,16.306034490259623,117.62896119212806,278.3136942499924
NAUKRI,56,-9.0,65,NAUKRI,1,NAUKRI,1880.0,13.330516467841049,0.7071265990163966,11.252384827660958,856.299397773813,495.4249898905986
NAUKRI,57,219.0,65,NAUKRI,1,NAUKRI,35.0,5.1254390434962716,0.832784007254521,13.903774395866346,877.3127019009867,338.59648041874925
NAUKRI,58,9.0,65,NAUKRI,1,NAUKRI,2.0,12.64282695702316,1.8427309590338827,23.739900070760875,960.4310919835533,488.2916413020498
NAUKRI,59,-350.0,65,NAUKRI,77,NAUKRI,120.0,22.68344273817872,1.8730322567684274,23.571480886703455,459.7840663294921,309.506480818403
NAUKRI,60,74.0,65,NAUKRI,65,NAUKRI,16.0,14.487631317295035,1.5567887784169878,17.14639065654982,956.2110177567506,270.9590826710386
NAUKRI,61,446.0,65,NAUKRI,64,NAUKRI,7.0,20.820154137878518,1.7326373198064415,15.361786762209071,976.1588454299389,100.57293894667083
NAUKRI,62,348.0,65,NAUKRI,108,NAUKRI,25.0,7.96908801548613,0.7647541139243936,19.94250087677744,608.0557863936679,327.6936557781506
NAUKRI,63,711.0,65,NAUKRI,246,NAUKRI,11.0,16.224952782755167,0.3505534676004909,17.594206972347294,577.0632302278393,318.7678756852295
NAUKRI,64,751.0,65,NAUKRI,256,NAUKRI,7.0,6.212463399072705,1.0132707177579237,18.82721402772973,662.2624337990916,182.13376818011363
NESTLEIND,52,1948.0,66,NESTLEIND,1189,NESTLEIND,-997.0,23.885373224130674,1.7253356179212276,29.867291120604914,404.69054759719717,100.47579457668644
NESTLEIND,53,2039.0,66,NESTLEIND,20,NESTLEIND,-1317.0,7.319187793020414,1.610973444953384,13.44191051166964,788.7391912148574,341.2243904169344
NESTLEIND,54,1555.0,66,NESTLEIND,18,NESTLEIND,-3602.0,19.18823816420375,0.1396799933266979,25.895451841799783,429.8222204487932,444.0772987959575
NESTLEIND,55,1850.0,66,NESTLEIND,33,NESTLEIND,-1956.0,19.950560412522883,1.9134712560504892,28.5224846919275,446.0970318546738,472.1217768645862
NESTLEIND,56,2097.0,66,NESTLEIND,35,NESTLEIND,-2020.0,21.198585900385496,0.6488596842951255,17.62772192679043,871.5544520205002,314.04670445196217
NESTLEIND,57,2618.0,66,NESTLEIND,35,NESTLEIND,-2123.0,20.81820779788508,0.8700700917700643,26.5662408101475,353.5685955784544,130.6599036760743
NESTLEIND,58,2926.0,66,NESTLEIND,189,NESTLEIND,-2436.0,17.007502378038424,0.7770857142118788,26.57259913393788,816.2695926145598,467.59818331770356
NESTLEIND,59,3202.0,66,NESTLEIND,147,NESTLEIND,-3135.0,15.62380125229613,1.725368925842937,18.133343763425117,803.3209105644315,78.69161046185907
NESTLEIND,60,3562.0,66,NESTLEIND,266,NESTLEIND,775.0,15.671469649564749,1.271277914487962,27.55675508837958,205.12586909524373,403.5510056365926
NESTLEIND,61,3706.0,66,NESTLEIND,271,NESTLEIND,-423.0,20.4416015853511,0.653935651483551,20.340780652836447,618.5232949219575,466.00543485570296
NESTLEIND,62,4471.0,66,NESTLEIND,271,NESTLEIND,529.0,17.405337154911816,0.4399866290624197,20.341045615117118,604.8995805363169,372.86225610188285
NESTLEIND,63,5813.0,66,NESTLEIND,345,NESTLEIND,674.0,6.907317914967168,1.6977715837704372,26.02140118909165,771.1813598313234,170.75856061484708
NESTLEIND,64,4726.0,66,NESTLEIND,370,NESTLEIND,691.0,18.623116331695467,1.1206283568966067,14.429856315962086,538.3445398338323,60.46593152926269
NHPC,52,4152.0,67,NHPC,20340,NHPC,-7812.0,7.911222192734753,1.613714470698435,28.067478081195322,955.7401339458152,436.650861338911
NHPC,53,4342.0,67,NHPC,20819,NHPC,-3863.0,14.31199614636206,0.97295062536242,16.45370371793849,979.3543186023406,344.21001794774804
NHPC,54,5134.0,67,NHPC,20584,NHPC,-2637.0,13.62999321598724,0.5317522852560541,27.57769767860939,472.3939943072704,491.05444078962057
NHPC,55,4783.0,67,NHPC,19938,NHPC,12.0,18.064977345102342,1.6761521821885326,29.846910277338186,181.9453171096713,199.39859158180806
NHPC,56,4884.0,67,NHPC,19227,NHPC,-3058.0,10.264768154852833,0.4808728640222466,15.593128054656598,225.07349892173465,67.21301550157983
NHPC,57,4248.0,67,NHPC,18602,NHPC,-638.0,11.519205769772277,0.15232917252225908,25.437663256750234,519.0565845985509,308.7441376020631
NHPC,58,4981.0,67,NHPC,19066,NHPC,-795.0,9.275485141877915,1.3523575526784364,28.622840506636884,380.9253809906788,55.73144357471648
NHPC,59,5446.0,67,NHPC,23226,NHPC,-581.0,10.218924175541249,1.363497795614629,22.22964925294077,573.9946465522048,418.9346321559948
NHPC,60,5277.0,67,NHPC,23365,NHPC,172.0,20.739223099781672,0.9496777322659133,16.154259769312524,630.715121120679,188.8846026554974
NHPC,61,4013.0,67,NHPC,26096,NHPC,-1834.0,17.457559823999244,1.1293494096899344,17.472821986927165,659.8379948230308,56.851687083742966
NHPC,62,6184.0,67,NHPC,29540,NHPC,798.0,17.53413674300898,1.7893182686556137,18.74132744760256,858.2858576252439,324.1270646059047
NHPC,63,4807.0,67,NHPC,32561,NHPC,1224.0,6.823629451655993,1.6109279873266058,20.64960823966056,484.5158065505598,242.82192581093273
NHPC,64,5015.0,67,NHPC,34210,NHPC,-1347.0,22.46589834957067,1.2025354968937103,21.896265203509223,693.4764554210229,211.6563127610384
NTPC,52,18149.0,68,NTPC,70419,NTPC,3138.0,8.473503500727109,1.0767252992765897,19.195797240221367,779.5632635370874,408.6192728885466
NTPC,53,19727.0,68,NTPC,81455,NTPC,1028.0,18.060742836131993,1.2447952755836902,10.822206679235187,629.8530430188206,64.48801800788327
NTPC,54,17352.0,68,NTPC,102252,NTPC,4927.0,7.970376426778576,0.29117571647061946,29.773876138885672,107.09600254023854,194.30927423738956
NTPC,55,18568.0,68,NTPC,99424,NTPC,6004.0,13.93462850832281,0.36917870574060285,15.161342107203918,391.0317618953089,289.861767669341
NTPC,56,21598.0,68,NTPC,113773,NTPC,-11049.0,23.63212472068154,0.10478928024801348,27.7002789269605,862.53211016686,456.33552023233744
NTPC,57,22485.0,68,NTPC,130049,NTPC,-19172.0,17.054320615621265,0.18455414737587095,29.911923064761893,943.0230031289535,172.8775927266231
NTPC,58,22710.0,68,NTPC,173058,NTPC,-21217.0,23.038978159444433,1.058266714231036,16.372446677845286,561.4379798581134,261.06405292689453
NTPC,59,31586.0,68,NTPC,202984,NTPC,-8246.0,17.520286581315,1.8488307241647572,12.648883407088775,646.5781191283272,490.6846905946977
NTPC,60,34044.0,68,NTPC,210208,NTPC,651.0,13.920789516868645,0.7633037330957329,15.029418936299388,275.1136235326707,91.02550744338959
NTPC,61,40362.0,68,NTPC,210707,NTPC,-1687.0,19.67927733100466,1.9602805750675232,18.124546997739905,715.3048997327284,77.0891663436035
NTPC,62,47596.0,68,NTPC,222913,NTPC,-2563.0,5.724398729878852,0.24079735171437067,28.806866752182557,526.7508200481673,354.7670481699848
NTPC,63,51456.0,68,NTPC,237131,NTPC,1064.0,5.597381799576862,0.5483425353321243,15.7601493874234,969.5801963360652,224.85053573003987
NTPC,64,52392.0,68,NTPC,242009,NTPC,-1176.0,10.225056595767727,0.33764587709098737,28.867068113887086,824.6983199041467,396.52660967406644
ONGC,52,43501.0,69,ONGC,20686,ONGC,-1867.0,7.499325814412314,1.1610244835403292,24.22260712746182,400.0968715827732,91.1600775914971
ONGC,53,49130.0,69,ONGC,49113,ONGC,9909.0,6.645895359603999,0.17683638475150554,21.18860322606845,115.82521372486157,371.8907974449681
ONGC,54,42312.0,69,ONGC,53944,ONGC,-23324.0,23.58409084691905,1.945145544662411,28.554528223813374,369.2928273328921,499.9006466268586
ONGC,55,39135.0,69,ONGC,45500,ONGC,-16726.0,20.670079022437157,1.944135947480601,18.068246557495517,922.2518201416756,327.7981768634844
ONGC,56,52804.0,69,ONGC,80029,ONGC,-8239.0,13.072242606124627,0.636290020930792,24.743983759568124,680.6289410641144,443.6003815242871
ONGC,57,56889.0,69,ONGC,106550,ONGC,-35790.0,19.631718265102958,1.2771549786273517,21.752049532960342,192.20166539767018,209.46428201166412
ONGC,58,74819.0,69,ONGC,107742,ONGC,-12876.0,18.526858825818927,1.187868837788227,10.893754081347737,155.20481943770244,391.16429481559027
ONGC,59,52105.0,69,ONGC,129473,ONGC,-45650.0,23.0095662119488,0.5057191876973173,29.480709772437002,272.9567522864411,411.4566462573273
ONGC,60,49473.0,69,ONGC,133187,ONGC,-8273.0,19.125557794620157,1.438735482638571,10.018742812471714,440.4718756488376,195.93023311221617
ONGC,61,79874.0,69,ONGC,121986,ONGC,4862.0,12.934404310582874,1.322014288219731,18.352365635231706,414.91863594746405,412.8193142877449
ONGC,62,75527.0,69,ONGC,142255,ONGC,-6749.0,23.411971867686304,0.4975326351651068,19.948145341664357,627.0401280568118,248.78769634146454
ONGC,63,102835.0,69,ONGC,153181,ONGC,-935.0,18.476255353399623,0.05281736731487685,15.120885933293518,911.5510406113399,195.44438157351183
ONGC,64,85870.0,69,ONGC,191489,ONGC,99.0,8.048566800211274,0.6019868649597,26.382243969519386,616.6793697694034,160.90958773653097
PFC,52,5987.0,70,PFC,139473,PFC,1950.0,20.392246897715545,0.7243857353517316,24.780767829102324,768.4665749204481,317.32234054366177
PFC,53,7607.0,70,PFC,159215,PFC,52018.0,9.638718707574604,1.6496928864067875,10.747546697458068,798.5390028167321,184.5672014752533
PFC,54,8429.0,70,PFC,187795,PFC,93616.0,5.471820533078775,1.7791437356918638,26.728415382486887,409.2451387191353,233.76407930001469
PFC,55,9162.0,70,PFC,200660,PFC,43399.0,9.32130485703913,1.664192625629505,22.734245177465777,523.8190717516352,355.23199708323153
PFC,56,5275.0,70,PFC,202993,PFC,60424.0,6.546830419795631,0.8263714754150637,13.65592863723154,864.8551471315774,296.89735637213084
PFC,57,11752.0,70,PFC,441151,PFC,-8371.0,23.67998723001682,1.234014631601582,13.039935192411598,582.0430894955522,204.99368488553515
PFC,58,17783.0,70,PFC,539488,PFC,75537.0,23.42875412747456,1.1894875548187733,10.413795782573967,565.0796879258211,417.662755423665
PFC,59,14012.0,70,PFC,596561,PFC,101261.0,14.459166835518563,1.9951497623188679,12.23711550148,269.7159608795218,486.6053143019126
PFC,60,19871.0,70,PFC,659682,PFC,2868.0,23.143578320161062,1.241894516050357,15.609809802462953,394.7614431408954,149.16455810288966
PFC,61,23338.0,70,PFC,660476,PFC,-4793.0,24.284399376801048,1.058133448217658,11.291387824382353,320.9275051301903,151.6850814218907
PFC,62,26501.0,70,PFC,751158,PFC,4970.0,7.86384640514539,1.4360585527277046,11.941322285043292,519.8333594902991,404.4299384449452
PFC,63,33573.0,70,PFC,861961,PFC,-4888.0,17.25977772911193,0.30104688618424924,21.794543942938056,552.563236736102,313.2054952128409
PFC,64,35764.0,70,PFC,910447,PFC,3079.0,11.065163184054503,1.7090141349150525,29.750843162268996,309.58699845910263,466.5426648490721
PIDILITIND,52,558.0,71,PIDILITIND,111,PIDILITIND,41.0,5.312542457605634,1.028339212385135,21.404765331503256,847.3235317142451,391.35405984910057
PIDILITIND,53,672.0,71,PIDILITIND,46,PIDILITIND,-790.0,17.07778280390729,0.36149207842055864,25.266250305942243,834.1068327321838,421.7873465334083
PIDILITIND,54,771.0,71,PIDILITIND,58,PIDILITIND,-361.0,23.295699549862764,0.8823878956149227,19.289745562015042,511.5885270541288,461.9062437622895
PIDILITIND,55,1173.0,71,PIDILITIND,80,PIDILITIND,-849.0,9.326330636284448,1.3519239287717089,21.402030909888225,640.2912495436734,403.09377003380706
PIDILITIND,56,1262.0,71,PIDILITIND,98,PIDILITIND,-76.0,21.50852658239315,1.2553660755360398,16.074620748933256,878.9724536412112,171.32633043650196
PIDILITIND,57,1341.0,71,PIDILITIND,125,PIDILITIND,-468.0,8.63553184047258,0.3581997026039918,10.784357861792827,576.5442252763886,475.1753212976974
PIDILITIND,58,1371.0,71,PIDILITIND,113,PIDILITIND,-656.0,16.295211124481565,1.6657788664913462,13.871307727418438,174.1371136185062,354.97740651449504
PIDILITIND,59,1576.0,71,PIDILITIND,288,PIDILITIND,-742.0,5.568711888502613,0.22401280381209832,22.444052818379262,797.6586434151454,113.67106729974654
PIDILITIND,60,1686.0,71,PIDILITIND,331,PIDILITIND,-12.0,21.046145052915314,0.3135743945076106,24.138675897196407,488.0583422835472,180.71063036935246
PIDILITIND,61,1856.0,71,PIDILITIND,416,PIDILITIND,54.0,16.412689530859517,0.2503122185635438,15.872356910076963,271.366755864454,468.15918665466705
PIDILITIND,62,1986.0,71,PIDILITIND,391,PIDILITIND,-49.0,23.550521222542088,0.29351275025413237,23.124033250800764,735.9361135584103,103.24448442765518
PIDILITIND,63,2708.0,71,PIDILITIND,382,PIDILITIND,45.0,17.19272193221677,0.7961507375334713,19.452625744797732,892.305629158574,397.74323869988666
PIDILITIND,64,2952.0,71,PIDILITIND,379,PIDILITIND,-45.0,6.959063805895913,1.5402580220464985,19.160063243499856,490.9948947114113,93.57448299294327
PNB,52,,72,PNB,1127,PNB,-9767.0,17.53201782320761,1.3357526671944242,24.759705511310163,976.3555018310254,174.58780471910217
PNB,53,,72,PNB,1128,PNB,7460.0,20.895345603028236,0.9437123277188586,19.882667811026508,824.8834757206231,467.0282307807621
PNB,54,,72,PNB,1129,PNB,13969.0,21.302244261406493,1.6737192164160788,25.67998383935081,103.84353202244,349.17707620193283
PNB,55,,72,PNB,1130,PNB,13591.0,14.936385255077116,1.5938408194924194,26.813620153321803,719.2267864567119,261.2348560532418
PNB,56,,72,PNB,1131,PNB,5415.0,20.61486698102901,1.1717676715638656,14.926831932383976,805.5666616677262,291.1275642670543
PNB,57,,72,PNB,1132,PNB,2032.0,22.700065264041772,1.8709188430902266,13.017187840058487,606.2128227998048,176.79837826020275
PNB,58,,72,PNB,1133,PNB,1275.0,22.081900131955233,1.4413921851073699,18.1674193861323,355.1205760316907,65.97408524138848
PNB,59,,72,PNB,1134,PNB,3518.0,11.71460199096642,1.6705859136127335,15.372499274919896,544.2388042797302,265.90286350157726
PNB,60,,72,PNB,Mar 2013,PNB,-1987.0,11.249184883681274,1.4874686732553617,15.763871060220957,481.0405267632279,103.59438510954244
PNB,61,,72,PNB,Mar 2014,PNB,18733.0,19.779885762544136,0.6961322451419378,11.861606312060642,438.248643971411,71.46670928117469
PNB,62,,72,PNB,Mar 2015,PNB,11393.0,24.874560299566006,1.2219236186761175,17.6908160821878,467.32840089648215,91.51742826374462
PNB,63,,72,PNB,Mar 2016,PNB,18790.0,23.152219831816645,0.9185684138730801,26.896410215056928,656.7514802001449,70.5502473132024
PNB,64,,72,PNB,Mar 2017,PNB,12330.0,15.066936431330095,1.4142799010604588,19.007787983735618,722.6137996675635,153.05144273243707
POWERGRID,52,10837.0,73,POWERGRID,4630.0,POWERGRID,3959.0,17.87570019186294,0.9890577624264794,28.734470537062226,391.19176031402094,358.29067812991553
POWERGRID,53,12967.0,73,POWERGRID,5232.0,POWERGRID,1285.0,23.429819814680634,1.7926580777245222,22.474264386447683,548.5141343903865,272.79808218241794
POWERGRID,54,14927.0,73,POWERGRID,5232.0,POWERGRID,-2431.0,10.794530148601524,0.7505318262130123,27.925648403141892,314.0651430156544,431.242581689386
POWERGRID,55,18184.0,73,POWERGRID,5232.0,POWERGRID,-18806.0,9.298242476919432,1.9833858775629847,18.47005472270446,798.487610681159,419.948156870556
POWERGRID,56,22450.0,73,POWERGRID,5232.0,POWERGRID,-20521.0,22.875627580706205,0.9918639229500699,20.163418203517836,659.993056097173,63.49135892319712
POWERGRID,57,25961.0,73,POWERGRID,5232.0,POWERGRID,-28967.0,21.60133553681498,0.6321955626164404,26.48321114609957,824.2928519506931,369.89091846393114
POWERGRID,58,26920.0,73,POWERGRID,5232.0,POWERGRID,-30450.0,12.881388785786314,0.745274885654325,16.80495983777613,886.5075967072057,389.34466842813396
POWERGRID,59,32886.0,73,POWERGRID,5232.0,POWERGRID,-25903.0,9.371599595556571,0.643629538481896,24.01655062444668,485.86599482877256,173.37905034142932
POWERGRID,60,34906.0,73,POWERGRID,5232.0,POWERGRID,-432.0,22.88117453037504,1.0927497497677727,10.932908522313365,994.1500047143536,392.81496087897006
POWERGRID,61,35826.0,73,POWERGRID,6975.0,POWERGRID,2295.0,16.31054881680494,0.2799159383708105,13.117755849249633,630.4361062968795,297.23412704883515
POWERGRID,62,39576.0,73,POWERGRID,6975.0,POWERGRID,-1986.0,17.00583977177028,0.10652889318801728,29.48238989297642,430.1373751612709,209.69755471254214
POWERGRID,63,39826.0,73,POWERGRID,9301.0,POWERGRID,-948.0,17.612529032370396,1.7453310615582653,29.62982259779099,460.99123328127644,110.31834561398776
POWERGRID,64,39235.0,73,POWERGRID,9301.0,POWERGRID,1698.0,18.815766096759816,1.2258842101918053,19.36232966528067,182.68889233220406,454.15264420970556
RECLTD,52,13270.0,74,RECLTD,107762,RECLTD,-3947.0,10.630749855204218,0.225127417205508,16.39916407699293,947.6105356986858,422.1604505143912
RECLTD,53,16650.0,74,RECLTD,126173,RECLTD,28244.0,6.260072576043578,1.874033717680518,15.194123970221671,987.9816234317875,184.77909903979358
RECLTD,54,19395.0,74,RECLTD,150979,RECLTD,35543.0,5.654025947479225,0.6426600234281938,24.025507855634174,332.7378986923893,94.48741530001476
RECLTD,55,22445.0,74,RECLTD,169212,RECLTD,33926.0,7.323809411518544,0.7133056097959758,28.130838469835684,130.91869804279747,274.3792401516514
RECLTD,56,22450.0,74,RECLTD,167852,RECLTD,42113.0,6.2290516413921715,1.6689201077569744,12.748852943400074,158.27912601446667,241.7172805711091
RECLTD,57,19279.0,74,RECLTD,204367,RECLTD,68.0,12.668350553541611,0.34428557308042795,23.18635334914398,306.6877022277116,463.2102708085963
RECLTD,58,23705.0,74,RECLTD,244249,RECLTD,38123.0,12.581048638130161,1.898205055005074,10.714091072371556,247.3015102896788,102.20337842076954
RECLTD,59,25961.0,74,RECLTD,286289,RECLTD,59588.0,12.248827929457883,1.684823266129498,27.362794884719367,500.4628554975635,307.89268279053664
RECLTD,60,32265.0,74,RECLTD,329723,RECLTD,-3847.0,7.79068903599391,1.8554162439270228,12.455962519370855,926.8374656303739,127.30912669641339
RECLTD,61,34438.0,74,RECLTD,333043,RECLTD,-293.0,15.316314715427403,1.3282406390297459,25.658090699353373,495.8941367476051,196.40571368328668
RECLTD,62,37628.0,74,RECLTD,380790,RECLTD,-649.0,8.00819058557793,1.1381725272056669,29.164228162996487,721.5200780735594,454.53042486335835
RECLTD,63,47883.0,74,RECLTD,445568,RECLTD,1257.0,24.661445078421643,0.06142842856297892,18.872085196006076,922.8474498998518,242.28360247144812
RECLTD,64,50860.0,74,RECLTD,483617,RECLTD,2757.0,6.973157793702569,1.5303933376197074,13.4152926057323,664.3088055666087,231.77015333038426
RELIANCE,52,33155.0,75,RELIANCE,107219,RELIANCE,8617.0,16.2009040610144,0.9696125691649893,29.839171706592435,498.94611426558873,398.3072842000051
RELIANCE,53,34935.0,75,RELIANCE,138761,RELIANCE,-2001.0,21.00855130294771,1.8740867587824,16.92102197396901,664.4938190673096,72.56791802324253
RELIANCE,54,37449.0,75,RELIANCE,168251,RELIANCE,55906.0,8.218147315085,0.4107453276771629,29.964911619898505,871.5576852995674,252.37972929629754
RELIANCE,55,41781.0,75,RELIANCE,194714,RELIANCE,-2541.0,17.47117972365346,1.488524787989494,18.39002982586032,603.2952242024093,418.2912272772468
RELIANCE,56,46307.0,75,RELIANCE,217475,RELIANCE,101904.0,10.256708852472897,0.38411925594553287,23.810802157519568,442.8761787540112,495.1912273428064
RELIANCE,57,64315.0,75,RELIANCE,239843,RELIANCE,17289.0,19.35468405396956,1.633920814316057,11.464612483343666,470.21509952510644,455.2180151089859
RELIANCE,58,84250.0,75,RELIANCE,307714,RELIANCE,10455.0,10.11021278063696,0.7729124151209097,26.058755074315062,735.5943162772212,303.3870298728709
RELIANCE,59,89266.0,75,RELIANCE,355133,RELIANCE,-16646.0,24.863290146933853,1.6999540402172526,21.693103405882873,473.47236008124514,191.88339677381006
RELIANCE,60,80790.0,75,RELIANCE,278962,RELIANCE,9725.0,23.20645761955172,1.0190041636118534,26.876316053099206,172.45586980589167,292.43980250922357
RELIANCE,61,108581.0,75,RELIANCE,319158,RELIANCE,-16096.0,8.354936051787806,0.470975399546002,11.277363991643629,814.4106838500071,365.0191239154604
RELIANCE,62,142318.0,75,RELIANCE,451664,RELIANCE,-21888.0,23.112475629473245,1.8326761529151656,15.908320283087747,163.01437784047096,201.10293566809796
RELIANCE,63,162498.0,75,RELIANCE,458991,RELIANCE,-1262.0,21.847173041115845,0.7539111025816378,17.4260307342161,941.8639279219459,326.9989721940218
RELIANCE,64,164128.0,75,RELIANCE,357525,RELIANCE,-8034.0,21.38933197012351,0.06686668169186949,20.71032490611239,866.4834389520071,165.502465000401
SBILIFE,52,427.0,76,SBILIFE,0,SBILIFE,-144.0,18.058681567890268,1.966221947012782,11.893448477419014,135.93710764550065,238.38143511440097
SBILIFE,53,511.0,76,SBILIFE,0,SBILIFE,-221.0,15.825746896465706,1.0314143473033024,23.330220512290225,343.25816104637994,87.79749804296264
SBILIFE,54,794.0,76,SBILIFE,0,SBILIFE,-241.0,8.966810371229133,0.7056430275165919,14.753680448667453,587.5687421436915,468.1765415707759
SBILIFE,55,920.0,76,SBILIFE,0,SBILIFE,-198.0,22.34025665731176,1.1437950288992078,29.191519518108436,930.1254390751592,102.56617804139762
SBILIFE,56,1068.0,76,SBILIFE,0,SBILIFE,3.0,15.283079796431094,1.5136788955526685,14.013650429494117,775.3820937070244,74.0197309037047
SBILIFE,57,1332.0,76,SBILIFE,0,SBILIFE,-231.0,16.99109458850284,0.22460014851049737,26.810347394969764,555.5931607217838,417.70621401577756
SBILIFE,58,1474.0,76,SBILIFE,0,SBILIFE,-415.0,16.739383044202746,0.5731690713368347,27.699341027250686,252.88499966301364,441.02913943708234
SBILIFE,59,1351.0,76,SBILIFE,0,SBILIFE,-227.0,16.057673316009097,0.23078698549545118,16.141122831231822,383.0283698353193,291.033130553491
SBILIFE,60,872.0,76,SBILIFE,0,SBILIFE,845.0,9.618838790405954,1.7669421861832466,29.03370974598711,768.4216831950505,269.2286519909578
SBILIFE,61,730.0,76,SBILIFE,0,SBILIFE,-600.0,11.913516154085181,0.19179247258437848,25.981862848404557,613.3631142475792,435.57042617738574
SBILIFE,62,122.0,76,SBILIFE,0,SBILIFE,2416.0,10.614945423240794,0.6353924529851129,19.04114266277618,960.150428759783,186.35576878575597
SBILIFE,63,246.0,76,SBILIFE,0,SBILIFE,-1570.0,5.637021955806654,1.7041939988309298,13.675524146285355,654.6583271989921,122.06022567982573
SBILIFE,64,1007.0,76,SBILIFE,0,SBILIFE,-651.0,10.076498607557056,0.49462274077520085,14.522066929828723,937.455440077551,318.5179607726705
SBIN,52,-5124.0,77,SHREECEM,1288,SBIN,-4196.0,11.279283303550745,1.4639280358739024,16.616362237309232,180.61387605229135,107.67003854188225
SBIN,53,-14614.0,77,SHREECEM,1200,SBIN,5547.0,6.712955444414415,1.3658157066773196,15.53079680417753,744.7332355176324,437.3094540434256
SBIN,54,-21879.0,77,SHREECEM,917,SBIN,448.0,6.71310079556606,1.8945759517394722,29.7540778476994,220.4689164713805,271.6287838975998
SBIN,55,-32399.0,77,SHREECEM,881,SBIN,5430.0,5.191373840286397,0.2170484135487336,10.26153238610171,847.1376226375064,370.4144881585012
SBIN,56,-64334.0,77,SHREECEM,1293,SBIN,7143.0,7.3678033577768804,1.8786897747709812,14.294703317837438,375.0975629132178,455.42325528357094
SBIN,57,-86697.0,77,SHREECEM,3403,SBIN,-3845.0,12.266237630254333,0.907669877466565,23.193899430329346,585.0532750343466,412.97137990580046
SBIN,58,-68649.0,77,SHREECEM,2803,SBIN,6386.0,24.32165406437179,1.0018561840234141,26.02873764482801,169.66489155163447,362.5120382067831
SBIN,59,-64181.0,77,SHREECEM,3146,SBIN,-9896.0,6.650969641354063,0.14201475165973076,19.102504978937112,370.40464606240016,343.4812641160808
SBIN,60,-70715.0,77,SHREECEM,2230,SBIN,17637.0,8.560602818111168,0.841354667110219,12.697745418466226,555.9940948122851,456.6066360215805
SBIN,61,-63570.0,77,SHREECEM,2129,SBIN,21934.0,19.960337492335007,0.45992737660575034,19.286472084409745,118.97931111846093,432.5823148517255
SBIN,62,-43439.0,77,SHREECEM,2725,SBIN,21320.0,7.070704526327276,1.8353043437518914,13.217442158103506,217.2460625917306,87.52531190277729
SBIN,63,-60297.0,77,SHREECEM,1656,SBIN,16078.0,16.50439239051095,0.2938977216732477,21.353388068844154,497.61106996246974,125.08991190178081
SBIN,64,-59190.0,77,SHREECEM,1682,SBIN,68638.0,12.202163050026435,1.2113337646690314,23.42845663391889,252.11850615298218,301.1671792828086
SHREECEM,52,1561.0,78,SHRIRAMFIN,33386,SHREECEM,-167.0,13.617090103677533,1.6143703179793498,24.895440346260138,354.4482286509077,59.99338698172808
SHREECEM,53,1390.0,78,SHRIRAMFIN,38630,SHREECEM,1726.0,8.677129948172341,1.4178798522890892,22.145717019036468,568.3121684288992,393.8757780147877
SHREECEM,54,1344.0,78,SHRIRAMFIN,46695,SHREECEM,-1276.0,18.709541152589004,0.16899732540820023,14.63856166564707,945.6936444558336,191.28120606959973
SHREECEM,55,1407.0,78,SHRIRAMFIN,49790,SHREECEM,1581.0,11.767586578340001,1.5436020596385687,26.21270851732148,920.970064197533,487.2848268665268
SHREECEM,56,2513.0,78,SHRIRAMFIN,53080,SHREECEM,-1233.0,13.125773479523176,1.6982977305065254,29.972282165363108,128.95900203647426,276.8909193024515
SHREECEM,57,2473.0,78,SHRIRAMFIN,82131,SHREECEM,-849.0,14.709903777452332,0.9378191416491921,28.905480060379553,425.3796332735677,470.35729415295214
SHREECEM,58,2797.0,78,SHRIRAMFIN,87914,SHREECEM,-277.0,5.291536016134028,0.7592072113172041,15.282201242373915,789.6174546940337,253.25049848247923
SHREECEM,59,3771.0,78,SHRIRAMFIN,94735,SHREECEM,-1710.0,23.575691589697506,1.4362653625001622,26.318025193612485,209.70342353599085,209.69753724176758
SHREECEM,60,4091.0,78,SHRIRAMFIN,106546,SHREECEM,8.0,16.789682110025847,0.19498419436936776,15.142598420720415,745.0559420125159,428.4449764750679
SHREECEM,61,3710.0,78,SHRIRAMFIN,114846,SHREECEM,11.0,17.304666364704456,0.9596946863878064,29.684357148356707,809.444501270013,488.4665449192994
SHREECEM,62,2960.0,78,SHRIRAMFIN,164202,SHREECEM,-10.0,19.31097938258148,1.755885394877043,11.332371692673517,498.5367768662438,325.1217842071669
SHREECEM,63,4518.0,78,SHRIRAMFIN,195496,SHREECEM,31.0,21.392765922452778,1.8145661905834025,27.50079774706117,888.0649564604366,337.5853418044672
SHREECEM,64,4226.0,78,SHRIRAMFIN,207820,SHREECEM,-13.0,20.91359072112958,0.8137607455356795,13.438420394143705,943.9824680886958,270.897382431067
SHRIRAMFIN,52,2179.0,79,SIEMENS,0,SHRIRAMFIN,3017.0,10.38525223332628,0.5848844271156031,22.949626260845474,430.72147348924454,339.2261848648187
SHRIRAMFIN,53,1999.0,79,SIEMENS,0,SHRIRAMFIN,13014.0,24.71994344244839,0.46223930260685075,16.041088140869242,908.2679902175188,243.7584858527591
SHRIRAMFIN,54,1691.0,79,SIEMENS,0,SHRIRAMFIN,5550.0,22.02606597403637,1.039935078837614,28.940827932274342,580.331043021426,422.419716632435
SHRIRAMFIN,55,1824.0,79,SIEMENS,0,SHRIRAMFIN,4579.0,5.68024142765168,0.2802606181036009,16.418898039694987,347.24298968552773,199.8491581413163
SHRIRAMFIN,56,1972.0,79,SIEMENS,4,SHRIRAMFIN,12226.0,13.5096885509329,1.2625245624454358,18.919177478830953,436.2574272461504,357.66789293795415
SHRIRAMFIN,57,3805.0,79,SIEMENS,182,SHRIRAMFIN,8505.0,8.139338178981463,0.29429195565433,29.825322611090883,284.7261039088978,260.0908876959445
SHRIRAMFIN,58,3801.0,79,SIEMENS,175,SHRIRAMFIN,11820.0,17.515771152764902,1.2453240317901817,12.422478919765192,554.7975019423272,253.20137037332583
SHRIRAMFIN,59,3565.0,79,SIEMENS,279,SHRIRAMFIN,27609.0,19.50517344269082,0.08183714422533273,14.869924587535335,799.8771107434276,76.38270001205474
SHRIRAMFIN,60,3402.0,79,SIEMENS,6341,SHRIRAMFIN,661.0,22.672356341389136,0.5215880589019712,27.810645603249814,897.5092880271634,114.99998657767172
SHRIRAMFIN,61,3666.0,79,SIEMENS,5915,SHRIRAMFIN,843.0,7.184323183211245,1.159321977590623,13.235118272816933,129.12008311482566,395.0582445869668
SHRIRAMFIN,62,8799.0,79,SIEMENS,5433,SHRIRAMFIN,-1819.0,16.68477761651913,0.616931886496064,20.114238896814303,879.2787890370629,144.777978146109
SHRIRAMFIN,63,10523.0,79,SIEMENS,5157,SHRIRAMFIN,-2721.0,19.508846363089916,1.589409516084783,22.845003773195504,824.5891216947359,491.21226630500394
SHRIRAMFIN,64,11416.0,79,SIEMENS,5448,SHRIRAMFIN,338.0,13.489363246499884,0.8280671247208244,22.56005375060976,397.8277146280851,439.34652744614567
SIEMENS,48,1171.0,80,SUNPHARMA,47771,SIEMENS,-196.0,7.814910565932958,0.28498465828056774,18.815228749271522,634.2950028612904,156.17740315244737
SIEMENS,49,119.0,80,SUNPHARMA,55755,SIEMENS,-220.0,23.235803088688286,0.37441786108824004,13.646454621189834,497.7854593727907,467.46119703458356
SIEMENS,50,998.0,80,SUNPHARMA,63427,SIEMENS,-245.0,22.987329553088177,1.6658064793696394,11.877130578582388,444.5629757063988,330.1342727885398
SIEMENS,51,1021.0,80,SUNPHARMA,68875,SIEMENS,-1614.0,9.645549350696704,1.4907655782032674,24.253179491957578,598.5904827445218,242.24579973537712
SIEMENS,52,1056.0,80,SUNPHARMA,260,SIEMENS,-285.0,21.018891665299897,1.7219618506259842,29.05046627777142,765.3054465997592,152.19439969245258
SIEMENS,53,1327.0,80,SUNPHARMA,2561,SIEMENS,-305.0,12.964932595043594,0.5416858206289672,25.140816795713494,164.9245124313689,478.40933229691154
SIEMENS,54,1490.0,80,SUNPHARMA,8996,SIEMENS,-312.0,14.386745622661776,0.31886688050120116,18.940088923816557,127.84674494802054,473.9172460378289
SIEMENS,55,1003.0,80,SUNPHARMA,8497,SIEMENS,-386.0,6.45082896801669,0.7757148829467908,29.92070299612569,518.2341898827185,153.51258817424758
SIEMENS,56,1452.0,80,SUNPHARMA,9832,SIEMENS,-502.0,13.68829010605432,0.011972513406559138,23.90624489477208,420.93084524452473,241.52126183239253
SIEMENS,57,1860.0,80,SUNPHARMA,10385,SIEMENS,-392.0,11.23924053966276,0.9231654659455732,29.53230200652029,359.48903468094045,424.6481026702514
SIEMENS,58,2487.0,80,SUNPHARMA,10514,SIEMENS,-450.0,17.692180358132774,0.03158959266773387,19.92118052815789,953.351486592143,233.85939079174537
SIEMENS,59,3104.0,80,SUNPHARMA,8315,SIEMENS,-523.0,6.801806193393041,1.0519673867048367,28.78129082044511,378.6616456362528,319.88930942816523
SUNPHARMA,52,4784.0,81,TATACONSUM,1389,SUNPHARMA,-2285.0,23.47303394135627,0.568298400906273,25.476407806682808,964.6140463362519,158.47806915202892
SUNPHARMA,53,7003.0,81,TATACONSUM,1438,SUNPHARMA,-1539.0,6.557567815929282,0.9017536302726843,19.975522011103724,952.224385511058,325.4807484199234
SUNPHARMA,54,7894.0,81,TATACONSUM,1324,SUNPHARMA,-2731.0,17.047961070439342,1.6098026993839958,18.194692270805454,209.9666134517473,497.3066154349032
SUNPHARMA,55,8174.0,81,TATACONSUM,1354,SUNPHARMA,-5715.0,23.379188304926682,1.582735353713271,23.361378078096912,791.091544729555,74.65575998420196
SUNPHARMA,56,10102.0,81,TATACONSUM,787,SUNPHARMA,-5980.0,6.288871735369652,1.501876741773471,16.887108007143027,363.23235049133734,363.4901236716589
SUNPHARMA,57,5631.0,81,TATACONSUM,1068,SUNPHARMA,-5193.0,18.975877871216824,1.433094614373245,11.07341785339547,998.1129363356191,440.82941862059147
SUNPHARMA,58,6377.0,81,TATACONSUM,1141,SUNPHARMA,2376.0,6.074301838787031,0.74234166119695,26.677792682345046,216.5397082305427,377.822639289078
SUNPHARMA,59,6983.0,81,TATACONSUM,1586,SUNPHARMA,-6710.0,8.157101387905342,0.877949600510185,15.305570766621724,471.05668611094654,262.98257249306687
SUNPHARMA,60,8470.0,81,TATACONSUM,1634,SUNPHARMA,316.0,8.890953205747374,1.344672107383296,26.218059186334273,338.3745824312817,386.87141630676626
SUNPHARMA,61,10258.0,81,TATACONSUM,1412,SUNPHARMA,2290.0,17.259921545637802,1.7742715508079847,15.169734350214007,738.6892652044378,273.0790316912165
SUNPHARMA,62,11650.0,81,TATACONSUM,1600,SUNPHARMA,2927.0,23.95332938896133,1.2708857182880173,17.17864182697441,936.3303806792087,173.3330101020079
SUNPHARMA,63,13018.0,81,TATACONSUM,3477,SUNPHARMA,848.0,23.433597377306732,0.5072735943414755,15.0771000303204,745.4576298538722,323.1790390434912
SUNPHARMA,64,14059.0,81,TATACONSUM,2955,SUNPHARMA,611.0,13.751980323563991,0.9003308022056158,25.212145560706702,966.2231952636022,146.0663348994725
TATACONSUM,52,770.0,82,TATAMOTORS,53716,TATACONSUM,-816.0,21.14568780108153,1.1660826118824568,17.252793124074266,439.32908434518794,95.92806266481786
TATACONSUM,53,752.0,82,TATAMOTORS,60642,TATACONSUM,-30.0,11.523553358400594,1.957163643521669,22.978612371326726,312.75382188774705,177.645985108312
TATACONSUM,54,792.0,82,TATAMOTORS,73610,TATACONSUM,-224.0,17.897600279217,0.945891606371418,10.095300385080545,344.97284581415647,478.81198709540917
TATACONSUM,55,366.0,82,TATAMOTORS,69360,TATACONSUM,-308.0,24.724288014029806,0.6543636524023584,17.444165251189776,514.8708766388506,494.95862015359836
TATACONSUM,56,791.0,82,TATAMOTORS,78604,TATACONSUM,-426.0,8.450657782832483,0.3056595132898807,16.14623581475737,636.5188139007852,348.7192589759257
TATACONSUM,57,839.0,82,TATAMOTORS,88950,TATACONSUM,-995.0,16.050812737443557,0.7275749726340577,13.543271775000497,628.618940982189,281.57907855676865
TATACONSUM,58,786.0,82,TATAMOTORS,106175,TATACONSUM,-714.0,22.78742153388074,0.1446733883353275,29.419484210168125,932.6229279761333,458.80766213532314
TATACONSUM,59,1292.0,82,TATAMOTORS,124788,TATACONSUM,256.0,6.32477547444336,0.8792040806283183,26.98243677758652,940.2796135757882,157.53619760252815
TATACONSUM,60,1544.0,82,TATAMOTORS,142131,TATACONSUM,383.0,12.437414350610055,0.7925068905229848,15.560474608479478,736.8502589724552,171.0455377506227
TATACONSUM,61,1719.0,82,TATAMOTORS,146449,TATACONSUM,57.0,7.394137405693277,0.4894903715032113,18.344375575224586,431.3340981297762,81.64229281484788
TATACONSUM,62,1856.0,82,TATAMOTORS,134113,TATACONSUM,-182.0,23.181374732549223,1.7682199507390004,14.071766030069046,689.922151829365,179.6877458219274
TATACONSUM,63,2284.0,82,TATAMOTORS,107262,TATACONSUM,-21.0,8.676079779543128,1.7742092067220152,24.635849192408855,690.2791280986947,141.86022990085206
TATACONSUM,64,2496.0,82,TATAMOTORS,106549,TATACONSUM,70.0,15.809519153390685,0.9369630552872295,16.466916179594584,569.9170545091288,417.9467977101824
TATAMOTORS,52,24596.0,83,TATAPOWER,37882,TATAMOTORS,6205.0,6.015606896393919,0.3407006886220538,19.667506265149868,340.82226859306843,401.03403112091326
TATAMOTORS,53,34853.0,83,TATAPOWER,40173,TATAMOTORS,2012.0,15.44535269937396,1.9161287927295796,24.53991218106022,479.4422872280791,310.77102138610474
TATAMOTORS,54,39239.0,83,TATAPOWER,40607,TATAMOTORS,8830.0,9.32703365361711,1.840741810766204,29.43576308502557,417.1043540586622,111.01990570333794
TATAMOTORS,55,38395.0,83,TATAPOWER,38849,TATAMOTORS,3390.0,18.913465848226863,0.5713553296413969,28.63838257015058,507.4478992991773,87.48299081739214
TATAMOTORS,56,29589.0,83,TATAPOWER,48815,TATAMOTORS,9904.0,22.234858823836493,1.0897495918155524,19.36305119625827,231.09752490846972,402.3046112735653
TATAMOTORS,57,31458.0,83,TATAPOWER,48589,TATAMOTORS,-3380.0,20.337467370003345,1.3719021980103188,29.915543203108026,225.34160469518383,360.60366563933843
TATAMOTORS,58,24664.0,83,TATAPOWER,48506,TATAMOTORS,-26243.0,13.649025684835172,1.7051358072673173,19.302073005178947,560.0963555567544,372.1200522748637
TATAMOTORS,59,17987.0,83,TATAPOWER,51936,TATAMOTORS,-37006.0,5.411637752947234,1.3813683127167327,20.319851591997985,189.78299693577978,470.3216935688263
TATAMOTORS,60,32287.0,83,TATAPOWER,46708,TATAMOTORS,-2499.0,19.201943881745077,0.9328604362359547,11.14845169771377,211.50516548841404,79.55934412285058
TATAMOTORS,61,24720.0,83,TATAPOWER,51195,TATAMOTORS,4277.0,7.0317508529944455,0.08877098365050795,27.227208139277884,403.41347858521647,223.28567870026248
TATAMOTORS,62,31816.0,83,TATAPOWER,52923,TATAMOTORS,4500.0,6.713576830149119,1.0958133452449381,13.295708089117515,583.2660771293715,432.21770740777373
TATAMOTORS,63,59538.0,83,TATAPOWER,53689,TATAMOTORS,-2589.0,17.066758278778043,0.25027102054627437,13.305105594621761,750.1561683434512,128.7240015885077
TATAMOTORS,64,60497.0,83,TATAPOWER,58314,TATAMOTORS,-3167.0,7.153056112545646,1.2209674703287734,19.39258993380343,419.0963703161673,200.04431765280907
TATAPOWER,52,5595.0,84,TATASTEEL,68529,TATAPOWER,937.0,6.689363182855487,0.6253556526918229,29.511414936037696,861.3701360468227,392.7123922800476
TATAPOWER,53,6916.0,84,TATASTEEL,81629,TATAPOWER,-4726.0,19.580412738603005,0.7787802478576822,15.295187298133492,375.763261525199,120.3513103361235
TATAPOWER,54,6301.0,84,TATASTEEL,80701,TATAPOWER,-5184.0,16.171362252353195,0.07661791666990792,10.168762337100993,708.5231573404675,216.02593249936052
TATAPOWER,55,2105.0,84,TATASTEEL,81987,TATAPOWER,-5110.0,23.769791599959817,1.9329643677163528,21.707560119555353,263.0444192390486,281.7329657381871
TATAPOWER,56,5473.0,84,TATASTEEL,83014,TATAPOWER,-7603.0,19.570510643361413,1.9086721509096556,12.42232649096936,790.869166423427,349.6316418630772
TATAPOWER,57,2295.0,84,TATASTEEL,92147,TATAPOWER,-1183.0,15.105243859153195,0.42887682502184643,17.761500425803582,443.5966486056047,340.6267718508597
TATAPOWER,58,3070.0,84,TATASTEEL,100816,TATAPOWER,1341.0,17.795457158354438,1.280316727833455,21.932357353111342,577.2920241655236,152.18583348366406
TATAPOWER,59,6805.0,84,TATASTEEL,116328,TATAPOWER,-4497.0,13.312677588323504,0.42884874477733925,26.04937336395229,762.2106406871101,357.6418260473112
TATAPOWER,60,6921.0,84,TATASTEEL,88501,TATAPOWER,-1333.0,20.098022126225295,1.6907443124069736,15.846634322685734,457.9896681284875,99.8245146602342
TATAPOWER,61,7031.0,84,TATASTEEL,75561,TATAPOWER,-392.0,23.80331981144822,1.633523270086988,18.716322879981384,735.8895055167575,304.38652025929747
TATAPOWER,62,7728.0,84,TATASTEEL,84893,TATAPOWER,-123.0,8.1457511801863,0.3403529220793573,29.66788434598878,481.7287677745193,194.73926257145666
TATAPOWER,63,10735.0,84,TATASTEEL,87082,TATAPOWER,-574.0,8.453950377962958,0.37107164991163,24.49910074737576,508.5409422783449,377.24356776353596
TATAPOWER,64,11057.0,84,TATASTEEL,99392,TATAPOWER,579.0,19.600566330443414,0.2677064449352524,13.12216598521854,206.4970319493388,163.5572687380668
TATASTEEL,52,3965.0,85,TCS,332,TATASTEEL,-2579.0,14.648383413750794,1.1877129730057308,23.64510251689372,251.3906636345263,214.05752465936598
TATASTEEL,53,16184.0,85,TCS,297,TATASTEEL,6640.0,23.04815473973698,1.4215007965619944,24.38964725359338,941.8618613125725,216.72632749190683
TATASTEEL,54,3409.0,85,TCS,358,TATASTEEL,-673.0,13.95929798893434,1.654673800314488,18.799186912272454,484.19106346596163,414.85091701873165
TATASTEEL,55,-625.0,85,TCS,245,TATASTEEL,-1695.0,17.2981099079755,0.771714963156994,13.05352660386716,782.8811336686407,405.21676838076223
TATASTEEL,56,13144.0,85,TCS,289,TATASTEEL,-37090.0,13.003964934307813,0.9902558381063511,18.371112670662985,741.1461106742286,364.960181256133
TATASTEEL,57,21433.0,85,TCS,247,TATASTEEL,-23401.0,5.971416234729563,0.9856182706749694,27.52324056809763,782.4671200732076,343.9477939269548
TATASTEEL,58,29318.0,85,TCS,62,TATASTEEL,-6981.0,9.293342705174062,0.09770455888055585,25.002054588512614,379.9774879941997,190.98996636085892
TATASTEEL,59,17463.0,85,TCS,8174,TATASTEEL,-11097.0,15.439879085007771,1.1698922460433585,24.123908758012853,904.6776084050356,335.24438552838507
TATASTEEL,60,30504.0,85,TCS,7795,TATASTEEL,-844.0,12.097345329920028,1.8975023371458777,13.317905976809802,884.8813223245235,378.16741538904097
TATASTEEL,61,63490.0,85,TCS,7818,TATASTEEL,-1218.0,23.522455795553977,0.4742438637324702,28.968971425993153,327.7052487723927,137.4109849170798
TATASTEEL,62,32300.0,85,TCS,7688,TATASTEEL,241.0,21.739594868716875,1.3843753453404248,22.94846782585716,894.6319635530097,490.04603189480986
TATASTEEL,63,22248.0,85,TCS,8021,TATASTEEL,-2068.0,23.46604077346319,1.4616049725286917,21.090007144431944,988.8782403603054,55.82590149175509
TATASTEEL,64,25314.0,85,TCS,9046,TATASTEEL,-1245.0,18.527793726642617,1.4502904952117146,12.04358782335696,166.71419193322183,328.83573125470815
TCS,52,18040.0,86,TECHM,128.0,TCS,25223.0,15.600613638549937,1.0969885050154984,29.801531444585258,224.6312081527096,145.1740822572824
TCS,53,25153.0,86,TECHM,234.0,TCS,25067.0,9.353014998632872,0.007924805627165243,29.289199286092856,895.9835677918654,274.0210566667239
TCS,54,24482.0,86,TECHM,480.0,TCS,28593.0,6.884635860895645,0.803284211500138,26.578753787595645,336.75267904566545,267.8285057097627
TCS,55,30677.0,86,TECHM,436.0,TCS,32369.0,14.900405542891335,0.043934859518450775,20.947644477359464,667.3633649200294,87.51019690571417
TCS,56,32311.0,86,TECHM,439.0,TCS,38802.0,13.801188128108485,1.0552388589333481,16.930714036570066,783.850485078365,482.2410494456734
TCS,57,32516.0,86,TECHM,442.0,TCS,39949.0,10.111093955706691,0.542074305510144,12.93761271491459,619.0834442172236,68.07565061644603
TCS,58,39506.0,86,TECHM,444.0,TCS,41965.0,20.992618701777694,1.4704863314754946,21.174034308046316,461.41296375561507,214.03734757842813
TCS,59,42109.0,86,TECHM,436.0,TCS,44338.0,16.07069603426611,0.1395614132843368,29.11252006701304,467.4956031570389,134.894787753632
TCS,60,46546.0,86,TECHM,437.0,TCS,11615.0,17.857393221666097,0.9164435547158603,18.688769923818107,917.8871683960714,74.10490172063619
TCS,61,53057.0,86,TECHM,439.0,TCS,14751.0,15.789591655186259,1.720453642437667,15.866222943958308,321.75561545537596,390.14458974027207
TCS,62,59259.0,86,TECHM,440.0,TCS,19369.0,11.36642604640315,0.06761452338910434,27.915512264332115,167.90289764337572,245.25455723885682
TCS,63,64296.0,86,TECHM,441.0,TCS,19109.0,9.414972005434862,1.4694301736298192,21.771899260143847,524.6706048074398,406.2857115320248
TCS,64,67591.0,86,TECHM,442.0,TCS,25223.0,22.36681125238166,1.9202182917258503,24.653333385355317,340.67509283917104,457.32422195770107
TECHM,52,1422.0,87,TITAN,0,TECHM,-1571.0,15.197638671232923,1.1981026291697483,22.87323529721622,393.51128867609793,318.1035024954233
TECHM,53,4172.0,87,TITAN,807,TECHM,-269.0,16.996907480494357,1.3852514622215282,13.319084568207803,900.7570128918062,361.8962287877243
TECHM,54,4193.0,87,TITAN,100,TECHM,-2251.0,6.067083741533517,1.8698164418391714,12.278957108116625,379.55443581091146,329.8373215172316
TECHM,55,4260.0,87,TITAN,113,TECHM,-4466.0,21.236684912944988,1.7777552407581645,15.146349424010204,350.5893892566895,458.6021557839146
TECHM,56,4184.0,87,TITAN,1882,TECHM,-2987.0,15.866045920042623,1.8491262047665065,19.85713598595163,108.91913671591617,458.8352029631458
TECHM,57,4710.0,87,TITAN,1691,TECHM,-4667.0,9.97000229859709,1.4228532859152994,25.880327226269443,836.1247241698878,436.61385242161055
TECHM,58,6271.0,87,TITAN,2393,TECHM,-5078.0,13.473541016759778,1.4013650142276692,21.25676542010296,866.0586494869431,433.0315333758473
TECHM,59,5503.0,87,TITAN,3562,TECHM,-4767.0,13.179462553667765,0.9592613201545452,10.917950931535591,456.5107394024782,359.39648141359226
TECHM,60,6796.0,87,TITAN,5638,TECHM,298.0,6.248446921995303,0.6720428572187249,11.122540569558412,618.7191561929847,366.10702333404
TECHM,61,8020.0,87,TITAN,7275,TECHM,915.0,24.3379508216439,1.0620151888716682,21.588473643038554,643.640176244372,463.24372752276855
TECHM,62,7763.0,87,TITAN,9367,TECHM,-246.0,10.159854084104794,1.5956338628614342,11.597863211833282,733.6213485936279,352.7679913691205
TECHM,63,4506.0,87,TITAN,15528,TECHM,1188.0,16.048587876983177,0.3640024030783646,21.986398135507535,418.10316504008125,282.0133958624492
TECHM,64,6223.0,87,TITAN,21648,TECHM,-392.0,16.059667082347968,0.3773805944739268,17.570799533020732,687.203379374993,444.71492167897975
TITAN,52,1014.0,88,TORNTPHARM,693,TITAN,-166.0,10.33569629680808,0.2332495180487697,15.17823598158196,556.4082676324017,463.8264839854702
TITAN,53,1047.0,88,TORNTPHARM,1132,TITAN,-252.0,14.080302397610478,0.7112837709618094,12.953097666414646,398.52040864744373,397.8741323376063
TITAN,54,1153.0,88,TORNTPHARM,2740,TITAN,-489.0,10.033022982278759,1.2204924177836962,25.373571921345604,420.1094851422611,414.5438882604483
TITAN,55,939.0,88,TORNTPHARM,2352,TITAN,-242.0,21.720926978021243,0.8464046542816053,16.06300800868766,739.749727423622,468.0793875870631
TITAN,56,1164.0,88,TORNTPHARM,2510,TITAN,-1234.0,19.87061906174199,0.07331445461255792,12.89372942480683,805.8137478101713,227.35090285852039
TITAN,57,1644.0,88,TORNTPHARM,6462,TITAN,-403.0,11.660474162383263,1.0690626394232736,18.65417882514478,625.4879443975378,274.5082450298301
TITAN,58,1994.0,88,TORNTPHARM,6038,TITAN,457.0,12.833029228130307,0.11345086542337124,13.948537883407075,650.3953218358096,76.8515405380035
TITAN,59,2463.0,88,TORNTPHARM,5784,TITAN,-1329.0,21.344792998941365,1.4374101976805755,17.642395406874137,648.3423535247383,344.01782055886247
TITAN,60,1725.0,88,TORNTPHARM,4874,TITAN,176.0,14.181008317199781,1.655366431208295,19.155629979018986,786.0338825628378,430.64399896981575
TITAN,61,3344.0,88,TORNTPHARM,4070,TITAN,-329.0,9.792963484528773,0.3361018260545252,27.909477399004086,727.0937007545222,375.5900029354633
TITAN,62,4882.0,88,TORNTPHARM,5369,TITAN,-620.0,23.828225501979613,1.8394690162557663,17.131421899894256,745.2885584323672,444.0101643969936
TITAN,63,5292.0,88,TORNTPHARM,4022,TITAN,-88.0,20.197732222199644,1.0299432457330477,15.995399307765467,740.5937561564715,366.72238141703497
TITAN,64,5239.0,88,TORNTPHARM,3128,TITAN,594.0,23.75339909751589,0.06910326693550184,28.48271753369347,360.2500223464594,335.68169887591324
TORNTPHARM,52,697.0,89,TRENT,343,TORNTPHARM,-193.0,23.802505038841314,0.8555709222460499,19.424093691663572,201.0991206922884,418.7582540870695
TORNTPHARM,53,955.0,89,TRENT,332,TORNTPHARM,3417.0,5.074603080038007,0.14156750412613217,21.96239856523772,269.37380997503556,268.79961242309935
TORNTPHARM,54,1020.0,89,TRENT,267,TORNTPHARM,-1314.0,16.071771006133943,1.276049595938694,23.261505291836794,863.7589412754319,396.1639637397536
TORNTPHARM,55,2733.0,89,TRENT,400,TORNTPHARM,-1549.0,10.890118074567843,1.624783773256076,28.237978625555662,832.4226940682428,497.2827209699728
TORNTPHARM,56,1377.0,89,TRENT,392,TORNTPHARM,-1651.0,18.842266181954656,1.2419862580046561,23.62653431287355,567.032526680407,85.60272689404013
TORNTPHARM,57,1349.0,89,TRENT,391,TORNTPHARM,-1781.0,23.452889004424847,1.181186672062763,24.642322662246947,549.7929636051258,473.2251105407167
TORNTPHARM,58,1983.0,89,TRENT,494,TORNTPHARM,77.0,18.794063685677543,0.8884275176218155,16.81980224187275,521.6888417938349,406.1298770659223
TORNTPHARM,59,2170.0,89,TRENT,300,TORNTPHARM,-2780.0,11.412042643069157,1.043337768819534,21.275940594905478,956.7860156568221,314.2778706090185
TORNTPHARM,60,2480.0,89,TRENT,300,TORNTPHARM,-73.0,19.328593755063075,1.9432411298460186,25.88245758411219,191.03437693642434,285.97119089147606
TORNTPHARM,61,2431.0,89,TRENT,4725,TORNTPHARM,268.0,7.591717725573881,0.044384151760925805,27.231155831397544,667.1689179578909,274.23174392035764
TORNTPHARM,62,2842.0,89,TRENT,4464,TORNTPHARM,-90.0,11.31415955322311,0.8615207368722635,29.920583616788925,990.3126079348087,138.9835149382311
TORNTPHARM,63,3368.0,89,TRENT,1753,TORNTPHARM,437.0,24.39396870555511,0.3986213762654387,20.453639619472387,888.8918669766488,137.80770188484377
TORNTPHARM,64,3640.0,89,TRENT,1842,TORNTPHARM,18.0,12.399600846333293,1.3135094861651448,27.579611613397134,832.2269859242792,148.23656599326418
TRENT,52,5.0,90,TVSMOTOR,1068,TRENT,-51.0,12.951460517704419,0.12110868429182275,25.046901582989456,523.4606391818031,139.3039534370145
TRENT,53,-10.0,90,TVSMOTOR,728,TRENT,-74.0,10.47258281742188,1.447472898530762,17.307761923333167,548.5475392221539,333.9312705978741
TRENT,54,88.0,90,TVSMOTOR,1119,TRENT,37.0,19.326235218884015,1.9238628500940236,13.266901797295832,194.61576240452234,491.34230421877635
TRENT,55,90.0,90,TVSMOTOR,1091,TRENT,452.0,21.81200242398287,1.9336658538082772,19.29223097479241,583.0668487980893,62.931171134200895
TRENT,56,134.0,90,TVSMOTOR,1311,TRENT,-283.0,14.237315000110799,0.13056696226237618,22.78423727495463,120.4720133074008,262.70265552954163
TRENT,57,208.0,90,TVSMOTOR,6928,TRENT,-108.0,18.770021721138612,0.186998802771567,28.14166487338132,481.8284250835236,78.11850932127231
TRENT,58,241.0,90,TVSMOTOR,9298,TRENT,-491.0,15.33446232328713,0.3627604250941914,24.284724020304537,503.0858404703832,459.9138583250492
TRENT,59,529.0,90,TVSMOTOR,11591,TRENT,-629.0,7.898488081963377,1.4459051747558496,14.434653997854223,871.5890183784024,92.10710451231881
TRENT,60,114.0,90,TVSMOTOR,12179,TRENT,-97.0,6.9535197104918485,0.32954350783587616,14.799898465859378,183.4522949618169,198.31500073564177
TRENT,61,595.0,90,TVSMOTOR,15827,TRENT,-145.0,12.325997348617017,1.3030757991096555,15.41306922138691,689.6172637688057,477.1889294211593
TRENT,62,1114.0,90,TVSMOTOR,22376,TRENT,-6.0,18.594863567249234,0.8676899189398659,18.45215504787886,712.0033235982193,292.6097424612537
TRENT,63,1971.0,90,TVSMOTOR,26006,TRENT,-2.0,13.877568561451525,0.039000294420584725,23.065153814727566,500.39702337694393,206.69092764873776
TRENT,64,2354.0,90,TVSMOTOR,14619,TRENT,7.0,18.199808038039443,0.8554289673681059,15.348043447363015,454.59171612776777,178.75207785532743
TVSMOTOR,52,438.0,91,ULTRACEMCO,7342,TVSMOTOR,-59.0,24.21953639351209,1.305519104658386,19.612140659180177,781.5888191605876,217.04064621283283
TVSMOTOR,53,492.0,91,ULTRACEMCO,7332,TVSMOTOR,897.0,10.699766151967749,0.2146581953900255,13.30703641284443,408.17114288901155,153.6196689879988
TVSMOTOR,54,605.0,91,ULTRACEMCO,9829,TVSMOTOR,2210.0,12.305970269373203,1.6468042038075956,10.518654793529258,481.97097697896817,122.54755882775002
TVSMOTOR,55,819.0,91,ULTRACEMCO,10616,TVSMOTOR,1619.0,9.363493146110322,0.8755613399573745,24.304021907209943,375.8523986927199,267.15763762065586
TVSMOTOR,56,871.0,91,ULTRACEMCO,8474,TVSMOTOR,264.0,12.930393967831748,0.25376088381004935,20.881365480935777,436.6181675545197,208.39925731633647
TVSMOTOR,57,1571.0,91,ULTRACEMCO,19480,TVSMOTOR,2918.0,12.378906230399348,1.6156302794924968,22.178206844800403,574.7549674339571,322.66404875142416
TVSMOTOR,58,2163.0,91,ULTRACEMCO,25337,TVSMOTOR,6118.0,15.145288634712443,0.6443568358008189,28.110082205911638,939.8082435000083,380.9233576334006
TVSMOTOR,59,2264.0,91,ULTRACEMCO,23019,TVSMOTOR,2759.0,11.4314714488806,0.9818708806454381,21.74761257296687,724.4863744531594,274.2162449562604
TVSMOTOR,60,2232.0,91,ULTRACEMCO,21719,TVSMOTOR,-58.0,21.92107885653557,1.6114261856524144,23.28088139562663,452.3889499035101,87.74656027772015
TVSMOTOR,61,2755.0,91,ULTRACEMCO,11299,TVSMOTOR,19.0,20.11769569024829,1.7390029732046297,23.15818282279662,950.7719420747101,105.3793090314071
TVSMOTOR,62,4027.0,91,ULTRACEMCO,11058,TVSMOTOR,-71.0,11.351250950135938,1.8479492147984493,13.988250272541602,162.85290857707764,488.32366655131983
TVSMOTOR,63,5500.0,91,ULTRACEMCO,11403,TVSMOTOR,12.0,23.95969513223008,1.2336212207362656,23.640899801956436,407.36352714279064,163.2528004647133
TVSMOTOR,64,6190.0,91,ULTRACEMCO,16964,TVSMOTOR,-79.0,18.272482853738957,0.7179665566424032,27.97120610146614,452.07452977332156,341.5212866379557
ULTRACEMCO,52,4839.0,92,UNIONBANK,418420,ULTRACEMCO,-2535.0,14.90052534682733,0.07986714893336133,16.21840949508732,105.47037252024911,52.459734025366814
ULTRACEMCO,53,4035.0,92,UNIONBANK,455969,ULTRACEMCO,-5735.0,13.851359915822137,0.6769241454571422,18.90237997934804,706.3321882602878,184.29522680482557
ULTRACEMCO,54,4425.0,92,UNIONBANK,460780,ULTRACEMCO,-6757.0,13.649430325362887,0.4681547265977595,14.298313131281208,966.2633293775664,182.264039789219
ULTRACEMCO,55,4901.0,92,UNIONBANK,505150,ULTRACEMCO,-5076.0,14.742127183296814,0.902067848627417,16.219427206465014,569.6479971450062,429.7184089131043
ULTRACEMCO,56,5212.0,92,UNIONBANK,977576,ULTRACEMCO,-4356.0,17.539596777882686,1.0047499123753818,16.044772945667646,613.891511729111,192.22623954773348
ULTRACEMCO,57,6145.0,92,UNIONBANK,1085613,ULTRACEMCO,-12498.0,18.804939539654235,1.9779078374237866,22.07051863980177,525.5641136832683,488.95201546428535
ULTRACEMCO,58,7347.0,92,UNIONBANK,1163059,ULTRACEMCO,-1631.0,12.12673239063667,0.22492883089164506,17.038475876366828,285.0369598673942,475.66760659650697
ULTRACEMCO,59,9246.0,92,UNIONBANK,1251568,ULTRACEMCO,-1926.0,9.939974245899204,0.35240090484503295,18.29969655667982,278.77523128891534,142.37583959448838
ULTRACEMCO,60,11568.0,92,UNIONBANK,8003,ULTRACEMCO,-30.0,6.708215986233903,1.2301578593776044,24.93771745273864,821.3033525966962,343.6684974901115
ULTRACEMCO,61,11514.0,92,UNIONBANK,9300,ULTRACEMCO,164.0,18.178282303176502,0.5130894992828441,28.286018539905765,461.43277506720284,334.1992046190265
ULTRACEMCO,62,10620.0,92,UNIONBANK,11048,ULTRACEMCO,-63.0,16.05675613729884,0.13498913497061737,14.536907328781016,502.8288611634301,271.91602524910286
ULTRACEMCO,63,12969.0,92,UNIONBANK,9562,ULTRACEMCO,8.0,22.39511243440798,1.770786888334486,20.104446752354896,504.33862144229045,263.10289778894224
ULTRACEMCO,64,12056.0,92,UNIONBANK,13167,ULTRACEMCO,-31.0,17.39594484291984,1.5575586486098632,22.09845907651282,385.08664123372375,282.43654331020787
UNIONBANK,52,325.0,93,UNITDSPR,8242,UNIONBANK,10194.0,21.91184658637492,0.0815638991522345,22.793712057448502,646.7118499402528,173.40474710534718
UNIONBANK,53,-902.0,93,UNITDSPR,8307,UNIONBANK,10792.0,24.44540754922241,0.34375510131661824,27.688620078815987,237.6385815833521,312.0705833794991
UNIONBANK,54,-973.0,93,UNITDSPR,4987,UNIONBANK,1758.0,7.740637086080628,1.0481181827912271,13.012564488772394,927.443714243033,411.2831753318656
UNIONBANK,55,-1928.0,93,UNITDSPR,4242,UNIONBANK,201.0,8.60999954122386,0.4587196563286893,13.045324992147822,371.3209786888916,215.72786659532588
UNIONBANK,56,-4830.0,93,UNITDSPR,4144,UNIONBANK,-18861.0,8.659001979375446,0.8914242420032716,11.131729779193844,724.7793432479089,134.80548161024885
UNIONBANK,57,-11700.0,93,UNITDSPR,3421,UNIONBANK,-786.0,24.351801759476082,0.6281079039459339,14.595559573281491,123.30822697467477,493.6369312029651
UNIONBANK,58,-8601.0,93,UNITDSPR,2883,UNIONBANK,-10654.0,15.395080593156452,1.7867918062321106,25.70883157580354,935.8242149536287,258.3635701651458
UNIONBANK,59,-9523.0,93,UNITDSPR,2570,UNIONBANK,-11489.0,14.763049329451261,1.849673035507102,22.276773349162802,613.4095433248797,367.5719873684452
UNIONBANK,60,-11071.0,93,UNITDSPR,1037,UNIONBANK,507.0,15.150761340369076,0.6236405232996949,22.88509966109103,398.53179358795256,392.94774476655437
UNIONBANK,61,-4213.0,93,UNITDSPR,605,UNIONBANK,7109.0,8.060912688863297,1.1361131938666789,22.519368097211526,237.76032102257204,155.85391855489695
UNIONBANK,62,-3024.0,93,UNITDSPR,183,UNIONBANK,-718.0,14.856199512225011,0.31565266641479384,16.570887708157912,569.1685714209395,120.33805015876037
UNIONBANK,63,4590.0,93,UNITDSPR,265,UNIONBANK,70.0,7.631132422538678,1.8021369092552297,20.477028699667628,553.9107772899872,352.77388356189056
UNIONBANK,64,2090.0,93,UNITDSPR,518,UNIONBANK,3289.0,10.035852877121345,1.6701858446394233,11.6753971456517,607.2700899082558,268.6554393519114
UNITDSPR,52,1091.0,94,VEDL,4839,UNITDSPR,-475.0,9.640433133641423,0.370899300559383,22.18699540722172,568.5445415643646,374.9651140758424
UNITDSPR,53,-3368.0,94,VEDL,80566,UNITDSPR,-966.0,17.538195141957118,0.6274666461388456,13.419544524994247,148.91413489026675,276.60503328025175
UNITDSPR,54,-366.0,94,VEDL,77752,UNITDSPR,-808.0,12.933895073878405,0.33826672105495637,14.223016366289674,513.9225196331108,207.14105137806698
UNITDSPR,55,333.0,94,VEDL,67778,UNITDSPR,-740.0,23.112805698609897,0.08192555267641821,18.91204274314852,529.9945854772745,303.0337845478283
UNITDSPR,56,991.0,94,VEDL,71569,UNITDSPR,-1707.0,12.845558789487004,0.04572050411525397,15.777349887801325,811.1991575066643,70.27502858698367
UNITDSPR,57,1209.0,94,VEDL,58159,UNITDSPR,-688.0,24.62597873952298,1.1432423305154311,18.329399356031153,588.9019591009857,256.02433278190546
UNITDSPR,58,1394.0,94,VEDL,66226,UNITDSPR,-500.0,20.05381906609805,0.9001704686035017,19.168313422798086,982.1387771271603,337.30737211729667
UNITDSPR,59,1569.0,94,VEDL,59187,UNITDSPR,-407.0,7.311761379040947,1.274796961925331,10.17216774169935,920.6962997275278,387.2382031734563
UNITDSPR,60,1051.0,94,VEDL,57669,UNITDSPR,-145.0,7.272826940598707,1.3626857181353198,20.061297539947763,774.5885613082143,485.6574795431493
UNITDSPR,61,1595.0,94,VEDL,53583,UNITDSPR,431.0,11.775457974454064,0.5920627840932331,23.59008008666332,554.2071277270834,73.66950381634238
UNITDSPR,62,1417.0,94,VEDL,80329,UNITDSPR,-343.0,14.100026916059054,0.18947978499599616,14.499563109143054,421.1622709324197,192.18460520950572
UNITDSPR,63,2000.0,94,VEDL,87706,UNITDSPR,-139.0,17.710798033005425,0.5223531576776268,22.016449787249982,467.8417201964624,150.6405234355541
UNITDSPR,64,2111.0,94,VEDL,79808,UNITDSPR,-56.0,23.97853603038493,1.575539112718964,14.979498377165983,379.208560333246,275.07786364279127
VBL,52,228.0,95,WIPRO,6381,VBL,230.0,24.285960857832094,1.1824858416040258,10.277563240510595,315.9169065151186,390.31049272291
VBL,53,291.0,95,WIPRO,5159,VBL,159.0,22.87499995575239,1.5940271834640094,10.481238664453919,311.66916491549915,367.75161484040945
VBL,54,387.0,95,WIPRO,7891,VBL,-84.0,23.300691457608856,0.651126949699574,14.746094113907892,284.9882850643644,325.6296952945186
VBL,55,642.0,95,WIPRO,12522,VBL,1107.0,12.850576846696832,1.4013007440732828,25.63322384111009,635.622834515619,140.16161264023472
VBL,56,810.0,95,WIPRO,14241,VBL,-574.0,13.96667391040384,1.5132673979886906,12.230201329000236,482.95689668615944,197.95928750943045
VBL,57,838.0,95,WIPRO,13901,VBL,-178.0,16.960338863732257,1.7126269035939068,18.082047246655687,490.7919839449645,236.83473976449838
VBL,58,1036.0,95,WIPRO,9947,VBL,-18.0,22.23384166128223,0.7415400004136492,16.98606688159392,714.6217489067052,281.83925817938245
VBL,59,1462.0,95,WIPRO,9724,VBL,985.0,9.265732380537276,0.6403717477058994,18.80525403585987,548.89446488317,361.9764912758127
VBL,60,1215.0,95,WIPRO,10451,VBL,3.0,12.979105458318472,1.9673592595577276,24.845878147727344,167.30608856957417,183.66754527207542
VBL,61,1694.0,95,WIPRO,17593,VBL,-2.0,21.003473039221497,0.0370254122155842,13.679182284698205,600.2964663140857,69.89637091433215
VBL,62,2863.0,95,WIPRO,17467,VBL,-11.0,5.972387592026925,1.5384610439453357,20.10792744527024,378.6256567935823,62.71122404274959
VBL,63,3717.0,95,WIPRO,16465,VBL,19.0,15.345643744211088,1.5360291862870574,17.381560686105953,782.7284440284991,242.40080688173578
VBL,64,4549.0,95,WIPRO,19282,VBL,8.0,15.824353681902464,1.2030260121326481,21.61379428629158,345.35015314533257,52.39824228444368
VEDL,52,465.0,96,ZOMATO,17327,VEDL,-12425.0,12.145904142997633,0.6208451263638162,28.67885121399411,637.5053704610466,94.15131856269565
VEDL,53,19595.0,96,ZOMATO,21599,VEDL,-39255.0,21.240301917535692,0.7009635119641644,12.23641548514947,111.52863886536389,338.0734992615623
VEDL,54,22114.0,96,ZOMATO,23356,VEDL,-10242.0,10.50530168376053,1.5689802384112108,27.323387630716685,248.19305645377858,349.7553721130474
VEDL,55,-18479.0,96,ZOMATO,25205,VEDL,-15547.0,11.295346268836628,0.6210504945196667,20.993302181484246,896.0990733816025,319.7253035570742
VEDL,56,21376.0,96,ZOMATO,190,VEDL,-17565.0,19.453997293695387,1.3193251080243307,22.910315598387488,740.6507619374987,331.33296957492473
VEDL,57,24877.0,96,ZOMATO,389,VEDL,-28903.0,13.920240737472177,0.6807705930599988,20.522190022579913,301.80120073216085,446.00918906019234
VEDL,58,23171.0,96,ZOMATO,1591,VEDL,-34142.0,15.708330482073208,1.7791609399115167,24.21093530729234,456.8159064378638,203.69107980065885
VEDL,59,20743.0,96,ZOMATO,1539,VEDL,-26092.0,12.226637484710977,0.8775238904700333,20.2729995043166,193.18666573827647,498.2387661508343
VEDL,60,27318.0,96,ZOMATO,1404,VEDL,-51.0,16.525902436415933,0.7829479852194574,25.372318373440045,105.0138791144574,107.17306483285763
VEDL,61,44824.0,96,ZOMATO,6344,VEDL,7659.0,5.673200386568107,1.707695398164393,10.999866046843918,480.09907324723645,81.35578186848808
VEDL,62,34431.0,96,ZOMATO,6448,VEDL,-284.0,22.29126763151295,1.8916235536471873,18.627243751405295,183.27916831888183,449.1161067002717
VEDL,63,35312.0,96,ZOMATO,8390,VEDL,1206.0,9.636153067930962,1.9448323519326827,16.018170642164442,304.52205095312996,77.47821178189048
VEDL,64,37072.0,96,ZOMATO,1,VEDL,8339.0,13.32356146384312,0.8496483616733079,21.346852848312526,366.20981997901316,377.7951543444869
WIPRO,52,7657.0,97,ZYDUSLIFE,2918,WIPRO,-2275.0,12.05086027384774,0.2783565654049047,17.98847386115773,403.3927433900865,451.9111360591802
WIPRO,53,9635.0,97,ZYDUSLIFE,2700,WIPRO,-12998.0,17.925356611919813,1.6230359506734944,27.693620817158514,719.7827062540749,238.16532182239018
WIPRO,54,10299.0,97,ZYDUSLIFE,2651,WIPRO,-4937.0,23.898124050520558,0.44638223630984886,10.215296351036539,151.73006667105892,95.27383775565093
WIPRO,55,10796.0,97,ZYDUSLIFE,2442,WIPRO,-15100.0,23.383538865051147,1.1334594437861445,23.77312720387025,475.79818085751526,94.64695693034977
WIPRO,56,11321.0,97,ZYDUSLIFE,5207,WIPRO,-12884.0,6.4697170994097934,0.975180422992616,19.443892997728582,759.3344397930299,99.02432075823525
WIPRO,57,10387.0,97,ZYDUSLIFE,5407,WIPRO,4659.0,11.238842597981115,1.3668005820437568,18.884157356693464,903.1825552373765,179.2121661629717
WIPRO,58,11613.0,97,ZYDUSLIFE,7899,WIPRO,-6088.0,16.481710781831644,0.8919576780339293,21.528961608348016,556.3978536243498,140.6358288501355
WIPRO,59,12342.0,97,ZYDUSLIFE,7986,WIPRO,-18257.0,7.223412519728633,0.16319256944815352,26.69285306185215,810.502850468235,488.1881953927303
WIPRO,60,14771.0,97,ZYDUSLIFE,4608,WIPRO,717.0,10.486126103733229,0.7266180341290249,17.04711469961075,462.5652355632113,278.1136815102925
WIPRO,61,16684.0,97,ZYDUSLIFE,4221,WIPRO,2936.0,24.378379655145196,1.289679557377012,28.91947313293437,642.2613917068066,425.0019975208719
WIPRO,62,16839.0,97,ZYDUSLIFE,1195,WIPRO,4474.0,10.162212393833816,0.9022189687524476,20.41855037795346,906.6605018377777,95.22479713881737
WIPRO,63,16752.0,97,ZYDUSLIFE,804,WIPRO,-6032.0,19.229314107912067,1.9715307440413883,18.694246669390918,451.31567531415266,479.19870609147847
WIPRO,64,17773.0,97,ZYDUSLIFE,190,WIPRO,-4767.0,20.045216396568925,0.8968688014805037,21.93724479045795,323.0344756167972,293.49270112352235
INDIGO,52,8348.0,46,INDIGO,11,INDIGO,-1401.0,24.970061193063746,0.5120770999951272,27.861677191316662,170.3981767616241,146.17426314015103
INDIGO,53,10684.0,46,INDIGO,14,INDIGO,766.0,22.941897204685276,0.7561091160585938,14.921648240181739,996.7271628831595,424.48978680348347
INDIGO,54,12022.0,46,INDIGO,4,INDIGO,-592.0,16.608894349230354,0.1627219909173112,18.020546152395873,122.26129052921175,68.96690275153298
INDIGO,55,12976.0,46,INDIGO,8,INDIGO,-2407.0,20.061056529002308,0.8327266831134845,17.443273537874653,533.7957759827351,330.89550704798734
INDIGO,56,16362.0,46,INDIGO,52,INDIGO,-1775.0,5.528566914496329,1.9121997941112598,28.100859489682513,362.2788140731653,268.1630920146855
INDIGO,57,19991.0,46,INDIGO,54,INDIGO,-3088.0,6.656344220563639,1.0277311710915369,23.06421729857994,224.47059319311302,442.9388397780091
INDIGO,58,28648.0,46,INDIGO,88,INDIGO,-8432.0,16.55694000699906,0.6891536381602414,25.39417962662499,114.03951580874417,206.8740745133718
INDIGO,59,31687.0,46,INDIGO,75,INDIGO,-9979.0,6.021954573878445,1.5705099630034065,20.41172667507648,282.28136227916787,322.44915318976746
INDIGO,60,14638.0,46,INDIGO,9,INDIGO,-113.0,18.45258111430677,0.9321467535289203,14.58126785438645,316.8288304169108,300.4142449833296
INDIGO,61,25373.0,46,INDIGO,12,INDIGO,-34.0,10.136690655135077,1.706751429713377,27.455267412561884,962.8650490235128,221.16867495682038
INDIGO,62,47926.0,46,INDIGO,12,INDIGO,136.0,8.450135621057997,1.9953262342450553,21.35744761390834,917.6909734316944,77.68736833317963
INDIGO,63,52573.0,46,INDIGO,17,INDIGO,559.0,10.231220970356906,1.2856771851879114,16.43860348521649,899.4504369234983,467.1482967264419
INDIGO,64,60568.0,46,INDIGO,20,INDIGO,-652.0,16.729824334919243,0.6991914391114267,22.69197507589719,431.9432840918544,392.97926469955667
ABB,65,12.0,0,ABB,260,ABB,3784.0,12.523244356380808,0.44039263349931623,14.107332171541142,975.7667603644994,407.9162622255008
ABB,66,12.0,0,ABB,351,ABB,4097.0,13.499058294304485,1.9362733268768484,27.96119182317891,980.1265835312747,101.77901016621576
ABB,67,14.0,0,ABB,436,ABB,3777.0,20.655915609081834,1.1984278588539092,29.597584911991035,142.14662757677277,398.9206007673437
ABB,68,14.0,0,ABB,421,ABB,6038.0,5.2407640010505085,0.37456939532009104,19.420954362589807,520.0976082337072,428.2486689515808
ABB,69,14.0,0,ABB,679,ABB,-59.0,24.38327210427775,1.6861814311235814,16.075849627904525,818.2542877397842,451.2664199714924
ABB,70,16.0,0,ABB,723,ABB,-144.0,13.20495551831435,1.4898187364452267,16.36018975567204,258.00820865252865,480.2719842364506
ABB,71,16.0,0,ABB,932,ABB,-187.0,10.82321431119965,0.30963099550754647,11.346475552236107,243.23090801176326,162.60361076528588
ABB,72,18.0,0,ABB,940,ABB,-77.0,8.184638985803659,0.633398523009469,15.558629769861225,162.3130051441081,130.27909609409423
ABB,73,21.0,0,ABB,1086,ABB,-155.0,11.464430620626167,1.8957144826290186,27.298569559704525,727.5923908821339,464.8087700176067
ABB,74,22.0,0,ABB,1253,ABB,-215.0,11.767275191705263,0.1464342299348793,21.253850645232035,579.1995796062079,358.83618255621747
ABB,75,23.0,0,ABB,1254,ABB,-257.0,12.092427942344674,0.3725131932257886,20.622023754823303,937.7328218229014,122.3181484924292
ABB,76,25.0,0,ABB,1411,ABB,-401.0,21.762249216437034,1.2972498161787562,19.045437267027346,784.969676461631,439.0854955457434
ABB,77,26.0,0,ABB,1481,ABB,-72.0,12.122184828629534,0.9828465204841419,28.478486572037657,472.37003582517207,414.5937409292069
ADANIENSOL,60,,1,ADANIENSOL,0,ADANIENSOL,-421.0,10.11790734585311,0.16289619576418324,23.368738842190027,794.8599633583751,372.16673161106775
ADANIENSOL,61,78.0,1,ADANIENSOL,708,ADANIENSOL,1045.0,17.8751416145332,1.018303542106446,17.993658170361837,730.1833076572586,96.42238252254344
ADANIENSOL,62,88.0,1,ADANIENSOL,489,ADANIENSOL,-969.0,18.131200217413713,0.584838134319851,12.084094979377255,562.7088714013792,210.07371688105837
ADANIENSOL,63,69.0,1,ADANIENSOL,890,ADANIENSOL,-75.0,15.880146214140185,1.3618571363517225,13.903542689304743,994.1732610394018,375.5505110001812
ADANIENSOL,64,72.0,1,ADANIENSOL,781,ADANIENSOL,2.0,6.432357749537971,0.5165292185299535,25.941869228018366,342.1503072435803,408.8687501242187
ADANIENSOL,65,38.0,1,ADANIENSOL,4379,ADANIENSOL,551.0,7.91829371819907,0.5984924089289447,26.717524613385887,974.6516418730853,220.70869776937033
ADANIENT,65,13.0,2,ADANIENT,21143,ADANIENT,413.0,13.224150054401477,0.3019449376827854,28.90408572199365,119.1982388331889,232.6143339684244
ADANIENT,66,17.0,2,ADANIENT,22365,ADANIENT,-436.0,10.89091459966598,1.5943038304839487,14.742578593247567,170.01721892769334,97.71327077971863
ADANIENT,67,19.0,2,ADANIENT,21420,ADANIENT,1151.0,24.702856359201757,0.20310566472868286,29.02877436935794,380.08830881779653,194.50895833434893
ADANIENT,68,5.0,2,ADANIENT,9132,ADANIENT,-1459.0,19.692053384779648,1.9183272352658591,21.95068964610646,231.04348522040263,209.12158066759997
ADANIENT,69,5.0,2,ADANIENT,12630,ADANIENT,246.0,6.244227744829612,1.812577651940096,25.594454658047844,638.7420556171185,200.57529386769048
ADANIENT,70,6.0,2,ADANIENT,23679,ADANIENT,970.0,18.40103095825222,0.7017343621461036,16.27218088324843,945.6950037654043,234.405238581926
ADANIENT,71,5.0,2,ADANIENT,16537,ADANIENT,424.0,18.35935563533885,1.5981377124334177,15.57993884718111,653.2815384803123,238.90918037658963
ADANIGREEN,45,80.0,3,ADANIGREEN,610,ADANIGREEN,383.0,16.287265616788716,1.5954545186485394,20.701748582891497,155.9441205982279,157.81765382724723
ADANIGREEN,46,57.0,3,ADANIGREEN,4503,ADANIGREEN,435.0,18.788798881195454,1.0837493377826195,27.231134600227666,340.2913796945453,248.27015507657362
ADANIGREEN,47,74.0,3,ADANIGREEN,1582,ADANIGREEN,606.0,18.455153716978067,0.7202553226256854,18.08959206829632,353.15526629830504,376.93730580728595
ADANIPOWER,65,14.0,5,ADANIPOWER,8599,ADANIPOWER,-19.0,11.243394092978399,1.7783721182844043,15.439764251517795,855.182036489908,466.4336287500498
ADANIPOWER,66,30.0,5,ADANIPOWER,8045,ADANIPOWER,-37.0,18.19908313219861,0.3442886525261597,16.678708205774736,719.2637182073753,208.02681918470282
ADANIPOWER,67,25.0,5,ADANIPOWER,8008,ADANIPOWER,917.0,16.883941391136965,1.4480088096535935,14.47812641898732,651.7278295670304,194.52138497422658
ADANIPOWER,68,35.0,5,ADANIPOWER,15597,ADANIPOWER,-828.0,5.552491004930655,0.2042560218278877,17.283847433182373,935.2962141073599,185.47217491696614
ADANIPOWER,69,26.0,5,ADANIPOWER,16027,ADANIPOWER,669.0,7.713112597638132,1.3402371554342993,23.378385833877168,303.9403027343252,188.6973960443145
ADANIPOWER,70,27.0,5,ADANIPOWER,15804,ADANIPOWER,-433.0,16.42349142647173,1.2471612603169047,19.320688977398362,733.4384423186184,131.64484714314423
ADANIPOWER,71,21.0,5,ADANIPOWER,13293,ADANIPOWER,787.0,6.035611512543091,0.5385942983277596,22.230015388009306,461.01003572342125,272.0089145970733
APOLLOHOSP,65,16.0,7,APOLLOHOSP,854,AMBUJACEM,1663.0,23.66150279770401,0.03246903280622537,25.872812175374904,759.2461791854187,293.79432986694843
APOLLOHOSP,66,16.0,7,APOLLOHOSP,1029,AMBUJACEM,220.0,21.06375710197697,0.8249705585647547,18.221291205468514,722.9839885440621,116.83362542425752
APOLLOHOSP,67,14.0,7,APOLLOHOSP,1296,AMBUJACEM,2919.0,23.332751342810294,0.9817736299412312,10.751779065052396,420.4490767638659,331.1643688646947
APOLLOHOSP,68,11.0,7,APOLLOHOSP,1195,AMBUJACEM,-441.0,19.166381652660224,1.3289403262137944,26.727127199856255,824.6833200008285,394.59297664952345
APOLLOHOSP,69,10.0,7,APOLLOHOSP,1665,AMBUJACEM,2786.0,22.456781109132834,0.020157766430853874,24.0434222749818,968.7342122502434,107.22488673743287
APOLLOHOSP,70,10.0,7,APOLLOHOSP,1917,AMBUJACEM,-10815.0,9.502476830368094,1.179682962395158,28.995341491595873,148.70857450971536,192.39519530617625
APOLLOHOSP,71,11.0,7,APOLLOHOSP,2159,AMBUJACEM,2394.0,8.56627382367994,0.06493743010310604,29.09146769469847,236.2138639397603,435.17480810645446
ASIANPAINT,65,17.0,8,ASIANPAINT,96.0,APOLLOHOSP,24.0,17.758451203204274,1.3862169704880243,27.137814269795417,969.5730612375761,296.2820987106112
ASIANPAINT,66,16.0,8,ASIANPAINT,96.0,APOLLOHOSP,-20.0,10.348138395726478,1.8720375807847025,24.969829929500072,653.4242643244947,124.39996735876073
ASIANPAINT,67,16.0,8,ASIANPAINT,96.0,APOLLOHOSP,94.0,7.543731560339362,1.5696209547859101,17.74304157908668,753.9708859233615,139.87784788540407
ASIANPAINT,68,19.0,8,ASIANPAINT,96.0,APOLLOHOSP,44.0,10.290306101737238,1.9544588136983714,26.606966052179768,248.08805984765075,377.59988942407233
ASIANPAINT,69,20.0,8,ASIANPAINT,96.0,APOLLOHOSP,158.0,6.231214847919553,1.5491598693525694,19.73225783708513,229.77693891632737,135.67810810827942
ASIANPAINT,70,19.0,8,ASIANPAINT,96.0,APOLLOHOSP,-113.0,17.868221426578117,0.3942779986394198,18.477200585866473,106.95063464767259,385.96014231970474
ASIANPAINT,71,20.0,8,ASIANPAINT,96.0,APOLLOHOSP,72.0,11.45768080822534,0.822952015388569,18.47953882019698,570.5649452780808,207.4904899790452
ATGL,40,27.0,9,ATGL,442,ASIANPAINT,-681.0,9.667722486701678,0.3688763860994846,26.48085133602333,236.52781708115808,104.3594692781437
ATGL,41,26.0,9,ATGL,552,ASIANPAINT,-1556.0,18.16709939945975,1.560024627504473,19.967546908325872,353.9080969927984,409.32329841456647
ATGL,42,32.0,9,ATGL,577,ASIANPAINT,-918.0,10.063567192971817,1.3599188479730426,25.415198763892658,428.4288198544973,66.61086348145818
ATGL,43,42.0,9,ATGL,741,ASIANPAINT,-518.0,18.146113063956737,0.1315949436835373,12.379441584164558,644.4017724861567,191.23604595274665
ATGL,44,25.0,9,ATGL,964,ASIANPAINT,-541.0,19.18266336206507,0.7334007419846664,28.351029503399264,935.8691925046361,55.842586685686534
ATGL,45,20.0,9,ATGL,1282,ASIANPAINT,-317.0,13.499507510794198,0.3854296734677354,29.81776794037799,859.3999850612871,184.15808460147306
ATGL,46,25.0,9,ATGL,1454,ASIANPAINT,-1282.0,23.406299971143888,1.2012884047901466,12.830533206531625,812.8848105294139,499.35247023377474
ATGL,47,24.0,9,ATGL,1474,ASIANPAINT,-2548.0,17.67377206179876,1.9628475442531903,26.977440252262422,400.5517935064222,135.678545109544
BAJAJ-AUTO,65,18.0,11,BAJAJ-AUTO,4461,BAJAJ-AUTO,4328.0,14.745946136621521,0.9433734936741291,13.107857702837913,292.06748825697593,96.4624898840415
BAJAJ-AUTO,66,21.0,11,BAJAJ-AUTO,5081,BAJAJ-AUTO,2487.0,10.992696608467385,0.3657985964135251,29.139386016226958,517.1098965964144,123.11868945724659
BAJAJ-AUTO,67,19.0,11,BAJAJ-AUTO,4758,BAJAJ-AUTO,3850.0,23.547842637695812,1.246384375280193,26.642022193288973,818.262077081682,309.6398834731531
BAJAJ-AUTO,68,21.0,11,BAJAJ-AUTO,3102,BAJAJ-AUTO,3120.0,15.03688620909159,0.8858023975572074,28.529091533083044,216.39529990764825,305.37354299750996
BAJAJ-AUTO,69,20.0,11,BAJAJ-AUTO,3661,BAJAJ-AUTO,4197.0,6.133010052472705,0.9851442471322363,20.180995775444682,170.85590267385012,318.20464880769754
BAJAJ-AUTO,70,19.0,11,BAJAJ-AUTO,4595,BAJAJ-AUTO,5277.0,15.11286623431012,0.6372505806297122,15.680079897205925,724.3112684485484,70.73324953207305
BAJAJ-AUTO,71,17.0,11,BAJAJ-AUTO,5476,BAJAJ-AUTO,6558.0,11.147249366209259,1.5596571481792536,25.251504406168074,816.6756508548204,480.556313768522
BAJAJ-AUTO,72,17.0,11,BAJAJ-AUTO,4722,BAJAJ-AUTO,-1394.0,21.06149369962538,1.5331363927827666,11.573220492421747,204.1184915588437,195.0144924225639
BAJAJ-AUTO,73,18.0,11,BAJAJ-AUTO,6207,BAJAJ-AUTO,-2072.0,9.239429973022613,0.09632968411489595,13.08373674189852,406.4276194406965,130.67485592362135
BAJAJ-AUTO,74,16.0,11,BAJAJ-AUTO,5129,BAJAJ-AUTO,-380.0,20.991581008639674,1.7028553981691976,12.611243256399536,745.9946064437183,100.5714895281956
BAJAJ-AUTO,75,18.0,11,BAJAJ-AUTO,5651,BAJAJ-AUTO,-68.0,8.01690131146656,0.5182406753569038,25.807248671024787,177.96951709125062,459.1637702532291
BAJAJ-AUTO,76,20.0,11,BAJAJ-AUTO,8470,BAJAJ-AUTO,-3610.0,12.542998885196235,1.0767986286383868,24.27748049427673,354.4296308433763,301.9832268798905
BAJAJ-AUTO,77,19.0,11,BAJAJ-AUTO,9618,BAJAJ-AUTO,-1954.0,24.720840814699198,0.23720026724739363,12.472032336986679,518.1948742001196,481.43380417526464
AXISBANK,65,1353.0,10,AXISBANK,28071,AXISBANK,-7055.0,17.85605381699801,0.4675589851343793,24.374587065711317,387.0677679661884,194.49357717860786
AXISBANK,66,2307.0,10,AXISBANK,34248,AXISBANK,24094.0,11.654929059806772,1.9729862854719622,10.042399673019215,270.3812359873464,434.10373839134945
AXISBANK,67,3097.0,10,AXISBANK,44194,AXISBANK,29795.0,13.729738903723598,0.5858454434090006,19.949111611407318,794.9448100575452,408.8861545935196
AXISBANK,68,3466.0,10,AXISBANK,46859,AXISBANK,-34375.0,22.442829819695653,0.7751796738778094,25.817135402304054,841.6073399105411,419.6154585171635
AXISBANK,69,-5715.0,10,AXISBANK,56576,AXISBANK,48919.0,19.994700967742673,1.1191036603747777,24.034623636724938,116.02502221095794,315.13385517591945
AXISBANK,70,-10277.0,10,AXISBANK,62598,AXISBANK,-3636.0,7.856413771622421,0.11876403333817964,21.991645383573626,126.10376482499528,286.39773920523896
AXISBANK,71,-5447.0,10,AXISBANK,65913,AXISBANK,7785.0,8.889013606080333,1.7410188952950205,26.526706679282007,484.46028454622956,223.255853617765
BAJAJFINSV,65,49.0,12,BAJAJFINSV,44578,BAJAJFINSV,-911.0,15.87196688770982,1.6951038227019986,12.496432327618114,890.0380419383237,479.0522276489917
BAJAJFINSV,66,75.0,12,BAJAJFINSV,45565,BAJAJFINSV,555.0,18.44079066322879,1.9855185255240226,17.085703345858846,356.53119812952644,86.95088026731045
BAJAJFINSV,67,49.0,12,BAJAJFINSV,50827,BAJAJFINSV,1162.0,14.231875682347184,0.33035794906548355,19.830395241004005,855.4391367071953,177.75194354293387
BAJAJFINSV,68,33.0,12,BAJAJFINSV,54290,BAJAJFINSV,2551.0,14.060226256435364,1.8349609177244792,28.58766492397645,686.3482325792153,75.74899074948542
BAJAJFINSV,69,36.0,12,BAJAJFINSV,64181,BAJAJFINSV,101.0,10.975088073626104,1.7996740296898495,21.185095800195057,732.5446682398361,459.42290511002784
BAJAJFINSV,70,33.0,12,BAJAJFINSV,75337,BAJAJFINSV,-2409.0,8.348961163326711,1.6638638923396765,16.46120539801155,310.7747583203964,170.71298874727825
BAJAJFINSV,71,35.0,12,BAJAJFINSV,84934,BAJAJFINSV,3075.0,18.493313563834043,0.17764680758398343,22.316750327238104,372.868932108312,102.54034643359849
BAJAJHLDNG,65,95.0,13,BAJAJHLDNG,430,BAJAJHLDNG,74.0,23.38602116157913,0.6811256509475849,16.870987235141897,774.2829635137356,138.72546445159836
BAJAJHLDNG,66,94.0,13,BAJAJHLDNG,449,BAJAJHLDNG,-72.0,15.432388487972649,1.9085605882592238,21.624735745763473,784.6100444021448,460.80869271379345
BAJAJHLDNG,67,92.0,13,BAJAJHLDNG,500,BAJAJHLDNG,92.0,11.386378848785132,0.9882045754093669,17.516618448383472,489.2526568043401,436.41959895932064
BAJAJHLDNG,68,91.0,13,BAJAJHLDNG,178,BAJAJHLDNG,-73.0,11.848990300430335,0.6914722472460626,12.194629409350297,212.61264437932653,195.54432896589358
BAJAJHLDNG,69,75.0,13,BAJAJHLDNG,71,BAJAJHLDNG,-1.0,24.36630242443649,0.16274582020402484,19.214222783789946,773.3132017102803,497.7886248848884
BAJAJHLDNG,70,85.0,13,BAJAJHLDNG,68,BAJAJHLDNG,4.0,17.619900640767206,0.3300997894700617,19.578850711074896,520.0987625994039,482.22386878315274
BAJAJHLDNG,71,80.0,13,BAJAJHLDNG,56,BAJAJHLDNG,14.0,9.422277302625634,1.4022432509579115,28.406699061512604,517.9977846576608,495.72314985270185
BAJFINANCE,55,1367.0,14,BAJFINANCE,1325,BAJFINANCE,998.0,24.457030896394603,0.7512318749164528,22.401317594384984,909.6210533888161,126.69477382150107
BAJFINANCE,56,1986.0,14,BAJFINANCE,2522,BAJFINANCE,505.0,8.40165349552228,1.9172917547536366,19.34271647046943,788.3798402418644,262.81590142570593
BAJFINANCE,57,2867.0,14,BAJFINANCE,4881,BAJFINANCE,1532.0,19.620318207764804,0.0419919108004414,14.448864879363295,454.73116767405463,226.09751542984841
BAJFINANCE,58,3935.0,14,BAJFINANCE,2393,BAJFINANCE,-1831.0,24.54823936159439,1.59997268102633,16.283424379549537,975.2404178398148,279.2554332211364
BAJFINANCE,59,6310.0,14,BAJFINANCE,2948,BAJFINANCE,2484.0,10.722713790130648,0.45414821013614337,19.78030451880298,910.5970051445387,232.04888019657977
BANKBARODA,65,1006.0,15,BANKBARODA,28919,BANKBARODA,-56692.0,19.303102100068756,0.42262805748421384,11.22118187429674,197.88968481229819,55.61949468847932
BANKBARODA,66,809.0,15,BANKBARODA,30217,BANKBARODA,462.0,12.213667133469684,0.5551874462776802,13.422185474536121,209.93668014657067,135.76275378381405
BANKBARODA,67,902.0,15,BANKBARODA,54850,BANKBARODA,33120.0,18.0028871429224,0.026628449499382922,18.932265369528842,832.386983778511,487.6222537558086
BANKBARODA,68,-11700.0,15,BANKBARODA,53104,BANKBARODA,-2344.0,24.946155532987532,0.6600700615429507,11.708672765733716,514.796039946905,82.98384689949944
BANKBARODA,69,-4372.0,15,BANKBARODA,62922,BANKBARODA,1567.0,10.5744239661109,1.5785390157320405,25.561592869203423,599.499010090873,346.82651550940506
BANKBARODA,70,-9197.0,15,BANKBARODA,78224,BANKBARODA,-27855.0,21.60278563623478,0.6764249525697705,22.394249116243635,584.2204216494033,132.68485838753307
BANKBARODA,71,-5414.0,15,BANKBARODA,81302,BANKBARODA,-2084.0,20.622110731337035,1.5223168910604072,28.775534274570756,246.44836586127985,147.01001292977173
BHARTIARTL,65,30.0,17,BHARTIARTL,40912,BHARTIARTL,3835.0,17.250298435051192,1.9502465410047929,17.560137592004363,584.6543626892856,129.62981937549793
BHARTIARTL,66,31.0,17,BHARTIARTL,45840,BHARTIARTL,1248.0,23.938335055831132,0.7756325875066734,29.658826367899035,323.54660800146564,430.15350126052834
BHARTIARTL,67,35.0,17,BHARTIARTL,58747,BHARTIARTL,7675.0,17.176845747714133,0.7247832792976219,26.37255069552555,894.3973757540209,429.5143412967251
BHARTIARTL,68,35.0,17,BHARTIARTL,57056,BHARTIARTL,-3991.0,10.093003264212028,0.5847246473802046,22.591277351047736,383.1558740465918,75.695110967568
BHARTIARTL,69,37.0,17,BHARTIARTL,57578,BHARTIARTL,-1664.0,15.995408952723603,1.4447603828480955,27.04674967652593,791.0150638649014,125.06106266717963
BHARTIARTL,70,36.0,17,BHARTIARTL,68653,BHARTIARTL,1623.0,19.354402183800808,0.21907403846723583,19.050801629650163,949.9916933599292,375.3217781089755
BHARTIARTL,71,32.0,17,BHARTIARTL,77176,BHARTIARTL,31.0,22.1731428207213,0.4635550140513285,25.209806881040283,408.04782245530305,117.99166935706936
BEL,65,11.0,16,BEL,15,BEL,-1895.0,11.726989479033545,1.845676228479603,26.02057830402515,675.0362362407484,113.68256607185461
BEL,66,14.0,16,BEL,18,BEL,-45.0,16.319812793334254,1.6119264121467713,28.7637041635799,266.26699927139504,470.1570059907254
BEL,67,17.0,16,BEL,16,BEL,861.0,13.765146263317021,1.1043828289824305,11.50114139900202,388.4186130905803,151.30160151094503
BEL,68,19.0,16,BEL,15,BEL,1422.0,13.838937147037086,1.2583412440267407,22.82433408346957,662.3437996459132,421.9964116289198
BEL,69,21.0,16,BEL,32,BEL,-1742.0,8.005970100066012,0.3370514070921746,18.500295581800756,897.1227964898676,82.02549666528492
BEL,70,20.0,16,BEL,42,BEL,2645.0,22.46933725129948,1.087896780625583,11.44305126646393,779.3613122875048,312.88888788009257
BEL,71,24.0,16,BEL,30,BEL,-2739.0,20.27459626409011,0.36253033908548504,11.715937951976866,661.5179432724962,321.9108763199963
BHEL,65,19.0,18,BHEL,38572,BHEL,1283.0,17.438782464269238,1.0670008185450977,18.922254364339164,802.6390293556613,282.9330102897176
BHEL,66,12.0,18,BHEL,37468,BHEL,-1973.0,5.347375041184879,1.4473882030801901,12.623623632012674,858.6510025595578,496.4672143747035
BHEL,67,7.0,18,BHEL,34887,BHEL,608.0,6.011517769702022,1.4179695762284183,27.375785779950746,597.7260734920638,266.73766684109256
BHEL,68,-5.0,18,BHEL,33051,BHEL,123.0,18.83033509643179,1.3835425135804336,20.68055498679705,177.42359980956863,79.08399986595336
BHEL,69,4.0,18,BHEL,29153,BHEL,-787.0,16.662065630272295,1.916279393913898,15.078823888358597,923.1314554412245,470.45547868141495
BHEL,70,6.0,18,BHEL,31495,BHEL,829.0,19.9481066866118,1.1100860488578232,11.356621448919338,622.9008812848693,218.7741419023047
BHEL,71,7.0,18,BHEL,30987,BHEL,274.0,11.900153574872183,1.1565604633289663,12.341762490721317,969.9392895477212,485.9633404691589
BOSCHLTD,65,16.0,19,BOSCHLTD,2098,BOSCHLTD,234.0,10.700415463454583,0.311186243768242,19.3597169410792,272.00544924366227,386.0891617858735
BOSCHLTD,66,15.0,19,BOSCHLTD,2414,BOSCHLTD,-172.0,6.252764120733723,1.2566728002764704,23.05656871484879,530.7975232604988,398.36955494572845
BOSCHLTD,67,16.0,19,BOSCHLTD,2973,BOSCHLTD,64.0,18.629167971004136,0.7252944778570136,19.356195386166572,484.564657511138,369.1367648468351
BOSCHLTD,68,19.0,19,BOSCHLTD,2848,BOSCHLTD,34.0,15.294233624545035,0.22168356752468354,26.675278769232452,316.0417663826657,264.8908175795614
BOSCHLTD,69,19.0,19,BOSCHLTD,3000,BOSCHLTD,-146.0,10.656671788624521,1.4966612252953584,15.366056189029454,678.7300888663933,406.89774454526935
BOSCHLTD,70,18.0,19,BOSCHLTD,3946,BOSCHLTD,236.0,10.6117450189921,0.26463711625481046,11.077379263083579,226.00775052156297,434.8910665801801
BOSCHLTD,71,18.0,19,BOSCHLTD,3583,BOSCHLTD,84.0,22.799711842313215,1.4700668200610107,13.026784212708408,812.0772062185082,256.895961281859
BPCL,65,3.0,20,BPCL,29696,BPCL,-215.0,5.925330373842577,0.7819673998526637,24.499259694864794,329.69723029387086,418.15308576432966
BPCL,66,4.0,20,BPCL,35868,BPCL,-87.0,16.07786911971592,0.09267519940933666,27.97786730808778,382.778483386208,227.26093550189734
BPCL,67,4.0,20,BPCL,38268,BPCL,329.0,22.494808303148417,1.8161152705832133,17.963304057248486,984.9618841696442,447.4155055076534
BPCL,68,7.0,20,BPCL,35241,BPCL,7000.0,21.418586930347757,1.241530715584862,17.05776423994626,516.5840293593985,216.60550314339685
BPCL,69,7.0,20,BPCL,42541,BPCL,-5474.0,22.62997498411248,1.3472966375918292,20.893699191003005,511.66717963229723,144.90115518850968
BPCL,70,6.0,20,BPCL,46078,BPCL,257.0,17.239681800198987,1.5834713865773378,29.116961558352482,626.5595552552332,449.8034522870715
BPCL,71,5.0,20,BPCL,53322,BPCL,-12.0,8.429340702558969,0.7914666131052517,15.186003911602208,160.21583614594766,159.60552188522576
BRITANNIA,65,7.0,21,BRITANNIA,946,BRITANNIA,60.0,11.853450609064634,1.5165328292638915,28.99982895806504,786.5763746688704,373.0984176682778
BRITANNIA,66,9.0,21,BRITANNIA,1159,BRITANNIA,-49.0,5.414452436300792,0.9710725704153989,26.154163042271488,464.5523367918207,65.35866221957782
BRITANNIA,67,11.0,21,BRITANNIA,1403,BRITANNIA,17.0,15.008872070163942,0.31389964826688255,17.602803249236437,942.9505571922587,57.27718629503931
BRITANNIA,68,15.0,21,BRITANNIA,1271,BRITANNIA,66.0,17.01808700604856,0.428535636045138,29.473815049312993,667.4676129467342,471.4732257473128
BRITANNIA,69,14.0,21,BRITANNIA,1288,BRITANNIA,-32.0,21.918368064103035,0.6323908282585606,19.660491974506208,450.5706323150337,222.57417912815154
BRITANNIA,70,15.0,21,BRITANNIA,1581,BRITANNIA,-9.0,14.324594220079792,1.771571508118366,11.268694028671627,572.8946395877617,381.3677720975411
BRITANNIA,71,16.0,21,BRITANNIA,1829,BRITANNIA,219.0,12.770204882439826,1.4382891164906624,16.23694591533706,120.52635441818867,202.27966207176712
CANBK,65,655.0,22,CANBK,30781,CANBK,-8743.0,8.337398935195248,0.17523165048220313,24.7157443252373,939.343231112912,378.84792883874
CANBK,66,-672.0,22,CANBK,33928,CANBK,16307.0,5.374264287710573,1.6137104940598663,26.378894385251463,356.1367083820923,340.5812796599306
CANBK,67,-621.0,22,CANBK,32064,CANBK,2059.0,12.03582627731426,1.1484488879941912,20.87472725566632,767.1608646443431,120.52526429718128
CANBK,68,-8008.0,22,CANBK,56132,CANBK,58291.0,6.71419360572473,1.3973497169354123,19.497452491469055,455.002509093281,373.25351748677383
CANBK,69,-5775.0,22,CANBK,56202,CANBK,3525.0,16.461596850328927,0.7042464744066868,12.177850718068612,808.3271495879495,75.11386822457284
CANBK,70,-13350.0,22,CANBK,65816,CANBK,-40689.0,12.033525400836067,0.1986700848099172,11.41609588676484,138.85814687623824,465.5706483759439
CANBK,71,-11590.0,22,CANBK,73104,CANBK,9462.0,12.408628407486468,1.0577187442550025,13.515496113041008,337.66194968355137,326.63728028121966
CHOLAFIN,65,472.0,23,CHOLAFIN,1007,CHOLAFIN,22.0,9.703273548759256,0.05011616766108551,10.718150462204935,764.452574111914,320.18001279126605
CHOLAFIN,66,578.0,23,CHOLAFIN,1182,CHOLAFIN,2862.0,24.955889190944912,0.238388218236935,15.615324431665014,965.3192109969563,370.01771461382043
CHOLAFIN,67,696.0,23,CHOLAFIN,1243,CHOLAFIN,323.0,18.211463447190198,1.5957608203741516,28.029303897051296,988.0232263082911,293.6240209445291
CHOLAFIN,68,899.0,23,CHOLAFIN,1673,CHOLAFIN,-1888.0,22.687277481061127,1.4466289723584118,21.779091423244605,687.1039838056007,111.42639415257031
CHOLAFIN,69,1143.0,23,CHOLAFIN,2230,CHOLAFIN,1218.0,19.60824996101752,0.8858924817095057,28.51059091703345,595.463304925215,374.61809926186993
CHOLAFIN,70,1451.0,23,CHOLAFIN,711,CHOLAFIN,-1787.0,5.371825168884148,1.0672090842389497,20.33887792129295,165.55569791158294,106.99746106705399
CHOLAFIN,71,1888.0,23,CHOLAFIN,715,CHOLAFIN,-66.0,7.656119687223615,0.7059385731899841,25.639987987076218,513.5539949139577,172.1861407943458
CIPLA,65,2214.0,24,CIPLA,1672,CIPLA,243.0,9.815723020358584,0.9988391897023263,19.91806616203574,747.7342417221564,128.84054687612274
CIPLA,66,2147.0,24,CIPLA,2102,CIPLA,-345.0,7.093236813424106,1.0928151837718119,22.454836296579465,360.25355049691376,374.18221726291404
CIPLA,67,2163.0,24,CIPLA,3166,CIPLA,234.0,12.315259887612882,1.893169052335164,11.63235835164549,307.66984586808735,432.11270774803086
CIPLA,68,2480.0,24,CIPLA,4331,CIPLA,141.0,22.279963767113298,1.470138748118008,20.44716977235678,502.24643274186974,456.20153376980454
CIPLA,69,2496.0,24,CIPLA,4213,CIPLA,-132.0,20.225720148519407,0.2013259494690094,28.060515412792984,787.5034625189192,113.95909510335748
CIPLA,70,2826.0,24,CIPLA,4346,CIPLA,-97.0,6.646061656847322,1.8501535498138468,24.021341170555274,488.26763374986143,376.01141481531204
CIPLA,71,3097.0,24,CIPLA,4433,CIPLA,-49.0,15.51269385259329,0.9907459998659882,18.734781287928776,153.4038941336933,361.56155764243465
COALINDIA,65,18087.0,25,COALINDIA,61206,COALINDIA,-196.0,17.294722556436817,1.0799947888684294,17.459973837170715,142.29372934807202,172.27311169400167
COALINDIA,66,17766.0,25,COALINDIA,62356,COALINDIA,-2426.0,22.88197127082302,1.8374569513027472,19.6948291698406,272.5894893153287,188.54627417383037
COALINDIA,67,17343.0,25,COALINDIA,70505,COALINDIA,1219.0,16.19579264103738,0.8274924519647502,14.751789493380645,350.580151437189,437.99102136684274
COALINDIA,68,18714.0,25,COALINDIA,77528,COALINDIA,2321.0,13.041586269068883,0.9596897596633043,27.367696368614315,747.5213336057436,340.4363766645054
COALINDIA,69,12448.0,25,COALINDIA,91054,COALINDIA,1951.0,19.977995732093902,1.3115029558037932,12.989889673455455,301.14427023891426,139.20252690896356
COALINDIA,70,9288.0,25,COALINDIA,103754,COALINDIA,-1436.0,16.862405253279807,0.749734872921769,14.493563135320871,394.48979696120995,302.48369545046694
COALINDIA,71,25007.0,25,COALINDIA,104356,COALINDIA,-282.0,15.893419953292208,1.9866681831866495,14.792141629182549,213.05980186002625,82.9492572814807
DABUR,65,16.0,26,DABUR,1462,DABUR,-27.0,7.0981000428052266,1.8956324142997314,11.522121591176957,672.7369561918937,288.78364240496035
DABUR,66,16.0,26,DABUR,1948,DABUR,-51.0,8.139363435113456,0.11055029056936538,20.440796973359674,364.91892897812204,123.31487981158406
DABUR,67,17.0,26,DABUR,2019,DABUR,54.0,11.65979709467335,1.0911516809313118,27.213594361480794,263.62502384818004,379.99732867155836
DABUR,68,20.0,26,DABUR,1956,DABUR,97.0,7.1931966821574616,0.24672675735305205,13.189959923700501,923.1436871720712,409.20209037325696
DABUR,69,20.0,26,DABUR,1910,DABUR,38.0,22.044616253309513,0.3676565800262872,29.55214165624943,139.567207980946,187.3938399889147
DABUR,70,21.0,26,DABUR,2058,DABUR,-130.0,15.329958288422292,0.06945647320028225,28.59149627510537,128.90693155790302,213.95299525223712
DABUR,71,20.0,26,DABUR,2106,DABUR,-119.0,16.767515747271986,1.3897480693042215,18.29119646305032,970.3110177577172,351.1098566950218
DIVISLAB,65,38.0,27,DIVISLAB,605,DIVISLAB,-17.0,20.124392376628315,1.1929268267288244,18.04939605257546,545.6971164371232,246.58199220510065
DIVISLAB,66,40.0,27,DIVISLAB,729,DIVISLAB,23.0,11.139395961432925,1.7979669083597607,17.827161065265447,865.2627076886909,82.23592070682128
DIVISLAB,67,38.0,27,DIVISLAB,883,DIVISLAB,41.0,22.379211733921775,1.8280050499231335,22.126982806958374,994.9414458173803,319.4064018846049
DIVISLAB,68,38.0,27,DIVISLAB,562,DIVISLAB,1987.0,22.986603132852554,1.756097765464174,22.020263405158357,362.37971522594836,313.66416241767337
DIVISLAB,69,36.0,27,DIVISLAB,762,DIVISLAB,-816.0,24.109346779860523,0.5157127718104155,27.23161022226503,692.1446135939502,159.96320815966396
DIVISLAB,70,33.0,27,DIVISLAB,797,DIVISLAB,-1045.0,7.385903676325829,1.8963189490590844,29.744783365956255,865.6282961043803,126.34504937471087
DIVISLAB,71,38.0,27,DIVISLAB,973,DIVISLAB,193.0,10.057007076393834,0.49426463679173693,24.82748398283886,179.26665007022066,96.57344604251722
DLF,65,34.0,28,DLF,12318,DLF,-2064.0,22.544708477003677,1.9177105225006035,15.785864040046519,145.4854277244315,469.956113240997
DLF,66,30.0,28,DLF,12997,DLF,2921.0,24.69695911473266,1.323653888697052,20.440259193720266,143.08113684300628,195.78427056340956
DLF,67,39.0,28,DLF,14398,DLF,-2658.0,6.216905918103855,0.1622179970489941,12.369069411856996,479.1387631629936,191.52607793886463
DLF,68,40.0,28,DLF,12396,DLF,-573.0,23.282012478383336,1.4657946353322282,27.48740977880765,860.614569306987,86.28154750411201
DLF,69,42.0,28,DLF,10179,DLF,-729.0,13.38673258861311,1.64613123903506,14.610752425238019,973.269894586614,256.3793976005956
DLF,70,35.0,28,DLF,7783,DLF,-98.0,22.14791948969436,0.995501204702961,24.92377150843339,280.13184579838764,242.45258417724062
DLF,71,26.0,28,DLF,15684,DLF,1186.0,7.231567537524501,1.0987612060849208,18.615520775198355,648.936899838869,359.6825811691246
DMART,65,6.0,29,DMART,176,DMART,34.0,21.819510647841827,0.5593123869314223,24.16377196912951,525.0142104607726,379.9335336964357
DMART,66,7.0,29,DMART,211,DMART,57.0,6.932232077978718,1.041963366529008,12.287519387530718,811.3709835262247,62.710059495105476
DMART,67,7.0,29,DMART,251,DMART,-19.0,14.218570932287207,1.372020615740343,18.139348196906905,204.05790562735496,306.3082745945977
DMART,68,8.0,29,DMART,389,DMART,86.0,15.152482411799182,0.39901621870794846,10.244391302339723,818.4216400327534,63.9643822241282
DMART,69,8.0,29,DMART,480,DMART,-96.0,23.000256890555463,0.4281095805653534,12.019803203497597,135.76685141009773,371.1527918685248
DMART,70,9.0,29,DMART,540,DMART,112.0,17.63245934734858,1.327779357090058,25.880130599342394,405.05644718081896,380.74012047718554
DMART,71,8.0,29,DMART,718,DMART,130.0,12.866367247216822,1.5497095610471228,24.566226022562635,276.40125645611147,134.9843155638199
DRREDDY,65,23.0,30,DRREDDY,3329,DRREDDY,-124.0,22.30837308287097,1.4968127516030298,20.8291309215645,316.08059839340206,166.67447104187806
DRREDDY,66,24.0,30,DRREDDY,3563,DRREDDY,-31.0,23.041330783109693,0.8610341977051352,17.15974329734982,997.712866226841,298.12369376586867
DRREDDY,67,23.0,30,DRREDDY,4290,DRREDDY,-27.0,19.534661156220665,1.0262518033239216,24.734113803257987,814.7406444016079,131.19578855642106
DRREDDY,68,23.0,30,DRREDDY,4408,DRREDDY,1286.0,21.331313813140895,0.10178235593679985,21.619760014804463,913.227445020166,249.57630624838265
DRREDDY,69,17.0,30,DRREDDY,4474,DRREDDY,3.0,10.82619493761368,1.5200033484411002,28.711782656581498,385.7017098671152,387.3521051060773
DRREDDY,70,16.0,30,DRREDDY,4706,DRREDDY,-907.0,18.163781269175445,0.580744805756741,26.82029062594115,323.17150829857496,381.90133678902555
DRREDDY,71,21.0,30,DRREDDY,4557,DRREDDY,133.0,9.282441452078142,0.9065677597628652,22.672761638629986,145.3401580598386,416.04245473646546
EICHERMOT,65,9.0,31,EICHERMOT,2694,EICHERMOT,75.0,7.253676762506318,0.7018405291516079,10.432342676456477,632.9592160829579,271.8072624758637
EICHERMOT,66,11.0,31,EICHERMOT,3197,EICHERMOT,623.0,8.347558897433732,1.9018763383472914,15.269172403127111,346.47833232854464,134.09332526977323
EICHERMOT,67,13.0,31,EICHERMOT,3829,EICHERMOT,-673.0,10.424680002315448,0.3235232628862994,23.955474652405425,555.1086354822253,281.38818364773215
EICHERMOT,68,27.0,31,EICHERMOT,1263,EICHERMOT,51.0,23.861459154380963,1.885498647395935,10.621791748065416,943.040528017533,61.74931671860527
EICHERMOT,69,31.0,31,EICHERMOT,1552,EICHERMOT,-50.0,10.684758046758345,1.7202695427751686,14.709715958336192,227.66704870220963,258.9291888839922
EICHERMOT,70,31.0,31,EICHERMOT,2341,EICHERMOT,8.0,15.018161727729002,0.07327263799775663,24.564589758473197,927.3297434388663,59.132705652286575
EICHERMOT,71,30.0,31,EICHERMOT,2281,EICHERMOT,45.0,13.494015878393233,1.341797847544044,18.563418003652536,498.32412569616224,111.10440747958155
GAIL,65,15.0,32,GAIL,14542,GAIL,858.0,14.710534010083485,0.7900549259558738,25.366094924798457,936.3226806575831,215.30059025523937
GAIL,66,13.0,32,GAIL,15872,GAIL,-1081.0,10.703051919438737,1.2890707563447699,22.584308022484816,285.69721700250557,144.24595386108604
GAIL,67,9.0,32,GAIL,17355,GAIL,328.0,24.099367633336644,1.453190407294165,17.923581365591623,486.55391199490504,320.89028227002325
GAIL,68,9.0,32,GAIL,13608,GAIL,882.0,19.78945366795362,1.3748574527020287,21.06481080000092,953.7220207513803,402.4303881222503
GAIL,69,12.0,32,GAIL,12433,GAIL,13.0,20.40496857699641,0.9949348479499889,11.024618502814969,405.5942983825105,426.42689079616844
GAIL,70,14.0,32,GAIL,15798,GAIL,-1276.0,5.78218143546618,0.12321537491592593,15.98012773158464,775.4256538218109,305.42811288943375
GAIL,71,13.0,32,GAIL,20199,GAIL,902.0,9.042156536895785,0.4562400296466702,25.747018243450018,382.4971120643254,377.8276803089571
GODREJCP,65,16.0,33,GODREJCP,1926,GODREJCP,3.0,6.612753111826192,1.479914279833998,11.209575907597433,350.26724285776424,364.27375120040983
GODREJCP,66,15.0,33,GODREJCP,2171,GODREJCP,-36.0,12.541685797041017,0.4114684531871933,17.244575763631467,866.3917269898606,304.1782313170566
GODREJCP,67,17.0,33,GODREJCP,2097,GODREJCP,-259.0,8.799926106738065,0.8766867612129374,18.294097342769298,173.98802261748048,173.37023548918017
GODREJCP,68,20.0,33,GODREJCP,2521,GODREJCP,-79.0,6.56261236813815,0.5680404166108253,22.70867036060576,109.73721440963259,403.8517817678682
GODREJCP,69,21.0,33,GODREJCP,3637,GODREJCP,227.0,14.993878405460555,0.9389970249617348,23.363133874727477,977.0944863684963,402.48174588951974
GODREJCP,70,21.0,33,GODREJCP,4098,GODREJCP,-398.0,21.247286963049866,0.6488001759103561,20.054347353216308,765.2005462410813,455.5512181674984
GODREJCP,71,21.0,33,GODREJCP,3445,GODREJCP,41.0,17.621378496644265,1.486213012456662,24.526862159201237,953.8020625416015,175.4167205361636
GRASIM,65,21.0,34,GRASIM,14916,GRASIM,856.0,8.09872144410438,1.389543228659756,15.804715987099087,583.7102731722903,191.10128200450737
GRASIM,66,17.0,34,GRASIM,16441,GRASIM,287.0,10.341973622074125,1.5046242335640132,18.18237799982505,896.7692993853486,316.93530990974733
GRASIM,67,16.0,34,GRASIM,18963,GRASIM,1838.0,18.704062842210845,1.4824057351780962,27.00721804568573,289.29028740236583,474.0135717297022
GRASIM,68,17.0,34,GRASIM,19642,GRASIM,-75.0,17.55445962051585,0.23935956204312903,11.350638772599869,735.557258372432,472.86233167310263
GRASIM,69,20.0,34,GRASIM,22147,GRASIM,-748.0,24.720431135989024,0.772276205095231,12.9068481248607,700.9254275934728,236.42722721742777
GRASIM,70,21.0,34,GRASIM,83467,GRASIM,72.0,20.824820029130283,0.7824184957238141,12.278335009377667,221.35491065909048,217.22139986608457
GRASIM,71,22.0,34,GRASIM,98620,GRASIM,75.0,21.567043260221578,0.40238650136678733,11.687143107428636,108.18170108454036,378.0873007402693
HAVELLS,65,9.0,36,HAVELLS,2034,HAVELLS,-255.0,10.103720325377264,1.4172634798068842,26.857822002085648,738.6481237989918,153.94640982796273
HAVELLS,66,10.0,36,HAVELLS,2613,HAVELLS,368.0,7.564600874092973,0.5856864912016473,22.51723467856364,978.8234231338345,484.94464310799987
HAVELLS,67,9.0,36,HAVELLS,2546,HAVELLS,-437.0,10.568063150925495,1.4480257707406907,22.889348355204596,843.1006845377226,279.1400664005745
HAVELLS,68,10.0,36,HAVELLS,1225,HAVELLS,87.0,24.24630895764458,0.42570736135435894,13.367690205396318,410.6722362383307,425.30183961042627
HAVELLS,69,13.0,36,HAVELLS,1683,HAVELLS,421.0,11.579825816590201,0.7613134463786937,11.641953550971241,101.11476617522966,136.4814409251995
HAVELLS,70,13.0,36,HAVELLS,2763,HAVELLS,-311.0,13.37053180353279,1.4737874354863116,14.117242677283613,894.7508925407594,325.6881598206066
HAVELLS,71,12.0,36,HAVELLS,2856,HAVELLS,-199.0,22.485814980813768,0.872070953345151,22.147539801388422,873.8224421000599,339.68645453882027
HCLTECH,65,22.0,37,HCLTECH,8191,HCLTECH,378.0,22.589628741469653,1.7944110247927811,23.37494720195535,332.10669962860356,376.4321869770248
HCLTECH,66,25.0,37,HCLTECH,9412,HCLTECH,4244.0,14.645727400688529,0.1912391892280063,18.31325393718238,103.29393207142193,268.2752566212262
HCLTECH,67,23.0,37,HCLTECH,10372,HCLTECH,-2141.0,10.498307997853784,1.5974193566675507,13.188029798891916,157.86231340222704,488.3701980873018
HCLTECH,68,21.0,37,HCLTECH,10859,HCLTECH,2761.0,20.300819749417165,1.6215980791229174,24.49239674072315,867.0428730901583,98.88245527450835
HCLTECH,69,22.0,37,HCLTECH,12231,HCLTECH,3989.0,22.006565916068602,0.4044885084791605,26.106514864885696,334.6362877511254,54.37248974196879
HCLTECH,70,22.0,37,HCLTECH,11046,HCLTECH,-1445.0,16.983177086289622,1.5713440552087605,27.479223846258627,693.0777805319713,426.00947981504135
HCLTECH,71,23.0,37,HCLTECH,12788,HCLTECH,376.0,12.814739795960605,1.8722719601209998,29.381049006058625,689.702471036922,347.54128379807435
HDFCBANK,65,3534.0,38,HDFCBANK,48770,HDFCBANK,73750.0,17.064591443651473,0.1365982560104,24.896893409335703,125.55054727713103,174.74381631368885
HDFCBANK,66,5602.0,38,HDFCBANK,58898,HDFCBANK,-41244.0,11.30773275843776,0.1335197476923009,18.7943608823331,991.782609978043,287.55666610033643
HDFCBANK,67,7214.0,38,HDFCBANK,71430,HDFCBANK,6122.0,13.761200209525475,0.6170162263868211,26.246979432048523,497.93838562295923,478.0931682495808
HDFCBANK,68,9037.0,38,HDFCBANK,78279,HDFCBANK,33332.0,15.519665933329263,1.8662357661954645,21.39491145544826,129.00260262194018,272.46594005954694
HDFCBANK,69,11374.0,38,HDFCBANK,90639,HDFCBANK,34113.0,15.766062761021333,1.8118964731716312,11.664772693243608,187.48585361317805,381.5984940562944
HDFCBANK,70,13374.0,38,HDFCBANK,101783,HDFCBANK,41762.0,17.312285783203272,0.4034341363166749,13.534080351346079,827.458786330035,384.8627669907964
HDFCBANK,71,16592.0,38,HDFCBANK,466296,HDFCBANK,31687.0,17.944660493695785,0.31759099814628833,24.428480022640287,711.4735291231091,183.84748200886423
HDFCLIFE,65,525.0,39,HDFCLIFE,40581,HDFCLIFE,2122.0,18.698956036618497,0.9012013532986498,20.650954208646795,105.5142293620613,462.0184127501064
HDFCLIFE,66,605.0,39,HDFCLIFE,50347,HDFCLIFE,-651.0,18.548621557148618,1.8847434177915612,17.617069851238472,325.3250295457178,334.9335176145502
HDFCLIFE,67,874.0,39,HDFCLIFE,66767,HDFCLIFE,-364.0,20.90885292790589,0.12404295196789339,12.001875222043514,484.5304749761228,128.6988967351707
HDFCLIFE,68,953.0,39,HDFCLIFE,73441,HDFCLIFE,1429.0,17.976803790318048,0.36905056125860547,21.58675163000461,626.1082009468431,424.68778521798805
HDFCLIFE,69,972.0,39,HDFCLIFE,91270,HDFCLIFE,4904.0,15.935169779660312,1.698730835197752,22.18419490034652,316.76407067489345,334.6336377016782
HDFCLIFE,70,1074.0,39,HDFCLIFE,105778,HDFCLIFE,-1203.0,21.499471154454113,1.8168300082034754,17.75059031381474,717.1693125714414,165.14162956126438
HDFCLIFE,71,1215.0,39,HDFCLIFE,124378,HDFCLIFE,-3296.0,17.873502515380594,1.2334099750857754,12.709433667638713,498.03050497155573,145.22236473165856
HEROMOTOCO,60,3553.0,40,HEROMOTOCO,4215,HEROMOTOCO,78.0,21.806707487973636,1.3870905389076924,13.20105738444463,427.0096434828937,93.06873860929365
HEROMOTOCO,61,3520.0,40,HEROMOTOCO,4014,HEROMOTOCO,97.0,10.135526397843076,0.5817569238300955,19.560312591866897,418.6718032742059,229.65162929199673
HEROMOTOCO,62,4424.0,40,HEROMOTOCO,3829,HEROMOTOCO,-31.0,14.850905051579936,0.04976907287644239,26.12191712379665,300.5838786922757,103.47155779161952
HEROMOTOCO,63,4585.0,40,HEROMOTOCO,4736,HEROMOTOCO,-94.0,21.843341218752595,1.5827814425675317,28.95151863567579,160.4340837426952,439.1234499265911
HEROMOTOCO,64,5334.0,40,HEROMOTOCO,5197,HEROMOTOCO,45.0,14.534289911524352,1.3406586665024722,14.613262667302422,490.9235191524713,268.4302121875987
HEROMOTOCO,65,5025.0,40,HEROMOTOCO,5072,HEROMOTOCO,379.0,23.953830393594092,0.9973002385664151,26.277644076888993,593.8043386334124,445.0711960522968
HINDALCO,65,7699.0,41,HINDALCO,28309,HINDALCO,-181.0,19.15564184141771,0.2472340919126952,18.607594707068383,162.99476610957709,151.69905461635273
HINDALCO,66,8024.0,41,HINDALCO,32621,HINDALCO,1055.0,5.17663669871663,1.0321074021161654,19.936633690189762,172.98089202947557,229.32814522242495
HINDALCO,67,8844.0,41,HINDALCO,34950,HINDALCO,12174.0,8.484996050594031,0.16120007526945423,22.65671617286129,609.2163707028507,137.04844497182881
HINDALCO,68,7778.0,41,HINDALCO,32986,HINDALCO,-12930.0,8.334046111769842,0.8026382904125868,15.745090970164888,538.4343939513537,67.47896374623306
HINDALCO,69,12317.0,41,HINDALCO,36268,HINDALCO,3300.0,11.936160092169224,1.474968531937801,15.892131757195394,194.58564150486237,82.86742539204738
HINDALCO,70,13695.0,41,HINDALCO,40088,HINDALCO,1199.0,12.849097459818367,1.0501458026056083,22.47071211640836,420.7936080128556,99.7370866143851
HINDALCO,71,15511.0,41,HINDALCO,42056,HINDALCO,-1028.0,15.423426060961955,0.22819800899618348,15.502556012300797,712.2300683596998,176.52702253643838
HINDUNILVR,65,4220.0,42,HINDUNILVR,9202,HINDUNILVR,21.0,16.653382328908467,1.802686251943377,10.14193603098947,432.1555714885665,220.65226283236544
HINDUNILVR,66,4759.0,42,HINDUNILVR,10171,HINDUNILVR,-28.0,9.590263611442843,1.2615640851990986,17.202936936088257,676.4602856621832,326.10094178442125
HINDUNILVR,67,5412.0,42,HINDUNILVR,10359,HINDUNILVR,2595.0,18.136899666489676,0.515355051974983,27.758380780315022,174.6430788142884,383.88531518426316
HINDUNILVR,68,5910.0,42,HINDUNILVR,8043,HINDUNILVR,-1374.0,7.83284674286715,1.9960093592034114,26.638935571353517,207.66437146015502,191.62031435428818
HINDUNILVR,69,6328.0,42,HINDUNILVR,8685,HINDUNILVR,-695.0,18.307458761012327,0.5279914410626174,11.463356292417316,509.29267547900935,236.51687541281072
HINDUNILVR,70,7499.0,42,HINDUNILVR,10581,HINDUNILVR,-446.0,9.029636698299138,0.6737762545665729,29.946810613093067,427.34620409297196,84.21806347011811
HINDUNILVR,71,8880.0,42,HINDUNILVR,10663,HINDUNILVR,111.0,10.936147126299296,1.36548523358509,29.42838240115136,866.1407784614577,406.2854167583408
ICICIBANK,65,-15085.0,43,ICICIBANK,198453,ICICIBANK,8508.0,18.00833558435759,0.05083215027521182,18.32333871268694,427.39862759138015,53.106238450778484
ICICIBANK,66,-13084.0,43,ICICIBANK,232899,ICICIBANK,-1608.0,13.578217573736133,0.02028450134806925,17.22430817883366,675.3231648156893,423.7311660120722
ICICIBANK,67,-16120.0,43,ICICIBANK,239696,ICICIBANK,40462.0,20.492622597598217,0.08584773402667834,29.609342957995676,125.21304996549884,358.0466625079081
ICICIBANK,68,-26955.0,43,ICICIBANK,312385,ICICIBANK,19718.0,20.86950777738464,1.2612690936978252,29.412173180479325,991.8727026650253,112.42663556341668
ICICIBANK,69,-37737.0,43,ICICIBANK,317616,ICICIBANK,36114.0,18.70835490628243,1.1440782102522327,22.7372723759613,120.30175844861512,186.66937224223574
ICICIBANK,70,-44906.0,43,ICICIBANK,344099,ICICIBANK,-46669.0,6.631338630026011,1.586532965524762,23.571630908067462,408.3498680494274,306.75169975784735
ICICIBANK,71,-50971.0,43,ICICIBANK,456911,ICICIBANK,26312.0,12.237564315282983,0.6082611661911148,12.246947005094624,159.97175895572147,141.73405797369395
ICICIGI,65,-178.0,44,ICICIGI,10767,ICICIGI,398.0,10.968558044425553,0.13931745830904596,24.88015615505595,698.9394080412325,242.12603879602995
ICICIGI,66,-225.0,44,ICICIGI,12350,ICICIGI,-190.0,21.577622459517055,1.7175946771891824,28.08926742128409,791.534108983357,456.8466253611966
ICICIGI,67,-221.0,44,ICICIGI,11760,ICICIGI,-369.0,13.123509013566117,1.0479112614976542,10.102292583014956,323.5826946031313,453.8036292135782
ICICIGI,68,764.0,44,ICICIGI,12440,ICICIGI,195.0,22.355542303655756,0.07667415017763002,25.752171814545235,395.3303712101745,425.8636856047555
ICICIGI,69,919.0,44,ICICIGI,18965,ICICIGI,65.0,20.160885754467657,0.3317355844996728,24.747336695764538,942.6802637977178,171.52867012828887
ICICIGI,70,-262.0,44,ICICIGI,24723,ICICIGI,-90.0,16.20719399850425,0.5245364491907967,21.011479607954684,855.5751190130471,411.3541739744842
ICICIGI,71,1669.0,44,ICICIGI,27517,ICICIGI,131.0,8.777977092216602,1.958943066753559,13.05697390284748,268.5370052319124,276.1292376384243
ICICIPRULI,65,745.0,45,ICICIPRULI,71260,ICICIPRULI,-887.0,12.437783809033842,0.02435641353906348,22.381955040089267,706.3176066986753,368.0974407124425
ICICIPRULI,66,1504.0,45,ICICIPRULI,77090,ICICIPRULI,2975.0,12.371917043022595,1.0791329086837909,14.565700210215981,126.15183863415868,328.90658876147774
ICICIPRULI,67,1655.0,45,ICICIPRULI,95951,ICICIPRULI,-2606.0,12.41266111119089,0.09423687620453713,14.804692750196285,195.92180036527407,327.0413813869785
ICICIPRULI,68,1842.0,45,ICICIPRULI,98413,ICICIPRULI,3434.0,20.621439461555028,0.9829882722398253,13.537152231260812,229.39058375668273,405.8594577784812
ICICIPRULI,69,1806.0,45,ICICIPRULI,118335,ICICIPRULI,696.0,10.599870630938371,0.6159185996883316,23.339917226043497,107.96804656359772,162.57716766602266
ICICIPRULI,70,1771.0,45,ICICIPRULI,135245,ICICIPRULI,-1168.0,24.690325377664305,1.4886873672913927,19.062075440364257,634.9071506330959,487.8195323171069
ICICIPRULI,71,541.0,45,ICICIPRULI,156215,ICICIPRULI,17.0,21.63565706331148,1.6532515564018904,20.569494875788195,684.0920163821894,131.7610642982234
INDUSINDBK,65,286.0,47,INDUSINDBK,7856,INDUSINDBK,-5412.0,12.847467119912368,0.7625222334561146,13.916083325944166,590.5377124100814,133.0294974566604
INDUSINDBK,66,335.0,47,INDUSINDBK,8944,INDUSINDBK,1568.0,19.27559507803262,1.6013187666523405,16.55288823641702,218.12533659034668,311.29566491547274
INDUSINDBK,67,288.0,47,INDUSINDBK,9558,INDUSINDBK,1220.0,24.29561185692925,1.7299127730691866,25.751959362268433,385.8867231998053,375.46934546338474
INDUSINDBK,68,329.0,47,INDUSINDBK,12080,INDUSINDBK,40324.0,19.785159498745962,0.5997219201621451,19.300447581796593,623.2482632426112,439.25621423798236
INDUSINDBK,69,379.0,47,INDUSINDBK,13273,INDUSINDBK,11947.0,12.524827559623837,0.8964679312193955,25.275313812443798,298.26593440683183,344.5565662871363
INDUSINDBK,70,942.0,47,INDUSINDBK,17733,INDUSINDBK,-11763.0,10.137985319841869,0.5321682424462402,25.540489047352125,691.1701079563998,407.4322254113334
INDUSINDBK,71,-437.0,47,INDUSINDBK,19734,INDUSINDBK,-19710.0,16.30053266069058,0.026175737338306915,15.161110774538972,553.9627342506076,212.39291577003382
INFY,65,29.0,48,INFY,8281,INFY,-2754.0,8.75399771364483,0.7484836170897322,27.450568016142512,971.2134003603782,110.656803713308
INFY,66,27.0,48,INFY,12436,INFY,-303.0,14.585860491055659,1.1007179487553063,15.855849469081368,108.55316727455148,481.52934974465325
INFY,67,28.0,48,INFY,15553,INFY,-919.0,14.083860396517625,0.7243893969671,18.57844024643544,874.3047547361515,241.57688680975664
INFY,68,27.0,48,INFY,13354,INFY,6065.0,13.832556674168073,0.8821244868887148,28.495724486963795,449.81658466358857,367.22069406072995
INFY,69,27.0,48,INFY,14166,INFY,-7242.0,7.121894983886705,0.1600865322175049,22.28326771343785,542.3972653096267,421.0316910467193
INFY,70,27.0,48,INFY,14426,INFY,-5299.0,23.642129590155093,1.2390461841232239,10.518232040641458,514.3533074963593,298.86194597567663
INFY,71,24.0,48,INFY,19118,INFY,2613.0,15.26802870300034,1.9979399998393446,11.28402085260451,541.6638516214003,130.05042716112257
IOC,65,3.0,49,IOC,89170,IOC,-11.0,7.01985452845451,0.5012235911659333,22.70097995860429,829.3391802184367,266.32384438907206
IOC,66,4.0,49,IOC,103124,IOC,614.0,24.75299138326135,1.0539747029847464,25.90572247405838,739.9589477663832,241.86398714317136
IOC,67,2.0,49,IOC,100158,IOC,502.0,23.22292018066197,1.1683480572482343,20.078269822057845,120.41472778522433,87.41172538560357
IOC,68,6.0,49,IOC,83184,IOC,-653.0,13.282638816389841,0.7874919983410171,29.442392071160334,396.71803075805184,458.34842710945793
IOC,69,10.0,49,IOC,108352,IOC,395.0,6.26661427452955,1.7840991759279137,12.760600095969068,989.2511553257004,160.15276646371342
IOC,70,10.0,49,IOC,116336,IOC,-180.0,20.60094162789373,0.6650583213334569,28.13840372605696,897.8311866874343,254.94829235047342
IOC,71,7.0,49,IOC,126128,IOC,250.0,15.519541930731602,0.46089364772417873,16.351666357820314,267.5110643466333,226.5061833912522
IRCTC,55,14.0,50,IRCTC,718,IRCTC,137.0,19.597096148012305,0.277987921107395,24.68449889518688,676.9006124081297,126.96517900093724
IRCTC,56,14.0,50,IRCTC,895,IRCTC,-252.0,19.031158501437023,1.5437674825234924,25.38140353750245,711.801876121519,231.74616260709175
IRCTC,57,21.0,50,IRCTC,1040,IRCTC,23.0,8.589969776429312,0.90316103367976,22.450818120496173,900.2974179993323,421.962585475805
IRCTC,58,19.0,50,IRCTC,1365,IRCTC,61.0,17.06454114880892,1.0017525035663166,25.723076931933214,440.5013133220614,348.231681777501
IRCTC,59,20.0,50,IRCTC,1523,IRCTC,262.0,10.310461692543196,1.0493172411611498,25.804341833067888,465.6137397931996,191.63490300960936
ITC,65,35.0,52,ITC,12069,ITC,-166.0,13.574036509217475,1.688064585059068,28.442240490823206,288.2197874438973,484.7407906555042
ITC,66,37.0,52,ITC,13369,ITC,169.0,6.765265630522999,1.6929949961479491,28.949862009897142,691.8735475284543,375.69216514450574
ITC,67,37.0,52,ITC,13948,ITC,334.0,7.464002169104987,0.3842446484715516,28.366860584437593,275.9379786568762,220.39742730643235
ITC,68,37.0,52,ITC,8888,ITC,-367.0,9.800184576105874,0.6796098366240027,18.081719738216325,654.3203990036305,118.16171774970462
ITC,69,36.0,52,ITC,9440,ITC,-43.0,17.250080208894182,1.3451293667718485,24.58776717134105,749.2976003343972,378.9479575430889
ITC,70,38.0,52,ITC,11695,ITC,139.0,9.41001015198392,1.874475370771343,25.763280944297,175.2994391874425,437.56928225696305
ITC,71,38.0,52,ITC,12585,ITC,191.0,19.138257893932472,0.8225894389057846,13.212145099401871,343.7684232764815,459.6901233332907
JINDALSTEL,65,31.0,53,JINDALSTEL,11202,JINDALSTEL,17.0,6.4782575709511985,1.1157103500791408,15.963472868372214,342.2549064843787,353.97702317864594
JINDALSTEL,66,30.0,53,JINDALSTEL,9935,JINDALSTEL,-67.0,19.33505310780147,0.7586824930240397,14.636913646085311,139.68639114027536,332.8491802728897
JINDALSTEL,67,28.0,53,JINDALSTEL,8994,JINDALSTEL,322.0,21.45938016312372,1.9256987201996638,20.52228106919248,142.94138176242092,54.4198459487122
JINDALSTEL,68,18.0,53,JINDALSTEL,13166,JINDALSTEL,5465.0,18.340586960220726,1.098503851351749,11.064360173241887,869.2229048018623,135.92250500417936
JINDALSTEL,69,22.0,53,JINDALSTEL,14674,JINDALSTEL,-1403.0,22.441040371670354,1.706665170937752,22.590670439668536,706.8915179425586,271.03761368089727
JINDALSTEL,70,19.0,53,JINDALSTEL,15884,JINDALSTEL,757.0,18.51748285026607,0.888482640007443,10.318967054092184,206.268691531492,349.6578259347894
JINDALSTEL,71,18.0,53,JINDALSTEL,17357,JINDALSTEL,-955.0,16.893104721013472,0.1148277411430858,28.00905900092616,219.51684290917976,345.02319622316423
JSWENERGY,65,32.0,55,JSWENERGY,3798,JSWENERGY,-249.0,13.278463597924166,0.8483072547514099,24.054340207994713,436.537373296743,203.33243702891758
JSWENERGY,66,38.0,55,JSWENERGY,2567,JSWENERGY,-87.0,7.762943244554683,1.7750469506188638,22.63847661287559,284.32501195578516,264.7780540954609
JSWENERGY,67,39.0,55,JSWENERGY,2608,JSWENERGY,421.0,6.949553079888884,0.18114519135002216,16.805076410199536,612.3757280134168,50.94504061630801
JSWENERGY,68,41.0,55,JSWENERGY,3973,JSWENERGY,155.0,16.98049457734308,0.6048158822499585,20.012605787022224,818.0027368901613,335.7904157604469
JSWENERGY,69,40.0,55,JSWENERGY,3672,JSWENERGY,784.0,19.9366572813136,0.6301141321298147,26.826424889875472,607.5901776636399,486.8012340857665
JSWENERGY,70,34.0,55,JSWENERGY,3728,JSWENERGY,2634.0,16.945128200052878,1.8067272592227017,26.1944581325113,433.2117533134772,213.97552399237318
JSWENERGY,71,31.0,55,JSWENERGY,3549,JSWENERGY,-289.0,22.68172130595583,0.6167805762449721,26.565048579194247,417.5838891954188,400.25083446282406
JSWSTEEL,65,17.0,56,JSWSTEEL,18823,JSWSTEEL,-335.0,5.11352986104688,1.158977059794156,24.752569616960827,332.2212484426315,94.55951461086173
JSWSTEEL,66,18.0,56,JSWSTEEL,20939,JSWSTEEL,4999.0,12.254830418618397,0.8580731592586353,12.388783899220783,184.03005870392926,417.9778002460871
JSWSTEEL,67,18.0,56,JSWSTEEL,24610,JSWSTEEL,-1615.0,15.103454866518618,0.33421468787090003,23.886878617877493,999.9779886739002,255.92130859806227
JSWSTEEL,68,15.0,56,JSWSTEEL,20737,JSWSTEEL,7977.0,8.142550075067927,0.6194136238478387,17.809567888509974,827.5013802101855,154.9743858045996
JSWSTEEL,69,22.0,56,JSWSTEEL,22024,JSWSTEEL,-3135.0,22.772722172674143,1.364120292115204,23.373797684606743,392.19962148701984,439.86885956540135
JSWSTEEL,70,21.0,56,JSWSTEEL,24579,JSWSTEEL,6616.0,17.668428016379384,0.647658152877606,17.357431867520695,581.2071865152842,101.68740372825766
JSWSTEEL,71,22.0,56,JSWSTEEL,32606,JSWSTEEL,-7394.0,21.388755315497217,0.9933280522031098,20.741797821589127,712.0119479999736,116.35068064456873
KOTAKBANK,65,-1789.0,57,KOTAKBANK,37392,KOTAKBANK,-1188.0,17.594782774111685,1.3695364897055018,29.82164838658915,795.7693418773691,353.83073208657345
KOTAKBANK,66,-1379.0,57,KOTAKBANK,45626,KOTAKBANK,6864.0,20.632460337225872,1.4805862662467077,26.684017362103823,770.2732512574869,313.80367001130156
KOTAKBANK,67,-3366.0,57,KOTAKBANK,50059,KOTAKBANK,32815.0,19.624130492551913,1.4468549283293095,20.553631803338014,142.59845994586908,254.79799633313584
KOTAKBANK,68,-2263.0,57,KOTAKBANK,67405,KOTAKBANK,-16363.0,5.718727522465428,1.1637489062787134,26.62977931129418,349.2426553530308,198.7894691123753
KOTAKBANK,69,-3965.0,57,KOTAKBANK,84086,KOTAKBANK,4949.0,18.509958084732894,1.6176511120197516,14.278437788643274,856.4210654773701,168.0969657304891
KOTAKBANK,70,-4141.0,57,KOTAKBANK,89809,KOTAKBANK,-9740.0,10.875263505203339,1.827224745063909,11.299100417781379,845.7162440177854,173.16988278913738
KOTAKBANK,71,-5114.0,57,KOTAKBANK,117321,KOTAKBANK,22281.0,13.176568070457439,0.7288500318928202,18.580428015695443,238.07380536132808,464.1668629172204
LICI,35,1.0,58,LICI,3157039,LICI,-3574.0,23.191588040948037,0.8530796741136668,11.3953589197598,454.5465250826309,483.3294229110194
LT,65,15.0,60,LT,756,LT,3254.0,24.490399761155917,0.6702688951633293,18.30070715703763,838.9708258608151,64.06633055512535
LT,66,17.0,60,LT,945,LT,-338.0,10.3957676875567,1.9804510613972428,14.781220182288772,957.7603807536939,131.65585839876337
LT,67,17.0,60,LT,734,LT,4658.0,22.960961310764333,0.28005444848803607,15.474469208294392,398.70216920545397,441.7743323551193
LT,68,15.0,60,LT,958,LT,2049.0,9.290049959550233,1.1111507969304597,13.71824398372588,117.23537318676749,263.356866154998
LT,69,15.0,60,LT,1273,LT,397.0,21.004457311608856,1.7550602878845798,26.221581449683786,408.6279570010282,433.9320786730201
LT,70,17.0,60,LT,1477,LT,3156.0,17.92059562768752,1.7000314938921621,16.82170366679884,752.131757682608,154.09490206970202
LT,71,17.0,60,LT,1770,LT,-4968.0,15.829231554398461,1.1870648037865488,14.233011287329592,749.9305565954165,424.597120555269
LTIM,65,23.0,61,LTIM,756,LTIM,-16.0,23.571064823440075,1.2696127954943242,29.137029388232996,882.8181799946937,167.68860364548914
LTIM,66,23.0,61,LTIM,945,LTIM,52.0,19.598465511509055,1.7601396173055095,28.3398675743537,999.190855844709,279.47930325638345
LTIM,67,20.0,61,LTIM,734,LTIM,110.0,15.315757542459957,0.4618274953589001,11.310130627063717,636.8373425203813,250.27006479910773
LTIM,68,18.0,61,LTIM,958,LTIM,234.0,10.680535490066134,0.4075511106021945,26.992911757849452,449.5126391747475,373.62829009286935
LTIM,69,19.0,61,LTIM,1273,LTIM,-73.0,11.382821606781718,0.1971869115164706,14.133118397890383,189.4298358604379,200.01125459784615
LTIM,70,16.0,61,LTIM,1477,LTIM,892.0,16.18588971597267,0.390217481411103,25.33138907537031,606.4249149299549,435.94964412059386
LTIM,71,20.0,61,LTIM,1770,LTIM,-518.0,15.626613120226565,1.5593301190910351,20.71634703179071,612.83302537423,334.5337134087442
M&M,65,13.0,62,M&M,27460,M&M,1529.0,9.710000639808001,0.3980559632021745,18.278215565121762,635.1855994435251,387.12892722252116
M&M,66,14.0,62,M&M,29415,M&M,1672.0,8.330560137049755,1.6777683470098255,25.115699747956107,195.0126215355093,387.0465296509175
M&M,67,12.0,62,M&M,30608,M&M,-1394.0,21.989229953772305,1.1879542263280505,23.1064924229983,203.6323285782136,346.0944904915327
M&M,68,13.0,62,M&M,31806,M&M,-1370.0,21.53225932059318,0.4141215139646732,22.952380694751582,841.9979022667271,463.37370475526126
M&M,69,13.0,62,M&M,35296,M&M,113.0,22.62354284193046,1.1364091195181165,20.0853859511869,643.8362771069503,342.0413285679923
M&M,70,14.0,62,M&M,43696,M&M,6.0,16.602384366780793,0.48035812468867634,20.565284788458417,515.9869705627814,147.09141104960526
M&M,71,15.0,62,M&M,51057,M&M,1037.0,9.028801847751309,0.07446477837148557,21.459556474108375,193.78816190536452,101.25028543060542
MARUTI,65,10.0,63,MARUTI,6920,MARUTI,50.0,15.567579232127667,0.9593853292228571,14.704176604357489,387.20137853684287,307.80102964273794
MARUTI,66,12.0,63,MARUTI,7975,MARUTI,113.0,15.9117238737612,1.8964971503154178,14.411886448065324,356.3265022383013,388.34640160403154
MARUTI,67,14.0,63,MARUTI,9492,MARUTI,-165.0,24.676988490466396,1.1231506962155082,27.81788059970706,567.764090963102,484.81457467970483
MARUTI,68,16.0,63,MARUTI,11879,MARUTI,20.0,8.543851957401492,0.008986998537630297,25.463812866695726,128.84551364361747,62.60698518849499
MARUTI,69,15.0,63,MARUTI,14402,MARUTI,-6.0,24.10574502258825,1.0258550745331296,12.61577318765767,517.1633126249922,145.38049618126826
MARUTI,70,15.0,63,MARUTI,17568,MARUTI,780.0,5.331951034310078,0.11926640882946016,17.420148799071264,670.1755616451265,223.19223638848655
MARUTI,71,13.0,63,MARUTI,16717,MARUTI,874.0,18.919899939084246,1.8403886348184035,14.19262541210822,440.1583760596908,417.086152079804
MOTHERSON,65,6.0,64,MOTHERSON,5546,MOTHERSON,-2152.0,19.928303454103617,1.4421040198243895,23.22845642577463,756.1343750733071,405.7888000065937
MOTHERSON,66,8.0,64,MOTHERSON,7445,MOTHERSON,769.0,17.32624199386214,1.855695188956223,19.758701353260292,743.190791791111,137.5275781829015
MOTHERSON,67,8.0,64,MOTHERSON,8971,MOTHERSON,1329.0,6.024409610433397,1.4752143712674495,16.37787039155964,404.34352647773574,494.9425442730976
MOTHERSON,68,10.0,64,MOTHERSON,9199,MOTHERSON,1068.0,7.380763661373133,0.16083059554033619,24.893189824839972,159.74715124215933,312.75171334882236
MOTHERSON,69,10.0,64,MOTHERSON,13322,MOTHERSON,-1059.0,5.246485400687895,0.0262460933917934,13.087864590996139,696.8608819856543,460.48606961425025
MOTHERSON,70,9.0,64,MOTHERSON,16716,MOTHERSON,-339.0,13.499381208334286,0.21810885431127391,25.823917348834023,651.7160397900171,59.23532474333457
MOTHERSON,71,8.0,64,MOTHERSON,20257,MOTHERSON,2205.0,20.145692607363216,1.8281370270217998,11.389656818500754,827.015467538038,196.12801801954245
NAUKRI,65,26.0,65,NAUKRI,216,NAUKRI,29.0,23.174479629506003,1.2580808642358055,20.240360689572434,296.5535233889897,492.70778010605756
NAUKRI,66,17.0,65,NAUKRI,387,NAUKRI,138.0,7.0160699149735155,0.33738087779665116,25.993767794349388,971.3461500880381,445.2321250702642
NAUKRI,67,3.0,65,NAUKRI,801,NAUKRI,304.0,15.855768271886202,1.0871276632919695,22.00544748881322,524.47414177006,315.5065741982465
NAUKRI,68,12.0,65,NAUKRI,382,NAUKRI,113.0,9.774029968255117,1.436872507065333,12.290359721680304,207.1295142769637,99.84325413774384
NAUKRI,69,-1.0,65,NAUKRI,459,NAUKRI,-435.0,9.049950408687428,0.724395235762479,18.48289436448011,544.9680599300773,477.7668233772331
NAUKRI,70,22.0,65,NAUKRI,550,NAUKRI,156.0,22.999619450216862,1.6348010012791592,25.357823112463546,993.812549994334,477.31905554106896
NAUKRI,71,1.0,65,NAUKRI,646,NAUKRI,-29.0,16.2184002620809,0.7159991699956427,10.765020726227014,362.6708087945513,422.0522973019165
NESTLEIND,65,21.0,66,NESTLEIND,2756,NESTLEIND,683.0,20.983819303382408,0.02703396610599329,19.714201251573904,824.1285669383291,53.288644711162064
NESTLEIND,66,21.0,66,NESTLEIND,2963,NESTLEIND,-1223.0,5.940474521938864,0.7405279642933404,22.181271778736637,163.54181466899388,324.7541049607073
NESTLEIND,67,19.0,66,NESTLEIND,3251,NESTLEIND,177.0,22.853389040731265,1.2749103809523201,13.645592447497517,809.1516033327276,429.4365979208647
NESTLEIND,68,20.0,66,NESTLEIND,3495,NESTLEIND,-1704.0,20.777405477179496,1.5169926200432275,27.12328074871347,216.49983722285756,450.36672714500173
NESTLEIND,69,21.0,66,NESTLEIND,3907,NESTLEIND,223.0,23.921218950606608,1.7420337949259095,19.04041571801045,755.0796152543996,178.65452970338004
NESTLEIND,70,23.0,66,NESTLEIND,4379,NESTLEIND,29.0,16.60099383224505,1.8560114244339532,26.389979635408707,785.7301174011232,330.63409980214817
NESTLEIND,71,24.0,66,NESTLEIND,5065,NESTLEIND,-198.0,14.270937534367858,1.5680274048276708,17.938794809635983,395.9561392201758,225.6090743991354
NHPC,65,65.0,67,NHPC,12226,NHPC,-53.0,24.09922106349516,0.04460498246746769,29.964762888258846,114.66973620220737,96.8498653979832
NHPC,66,59.0,67,NHPC,12362,NHPC,5.0,13.280304381578595,0.8690574859197142,17.978303572591322,889.4783497237015,86.92504029114761
NHPC,67,62.0,67,NHPC,10094,NHPC,17.0,6.321775252407966,1.7318510089785963,22.262194332125922,531.8541957133199,184.5841541845783
NHPC,68,57.0,67,NHPC,11242,NHPC,405.0,10.129338172821079,0.5522107390577353,20.767821442833284,816.1604739036858,436.51908788112803
NHPC,69,57.0,67,NHPC,11946,NHPC,867.0,10.02895899778778,1.6853434735013255,18.987047640090214,695.078057969637,423.7362833538084
NHPC,70,55.0,67,NHPC,14290,NHPC,-281.0,8.472424148589282,0.6206935071164856,26.1296201304174,641.9639413300256,493.2516921842002
NHPC,71,55.0,67,NHPC,16870,NHPC,388.0,24.060392229906945,0.33957890271107116,29.98363443875434,434.71835812562693,290.38648155534486
NTPC,65,25.0,68,NTPC,27116,NTPC,19.0,13.409688585385844,1.9299621244880016,29.75013362433565,461.3050091629128,288.3441448064119
NTPC,66,25.0,68,NTPC,31334,NTPC,-451.0,5.762717535998543,1.6704830872107663,20.103580249694243,260.73873373683807,467.5650222878067
NTPC,67,22.0,68,NTPC,35366,NTPC,266.0,18.81217331765514,0.7152082335849466,24.127369062583263,335.6547674183455,67.5433154722966
NTPC,68,25.0,68,NTPC,33666,NTPC,360.0,22.494541944753784,0.17876825199957813,29.568858017785942,159.09252303587104,441.6465530251572
NTPC,69,26.0,68,NTPC,36990,NTPC,-274.0,22.633594883380162,0.6756271173278123,23.121736447505153,630.4449375811331,354.6459414539695
NTPC,70,26.0,68,NTPC,48880,NTPC,-210.0,15.53880948072479,0.29560065770413924,19.618940011429434,661.1127751060353,474.52670070694245
NTPC,71,23.0,68,NTPC,62509,NTPC,398.0,5.130535093100939,1.0559794392794462,13.982176166974,866.5228578830556,493.23614992032765
ONGC,65,27.0,69,ONGC,80211,ONGC,-97.0,20.059317618798843,1.3688505328696654,15.30296840773093,681.1073938791124,205.05338367249797
ONGC,66,28.0,69,ONGC,103711,ONGC,1001.0,14.30484952871133,1.0993371012525364,25.23129567286692,600.2387506485196,291.10215459950393
ONGC,67,26.0,69,ONGC,103448,ONGC,708.0,24.760758686066954,1.8951243844820098,17.059709256192292,466.6868508114702,420.6791213058731
ONGC,68,32.0,69,ONGC,98459,ONGC,-195.0,5.464704921928045,0.02334908795606183,20.383020777850664,419.88435299749875,461.8076072046339
ONGC,69,19.0,69,ONGC,170111,ONGC,1261.0,14.290172309701592,0.8214440674117196,25.19527918863721,863.6049067670677,444.930997163691
ONGC,70,18.0,69,ONGC,148664,ONGC,-1504.0,8.445908167749936,1.650689749817693,19.9172001294887,606.0912692707145,468.44476988308736
ONGC,71,18.0,69,ONGC,167667,ONGC,-3591.0,16.334949290196285,0.4672193276318235,25.137718602457138,869.3994034083292,452.99179157036485
PFC,65,35.0,70,PFC,6178,PFC,-3720.0,14.522228812769848,1.9381849870293377,29.304502059432938,939.3352232616603,110.71258356305614
PFC,66,36.0,70,PFC,7582,PFC,-98.0,22.509009628381353,1.9948428332702417,29.862103129381047,150.35724683403117,445.0288329782511
PFC,67,34.0,70,PFC,8705,PFC,1179.0,14.654269799252155,1.8285604531766222,14.170433375786654,610.0569369271137,336.6849397075754
PFC,68,33.0,70,PFC,10531,PFC,3023.0,9.920981058122639,0.1413599683780058,22.04746525230143,361.11840783554464,339.3771007060881
PFC,69,19.0,70,PFC,19700,PFC,-4014.0,13.833518519387958,0.5800096318746557,14.77728763975741,343.29843971506295,81.74687716387382
PFC,70,24.0,70,PFC,41546,PFC,-874.0,23.396219277278178,1.9723428511453485,10.37642885664093,145.96259147719678,219.36573409608246
PFC,71,33.0,70,PFC,42260,PFC,32.0,23.968958022134665,1.5585466562817933,17.046067694468963,809.3946262660307,264.7437468823616
PIDILITIND,65,15.0,71,PIDILITIND,853,PIDILITIND,46.0,24.556437523700787,0.8598838107102555,13.516912966627757,104.71154423454142,364.8184776395176
PIDILITIND,66,16.0,71,PIDILITIND,930,PIDILITIND,-29.0,10.899927816511996,1.433530426422145,10.063336637833553,579.9359763376622,277.7989566663433
PIDILITIND,67,16.0,71,PIDILITIND,986,PIDILITIND,533.0,22.013645829915387,1.5199920873776867,26.208341594947832,341.3694989396366,478.5573773173519
PIDILITIND,68,22.0,71,PIDILITIND,996,PIDILITIND,-372.0,12.584022047548116,0.22007963858077373,11.912961470534839,190.48199558516183,223.491214114657
PIDILITIND,69,22.0,71,PIDILITIND,1202,PIDILITIND,-71.0,16.22322291166515,0.7668921938162909,15.905835243754431,619.8476648459331,215.74314352978644
PIDILITIND,70,22.0,71,PIDILITIND,1500,PIDILITIND,2.0,22.720364196470836,1.644793607832211,15.3582694181706,264.20128034795596,350.66806633756437
PIDILITIND,71,19.0,71,PIDILITIND,1643,PIDILITIND,212.0,21.922506773355263,1.755729873109371,14.756691161869565,748.2337144217668,449.4777460257225
PNB,65,,72,PNB,Mar 2018,PNB,6109.0,7.985913390667358,0.11198935906037,18.197918940849725,720.9276347174286,238.8862944308267
PNB,66,,72,PNB,Mar 2019,PNB,-20192.0,5.310792480101183,0.3134933724814699,16.693716723438847,936.5447459740462,323.8718165259198
PNB,67,,72,PNB,Mar 2020,PNB,460.0,14.951766698112436,1.1131254374584647,14.316808931863195,370.3480594860348,331.7595075905875
PNB,68,,72,PNB,Mar 2021,PNB,35579.0,7.123338579306859,1.6923796682437164,12.69609825306059,229.9128359499656,349.6169095272904
PNB,69,,72,PNB,Mar 2022,PNB,20859.0,17.109031373932687,0.5467991777799477,28.581572167555397,482.3813952346989,409.4718167836947
PNB,70,,72,PNB,Mar 2023,PNB,23135.0,7.762544960886335,1.2808343872877797,20.467169136398418,402.1995969654866,488.2726887248601
PNB,71,,72,PNB,Mar 2024,PNB,-25928.0,17.422443628871385,0.667888884343925,22.66620101951906,787.7677913706493,91.18165581512146
POWERGRID,65,83.0,73,POWERGRID,4630.0,POWERGRID,-1707.0,13.53973633483619,1.8130727548163572,29.453167469101814,835.0228654479754,205.16867131092968
POWERGRID,66,83.0,73,POWERGRID,5232.0,POWERGRID,2113.0,6.724773408850924,1.5509122498469377,25.1203755939257,249.96183567639198,423.57784908199125
POWERGRID,67,85.0,73,POWERGRID,5232.0,POWERGRID,1199.0,8.705632639053167,1.758720399291393,19.180622883214664,290.7907151681532,462.63602091735487
POWERGRID,68,88.0,73,POWERGRID,5232.0,POWERGRID,-362.0,10.89840563759763,1.438567291438126,19.772175418208736,455.77681595072164,241.202265130518
POWERGRID,69,87.0,73,POWERGRID,5232.0,POWERGRID,-2091.0,19.23314447668864,0.07091899437839588,13.931781083883273,879.9823938503432,133.81084796611347
POWERGRID,70,87.0,73,POWERGRID,5232.0,POWERGRID,2615.0,14.63872534353208,0.6309252618026817,28.12708567715012,551.3912261909509,116.8625936691787
POWERGRID,71,77.0,73,POWERGRID,5232.0,POWERGRID,-1728.0,20.61025638446128,0.3293157649290337,27.87801861683739,178.21176994582638,427.9303358013358
RECLTD,65,97.0,74,RECLTD,5277,RECLTD,-4220.0,22.421863544201678,1.6303960284390773,22.767208078195637,377.41875551151315,326.6226918497178
RECLTD,66,97.0,74,RECLTD,5968,RECLTD,134.0,9.217156640001871,1.8305177925857508,28.80763017251587,711.2680158195539,372.6571820035922
RECLTD,67,94.0,74,RECLTD,7404,RECLTD,1336.0,6.793396245823122,1.7058001388934347,23.321188889734522,209.39143082963767,144.77673060056708
RECLTD,68,93.0,74,RECLTD,8840,RECLTD,-538.0,6.244018146354757,0.20862297375578653,18.42896147473423,709.7525631526433,116.83373937164674
RECLTD,69,92.0,74,RECLTD,8723,RECLTD,-1038.0,21.330959834482766,1.3151228432640858,28.926769106626885,286.9009419399541,63.317813749089176
RECLTD,70,85.0,74,RECLTD,5416,RECLTD,-180.0,10.053451068513679,1.6656582119510952,10.92256734567065,731.607862621011,142.9368364394957
RECLTD,71,93.0,74,RECLTD,19659,RECLTD,34.0,11.597432148136761,1.6833325635600698,16.795848778036454,787.3740588513613,119.99218437980733
RELIANCE,65,8.0,75,RELIANCE,73083,RELIANCE,1266.0,16.72773893118234,1.1697936777645193,22.9264818553774,815.9400704544282,52.53669603876081
RELIANCE,66,8.0,75,RELIANCE,91395,RELIANCE,3745.0,22.660351335163103,0.8373175412439176,29.92357194007652,224.87244789782426,333.985588946747
RELIANCE,67,10.0,75,RELIANCE,117736,RELIANCE,19839.0,24.71693912752455,1.112833554381279,10.79214673436115,290.6678802690865,431.58907271103413
RELIANCE,68,15.0,75,RELIANCE,172727,RELIANCE,-13523.0,16.15763739982964,0.2170091730529775,25.326120990372804,260.64835134305224,320.0455387611168
RELIANCE,69,15.0,75,RELIANCE,225618,RELIANCE,18781.0,17.214314986078442,1.146206691895377,29.918346764999264,932.2647351544676,291.83925557458804
RELIANCE,70,16.0,75,RELIANCE,277924,RELIANCE,32486.0,8.788033018297705,1.1673361805515396,28.56559439924817,609.40999894503,79.16522647749223
RELIANCE,71,15.0,75,RELIANCE,302804,RELIANCE,28561.0,12.623211740916144,1.6011538369516518,28.97774721701139,573.9102511489747,91.28370559538288
SBILIFE,65,3.0,76,SBILIFE,50978,SBILIFE,1264.0,19.409597227426815,0.9134869712987563,16.11923053100076,726.5017244711273,443.39425084490404
SBILIFE,66,3.0,76,SBILIFE,57284,SBILIFE,-321.0,6.306651637059266,1.4474892735655887,17.264409962701446,450.2995377260851,244.32982771945103
SBILIFE,67,3.0,76,SBILIFE,70064,SBILIFE,2114.0,24.23652385888345,0.8219607304444132,17.488916699893913,670.2801118452085,444.9630064157038
SBILIFE,68,5.0,76,SBILIFE,78696,SBILIFE,4677.0,23.782084636430543,0.0842987865735838,20.080220277021688,430.3868303609171,170.3313189255697
SBILIFE,69,4.0,76,SBILIFE,96687,SBILIFE,10.0,10.722389618741449,0.4433914351880044,29.93779470295614,835.0720629360661,97.89401215008485
SBILIFE,70,4.0,76,SBILIFE,115193,SBILIFE,-1962.0,23.43572739671658,0.015543384697737528,24.515318946655675,760.7008170042494,339.48538181237456
SBILIFE,71,3.0,76,SBILIFE,139157,SBILIFE,-2327.0,17.26329342637965,1.0273018546600332,23.057211527962984,181.22431542550117,335.58872762676555
SBIN,65,-3.0,77,SHREECEM,1028,SBIN,-77908.0,21.558487309883315,0.06989125393891715,18.964042389169887,562.6392426304426,457.4359943188142
SBIN,66,-8.0,77,SHREECEM,1418,SBIN,30223.0,22.748688368522515,0.5849076307825887,26.114491794272897,241.3237999956392,443.02113084924775
SBIN,67,-11.0,77,SHREECEM,1805,SBIN,28803.0,12.915753397991486,1.7393802480871143,21.551925037532392,870.6403733930717,55.18194403810895
SBIN,68,-15.0,77,SHREECEM,1737,SBIN,93392.0,6.381616925702898,0.17878447345047888,21.153140771223917,237.12741151558419,78.96998437854111
SBIN,69,-28.0,77,SHREECEM,2175,SBIN,51198.0,12.352791822529301,1.1620395568416917,26.091995867545236,748.4401980948766,132.63640752942206
SBIN,70,-38.0,77,SHREECEM,2842,SBIN,-80593.0,12.07093040643545,0.9279184493785091,24.96339329206412,291.0379667758101,479.1894254991687
SBIN,71,-27.0,77,SHREECEM,3019,SBIN,8260.0,20.748665113956978,0.7043914928535169,28.99940423362401,870.8827573313202,70.72755935469576
SHREECEM,65,29.0,78,SHRIRAMFIN,6550,SHREECEM,10.0,15.472570870202373,1.7694808409444907,22.560513192566525,528.7772737566312,371.97284496023974
SHREECEM,66,24.0,78,SHRIRAMFIN,5192,SHREECEM,84.0,8.893664778616795,1.3944141240688614,29.839939798262762,357.99846826334345,460.1266859130771
SHREECEM,67,21.0,78,SHRIRAMFIN,6193,SHREECEM,-36.0,23.991376203472083,1.4112788467358084,15.342244460350262,202.35686393475643,190.3360494384547
SHREECEM,68,26.0,78,SHRIRAMFIN,8048,SHREECEM,370.0,19.921185033801393,1.305227878708281,25.314807461559717,805.2760934709645,165.44403788315316
SHREECEM,69,29.0,78,SHRIRAMFIN,10034,SHREECEM,-324.0,13.91960754810744,0.8102116318931007,28.047293149739254,698.2831240223078,127.17290563893083
SHREECEM,70,25.0,78,SHRIRAMFIN,1539,SHREECEM,-113.0,20.737294424710445,1.755940983311615,29.367200304728275,389.0369230860673,88.51976806175065
SHREECEM,71,22.0,78,SHRIRAMFIN,1542,SHREECEM,220.0,23.98527782342728,1.567988096527301,20.118289082028447,331.3101118097411,410.6944769978261
SHRIRAMFIN,65,31.0,79,SIEMENS,6037,SHRIRAMFIN,-42.0,12.438035740853767,1.6263808523381464,17.065421049516758,586.3449681055359,447.1283263629804
SHRIRAMFIN,66,24.0,79,SIEMENS,6309,SHRIRAMFIN,-62.0,15.354384551820868,0.8528949779586896,23.584025288574573,553.527072476094,252.86714497349848
SHRIRAMFIN,67,18.0,79,SIEMENS,6368,SHRIRAMFIN,2060.0,12.210841685761693,1.4129694874054815,17.380925393449136,210.04321407432536,484.4787110732476
SHRIRAMFIN,68,18.0,79,SIEMENS,7664,SHRIRAMFIN,7962.0,10.165405595821097,1.721943647540218,10.796052052642596,323.11326000318013,228.68506117678854
SHRIRAMFIN,69,18.0,79,SIEMENS,8317,SHRIRAMFIN,-388.0,5.4906091383212345,1.8247492576611628,28.108545941544946,449.5783135553784,350.9299339140778
SHRIRAMFIN,70,28.0,79,SIEMENS,8384,SHRIRAMFIN,-730.0,23.02132293030557,0.5386283111490076,16.797392708077712,278.88376617025574,93.2866054153622
SHRIRAMFIN,71,24.0,79,SIEMENS,9663,SHRIRAMFIN,-3750.0,24.84405822876398,0.2650855776239285,17.148076063010134,548.9882650998719,127.14436316564095
SIEMENS,60,10.0,80,SUNPHARMA,3869,SIEMENS,70.0,5.7063678890650715,1.0621488579290943,10.66276144229975,999.5431387738089,381.67768048750156
SIEMENS,61,1.0,80,SUNPHARMA,1290,SIEMENS,517.0,23.163560654328382,1.2961071066236842,15.617701213701418,752.142144667449,232.93546442692056
SIEMENS,62,9.0,80,SUNPHARMA,6886,SIEMENS,975.0,21.299136201362547,0.16767952317665036,23.535689566604447,794.5364161509859,352.2709355930701
SIEMENS,63,9.0,80,SUNPHARMA,3274,SIEMENS,-864.0,8.741347527043553,1.4466502167908137,21.406340401717067,374.1631735745342,68.48544468352824
SIEMENS,64,10.0,80,SUNPHARMA,2572,SIEMENS,1610.0,22.578542355688377,0.9738034714961923,21.128393774448085,644.3209273270181,55.88781271032084
SIEMENS,65,10.0,80,SUNPHARMA,5128,SIEMENS,-379.0,16.882783326014632,1.598284743354546,10.445434904896555,940.5827957545125,160.38431666332747
SIEMENS,66,11.0,80,SUNPHARMA,8009,SIEMENS,-174.0,11.621874644280892,0.9727037247956247,17.279758601666444,102.74004114325257,313.11395232232917
SIEMENS,67,10.0,80,SUNPHARMA,14089,SIEMENS,1205.0,24.70705842685127,0.31516660207430935,15.500652282722596,508.21687275532946,490.20549592663406
SIEMENS,68,11.0,80,SUNPHARMA,13948,SIEMENS,-1469.0,15.667794677476191,0.2854241388153882,19.05932334231306,130.05680711439427,113.34520283719915
SIEMENS,69,12.0,80,SUNPHARMA,14624,SIEMENS,552.0,10.594509494321274,0.17118196853065837,17.827389128841244,412.7194997259895,52.799745906717945
SIEMENS,70,13.0,80,SUNPHARMA,15598,SIEMENS,191.0,13.717904980747678,0.04840631302683707,11.77248128705168,341.18948731038245,104.63374804739323
SIEMENS,71,14.0,80,SUNPHARMA,12666,SIEMENS,644.0,15.023659582488346,1.5528499040563906,16.47412236154614,848.1217088183841,310.3728788243186
SUNPHARMA,65,43.0,81,TATACONSUM,2595,SUNPHARMA,-736.0,11.489640657549709,1.5333040382064846,29.913389031121053,783.644708523139,103.15682550589182
SUNPHARMA,66,44.0,81,TATACONSUM,2625,SUNPHARMA,-844.0,18.65422526583008,1.166136357725888,10.955442475162112,275.25966226138803,429.86112744320485
SUNPHARMA,67,29.0,81,TATACONSUM,2641,SUNPHARMA,-1386.0,5.04035961180646,0.7111510023376408,13.437047796068004,626.0544236743248,497.1297328956541
SUNPHARMA,68,29.0,81,TATACONSUM,2294,SUNPHARMA,596.0,5.961465123876353,1.2413906203354428,29.316197133876678,517.1445657661633,307.1693387529687
SUNPHARMA,69,32.0,81,TATACONSUM,2499,SUNPHARMA,-1765.0,20.14928654034414,1.9094778572814934,21.602414342572516,760.9358092899614,336.3510256286802
SUNPHARMA,70,21.0,81,TATACONSUM,2362,SUNPHARMA,115.0,22.67168685311749,1.756116417233769,19.65043461264247,791.6987018063509,148.8912014597717
SUNPHARMA,71,22.0,81,TATACONSUM,2408,SUNPHARMA,4662.0,9.24293541165201,0.3808949167410516,17.398142150562173,670.2090475350768,439.7327532554611
TATACONSUM,65,10.0,82,TATAMOTORS,76977,TATACONSUM,294.0,6.09188644889578,0.7471893712275941,16.795684332441503,165.9838649501825,169.2366971870032
TATACONSUM,66,10.0,82,TATAMOTORS,92180,TATACONSUM,39.0,24.158046001109955,0.296450858563964,16.741524004116023,801.4421867387249,476.72349704016943
TATACONSUM,67,10.0,82,TATAMOTORS,107442,TATACONSUM,152.0,12.080083522939944,0.6097233508412345,28.671448969498247,528.2784444555444,204.96420145843734
TATACONSUM,68,6.0,82,TATAMOTORS,114872,TATACONSUM,884.0,18.188033251205884,0.3910408929499496,19.64766851437311,689.4608659423899,122.27845663267067
TATACONSUM,69,12.0,82,TATAMOTORS,135914,TATACONSUM,-796.0,16.867981159823042,1.5573367506426812,18.25180919859451,747.2839618130284,435.2748958947806
TATACONSUM,70,12.0,82,TATAMOTORS,142813,TATACONSUM,-87.0,19.333249879048083,1.2857181337641232,11.881923228451296,410.964065794431,153.58117649583687
TATACONSUM,71,11.0,82,TATAMOTORS,139349,TATACONSUM,281.0,12.71532796626044,1.3519130532259027,28.441119259762747,755.5015635333286,201.21845944146597
TATAMOTORS,65,13.0,83,TATAPOWER,17038,TATAMOTORS,730.0,11.903127238002218,1.8973638720113204,11.806331666795796,565.5795315365742,340.7938555351804
TATAMOTORS,66,15.0,83,TATAPOWER,18810,TATAMOTORS,6843.0,9.510771962633932,1.5887593008218797,18.01302311463883,358.97637414958297,446.15923324599277
TATAMOTORS,67,15.0,83,TATAPOWER,20260,TATAMOTORS,-3092.0,9.114608979323862,1.459288251471736,22.105611264267026,522.0419769004989,63.20398142739712
TATAMOTORS,68,14.0,83,TATAPOWER,19575,TATAMOTORS,13232.0,18.2096645020094,1.7569306101313902,10.041557880814416,820.9480142031351,170.4500952276536
TATAMOTORS,69,11.0,83,TATAPOWER,20799,TATAMOTORS,6459.0,23.984569444024167,0.3546835060773197,25.64435257864308,796.2757928559013,354.8300657921865
TATAMOTORS,70,11.0,83,TATAPOWER,16903,TATAMOTORS,-6272.0,9.243511772852543,0.4190749596352885,10.753606405158267,672.9820461369632,338.07406730441676
TATAMOTORS,71,8.0,83,TATAPOWER,17262,TATAMOTORS,8128.0,6.576309868354812,1.684305459846948,18.122740771485844,365.27235432328894,470.43888531153107
TATAPOWER,65,17.0,84,TATASTEEL,44176,TATAPOWER,126.0,6.667488764101119,0.13763530125515788,25.762090674384055,535.1669699445127,155.66291800441707
TATAPOWER,66,19.0,84,TATASTEEL,49443,TATAPOWER,-883.0,13.511836580395522,1.7803115050096843,24.614730892997905,306.7424823494656,289.2934851045373
TATAPOWER,67,19.0,84,TATASTEEL,47059,TATAPOWER,1773.0,8.453399134128167,1.453371650786863,17.805695330359264,594.0816233935855,292.68841516675707
TATAPOWER,68,7.0,84,TATASTEEL,51165,TATAPOWER,1736.0,8.731181624662923,0.7947520868019293,29.741767537522577,602.5902386614725,436.3768405430882
TATAPOWER,69,20.0,84,TATASTEEL,51614,TATAPOWER,-741.0,10.722079015057952,1.1829523582002537,11.992640707326519,696.4983241323056,62.60183883136878
TATAPOWER,70,9.0,84,TATASTEEL,55704,TATAPOWER,1243.0,13.674330194855548,0.10566064045086065,28.596527981149702,471.61753563749306,258.73005566576705
TATAPOWER,71,10.0,84,TATASTEEL,63032,TATAPOWER,-928.0,22.89923798002057,0.7922571716771121,26.55430984141209,385.1514912025656,89.15836898906824
TATASTEEL,65,3.0,85,TCS,13054,TATASTEEL,2933.0,10.476596464355058,1.978713443605202,19.302758093272917,527.4493930458796,203.55844816078152
TATASTEEL,66,11.0,85,TCS,17337,TATASTEEL,-4513.0,17.0797387146789,1.6243487237656955,29.2481088743006,947.9548305070791,146.5912454513873
TATASTEEL,67,2.0,85,TCS,22325,TATASTEEL,4462.0,23.658461529200608,1.5031301041121026,29.77736810441314,825.7791908744761,195.48056385030344
TATASTEEL,68,-1.0,85,TCS,16974,TATASTEEL,-2200.0,19.373135041921945,1.6389681286319044,23.167766352389428,303.666112176992,174.64596469915153
TATASTEEL,69,12.0,85,TCS,15830,TATASTEEL,10075.0,23.51381409977162,0.5574175731377087,19.018827710221203,632.1511889749776,351.8494284739623
TATASTEEL,70,17.0,85,TCS,19751,TATASTEEL,-3477.0,14.75519732151023,0.8173544514010929,19.149050674002517,283.57282365548156,373.2806661757029
TATASTEEL,71,19.0,85,TCS,24393,TATASTEEL,-5049.0,17.237892766372,1.0909933365160558,17.926420226600086,575.0695059507862,427.0524600794532
TCS,65,29.0,86,TECHM,128.0,TCS,25067.0,13.660998150877752,0.47156686133735826,14.773446227141886,891.7947472164077,417.9524349150739
TCS,66,31.0,86,TECHM,234.0,TCS,28593.0,22.760873408449267,1.2676132887934575,18.562061527663403,600.036958550502,84.76106466541793
TCS,67,26.0,86,TECHM,480.0,TCS,32369.0,10.565544848900263,0.8567795199423962,10.88254820129709,942.170297831224,178.65360474425543
TCS,68,28.0,86,TECHM,436.0,TCS,38802.0,5.632679252366604,1.7028035717781493,18.245566181740063,816.0215173586189,167.56956467612366
TCS,69,27.0,86,TECHM,439.0,TCS,39949.0,13.392255873507555,0.5896634125548492,13.828727760921,856.3560102239917,335.36209995446075
TCS,70,26.0,86,TECHM,442.0,TCS,41965.0,10.254531327682038,1.5116817296058307,22.180279758502685,746.3261229065812,145.08100231971116
TCS,71,27.0,86,TECHM,444.0,TCS,44338.0,11.001992153153992,0.09173731259104478,19.467042690578914,594.1002567285693,215.79442781832904
TCS,72,27.0,86,TECHM,436.0,TCS,-6038.0,22.93907262272352,1.6825345927107371,21.274744473821684,938.2404857088285,296.0083643798458
TCS,73,28.0,86,TECHM,437.0,TCS,-9452.0,8.554289610738282,0.8044731316155873,21.965212226722805,811.7836774578074,243.06887713618218
TCS,74,28.0,86,TECHM,439.0,TCS,-1807.0,10.942968501179507,1.692137313490726,16.07951283584273,730.9326388698747,102.39086268524389
TCS,75,26.0,86,TECHM,440.0,TCS,-5010.0,20.675785526235327,1.4998118177305906,23.7175429323257,616.3922312606558,178.9828237121773
TCS,76,27.0,86,TECHM,441.0,TCS,-16895.0,14.50114896714151,0.5845778749607362,27.427463307954167,510.4202987830647,120.65890836555364
TCS,77,27.0,86,TECHM,442.0,TCS,3104.0,24.386178076516195,1.4561651855342403,17.052175997383394,194.58604878161628,484.43706415186506
TECHM,65,21.0,87,TITAN,3914,TECHM,-35.0,22.25948786473775,1.3846120786996232,11.204911650484133,401.6430392244638,200.3968742981611
TECHM,66,22.0,87,TITAN,2781,TECHM,77.0,5.730659703876015,1.1052494282612388,23.83175109431702,316.9510312771898,237.26299371902465
TECHM,67,19.0,87,TITAN,2684,TECHM,974.0,12.81992572570606,0.18903876493557226,16.027466691590853,428.7710098973449,350.28771771101896
TECHM,68,16.0,87,TITAN,2723,TECHM,-326.0,12.057775032415671,0.17368894848734162,10.124686439372814,272.1013041032894,272.0728075013526
TECHM,69,14.0,87,TITAN,2293,TECHM,1098.0,10.873583126894228,0.4803220338611054,11.320195220049715,583.7594245236046,490.6855015744176
TECHM,70,15.0,87,TITAN,2740,TECHM,267.0,14.679323669447793,1.1429261662351116,11.26950408004328,373.0463352485005,116.30203891156822
TECHM,71,18.0,87,TITAN,3247,TECHM,291.0,15.393448213820907,0.6281114308578897,21.75831916211852,414.44743911299673,312.45338206984974
TITAN,65,10.0,88,TORNTPHARM,1638,TITAN,-206.0,11.294136480872567,0.8346393111702612,25.447543278453786,436.5441188459929,442.1524521548853
TITAN,66,10.0,88,TORNTPHARM,1988,TITAN,-43.0,5.510099808461053,1.4001287186967781,21.947794713413128,956.8500959850775,471.35198120381403
TITAN,67,10.0,88,TORNTPHARM,2589,TITAN,-355.0,10.051260390797188,0.6553767297833142,24.879343219408753,340.2973621131172,194.80599442954377
TITAN,68,8.0,88,TORNTPHARM,3040,TITAN,106.0,16.544702638597332,0.7647819409775498,12.549635924526829,788.370240772623,398.9786724709428
TITAN,69,9.0,88,TORNTPHARM,2740,TITAN,38.0,20.371576286789406,0.5087340986499553,24.72949994104645,279.34860238735996,491.8652866738359
TITAN,70,10.0,88,TORNTPHARM,3159,TITAN,13.0,24.375499520237774,1.3676029833484225,22.490343320230124,163.0250184626584,138.7734309013578
TITAN,71,10.0,88,TORNTPHARM,3351,TITAN,177.0,5.226493444145277,0.5561005699231005,20.569324022908454,373.2514873459543,269.0677424933683
TORNTPHARM,65,22.0,89,TRENT,635,TORNTPHARM,-366.0,7.452887498181577,1.2416158170184757,14.529375657983877,673.5976835799523,371.6714498757253
TORNTPHARM,66,23.0,89,TRENT,614,TORNTPHARM,238.0,8.29982482439287,1.00543863392104,21.257048200155307,352.2221639566716,375.1895993680383
TORNTPHARM,67,22.0,89,TRENT,518,TORNTPHARM,73.0,18.857287178815298,0.00016615107169015708,14.95880668640725,651.1097546236047,263.90182008599993
TORNTPHARM,68,41.0,89,TRENT,292,TORNTPHARM,-89.0,22.212486486944556,1.6779098699252768,14.012920380476007,803.0346555120041,406.1568495585217
TORNTPHARM,69,24.0,89,TRENT,283,TORNTPHARM,-174.0,7.58840942028804,1.1027741619333544,16.099549294845545,644.6648001635491,346.33993061408734
TORNTPHARM,70,23.0,89,TRENT,349,TORNTPHARM,110.0,9.690968540714671,0.10940363771634964,14.014522177811541,980.8005971794042,85.16203973518569
TORNTPHARM,71,26.0,89,TRENT,418,TORNTPHARM,327.0,11.325678842642958,1.851300748088845,26.549621812006176,119.9107557133785,236.92958498264682
TRENT,65,0.0,90,TVSMOTOR,1415,TRENT,-1.0,20.45566942543598,0.3521259913788026,14.799521820607126,963.5109275444598,239.91969322421912
TRENT,66,0.0,90,TVSMOTOR,1743,TRENT,21.0,12.571768518988971,1.706829054398751,29.380244628566885,750.8991740487218,120.9041341702283
TRENT,67,4.0,90,TVSMOTOR,2126,TRENT,5.0,20.727522067379518,1.6139397831655986,23.144082969930864,168.66685834594102,368.5126117363807
TRENT,68,5.0,90,TVSMOTOR,2236,TRENT,20.0,16.252791576874586,1.4111543239681619,22.281746134944733,183.02958865021054,272.32373425219254
TRENT,69,7.0,90,TVSMOTOR,2601,TRENT,6.0,24.818029561678987,0.0813687979750839,22.2056574903645,229.06612510042694,98.29785549975215
TRENT,70,10.0,90,TVSMOTOR,3586,TRENT,1.0,18.935622579514643,0.07367896938332463,19.722575922469538,938.9742887166913,141.59356202969096
TRENT,71,9.0,90,TVSMOTOR,4228,TRENT,211.0,18.42866040320287,0.6676331434369671,13.109225220081965,610.2228275096893,256.2852476125904
TVSMOTOR,65,6.0,91,ULTRACEMCO,7010,TVSMOTOR,156.0,22.221869001987827,0.032839608637501794,12.949476194596976,894.8473844234461,341.929049554828
TVSMOTOR,66,6.0,91,ULTRACEMCO,7671,TVSMOTOR,188.0,5.711090385904932,0.09452074323561344,10.590062108687565,426.60728853327373,317.31405215035795
TVSMOTOR,67,6.0,91,ULTRACEMCO,9183,TVSMOTOR,902.0,24.484378944520742,1.48031115345794,19.789570151122703,137.96824982941138,262.9009105314177
TVSMOTOR,68,7.0,91,ULTRACEMCO,8631,TVSMOTOR,532.0,13.025057299481608,1.6074548673268816,20.594765016268106,487.8432978000567,81.3970774956398
TVSMOTOR,69,7.0,91,ULTRACEMCO,9343,TVSMOTOR,532.0,12.890415066619806,0.18491647084584417,18.32793155671924,549.7191387095869,96.26272590128434
TVSMOTOR,70,10.0,91,ULTRACEMCO,11280,TVSMOTOR,406.0,16.663541137330306,0.8535154931662805,14.698038193268985,912.345458506112,110.59465356811765
TVSMOTOR,71,11.0,91,ULTRACEMCO,17438,TVSMOTOR,505.0,22.98026771209326,0.12780205973777026,25.46236723671206,743.1177964189411,261.4614762552271
ULTRACEMCO,65,24.0,92,UNIONBANK,9900,ULTRACEMCO,18.0,24.46824416954413,0.6094074394463249,13.934782726398504,333.62457528895095,408.17129785881764
ULTRACEMCO,66,19.0,92,UNIONBANK,10964,ULTRACEMCO,364.0,21.6706303410032,1.317317892238718,24.849443811212403,398.9675020311628,141.17182695458362
ULTRACEMCO,67,19.0,92,UNIONBANK,16369,ULTRACEMCO,-295.0,16.407459239299698,0.5040161006266739,11.137273764306325,430.56486656425636,105.57628826243526
ULTRACEMCO,68,19.0,92,UNIONBANK,40063,ULTRACEMCO,-712.0,17.851719172772192,1.5174180151390728,10.468496898831996,233.70775480737456,147.23118294635566
ULTRACEMCO,69,21.0,92,UNIONBANK,37292,ULTRACEMCO,-958.0,10.214289711882556,1.5848765503478766,29.31376510565109,715.8722752396983,326.9238583193716
ULTRACEMCO,70,20.0,92,UNIONBANK,46495,ULTRACEMCO,250.0,16.291848481944307,0.15823469166320825,14.154126947652966,152.52041021459175,380.4248164982281
ULTRACEMCO,71,18.0,92,UNIONBANK,52831,ULTRACEMCO,183.0,17.92634525753088,1.8058148482191847,29.086784515602634,632.1329879007432,174.95923797891095
UNIONBANK,65,1.0,93,UNITDSPR,3453,UNIONBANK,16574.0,20.661406637536242,0.5245066813448436,26.605106522128,430.61663690824054,495.1875937883956
UNIONBANK,66,-3.0,93,UNITDSPR,3518,UNIONBANK,-6317.0,22.860820691111233,1.8289869930239206,18.500040434595995,399.0677576942324,231.96300665037424
UNIONBANK,67,-3.0,93,UNITDSPR,2242,UNIONBANK,121.0,13.705979841721907,0.14464212400889576,27.26057402090135,277.1626310877897,465.31333301421046
UNIONBANK,68,-6.0,93,UNITDSPR,2452,UNIONBANK,1066.0,13.714652729320562,0.7669608535027992,22.664824291183393,722.9440472325134,151.46715582015878
UNIONBANK,69,-15.0,93,UNITDSPR,2967,UNIONBANK,34995.0,21.24959445940051,0.47280244554526196,14.093647036551246,310.6088196783807,381.99172953055455
UNIONBANK,70,-36.0,93,UNITDSPR,3086,UNIONBANK,-7159.0,19.16772913130471,0.19465506079549688,23.9608160203665,973.0658911801663,304.3665606255215
UNIONBANK,71,-25.0,93,UNITDSPR,3135,UNIONBANK,7047.0,12.460050608176797,1.6055010945281942,16.229801417712846,318.90309632853666,72.13629839544848
UNITDSPR,65,11.0,94,VEDL,723,UNITDSPR,63.0,21.480694423019198,1.2941960701647244,18.772983191533186,759.4999317928614,325.81909736348354
UNITDSPR,66,-32.0,94,VEDL,60545,UNITDSPR,74.0,15.83232351985683,0.6064290388885045,11.931201345807636,212.7821668334562,334.6690800564457
UNITDSPR,67,-4.0,94,VEDL,58654,UNITDSPR,-150.0,17.92180997529435,0.14458652160523022,12.639974606789115,427.0843459034139,443.95753776828485
UNITDSPR,68,4.0,94,VEDL,80163,UNITDSPR,12.0,11.412845587486878,1.2083905042227503,13.402869745772053,281.2867642952484,410.0254041234998
UNITDSPR,69,11.0,94,VEDL,64952,UNITDSPR,-23.0,8.24496129397152,1.9832895630104457,29.111685819632612,546.1907788111905,130.22102124131712
UNITDSPR,70,14.0,94,VEDL,58896,UNITDSPR,60.0,8.55211717516211,0.4673371389825398,12.508840722092105,146.36994999050847,176.5146174672915
UNITDSPR,71,15.0,94,VEDL,70045,UNITDSPR,937.0,23.025837587320723,1.2759595935619548,28.807745100429653,867.6203692058282,145.48214039082666
VBL,65,13.0,95,WIPRO,10675,VBL,32.0,6.071767958083905,0.9877980484634559,13.870957128714366,503.56431600345616,234.1246825238491
VBL,66,14.0,95,WIPRO,12245,VBL,-22.0,6.291817390426909,0.33158054971805595,17.91987030141746,429.6590541330096,298.4849118520763
VBL,67,15.0,95,WIPRO,13367,VBL,95.0,11.389736238830135,0.08172355973845047,13.907881046128907,643.0870646327144,337.59777913097804
VBL,68,19.0,95,WIPRO,12924,VBL,-33.0,15.899311737351638,0.9196290988633864,15.17695395992562,501.0493618307927,381.5155923036248
VBL,69,21.0,95,WIPRO,12761,VBL,46.0,9.849445002108514,0.3698693735099192,29.177265092431842,706.3026126091515,388.74547421514364
VBL,70,21.0,95,WIPRO,13563,VBL,4.0,17.37527844131962,0.1680357824814107,23.830887431490197,117.75536849974903,70.99504659331136
VBL,71,20.0,95,WIPRO,16217,VBL,88.0,16.738887140468414,1.0847638855076642,19.042365994510533,956.5137125906913,66.9997495182237
VEDL,65,17.0,96,ZOMATO,1,VEDL,-6409.0,5.987059597069524,1.940195055661881,24.083739058070577,358.18793873509173,444.69542350104217
VEDL,66,30.0,96,ZOMATO,1,VEDL,2918.0,6.456330012659965,0.2132416586115995,15.939467387691364,381.7239144400925,363.7079527857537
VEDL,67,30.0,96,ZOMATO,0,VEDL,-2172.0,19.480179144212265,1.3350326722653456,21.190849475775458,332.7563314382096,463.3935230510059
VEDL,68,-29.0,96,ZOMATO,1,VEDL,-263.0,15.190625143896215,1.5668570936521602,26.444405230146618,839.7026842865367,120.2772937443079
VEDL,69,30.0,96,ZOMATO,7,VEDL,3817.0,21.693747238473065,1.181465892677569,27.155105216843538,938.9733253580259,439.83586403095154
VEDL,70,27.0,96,ZOMATO,18,VEDL,-1745.0,6.525728419004242,1.7945207708834023,19.180506405821276,691.3178316532727,497.2081769985742
VEDL,71,25.0,96,ZOMATO,59,VEDL,-4114.0,10.861865623201288,0.004653337344443287,20.56182065356833,141.0701006581416,236.58237674895759
WIPRO,65,20.0,97,ZYDUSLIFE,1512,WIPRO,-979.0,23.43347476819413,1.437251730096538,22.811315189045303,533.0775252251201,353.2820402005231
WIPRO,66,22.0,97,ZYDUSLIFE,1847,WIPRO,11760.0,19.75325084501243,0.8027855872691159,28.72857755309821,179.0844466923685,380.8300182191629
WIPRO,67,22.0,97,ZYDUSLIFE,2144,WIPRO,-1442.0,21.78843725724318,1.1920150876990458,11.8718482125054,419.77744606236985,250.71934759291037
WIPRO,68,21.0,97,ZYDUSLIFE,2208,WIPRO,2556.0,24.12297075430952,1.838742199088115,27.260401263076293,335.4315353167521,250.16725749446223
WIPRO,69,20.0,97,ZYDUSLIFE,2937,WIPRO,-6583.0,7.255680947979124,1.080317269769823,20.204111773490915,347.1033976753298,171.83650490657095
WIPRO,70,19.0,97,ZYDUSLIFE,3632,WIPRO,-1197.0,23.709603429499147,1.8417289504102825,12.705706796102172,641.4054938028286,284.05435500971214
WIPRO,71,20.0,97,ZYDUSLIFE,4945,WIPRO,509.0,17.105870960096386,1.542683069438578,13.86998465372712,521.1534705755834,356.60130594996457
INDIGO,65,855.0,46,INDIGO,11,INDIGO,518.0,15.116113108023754,1.316417145025203,19.15033868459084,128.8768399158161,168.4695514429505
INDIGO,66,433.0,46,INDIGO,16,INDIGO,42.0,23.88954164170496,0.19793737405858192,15.01138317959927,505.63280178259384,395.6558220452098
INDIGO,67,1904.0,46,INDIGO,30,INDIGO,-37.0,23.303133053229608,0.12738914595324324,23.456729039161456,688.7136771738279,425.8187981763889
INDIGO,68,3164.0,46,INDIGO,58,INDIGO,-168.0,21.6159639014804,0.7246868843605718,16.322962288375617,693.4051205416819,180.7072434741235
INDIGO,69,2219.0,46,INDIGO,97,INDIGO,503.0,23.316974518239167,0.6729162542668095,17.251944752060133,155.96524031137673,212.75216923381552
INDIGO,70,3030.0,46,INDIGO,125,INDIGO,232.0,20.6182346776147,1.931141631118329,21.006527409195712,841.9151963813384,167.8412727003144
INDIGO,71,-151.0,46,INDIGO,156,INDIGO,-555.0,20.780188470402102,1.343489951415191,14.605250252447654,938.71443684167,391.2940759588007
ABB,78,33,0,ABB,907,ABB,-396.0,24.224291391508018,0.6518303600790736,29.48606516691875,689.8826127751026,150.14974262105864
ABB,79,49,0,ABB,1139,ABB,-148.0,5.087107937827189,1.0051309663061156,29.435037748087655,287.9007353534147,461.73231315774
ABB,80,48,0,ABB,1374,ABB,-416.0,14.257649740321519,0.07622404648976766,28.032461870439274,251.0156169974161,439.8220616666548
ABB,81,50,0,ABB,1616,ABB,0.0,9.08202548737548,0.9970909754436343,14.315263226422843,713.5531582570562,300.7141050905215
ABB,82,57,0,ABB,2066,ABB,-1864.0,15.999715935299651,0.7698067109409255,18.614903070821768,286.72015309512346,341.0053388943499
ABB,83,117,0,ABB,2416,ABB,-816.0,7.186723275490083,1.419309176064664,16.752639871820087,745.7120148831663,419.18328452590293
ABB,84,113,0,ABB,2941,ABB,-1730.0,11.940661884832577,1.7892791761837559,20.463547503300802,594.5256560557589,409.0342139149841
ABB,85,114,0,ABB,3547,ABB,-3192.0,9.88834886667683,0.07873141274031559,24.951998468553942,410.10397662900345,218.61429687294168
ABB,86,81,0,ABB,3840,ABB,-3050.0,18.080279024358454,1.4528356967330305,20.328528529554028,931.3114087495616,492.9781840322276
ABB,87,83,0,ABB,4224,ABB,-5643.0,15.698906591675854,1.1060818601221383,13.553159670517342,563.779317589897,481.5066815529292
ABB,88,154,0,ABB,4556,ABB,-4009.0,17.9347030959539,1.4259818293036062,17.99447517343944,562.3111037322738,444.7290656980568
ABB,89,248,0,ABB,5193,ABB,-3936.0,12.26558567151087,0.46159406373643397,27.99629894276562,797.3594648075335,54.27054621454964
ABB,90,265,0,ABB,5063,ABB,-4699.0,13.737284811940349,1.0852747006703278,28.633097266836067,998.0367628773811,168.75803344946013
ATGL,48,80,9,ATGL,2803,ASIANPAINT,-601.0,21.722255290969468,0.6379919319986247,13.089648287098257,671.5660703809533,494.2173426667399
ATGL,49,59,9,ATGL,2048,ASIANPAINT,-626.0,15.827017067601243,1.058371085768846,23.10583885576507,255.6815283070723,188.75091257472099
ATGL,50,44,9,ATGL,2476,ASIANPAINT,-576.0,12.774269089598487,1.7397993190984995,26.435121776711668,945.4787565172727,201.23818410184055
ATGL,51,30,9,ATGL,3204,ASIANPAINT,-849.0,15.870949541014959,1.40790512416552,28.942473792439912,827.2483700926498,126.84025398413293
ATGL,52,46,9,ATGL,4415,ASIANPAINT,-756.0,22.526563401417377,0.7905868047735263,23.167618697665674,896.9046229736279,237.4362179463763
ATGL,53,54,9,ATGL,5645,ASIANPAINT,-1379.0,8.66786405718699,0.2510124588676719,16.17981980864635,299.5421608025881,208.38877537212952
ATGL,54,62,9,ATGL,6592,ASIANPAINT,-1117.0,7.42629354157291,0.4862425613952066,18.37320213061252,899.7952657167298,231.79906075773195
ATGL,55,52,9,ATGL,6842,ASIANPAINT,-2871.0,13.59017183902235,0.05458628617001615,21.177823312033865,605.5871290180892,263.81942405970506
BAJAJ-AUTO,78,790,11,BAJAJ-AUTO,12642,BAJAJ-AUTO,-273.0,21.654851641097864,1.566991850712242,12.264796472902368,207.89702546348084,125.6956622573406
BAJAJ-AUTO,79,674,11,BAJAJ-AUTO,15308,BAJAJ-AUTO,1766.0,21.190455295590603,0.21156346586369668,18.391686014608048,255.9025783020439,271.6304011162553
BAJAJ-AUTO,80,228,11,BAJAJ-AUTO,15966,BAJAJ-AUTO,-2869.0,16.696068842939397,0.4472627576870378,29.88241536183249,544.2001757067568,468.1722700727504
BAJAJ-AUTO,81,1194,11,BAJAJ-AUTO,17240,BAJAJ-AUTO,276.0,24.996740160132738,0.2224202450246222,26.661121173838676,177.20404460642033,443.57718902337484
BAJAJ-AUTO,82,1468,11,BAJAJ-AUTO,21638,BAJAJ-AUTO,1211.0,24.54602329784541,1.4530796066882516,29.150846604213946,630.7650782131602,260.2214502926726
BAJAJ-AUTO,83,1404,11,BAJAJ-AUTO,25141,BAJAJ-AUTO,-72.0,13.275689432658673,1.0779237667582828,12.85157266001553,239.216766887824,353.39003700069844
BAJAJ-AUTO,84,2028,11,BAJAJ-AUTO,28834,BAJAJ-AUTO,-1394.0,13.368095892011524,1.5617964280061554,27.02914086282324,572.2631286600388,91.91213038196241
BAJAJ-AUTO,85,1832,11,BAJAJ-AUTO,26510,BAJAJ-AUTO,-2072.0,5.99485175998135,0.25630913484021645,20.915958722072034,612.9259871919178,197.46167659662484
BAJAJ-AUTO,86,1570,11,BAJAJ-AUTO,33602,BAJAJ-AUTO,-380.0,21.55728089627332,1.9312647826549478,26.078815105761134,818.3980855470735,448.6466080876657
BAJAJ-AUTO,87,2671,11,BAJAJ-AUTO,35111,BAJAJ-AUTO,-68.0,12.57598126774048,1.4913014168127134,29.333038759673833,960.955538354902,111.49221561580963
BAJAJ-AUTO,88,1703,11,BAJAJ-AUTO,35136,BAJAJ-AUTO,-3610.0,21.460401698918925,0.017203639213118294,11.879984790148052,984.3796252712075,232.1647923781548
BAJAJ-AUTO,89,1700,11,BAJAJ-AUTO,39344,BAJAJ-AUTO,-1954.0,6.916805220757672,1.1458767213886043,16.89000712061162,355.2143004227579,289.48149623707513
BAJAJ-AUTO,90,1535,11,BAJAJ-AUTO,45842,BAJAJ-AUTO,-273.0,17.28948449962318,0.04795569126367338,12.93112489260844,645.6609368981062,92.75290766541568
TCS,78,1178,86,TECHM,5298,TCS,1645.0,14.747367921846529,0.24989748122108013,12.258761470536372,563.3428368515391,179.00778975237557
TCS,79,1637,86,TECHM,8948,TCS,8968.0,17.181277976987126,0.8318863371290737,13.63229749193803,422.16075211158005,192.36923534612598
TCS,80,3720,86,TECHM,11768,TCS,-7956.0,23.382093068229416,1.564533984438941,18.608639312793496,391.9174278636386,344.0587517559108
TCS,81,3084,86,TECHM,14155,TCS,-738.0,9.553083916877343,0.4253518557343947,23.78813867676845,344.30454888974543,232.62756353518654
TCS,82,4221,86,TECHM,15998,TCS,548.0,8.04910651614658,0.7521897445295422,20.45193810951747,154.6540618352176,448.92001911760326
TCS,83,3642,86,TECHM,18401,TCS,6091.0,6.042559154345703,1.114896610288632,16.009337327149453,541.6343082311516,96.60574757228399
TCS,84,4311,86,TECHM,19841,TCS,-6038.0,20.36056615661363,1.2162629849461202,22.50097762956399,944.5296507507979,69.08927327250808
TCS,85,4592,86,TECHM,21377,TCS,-9452.0,14.707216993110979,1.1666685004080695,27.70541747634679,208.41795454412957,273.68817942611986
TCS,86,1916,86,TECHM,24428,TCS,-1807.0,5.867300322377269,0.15559965152548672,16.537177124608775,965.9299435582966,281.64069977560126
TCS,87,4018,86,TECHM,26447,TCS,-5010.0,8.9929138016447,0.3003582736778794,27.453121537891615,935.1794080341792,356.8790085469449
TCS,88,3449,86,TECHM,27484,TCS,-16895.0,23.170990052714306,0.35711009505183733,14.891768855590241,988.0081110473449,242.83918345579954
TCS,89,3464,86,TECHM,26228,TCS,3104.0,20.53137000051617,0.23648893628834,10.06130770413426,195.67573635590725,213.5197479748942
TCS,90,4091,86,TECHM,26004,TCS,1645.0,9.30290394970295,0.7906375428800549,18.14144611838021,689.5020408137185,481.2854664496122
ABB,91,0,0,ABB,109,ABB,-4943.0,8.83867891860502,0.14434572290745118,24.068995786039103,819.3461173642934,240.16390436725368
ABB,92,0,0,ABB,98,ABB,-42.0,11.918994332251568,0.48661939533781906,18.091347860900605,602.2828688478087,120.12338320588988
ABB,93,0,0,ABB,96,ABB,-42.0,10.382997793479872,1.568389987629872,28.6442102325497,250.92130497292132,311.860662284609
ABB,94,3,0,ABB,108,ABB,-58.0,15.682711758802427,1.4678531334636038,18.644611858169462,868.3356333198157,97.3992958129102
ABB,95,2,0,ABB,110,ABB,-80.0,19.739185997908262,0.037222906707641945,19.662639828317282,788.2002455056216,432.41321065531963
ABB,96,4,0,ABB,81,ABB,-90.0,21.610533708197572,1.4367757289071366,17.995696105141175,307.0613139376107,190.6935528944709
ABB,97,2,0,ABB,105,ABB,-102.0,14.2382626346336,1.672728512838929,26.80273588558019,990.5491231823946,112.20056507341693
ABB,98,9,0,ABB,270,ABB,-143.0,15.750957616515265,1.6138709393480126,12.524228718763585,421.8505406143744,212.90764680788385
ABB,99,18,0,ABB,251,ABB,-217.0,20.202071211074788,0.16148023137641587,23.542688197604086,811.629270898589,220.46621484932564
ABB,100,19,0,ABB,271,ABB,-582.0,20.699031987732504,0.36948913977715825,25.609912909384636,354.4774704349162,152.79372875326982
ABB,101,16,0,ABB,237,ABB,-637.0,22.42364123615056,0.3617931318376293,28.447234043905816,332.3615628068735,91.56786749488676
ABB,102,12,0,ABB,225,ABB,-639.0,8.812630715587044,0.6621271740814751,16.499914860845127,919.7118400846786,122.75060613913821
ABB,103,11,0,ABB,216,ABB,-745.0,23.335324705721245,0.7996546879121094,14.693834548119948,105.41690654666465,320.16734249792125
ATGL,56,125,9,ATGL,897,ASIANPAINT,-650.0,11.274417451232148,1.8971941008654085,20.79797281865588,227.13440655310782,383.6337682139044
ATGL,57,90,9,ATGL,980,ASIANPAINT,-1808.0,6.841892718792543,1.7942904490565599,20.98064730082146,101.91421925783034,311.05128762756385
ATGL,58,41,9,ATGL,1198,ASIANPAINT,-2140.0,14.074590272430306,0.7596693629320761,28.51307767892387,421.096310127559,126.3396384245961
ATGL,59,40,9,ATGL,1379,ASIANPAINT,-2982.0,20.155815875065656,0.9117520273357509,10.280910551535726,157.9157456433429,315.4183307400852
ATGL,60,53,9,ATGL,1733,ASIANPAINT,123.0,19.94857840802851,0.7696471924425135,16.800447225290633,780.2784640488494,457.93262335342104
ATGL,61,78,9,ATGL,2335,ASIANPAINT,190.0,14.58089443865667,0.7429066868251595,12.17731853357089,559.630684237774,130.404597913898
ATGL,62,111,9,ATGL,3174,ASIANPAINT,147.0,21.91846900509424,1.7296910676584611,17.60745027702357,439.6870820575212,327.822716045727
ATGL,63,106,9,ATGL,3421,ASIANPAINT,528.0,20.33795394982929,1.8351061184042166,19.024245171443425,420.7679244601742,72.88062536153802
BAJAJ-AUTO,91,1,11,BAJAJ-AUTO,2355,BAJAJ-AUTO,1766.0,16.93501758346951,1.8472984489667073,23.626358472009425,841.7749262768497,261.89677101640956
BAJAJ-AUTO,92,1,11,BAJAJ-AUTO,2660,BAJAJ-AUTO,-2869.0,23.916828203921604,1.129577910433518,17.896349474986067,600.3744746186954,251.90896834128685
BAJAJ-AUTO,93,6,11,BAJAJ-AUTO,2448,BAJAJ-AUTO,276.0,7.998494831299148,1.956138659888143,28.58683877822435,487.28288709340126,203.10919264693476
BAJAJ-AUTO,94,1,11,BAJAJ-AUTO,2026,BAJAJ-AUTO,1211.0,18.618858935531378,0.8511551728482607,28.938492832640023,582.6836662264627,151.27692538901587
BAJAJ-AUTO,95,1,11,BAJAJ-AUTO,2002,BAJAJ-AUTO,-72.0,10.383326496539107,1.3033003686333766,16.342770166489068,601.3532859413197,151.83862969487222
BAJAJ-AUTO,96,1,11,BAJAJ-AUTO,1878,BAJAJ-AUTO,-1445.0,15.596834023304556,0.7633363922123757,13.346383873959622,799.9129699214295,159.80478268793215
BAJAJ-AUTO,97,4,11,BAJAJ-AUTO,1764,BAJAJ-AUTO,-1496.0,13.594637112144838,1.0109328354954834,15.733407101547696,670.0693441354359,316.083071457465
BAJAJ-AUTO,98,3,11,BAJAJ-AUTO,1699,BAJAJ-AUTO,-1644.0,22.00893055885057,0.13266875145228063,21.125351491445688,748.5853933135153,55.60565258870363
BAJAJ-AUTO,99,7,11,BAJAJ-AUTO,1668,BAJAJ-AUTO,-3384.0,13.701905964745038,0.4893243310871773,26.5851871128344,985.993121311984,185.55831637039896
BAJAJ-AUTO,100,9,11,BAJAJ-AUTO,1836,BAJAJ-AUTO,-190.0,19.380717584332523,1.5802050862444275,11.020411829827271,896.0771520497768,297.33141856287443
BAJAJ-AUTO,101,40,11,BAJAJ-AUTO,2842,BAJAJ-AUTO,-1885.0,16.755031633697556,1.3963993581996217,22.35830922850327,835.0413056390076,197.90642026784406
BAJAJ-AUTO,102,60,11,BAJAJ-AUTO,3217,BAJAJ-AUTO,-2074.0,16.64009565089908,0.0962884999232343,17.19494693411517,724.5684404288628,367.9251307558806
BAJAJ-AUTO,103,164,11,BAJAJ-AUTO,3214,BAJAJ-AUTO,-6247.0,17.421914578620758,1.3745374443980019,18.712711011693038,175.97702414226814,357.22632891006066
TCS,91,48,86,TECHM,5298,TCS,8968.0,18.24926541911988,0.39791868055033963,11.495561875328399,626.0880680039965,138.79395088028997
TCS,92,39,86,TECHM,8948,TCS,-7956.0,10.191452067065683,1.5939626731183345,15.800121640813678,685.1983045548557,407.6899011284229
TCS,93,104,86,TECHM,11768,TCS,-738.0,11.143272940382396,1.7634385807694026,16.976275638155318,347.82151201034344,438.27664879415244
TCS,94,33,86,TECHM,14155,TCS,548.0,5.425369093564399,0.6199924775482346,11.239689353988139,130.5850017224772,393.11001193873466
TCS,95,32,86,TECHM,15998,TCS,6091.0,10.801606310146221,1.6140431294050734,26.37095564146961,961.5096019793843,215.8401973810972
TCS,96,52,86,TECHM,18401,TCS,-5729.0,10.420687976184393,0.8841114565082826,16.89600622251836,124.84776931392707,133.5417716787144
TCS,97,198,86,TECHM,19841,TCS,-5673.0,13.19001425237138,0.44827426254197067,28.211740835159308,364.0966505821102,202.92181803270165
TCS,98,924,86,TECHM,21377,TCS,-17168.0,9.946671225992375,0.24324593560867735,26.231644673264192,169.03472833634925,238.36606706217148
TCS,99,637,86,TECHM,24428,TCS,-9666.0,15.302962758033772,1.134754199800483,24.540845988676704,622.6474588606161,461.8888345742857
TCS,100,784,86,TECHM,26447,TCS,-11026.0,11.422947895532085,0.37331883995072035,11.784533335272842,802.5184995769686,163.65435682641953
TCS,101,779,86,TECHM,27484,TCS,-26885.0,19.415691521905885,0.20338692660167768,20.59313675269547,809.3027446655522,129.7946345408186
TCS,102,778,86,TECHM,26228,TCS,-27897.0,21.76024042952482,0.595031086938995,28.006266076286927,652.6130458969736,377.05730504450355
TCS,103,795,86,TECHM,26004,TCS,-39915.0,5.819335250036685,1.2469764513275758,27.73413973475539,225.78418651834556,50.5652121097073
ABB,104,19,0,ABB,1,ABB,0.0,20.3903904471792,0.4251696080119105,13.8176716861221,662.0164694102011,399.39236686636
ABB,105,22,0,ABB,1,ABB,1902.0,11.156496797401697,0.3417704453141277,22.878169372922407,288.10038493962327,273.90628883677084
ABB,106,15,0,ABB,4,ABB,-722.0,15.745982285305196,0.4580576074040268,27.97561944775126,338.2911795254071,457.3008195724015
ABB,107,14,0,ABB,3,ABB,-455.0,13.182783969054078,1.0434240841844167,13.59502216544884,660.8033824479493,383.5160587748081
ABB,108,16,0,ABB,6,ABB,1589.0,22.333340266403617,0.3499222652434144,25.711392541393675,428.77051226315643,231.68109426001203
ABB,109,16,0,ABB,2,ABB,38.0,9.891241193305271,0.9391441743785276,23.906316733741946,442.233573828438,279.1594685003747
ABB,110,17,0,ABB,1,ABB,1250.0,19.354086141121247,1.0920198496255082,28.817977834263978,617.8421465304808,449.225669197909
ABB,111,60,0,ABB,2,ABB,-745.0,19.4109643834429,0.04834137208496769,10.11051446545382,553.1065932747483,270.7746177333745
ABB,112,58,0,ABB,1,ABB,-235.0,21.392077011657996,0.7497847679817884,19.823868444708523,802.3149456072093,78.62311756468145
ABB,113,66,0,ABB,1,ABB,923.0,23.731262330589825,0.8087442732490495,11.89694333862196,607.7640397453133,304.8989447724127
ABB,114,70,0,ABB,4,ABB,-543.0,14.92284510075492,0.31978790682953884,23.023044631364264,818.4943497228114,344.9342864321493
ABB,115,71,0,ABB,10,ABB,1.0,15.602395276019207,0.8186847826967181,23.92551298569009,977.7978978769695,195.14629599628503
ABB,116,72,0,ABB,13,ABB,-31.0,20.274538766357846,1.0086758569863497,11.112200042178221,389.42575615404576,176.84195820671647
ATGL,64,61,9,ATGL,102,ASIANPAINT,90.0,14.840432556027254,0.2186904146537465,26.041439518656432,524.2797351075305,360.2832791892124
ATGL,65,67,9,ATGL,190,ASIANPAINT,-822.0,19.570085923059377,1.8882644779762325,23.730354099197044,309.17815356617393,123.00751214341645
ATGL,66,51,9,ATGL,342,ASIANPAINT,434.0,13.129873342841396,0.3977143287336713,10.958545869365219,201.44470515519254,449.6376689984647
ATGL,67,63,9,ATGL,696,ASIANPAINT,-351.0,21.868210839981497,0.1631537893105124,11.892369647961294,464.2411236076615,230.69612863881372
ATGL,68,83,9,ATGL,1171,ASIANPAINT,2492.0,9.086492602626024,0.9299261603532338,12.805625251207001,886.8566923290458,375.81958798029416
ATGL,69,113,9,ATGL,1619,ASIANPAINT,-1138.0,16.357568961136664,0.6619900071971763,29.943686827397926,167.05936914158906,349.88086609699445
ATGL,70,158,9,ATGL,1502,ASIANPAINT,771.0,22.46858475778161,1.9251854342854187,11.334598943252212,523.6654037595586,155.41186128255003
ATGL,71,199,9,ATGL,1527,ASIANPAINT,573.0,11.767089020329266,1.6406874516104923,12.621550536759067,363.1538185824068,496.5426085749044
BAJAJ-AUTO,104,168,11,BAJAJ-AUTO,294,BAJAJ-AUTO,-20.0,8.092954444113312,0.022479618747283547,21.993846656045143,706.2963435117417,420.0277775031081
BAJAJ-AUTO,105,181,11,BAJAJ-AUTO,144,BAJAJ-AUTO,-4056.0,23.315627659381377,1.8307910559979066,11.796348305215501,839.3927916151973,468.4964027759175
BAJAJ-AUTO,106,267,11,BAJAJ-AUTO,255,BAJAJ-AUTO,-7181.0,9.467284049187587,0.2913711951987201,10.782099043993616,932.2549226999955,363.7890557824357
BAJAJ-AUTO,107,307,11,BAJAJ-AUTO,52,BAJAJ-AUTO,-6167.0,18.10705928834613,0.14343650190181934,20.226834352846012,754.9209262608118,155.2579493908725
BAJAJ-AUTO,108,307,11,BAJAJ-AUTO,42,BAJAJ-AUTO,-1445.0,16.461579680546052,0.6638917731493781,23.792421847465338,739.2991136412329,268.74246995132313
BAJAJ-AUTO,109,315,11,BAJAJ-AUTO,56,BAJAJ-AUTO,-1496.0,12.550432385812025,1.8102929715643796,19.742099085466492,872.0633529733894,212.39580884585328
BAJAJ-AUTO,110,266,11,BAJAJ-AUTO,48,BAJAJ-AUTO,-1644.0,5.7927732868821895,1.0114847111738734,19.916355711235738,733.396904851964,85.07788520771896
BAJAJ-AUTO,111,246,11,BAJAJ-AUTO,60,BAJAJ-AUTO,-3384.0,15.678611585106385,0.459670400574107,18.880038688392773,175.51694322281767,233.78229435691864
BAJAJ-AUTO,112,259,11,BAJAJ-AUTO,16,BAJAJ-AUTO,-190.0,20.341177244962697,1.6117372040784133,27.570810798118398,733.7881670360782,450.32435839877445
BAJAJ-AUTO,113,270,11,BAJAJ-AUTO,77,BAJAJ-AUTO,-1885.0,24.156806343841048,1.1747116655799654,18.55448123007195,765.7278175707652,226.59414255612387
BAJAJ-AUTO,114,286,11,BAJAJ-AUTO,85,BAJAJ-AUTO,-2074.0,10.909315830444559,1.629050614283727,18.796328500888865,939.5457913729127,374.1361159612904
BAJAJ-AUTO,115,365,11,BAJAJ-AUTO,35,BAJAJ-AUTO,-6247.0,6.4098642481374535,1.671885509560592,14.209225133284043,186.82492644752983,449.5507613497571
BAJAJ-AUTO,116,379,11,BAJAJ-AUTO,141,BAJAJ-AUTO,-20.0,17.228604391137317,0.6999340392921372,22.279577092049095,611.1135300402773,157.98732468042544
TCS,104,1080,86,TECHM,1380,TCS,-32634.0,15.318962137433132,1.5320363123659069,21.981764028760125,642.0521094900371,445.8551557843365
TCS,105,1349,86,TECHM,363,TCS,-33581.0,21.550748580576897,1.8992900233670815,16.717076022037286,575.5465961927183,184.4993020113332
TCS,106,1799,86,TECHM,700,TCS,-47878.0,9.954042092591566,1.0907409307414473,27.856378544963075,504.3215011751342,196.685902519188
TCS,107,1888,86,TECHM,1091,TCS,-48536.0,18.088381618018055,1.8895270554333594,28.952908951608496,687.3799114792042,362.35808234691854
TCS,108,1987,86,TECHM,1366,TCS,-5729.0,8.777366277173996,0.709075401122486,24.95354320123012,710.9553118939643,277.1861974024911
TCS,109,2014,86,TECHM,2397,TCS,-5673.0,24.792456639028774,0.926601263777953,17.62373087192443,313.3880767202488,212.7764446008092
TCS,110,2056,86,TECHM,1996,TCS,-17168.0,6.957266385169278,0.4797509649670533,23.040731751256263,841.1904968363251,291.1883873976733
TCS,111,3529,86,TECHM,3670,TCS,-9666.0,18.377556447692324,1.0057083084884328,14.209385874046179,941.7564592179376,358.1863893669361
TCS,112,4065,86,TECHM,2901,TCS,-11026.0,7.029874851977871,1.766114828823287,22.690407780580216,979.5885383689854,301.87603325042227
TCS,113,4604,86,TECHM,2618,TCS,-26885.0,20.931906556033567,1.9695809410427285,23.2288664435121,847.4603637856918,251.70339533748876
TCS,114,5022,86,TECHM,2740,TCS,-27897.0,17.018234789777267,1.0576127003471063,18.90215349554957,855.6018288296913,324.80254637697163
TCS,115,4985,86,TECHM,2537,TCS,-39915.0,12.83104428051622,1.2230226106350044,22.594575719103396,898.5409853903394,174.93976852802206
TCS,116,5109,86,TECHM,2035,TCS,-32634.0,7.2312324956931295,1.7032256854796826,24.690557550924495,172.26377021119401,98.36885651211091
ABB,117,215,0,ABB,0,ABB,-30.0,17.877767498069304,1.6753565582340462,17.83536939776248,515.2962494923097,249.2822711877194
ABB,118,295,0,ABB,0,ABB,91.0,7.205553564545577,0.16414397673584613,11.751044850120236,827.9935701320279,256.267317748825
ABB,119,344,0,ABB,0,ABB,62.0,13.042041762632024,1.9487286703946523,10.618655312005519,818.3323403907899,293.82697677533577
ABB,120,398,0,ABB,0,ABB,-165.0,18.276422834683085,0.630484322116063,10.98821341618379,810.7762614606625,254.06604560301142
ABB,121,436,0,ABB,0,ABB,99.0,16.7668614872029,1.3585368439476755,12.528434663168557,485.39027433486683,151.21768820518227
ABB,122,621,0,ABB,0,ABB,8.0,19.416823401709788,0.6529708404439962,23.64318436406245,107.90538891149764,76.89930126674321
ABB,123,699,0,ABB,0,ABB,73.0,5.881186894954564,0.8433411784425664,26.299899091403226,898.0453518008842,358.3120044272376
ABB,124,803,0,ABB,0,ABB,-86.0,11.557635686816724,0.8398112597079561,16.40047806208796,662.93974776595,244.25382218129437
ABB,125,926,0,ABB,0,ABB,107.0,14.135156715128618,0.8769300636999748,14.760151307121065,344.5523560832447,168.66078236778435
ABB,126,1080,0,ABB,0,ABB,52.0,6.724755957056708,0.3678614559916258,15.80905618084081,366.11786834666276,168.6744989616672
ABB,127,1274,0,ABB,0,ABB,0.0,15.111614664134043,0.9868775009291624,25.205122952273214,520.2168303100316,416.1914941513076
ABB,128,1618,0,ABB,0,ABB,3.0,6.186556353603409,1.8688555776840885,21.812941696470162,508.78908084004416,363.7098745554555
ABB,129,1728,0,ABB,0,ABB,6.0,24.0335335043166,0.6424981590966736,27.695096808847353,190.43823979297193,406.7660346041503
BAJAJ-AUTO,117,4277,11,BAJAJ-AUTO,6059,BAJAJ-AUTO,-4056.0,13.67940337396043,1.9462459368585379,29.651673222876614,579.200305787555,94.06318383758486
BAJAJ-AUTO,118,4655,11,BAJAJ-AUTO,8448,BAJAJ-AUTO,-7181.0,11.391194516395426,1.5586436217856732,10.910360733152004,603.8617430422587,64.20105304242875
BAJAJ-AUTO,119,4083,11,BAJAJ-AUTO,8985,BAJAJ-AUTO,-6167.0,16.619153929493496,1.5916770188712241,15.559705735789644,536.0495398886951,144.99905094907356
BAJAJ-AUTO,120,5679,11,BAJAJ-AUTO,11067,BAJAJ-AUTO,-621.0,7.376130080408405,1.181914614686007,22.71082170977581,282.8489681867487,141.43236630743155
BAJAJ-AUTO,121,5588,11,BAJAJ-AUTO,15477,BAJAJ-AUTO,-66.0,16.740045952820566,0.9568505559700222,18.978048282038174,979.4722665206335,417.62842370242976
BAJAJ-AUTO,122,5933,11,BAJAJ-AUTO,18895,BAJAJ-AUTO,90.0,15.82625036162007,1.587240006243304,23.13137227001289,167.997684124208,228.51453398239582
BAJAJ-AUTO,123,6956,11,BAJAJ-AUTO,20603,BAJAJ-AUTO,238.0,18.5390733306469,0.39631287500199863,13.123311047291669,379.09193761620384,476.9871833735584
BAJAJ-AUTO,124,6692,11,BAJAJ-AUTO,19914,BAJAJ-AUTO,-532.0,18.64959495724512,0.20338427056352004,19.92872432015232,872.8959466552533,388.21003785162833
BAJAJ-AUTO,125,6241,11,BAJAJ-AUTO,24687,BAJAJ-AUTO,488.0,13.580121056340083,0.07410418204130687,22.387954826843185,482.51327558540345,51.34029843917995
BAJAJ-AUTO,126,7652,11,BAJAJ-AUTO,26634,BAJAJ-AUTO,140.0,6.859603533425373,1.2924115720478733,18.432870860190235,835.4802626202145,203.73313518404007
BAJAJ-AUTO,127,7842,11,BAJAJ-AUTO,26183,BAJAJ-AUTO,-630.0,17.123410731840487,1.9760338727513107,26.987957102184318,251.8780504849411,212.77432573150824
BAJAJ-AUTO,128,10040,11,BAJAJ-AUTO,28087,BAJAJ-AUTO,231.0,23.23128843572595,1.5650058769155293,10.368514550105239,117.11406673562664,323.17276675012573
BAJAJ-AUTO,129,10135,11,BAJAJ-AUTO,28552,BAJAJ-AUTO,417.0,9.33154968524567,0.966386242397022,13.065438904319839,937.7505107336464,448.68227197667204
TCS,117,18090,86,TECHM,1380,TCS,-33581.0,21.089346559014743,1.3820849618275923,24.289539804718334,349.60726006798427,137.32386226343513
TCS,118,25402,86,TECHM,363,TCS,-47878.0,9.337783250603945,1.7882504227996545,15.212506419819135,300.03501719248635,100.09431690678696
TCS,119,26298,86,TECHM,700,TCS,-48536.0,12.439855016504964,0.5766960361895097,27.648465859309425,696.90229992707,97.04304638536783
TCS,120,31840,86,TECHM,1091,TCS,-152.0,7.427643324087967,1.9267640585092682,25.156988638817303,868.3854471836592,362.69542435451626
TCS,121,34513,86,TECHM,1366,TCS,-374.0,9.119607088401656,1.3947849049446779,15.471678574290396,312.3967681067306,430.9391761925162
TCS,122,34092,86,TECHM,2397,TCS,394.0,9.36429270168609,1.5081646750699753,24.844211591032607,868.9837240174448,53.65565156023008
TCS,123,41563,86,TECHM,1996,TCS,4433.0,16.55971619231957,0.18952326583985313,24.554712719835265,285.1811038592777,286.2965155548069
TCS,124,42248,86,TECHM,3670,TCS,-2698.0,19.851254329755918,1.8210095746811263,26.589628793215095,248.57827758661134,190.04786847708695
TCS,125,43760,86,TECHM,2901,TCS,1286.0,19.287789736300617,0.13789573529073973,18.15723076914307,629.4483686789013,208.68401493012115
TCS,126,51687,86,TECHM,2618,TCS,2341.0,8.261243171725937,0.7468001007713032,17.14124772673138,619.4876381147125,185.55366914958654
TCS,127,56907,86,TECHM,2740,TCS,1422.0,7.303620993592395,0.06034961239785486,23.314497278153105,405.18130669544604,419.85927800255246
TCS,128,61997,86,TECHM,2537,TCS,-1788.0,24.4440839774117,1.9521819555335733,29.387503754155638,397.1614672875369,347.8860447768952
TCS,129,65778,86,TECHM,2035,TCS,5630.0,16.36435778360397,1.1878220181525558,16.145350197612274,389.37662584367365,355.26382852914
ABB,130,33.0,0,ABB,798,ABB,4.0,17.14607681644352,1.8563564061069748,26.343937273909642,671.6598277222138,449.0137683990471
ABB,131,33.0,0,ABB,1040,ABB,596.0,19.96531531730316,0.28027580843448496,16.503672246741527,413.63296232744733,293.83715102725034
ABB,132,34.0,0,ABB,1274,ABB,-421.0,5.9093535814991505,1.9106517136474372,26.321754206294344,295.1166933032699,84.00283834333653
ABB,133,36.0,0,ABB,1505,ABB,1045.0,6.007089175370551,0.5635611857084721,14.862054656054138,962.1288609475595,364.4460771205646
ABB,134,37.0,0,ABB,1950,ABB,-969.0,19.244122478600172,1.4624512812654997,21.82178814308938,544.2092169680946,115.1001635120859
ABB,135,35.0,0,ABB,2333,ABB,-75.0,14.201208625288883,1.1064382812405935,19.138102543082027,112.50098296854422,240.96679570468464
ABB,136,36.0,0,ABB,2835,ABB,2.0,10.877268455274521,1.9128465805156947,18.048172927837214,298.9439827295124,211.08283137017867
ABB,137,26.0,0,ABB,3275,ABB,551.0,6.729681907403204,1.5006607609698976,18.82550452812904,809.4857971065398,434.3625357817121
BAJAJ-AUTO,130,29.0,11,BAJAJ-AUTO,3934,BAJAJ-AUTO,-692.0,12.614240191123463,0.13169252707196888,20.413906388950295,313.5301192718613,340.84869397596725
BAJAJ-AUTO,131,31.0,11,BAJAJ-AUTO,4056,BAJAJ-AUTO,319.0,16.278002097952214,0.0761197819584134,12.749826294577248,815.8458644811626,130.82449289929045
BAJAJ-AUTO,132,31.0,11,BAJAJ-AUTO,4277,BAJAJ-AUTO,-621.0,18.64242608548167,1.6342546281418078,11.287456548884254,946.208177028787,450.69600980952293
BAJAJ-AUTO,133,28.0,11,BAJAJ-AUTO,4095,BAJAJ-AUTO,-66.0,5.392014114708528,1.782669473551957,27.05831935075426,632.5082920501725,205.53914558864537
BAJAJ-AUTO,134,27.0,11,BAJAJ-AUTO,4117,BAJAJ-AUTO,90.0,11.852881178554801,1.1960857555778235,27.580577256678605,939.1628153811997,408.20411340329173
BAJAJ-AUTO,135,29.0,11,BAJAJ-AUTO,4312,BAJAJ-AUTO,238.0,13.318368575891913,0.11070196030097623,11.593788767861206,407.0023782624385,68.15515020983695
BAJAJ-AUTO,136,29.0,11,BAJAJ-AUTO,6420,BAJAJ-AUTO,-532.0,17.96359850183263,0.052665223603277855,21.997906462173226,986.0647001046583,472.3276548835049
BAJAJ-AUTO,137,22.0,11,BAJAJ-AUTO,4837,BAJAJ-AUTO,488.0,24.500761901152966,0.955728290528818,18.174522941485982,982.0887615973115,415.17645196943704
BAJAJ-AUTO,138,22.0,11,BAJAJ-AUTO,7232,BAJAJ-AUTO,140.0,11.293780883339616,1.7395300572574839,28.14796414376218,931.9159046121964,100.37997108061518
BAJAJ-AUTO,139,19.0,11,BAJAJ-AUTO,6564,BAJAJ-AUTO,-630.0,15.509026725564535,0.08476614855219045,13.305832559002456,383.18294699523557,362.37026953877137
BAJAJ-AUTO,140,23.0,11,BAJAJ-AUTO,6026,BAJAJ-AUTO,231.0,17.402109870269697,0.9819902408887344,19.501442813320647,938.2426222370912,382.30451698051655
BAJAJ-AUTO,141,23.0,11,BAJAJ-AUTO,8005,BAJAJ-AUTO,417.0,18.0903794375162,0.933787285778932,27.923410959640133,346.3537714465991,161.05934771998284
BAJAJ-AUTO,142,,11,BAJAJ-AUTO,13934,BAJAJ-AUTO,-692.0,24.65944137005551,1.4876482249428942,21.26328415109349,875.9140267288747,69.53556291914069
TCS,130,22.0,86,TECHM,2178,TCS,-5365.0,15.614007933652037,1.2337995090130527,24.704397640247798,269.2134667091045,77.52308005224353
TCS,131,24.0,86,TECHM,6394,TCS,1893.0,14.274524907804347,1.8360742324886714,26.285820968209617,428.1710994486754,112.45416166128888
TCS,132,24.0,86,TECHM,6899,TCS,-152.0,16.3050321500828,1.6183642094497555,17.305107743029424,469.21021021659425,53.97120426603662
TCS,133,24.0,86,TECHM,6843,TCS,-374.0,15.3363398208762,0.693889720134361,14.211431464397666,816.0399503841139,185.8408152675806
TCS,134,24.0,86,TECHM,8254,TCS,394.0,15.939117955292431,1.9069955502204685,10.40117340079832,588.7949676971946,313.7329661723734
TCS,135,24.0,86,TECHM,9192,TCS,4433.0,13.015778134565068,0.6274770316208029,16.12276707762297,862.0616874029253,467.6383335242671
TCS,136,24.0,86,TECHM,11166,TCS,-2698.0,23.181084864455432,1.9812765016715492,23.824645285335848,552.8398521153458,192.20711614187698
TCS,137,23.0,86,TECHM,11834,TCS,1286.0,12.81598797540864,1.0781010135621814,28.367488499676504,347.5892512134741,432.70916209951395
TCS,138,26.0,86,TECHM,11836,TCS,2341.0,23.601919813070925,0.7003953773609328,16.42880312644769,794.571198001693,307.7666294478383
TCS,139,26.0,86,TECHM,14911,TCS,1422.0,20.73006629985067,1.6635112921984492,18.063744249560422,324.2159176893721,232.7366490149992
TCS,140,26.0,86,TECHM,15162,TCS,-1788.0,20.310285654876758,0.11788516208863875,15.330872643077829,386.16419300253006,206.3015890998868
TCS,141,26.0,86,TECHM,13943,TCS,5630.0,17.878388977194785,0.8009274855964028,18.50802520013973,516.0093851562606,138.40365389743366
TCS,142,,86,TECHM,14346,TCS,-5365.0,21.965865300313165,1.5995803140540497,12.80577118955719,566.0146153584244,91.06076712564621
BAJAJ-AUTO,143,3133,11,BAJAJ-AUTO,12642,BAJAJ-AUTO,319.0,24.09410361118959,1.787041865900206,25.285668762067658,960.3240684483474,305.49020790657323
TCS,143,14076,86,TECHM,2178,TCS,1893.0,19.95482917507146,1.4371779137910612,27.825341645129576,350.56238955747665,243.83904876976118
